2025-10-21 17:34:16 [twisted] CRITICAL: Unhandled error in Deferred:
2025-10-21 17:34:16 [twisted] CRITICAL: 
Traceback (most recent call last):
  File "C:\Users\ASUS ROG\AppData\Local\Packages\PythonSoftwareFoundation.Python.3.12_qbz5n2kfra8p0\LocalCache\local-packages\Python312\site-packages\twisted\internet\defer.py", line 1857, in _inlineCallbacks
    result = context.run(gen.send, result)
             ^^^^^^^^^^^^^^^^^^^^^^^^^^^^^
  File "C:\Users\ASUS ROG\AppData\Local\Packages\PythonSoftwareFoundation.Python.3.12_qbz5n2kfra8p0\LocalCache\local-packages\Python312\site-packages\scrapy\crawler.py", line 153, in crawl
    self.spider = self._create_spider(*args, **kwargs)
                  ^^^^^^^^^^^^^^^^^^^^^^^^^^^^^^^^^^^^
  File "C:\Users\ASUS ROG\AppData\Local\Packages\PythonSoftwareFoundation.Python.3.12_qbz5n2kfra8p0\LocalCache\local-packages\Python312\site-packages\scrapy\crawler.py", line 166, in _create_spider
    return self.spidercls.from_crawler(self, *args, **kwargs)
           ^^^^^^^^^^^^^^^^^^^^^^^^^^^^^^^^^^^^^^^^^^^^^^^^^^
  File "C:\Users\ASUS ROG\source\repos\crawler\bigdata\bigdata\spiders\test.py", line 30, in from_crawler
    spider = cls.from_crawler(crawler, *args, **kwargs)
             ^^^^^^^^^^^^^^^^^^^^^^^^^^^^^^^^^^^^^^^^^^
  File "C:\Users\ASUS ROG\source\repos\crawler\bigdata\bigdata\spiders\test.py", line 30, in from_crawler
    spider = cls.from_crawler(crawler, *args, **kwargs)
             ^^^^^^^^^^^^^^^^^^^^^^^^^^^^^^^^^^^^^^^^^^
  File "C:\Users\ASUS ROG\source\repos\crawler\bigdata\bigdata\spiders\test.py", line 30, in from_crawler
    spider = cls.from_crawler(crawler, *args, **kwargs)
             ^^^^^^^^^^^^^^^^^^^^^^^^^^^^^^^^^^^^^^^^^^
  [Previous line repeated 983 more times]
RecursionError: maximum recursion depth exceeded
2025-10-21 17:35:52 [test] INFO: Loading 2 wild crawl domains from C:\Users\ASUS ROG\source\repos\crawler\bigdata\site_cfg.json
2025-10-21 17:35:52 [test] INFO: Registered site config for mayoclinic.org
2025-10-21 17:35:52 [test] INFO: Registered site config for simplyhomedecorating.com
2025-10-21 17:35:52 [twisted] CRITICAL: Unhandled error in Deferred:
2025-10-21 17:35:53 [twisted] CRITICAL: 
Traceback (most recent call last):
  File "C:\Users\ASUS ROG\AppData\Local\Packages\PythonSoftwareFoundation.Python.3.12_qbz5n2kfra8p0\LocalCache\local-packages\Python312\site-packages\twisted\internet\defer.py", line 1857, in _inlineCallbacks
    result = context.run(gen.send, result)
             ^^^^^^^^^^^^^^^^^^^^^^^^^^^^^
  File "C:\Users\ASUS ROG\AppData\Local\Packages\PythonSoftwareFoundation.Python.3.12_qbz5n2kfra8p0\LocalCache\local-packages\Python312\site-packages\scrapy\crawler.py", line 153, in crawl
    self.spider = self._create_spider(*args, **kwargs)
                  ^^^^^^^^^^^^^^^^^^^^^^^^^^^^^^^^^^^^
  File "C:\Users\ASUS ROG\AppData\Local\Packages\PythonSoftwareFoundation.Python.3.12_qbz5n2kfra8p0\LocalCache\local-packages\Python312\site-packages\scrapy\crawler.py", line 166, in _create_spider
    return self.spidercls.from_crawler(self, *args, **kwargs)
           ^^^^^^^^^^^^^^^^^^^^^^^^^^^^^^^^^^^^^^^^^^^^^^^^^^
  File "C:\Users\ASUS ROG\source\repos\crawler\bigdata\bigdata\spiders\test.py", line 30, in from_crawler
    spider = super().from_crawler(crawler, *args, **kwargs)
             ^^^^^^^^^^^^^^^^^^^^^^^^^^^^^^^^^^^^^^^^^^^^^^
  File "C:\Users\ASUS ROG\AppData\Local\Packages\PythonSoftwareFoundation.Python.3.12_qbz5n2kfra8p0\LocalCache\local-packages\Python312\site-packages\scrapy_redis\spiders.py", line 295, in from_crawler
    obj = super().from_crawler(crawler, *args, **kwargs)
          ^^^^^^^^^^^^^^^^^^^^^^^^^^^^^^^^^^^^^^^^^^^^^^
  File "C:\Users\ASUS ROG\AppData\Local\Packages\PythonSoftwareFoundation.Python.3.12_qbz5n2kfra8p0\LocalCache\local-packages\Python312\site-packages\scrapy\spiders\crawl.py", line 189, in from_crawler
    spider = super().from_crawler(crawler, *args, **kwargs)
             ^^^^^^^^^^^^^^^^^^^^^^^^^^^^^^^^^^^^^^^^^^^^^^
  File "C:\Users\ASUS ROG\AppData\Local\Packages\PythonSoftwareFoundation.Python.3.12_qbz5n2kfra8p0\LocalCache\local-packages\Python312\site-packages\scrapy\spiders\__init__.py", line 74, in from_crawler
    spider = cls(*args, **kwargs)
             ^^^^^^^^^^^^^^^^^^^^
  File "C:\Users\ASUS ROG\source\repos\crawler\bigdata\bigdata\spiders\dailylifespider.py", line 96, in __init__
    self._generate_rules()
  File "C:\Users\ASUS ROG\source\repos\crawler\bigdata\bigdata\spiders\dailylifespider.py", line 138, in _generate_rules
    rules.append(Rule(link_extractor=LxmlLinkExtractor(
                                     ^^^^^^^^^^^^^^^^^^
TypeError: LxmlLinkExtractor.__init__() got an unexpected keyword argument 'content_signature'
2025-10-21 18:01:08 [test] INFO: Loading 2 wild crawl domains from C:\Users\ASUS ROG\source\repos\crawler\bigdata\site_cfg.json
2025-10-21 18:01:08 [test] INFO: Registered site config for mayoclinic.org
2025-10-21 18:01:08 [test] INFO: Registered site config for simplyhomedecorating.com
2025-10-21 18:01:08 [test] INFO: Spider initialized with 2 rules. and 2
2025-10-21 18:01:08 [test] INFO: Reading start URLs from redis key 'test:start_urls' (batch size: 256, encoding: utf-8)
2025-10-21 18:01:08 [scrapy.addons] INFO: Enabled addons:
[]
2025-10-21 18:01:09 [py.warnings] WARNING: C:\Users\ASUS ROG\AppData\Local\Packages\PythonSoftwareFoundation.Python.3.12_qbz5n2kfra8p0\LocalCache\local-packages\Python312\site-packages\scrapy\utils\request.py:120: ScrapyDeprecationWarning: 'REQUEST_FINGERPRINTER_IMPLEMENTATION' is a deprecated setting.
It will be removed in a future version of Scrapy.
  return cls(crawler)

2025-10-21 18:01:09 [scrapy.utils.log] DEBUG: Using reactor: twisted.internet.asyncioreactor.AsyncioSelectorReactor
2025-10-21 18:01:09 [scrapy.utils.log] DEBUG: Using asyncio event loop: asyncio.windows_events._WindowsSelectorEventLoop
2025-10-21 18:01:09 [scrapy.middleware] INFO: Enabled extensions:
['scrapy.extensions.corestats.CoreStats',
 'scrapy.extensions.telnet.TelnetConsole',
 'scrapy.extensions.logstats.LogStats']
2025-10-21 18:01:09 [scrapy.crawler] INFO: Overridden settings:
{'BOT_NAME': 'google',
 'CONCURRENT_ITEMS': 2000,
 'CONCURRENT_REQUESTS': 256,
 'CONCURRENT_REQUESTS_PER_DOMAIN': 1,
 'DOWNLOAD_DELAY': 3,
 'DOWNLOAD_TIMEOUT': 60,
 'DUPEFILTER_CLASS': 'scrapy_redis.dupefilter.RFPDupeFilter',
 'LOG_FILE': 'debug.log',
 'NEWSPIDER_MODULE': 'bigdata.spiders',
 'RANDOMIZE_DOWNLOAD_DELAY': False,
 'REACTOR_THREADPOOL_MAXSIZE': 256,
 'REDIRECT_MAX_TIMES': 3,
 'REQUEST_FINGERPRINTER_IMPLEMENTATION': '2.7',
 'RETRY_HTTP_CODES': [403, 429, 500, 502, 503, 504, 520, 522, 524, 408, 599],
 'RETRY_PRIORITY_ADJUST': -5,
 'RETRY_TIMES': 4,
 'SCHEDULER': 'scrapy_redis.scheduler.Scheduler',
 'SPIDER_MODULES': ['bigdata.spiders'],
 'TELNETCONSOLE_PASSWORD': 'gringo',
 'TELNETCONSOLE_USERNAME': 'gringo',
 'USER_AGENT': 'Mozilla/5.0 (Windows NT 10.0; Win64; x64) AppleWebKit/537.36 '
               '(KHTML, like Gecko) Chrome/120.0.0.0 Safari/537.36'}
2025-10-21 18:01:09 [asyncio] DEBUG: Using proactor: IocpProactor
2025-10-21 18:01:09 [scrapy-playwright] INFO: Started loop on separate thread: <ProactorEventLoop running=True closed=False debug=False>
2025-10-21 18:01:12 [scrapy.middleware] INFO: Enabled downloader middlewares:
['scrapy.downloadermiddlewares.offsite.OffsiteMiddleware',
 'scrapy.downloadermiddlewares.httpauth.HttpAuthMiddleware',
 'scrapy.downloadermiddlewares.downloadtimeout.DownloadTimeoutMiddleware',
 <class 'bigdata.middlewares.ProxyMiddleware'>,
 'scrapy.downloadermiddlewares.defaultheaders.DefaultHeadersMiddleware',
 'scrapy.downloadermiddlewares.httpproxy.HttpProxyMiddleware',
 'scrapy_user_agents.middlewares.RandomUserAgentMiddleware',
 <class 'bigdata.middlewares.FailedRequestExportMiddleware'>,
 'scrapy.downloadermiddlewares.retry.RetryMiddleware',
 'scrapy.downloadermiddlewares.redirect.MetaRefreshMiddleware',
 'scrapy.downloadermiddlewares.httpcompression.HttpCompressionMiddleware',
 'scrapy.downloadermiddlewares.redirect.RedirectMiddleware',
 'scrapy.downloadermiddlewares.cookies.CookiesMiddleware',
 'scrapy.downloadermiddlewares.stats.DownloaderStats']
2025-10-21 18:01:12 [scrapy.middleware] INFO: Enabled spider middlewares:
['scrapy.spidermiddlewares.start.StartSpiderMiddleware',
 'scrapy.spidermiddlewares.httperror.HttpErrorMiddleware',
 'scrapy.spidermiddlewares.referer.RefererMiddleware',
 'scrapy.spidermiddlewares.urllength.UrlLengthMiddleware',
 'scrapy.spidermiddlewares.depth.DepthMiddleware']
2025-10-21 18:01:12 [scrapy.middleware] INFO: Enabled item pipelines:
[<class 'bigdata.pipelines.CleanHtmlFragmentPipeline'>,
 <class 'bigdata.pipelines.JSONExportPipeline'>]
2025-10-21 18:01:12 [scrapy.core.engine] INFO: Spider opened
2025-10-21 18:01:14 [twisted] CRITICAL: Unhandled error in Deferred:
2025-10-21 18:01:14 [twisted] CRITICAL: 
Traceback (most recent call last):
  File "C:\Users\ASUS ROG\AppData\Local\Packages\PythonSoftwareFoundation.Python.3.12_qbz5n2kfra8p0\LocalCache\local-packages\Python312\site-packages\redis\connection.py", line 389, in connect_check_health
    sock = self.retry.call_with_retry(
           ^^^^^^^^^^^^^^^^^^^^^^^^^^^
  File "C:\Users\ASUS ROG\AppData\Local\Packages\PythonSoftwareFoundation.Python.3.12_qbz5n2kfra8p0\LocalCache\local-packages\Python312\site-packages\redis\retry.py", line 105, in call_with_retry
    return do()
           ^^^^
  File "C:\Users\ASUS ROG\AppData\Local\Packages\PythonSoftwareFoundation.Python.3.12_qbz5n2kfra8p0\LocalCache\local-packages\Python312\site-packages\redis\connection.py", line 390, in <lambda>
    lambda: self._connect(), lambda error: self.disconnect(error)
            ^^^^^^^^^^^^^^^
  File "C:\Users\ASUS ROG\AppData\Local\Packages\PythonSoftwareFoundation.Python.3.12_qbz5n2kfra8p0\LocalCache\local-packages\Python312\site-packages\redis\connection.py", line 803, in _connect
    raise err
  File "C:\Users\ASUS ROG\AppData\Local\Packages\PythonSoftwareFoundation.Python.3.12_qbz5n2kfra8p0\LocalCache\local-packages\Python312\site-packages\redis\connection.py", line 787, in _connect
    sock.connect(socket_address)
ConnectionRefusedError: [WinError 10061] No connection could be made because the target machine actively refused it

During handling of the above exception, another exception occurred:

Traceback (most recent call last):
  File "C:\Users\ASUS ROG\AppData\Local\Packages\PythonSoftwareFoundation.Python.3.12_qbz5n2kfra8p0\LocalCache\local-packages\Python312\site-packages\scrapy\crawler.py", line 157, in crawl
    yield self.engine.open_spider(self.spider)
  File "C:\Users\ASUS ROG\AppData\Local\Packages\PythonSoftwareFoundation.Python.3.12_qbz5n2kfra8p0\LocalCache\local-packages\Python312\site-packages\twisted\internet\defer.py", line 1257, in adapt
    extracted: _SelfResultT | Failure = result.result()
                                        ^^^^^^^^^^^^^^^
  File "C:\Users\ASUS ROG\AppData\Local\Packages\PythonSoftwareFoundation.Python.3.12_qbz5n2kfra8p0\LocalCache\local-packages\Python312\site-packages\scrapy\core\engine.py", line 441, in open_spider
    scheduler = build_from_crawler(self.scheduler_cls, self.crawler)
                ^^^^^^^^^^^^^^^^^^^^^^^^^^^^^^^^^^^^^^^^^^^^^^^^^^^^
  File "C:\Users\ASUS ROG\AppData\Local\Packages\PythonSoftwareFoundation.Python.3.12_qbz5n2kfra8p0\LocalCache\local-packages\Python312\site-packages\scrapy\utils\misc.py", line 187, in build_from_crawler
    instance = objcls.from_crawler(crawler, *args, **kwargs)  # type: ignore[attr-defined]
               ^^^^^^^^^^^^^^^^^^^^^^^^^^^^^^^^^^^^^^^^^^^^^
  File "C:\Users\ASUS ROG\AppData\Local\Packages\PythonSoftwareFoundation.Python.3.12_qbz5n2kfra8p0\LocalCache\local-packages\Python312\site-packages\scrapy_redis\scheduler.py", line 128, in from_crawler
    instance = cls.from_settings(crawler.settings)
               ^^^^^^^^^^^^^^^^^^^^^^^^^^^^^^^^^^^
  File "C:\Users\ASUS ROG\AppData\Local\Packages\PythonSoftwareFoundation.Python.3.12_qbz5n2kfra8p0\LocalCache\local-packages\Python312\site-packages\scrapy_redis\scheduler.py", line 122, in from_settings
    server.ping()
  File "C:\Users\ASUS ROG\AppData\Local\Packages\PythonSoftwareFoundation.Python.3.12_qbz5n2kfra8p0\LocalCache\local-packages\Python312\site-packages\redis\commands\core.py", line 1219, in ping
    return self.execute_command("PING", **kwargs)
           ^^^^^^^^^^^^^^^^^^^^^^^^^^^^^^^^^^^^^^
  File "C:\Users\ASUS ROG\AppData\Local\Packages\PythonSoftwareFoundation.Python.3.12_qbz5n2kfra8p0\LocalCache\local-packages\Python312\site-packages\redis\client.py", line 621, in execute_command
    return self._execute_command(*args, **options)
           ^^^^^^^^^^^^^^^^^^^^^^^^^^^^^^^^^^^^^^^
  File "C:\Users\ASUS ROG\AppData\Local\Packages\PythonSoftwareFoundation.Python.3.12_qbz5n2kfra8p0\LocalCache\local-packages\Python312\site-packages\redis\client.py", line 627, in _execute_command
    conn = self.connection or pool.get_connection()
                              ^^^^^^^^^^^^^^^^^^^^^
  File "C:\Users\ASUS ROG\AppData\Local\Packages\PythonSoftwareFoundation.Python.3.12_qbz5n2kfra8p0\LocalCache\local-packages\Python312\site-packages\redis\utils.py", line 195, in wrapper
    return func(*args, **kwargs)
           ^^^^^^^^^^^^^^^^^^^^^
  File "C:\Users\ASUS ROG\AppData\Local\Packages\PythonSoftwareFoundation.Python.3.12_qbz5n2kfra8p0\LocalCache\local-packages\Python312\site-packages\redis\connection.py", line 1533, in get_connection
    connection.connect()
  File "C:\Users\ASUS ROG\AppData\Local\Packages\PythonSoftwareFoundation.Python.3.12_qbz5n2kfra8p0\LocalCache\local-packages\Python312\site-packages\redis\connection.py", line 380, in connect
    self.connect_check_health(check_health=True)
  File "C:\Users\ASUS ROG\AppData\Local\Packages\PythonSoftwareFoundation.Python.3.12_qbz5n2kfra8p0\LocalCache\local-packages\Python312\site-packages\redis\connection.py", line 397, in connect_check_health
    raise ConnectionError(self._error_message(e))
redis.exceptions.ConnectionError: Error 10061 connecting to 127.0.0.1:6379. No connection could be made because the target machine actively refused it.

During handling of the above exception, another exception occurred:

Traceback (most recent call last):
  File "C:\Users\ASUS ROG\AppData\Local\Packages\PythonSoftwareFoundation.Python.3.12_qbz5n2kfra8p0\LocalCache\local-packages\Python312\site-packages\twisted\internet\defer.py", line 1853, in _inlineCallbacks
    result = context.run(
             ^^^^^^^^^^^^
  File "C:\Users\ASUS ROG\AppData\Local\Packages\PythonSoftwareFoundation.Python.3.12_qbz5n2kfra8p0\LocalCache\local-packages\Python312\site-packages\twisted\python\failure.py", line 467, in throwExceptionIntoGenerator
    return g.throw(self.value.with_traceback(self.tb))
           ^^^^^^^^^^^^^^^^^^^^^^^^^^^^^^^^^^^^^^^^^^^
  File "C:\Users\ASUS ROG\AppData\Local\Packages\PythonSoftwareFoundation.Python.3.12_qbz5n2kfra8p0\LocalCache\local-packages\Python312\site-packages\scrapy\crawler.py", line 162, in crawl
    yield self.engine.close()
          ^^^^^^^^^^^^^^^^^^^
  File "C:\Users\ASUS ROG\AppData\Local\Packages\PythonSoftwareFoundation.Python.3.12_qbz5n2kfra8p0\LocalCache\local-packages\Python312\site-packages\scrapy\core\engine.py", line 180, in close
    return self.close_spider(
           ^^^^^^^^^^^^^^^^^^
  File "C:\Users\ASUS ROG\AppData\Local\Packages\PythonSoftwareFoundation.Python.3.12_qbz5n2kfra8p0\LocalCache\local-packages\Python312\site-packages\scrapy\core\engine.py", line 481, in close_spider
    raise RuntimeError("Engine slot not assigned")
RuntimeError: Engine slot not assigned
2025-10-21 18:02:00 [twisted] CRITICAL: Unhandled error in Deferred:
2025-10-21 18:02:00 [twisted] CRITICAL: 
Traceback (most recent call last):
  File "C:\Users\ASUS ROG\AppData\Local\Packages\PythonSoftwareFoundation.Python.3.12_qbz5n2kfra8p0\LocalCache\local-packages\Python312\site-packages\twisted\internet\defer.py", line 1857, in _inlineCallbacks
    result = context.run(gen.send, result)
             ^^^^^^^^^^^^^^^^^^^^^^^^^^^^^
  File "C:\Users\ASUS ROG\AppData\Local\Packages\PythonSoftwareFoundation.Python.3.12_qbz5n2kfra8p0\LocalCache\local-packages\Python312\site-packages\scrapy\crawler.py", line 153, in crawl
    self.spider = self._create_spider(*args, **kwargs)
                  ^^^^^^^^^^^^^^^^^^^^^^^^^^^^^^^^^^^^
  File "C:\Users\ASUS ROG\AppData\Local\Packages\PythonSoftwareFoundation.Python.3.12_qbz5n2kfra8p0\LocalCache\local-packages\Python312\site-packages\scrapy\crawler.py", line 166, in _create_spider
    return self.spidercls.from_crawler(self, *args, **kwargs)
           ^^^^^^^^^^^^^^^^^^^^^^^^^^^^^^^^^^^^^^^^^^^^^^^^^^
  File "C:\Users\ASUS ROG\source\repos\crawler\bigdata\bigdata\spiders\test.py", line 30, in from_crawler
    spider = cls.from_crawler(crawler, *args, **kwargs)
             ^^^^^^^^^^^^^^^^^^^^^^^^^^^^^^^^^^^^^^^^^^
  File "C:\Users\ASUS ROG\source\repos\crawler\bigdata\bigdata\spiders\test.py", line 30, in from_crawler
    spider = cls.from_crawler(crawler, *args, **kwargs)
             ^^^^^^^^^^^^^^^^^^^^^^^^^^^^^^^^^^^^^^^^^^
  File "C:\Users\ASUS ROG\source\repos\crawler\bigdata\bigdata\spiders\test.py", line 30, in from_crawler
    spider = cls.from_crawler(crawler, *args, **kwargs)
             ^^^^^^^^^^^^^^^^^^^^^^^^^^^^^^^^^^^^^^^^^^
  [Previous line repeated 983 more times]
RecursionError: maximum recursion depth exceeded
2025-10-21 18:02:49 [test] INFO: Loading 2 wild crawl domains from C:\Users\ASUS ROG\source\repos\crawler\bigdata\site_cfg.json
2025-10-21 18:02:49 [test] INFO: Registered site config for mayoclinic.org
2025-10-21 18:02:49 [test] INFO: Registered site config for simplyhomedecorating.com
2025-10-21 18:02:49 [test] INFO: Spider initialized with 2 rules. and 2
2025-10-21 18:02:49 [test] INFO: Reading start URLs from redis key 'test:start_urls' (batch size: 256, encoding: utf-8)
2025-10-21 18:02:49 [scrapy.addons] INFO: Enabled addons:
[]
2025-10-21 18:02:49 [py.warnings] WARNING: C:\Users\ASUS ROG\AppData\Local\Packages\PythonSoftwareFoundation.Python.3.12_qbz5n2kfra8p0\LocalCache\local-packages\Python312\site-packages\scrapy\utils\request.py:120: ScrapyDeprecationWarning: 'REQUEST_FINGERPRINTER_IMPLEMENTATION' is a deprecated setting.
It will be removed in a future version of Scrapy.
  return cls(crawler)

2025-10-21 18:02:49 [scrapy.utils.log] DEBUG: Using reactor: twisted.internet.asyncioreactor.AsyncioSelectorReactor
2025-10-21 18:02:49 [scrapy.utils.log] DEBUG: Using asyncio event loop: asyncio.windows_events._WindowsSelectorEventLoop
2025-10-21 18:02:49 [scrapy.middleware] INFO: Enabled extensions:
['scrapy.extensions.corestats.CoreStats',
 'scrapy.extensions.telnet.TelnetConsole',
 'scrapy.extensions.logstats.LogStats']
2025-10-21 18:02:49 [scrapy.crawler] INFO: Overridden settings:
{'BOT_NAME': 'google',
 'CONCURRENT_ITEMS': 2000,
 'CONCURRENT_REQUESTS': 256,
 'CONCURRENT_REQUESTS_PER_DOMAIN': 1,
 'DOWNLOAD_DELAY': 3,
 'DOWNLOAD_TIMEOUT': 60,
 'DUPEFILTER_CLASS': 'scrapy_redis.dupefilter.RFPDupeFilter',
 'LOG_FILE': 'debug.log',
 'NEWSPIDER_MODULE': 'bigdata.spiders',
 'RANDOMIZE_DOWNLOAD_DELAY': False,
 'REACTOR_THREADPOOL_MAXSIZE': 256,
 'REDIRECT_MAX_TIMES': 3,
 'REQUEST_FINGERPRINTER_IMPLEMENTATION': '2.7',
 'RETRY_HTTP_CODES': [403, 429, 500, 502, 503, 504, 520, 522, 524, 408, 599],
 'RETRY_PRIORITY_ADJUST': -5,
 'RETRY_TIMES': 4,
 'SCHEDULER': 'scrapy_redis.scheduler.Scheduler',
 'SPIDER_MODULES': ['bigdata.spiders'],
 'TELNETCONSOLE_PASSWORD': 'gringo',
 'TELNETCONSOLE_USERNAME': 'gringo',
 'USER_AGENT': 'Mozilla/5.0 (Windows NT 10.0; Win64; x64) AppleWebKit/537.36 '
               '(KHTML, like Gecko) Chrome/120.0.0.0 Safari/537.36'}
2025-10-21 18:02:49 [asyncio] DEBUG: Using proactor: IocpProactor
2025-10-21 18:02:49 [scrapy-playwright] INFO: Started loop on separate thread: <ProactorEventLoop running=True closed=False debug=False>
2025-10-21 18:02:51 [scrapy.middleware] INFO: Enabled downloader middlewares:
['scrapy.downloadermiddlewares.offsite.OffsiteMiddleware',
 'scrapy.downloadermiddlewares.httpauth.HttpAuthMiddleware',
 'scrapy.downloadermiddlewares.downloadtimeout.DownloadTimeoutMiddleware',
 <class 'bigdata.middlewares.ProxyMiddleware'>,
 'scrapy.downloadermiddlewares.defaultheaders.DefaultHeadersMiddleware',
 'scrapy.downloadermiddlewares.httpproxy.HttpProxyMiddleware',
 'scrapy_user_agents.middlewares.RandomUserAgentMiddleware',
 <class 'bigdata.middlewares.FailedRequestExportMiddleware'>,
 'scrapy.downloadermiddlewares.retry.RetryMiddleware',
 'scrapy.downloadermiddlewares.redirect.MetaRefreshMiddleware',
 'scrapy.downloadermiddlewares.httpcompression.HttpCompressionMiddleware',
 'scrapy.downloadermiddlewares.redirect.RedirectMiddleware',
 'scrapy.downloadermiddlewares.cookies.CookiesMiddleware',
 'scrapy.downloadermiddlewares.stats.DownloaderStats']
2025-10-21 18:02:51 [scrapy.middleware] INFO: Enabled spider middlewares:
['scrapy.spidermiddlewares.start.StartSpiderMiddleware',
 'scrapy.spidermiddlewares.httperror.HttpErrorMiddleware',
 'scrapy.spidermiddlewares.referer.RefererMiddleware',
 'scrapy.spidermiddlewares.urllength.UrlLengthMiddleware',
 'scrapy.spidermiddlewares.depth.DepthMiddleware']
2025-10-21 18:02:51 [scrapy.middleware] INFO: Enabled item pipelines:
[<class 'bigdata.pipelines.CleanHtmlFragmentPipeline'>,
 <class 'bigdata.pipelines.JSONExportPipeline'>]
2025-10-21 18:02:51 [scrapy.core.engine] INFO: Spider opened
2025-10-21 18:02:53 [twisted] CRITICAL: Unhandled error in Deferred:
2025-10-21 18:02:53 [twisted] CRITICAL: 
Traceback (most recent call last):
  File "C:\Users\ASUS ROG\AppData\Local\Packages\PythonSoftwareFoundation.Python.3.12_qbz5n2kfra8p0\LocalCache\local-packages\Python312\site-packages\redis\connection.py", line 389, in connect_check_health
    sock = self.retry.call_with_retry(
           ^^^^^^^^^^^^^^^^^^^^^^^^^^^
  File "C:\Users\ASUS ROG\AppData\Local\Packages\PythonSoftwareFoundation.Python.3.12_qbz5n2kfra8p0\LocalCache\local-packages\Python312\site-packages\redis\retry.py", line 105, in call_with_retry
    return do()
           ^^^^
  File "C:\Users\ASUS ROG\AppData\Local\Packages\PythonSoftwareFoundation.Python.3.12_qbz5n2kfra8p0\LocalCache\local-packages\Python312\site-packages\redis\connection.py", line 390, in <lambda>
    lambda: self._connect(), lambda error: self.disconnect(error)
            ^^^^^^^^^^^^^^^
  File "C:\Users\ASUS ROG\AppData\Local\Packages\PythonSoftwareFoundation.Python.3.12_qbz5n2kfra8p0\LocalCache\local-packages\Python312\site-packages\redis\connection.py", line 803, in _connect
    raise err
  File "C:\Users\ASUS ROG\AppData\Local\Packages\PythonSoftwareFoundation.Python.3.12_qbz5n2kfra8p0\LocalCache\local-packages\Python312\site-packages\redis\connection.py", line 787, in _connect
    sock.connect(socket_address)
ConnectionRefusedError: [WinError 10061] No connection could be made because the target machine actively refused it

During handling of the above exception, another exception occurred:

Traceback (most recent call last):
  File "C:\Users\ASUS ROG\AppData\Local\Packages\PythonSoftwareFoundation.Python.3.12_qbz5n2kfra8p0\LocalCache\local-packages\Python312\site-packages\scrapy\crawler.py", line 157, in crawl
    yield self.engine.open_spider(self.spider)
  File "C:\Users\ASUS ROG\AppData\Local\Packages\PythonSoftwareFoundation.Python.3.12_qbz5n2kfra8p0\LocalCache\local-packages\Python312\site-packages\twisted\internet\defer.py", line 1257, in adapt
    extracted: _SelfResultT | Failure = result.result()
                                        ^^^^^^^^^^^^^^^
  File "C:\Users\ASUS ROG\AppData\Local\Packages\PythonSoftwareFoundation.Python.3.12_qbz5n2kfra8p0\LocalCache\local-packages\Python312\site-packages\scrapy\core\engine.py", line 441, in open_spider
    scheduler = build_from_crawler(self.scheduler_cls, self.crawler)
                ^^^^^^^^^^^^^^^^^^^^^^^^^^^^^^^^^^^^^^^^^^^^^^^^^^^^
  File "C:\Users\ASUS ROG\AppData\Local\Packages\PythonSoftwareFoundation.Python.3.12_qbz5n2kfra8p0\LocalCache\local-packages\Python312\site-packages\scrapy\utils\misc.py", line 187, in build_from_crawler
    instance = objcls.from_crawler(crawler, *args, **kwargs)  # type: ignore[attr-defined]
               ^^^^^^^^^^^^^^^^^^^^^^^^^^^^^^^^^^^^^^^^^^^^^
  File "C:\Users\ASUS ROG\AppData\Local\Packages\PythonSoftwareFoundation.Python.3.12_qbz5n2kfra8p0\LocalCache\local-packages\Python312\site-packages\scrapy_redis\scheduler.py", line 128, in from_crawler
    instance = cls.from_settings(crawler.settings)
               ^^^^^^^^^^^^^^^^^^^^^^^^^^^^^^^^^^^
  File "C:\Users\ASUS ROG\AppData\Local\Packages\PythonSoftwareFoundation.Python.3.12_qbz5n2kfra8p0\LocalCache\local-packages\Python312\site-packages\scrapy_redis\scheduler.py", line 122, in from_settings
    server.ping()
  File "C:\Users\ASUS ROG\AppData\Local\Packages\PythonSoftwareFoundation.Python.3.12_qbz5n2kfra8p0\LocalCache\local-packages\Python312\site-packages\redis\commands\core.py", line 1219, in ping
    return self.execute_command("PING", **kwargs)
           ^^^^^^^^^^^^^^^^^^^^^^^^^^^^^^^^^^^^^^
  File "C:\Users\ASUS ROG\AppData\Local\Packages\PythonSoftwareFoundation.Python.3.12_qbz5n2kfra8p0\LocalCache\local-packages\Python312\site-packages\redis\client.py", line 621, in execute_command
    return self._execute_command(*args, **options)
           ^^^^^^^^^^^^^^^^^^^^^^^^^^^^^^^^^^^^^^^
  File "C:\Users\ASUS ROG\AppData\Local\Packages\PythonSoftwareFoundation.Python.3.12_qbz5n2kfra8p0\LocalCache\local-packages\Python312\site-packages\redis\client.py", line 627, in _execute_command
    conn = self.connection or pool.get_connection()
                              ^^^^^^^^^^^^^^^^^^^^^
  File "C:\Users\ASUS ROG\AppData\Local\Packages\PythonSoftwareFoundation.Python.3.12_qbz5n2kfra8p0\LocalCache\local-packages\Python312\site-packages\redis\utils.py", line 195, in wrapper
    return func(*args, **kwargs)
           ^^^^^^^^^^^^^^^^^^^^^
  File "C:\Users\ASUS ROG\AppData\Local\Packages\PythonSoftwareFoundation.Python.3.12_qbz5n2kfra8p0\LocalCache\local-packages\Python312\site-packages\redis\connection.py", line 1533, in get_connection
    connection.connect()
  File "C:\Users\ASUS ROG\AppData\Local\Packages\PythonSoftwareFoundation.Python.3.12_qbz5n2kfra8p0\LocalCache\local-packages\Python312\site-packages\redis\connection.py", line 380, in connect
    self.connect_check_health(check_health=True)
  File "C:\Users\ASUS ROG\AppData\Local\Packages\PythonSoftwareFoundation.Python.3.12_qbz5n2kfra8p0\LocalCache\local-packages\Python312\site-packages\redis\connection.py", line 397, in connect_check_health
    raise ConnectionError(self._error_message(e))
redis.exceptions.ConnectionError: Error 10061 connecting to 127.0.0.1:6379. No connection could be made because the target machine actively refused it.

During handling of the above exception, another exception occurred:

Traceback (most recent call last):
  File "C:\Users\ASUS ROG\AppData\Local\Packages\PythonSoftwareFoundation.Python.3.12_qbz5n2kfra8p0\LocalCache\local-packages\Python312\site-packages\twisted\internet\defer.py", line 1853, in _inlineCallbacks
    result = context.run(
             ^^^^^^^^^^^^
  File "C:\Users\ASUS ROG\AppData\Local\Packages\PythonSoftwareFoundation.Python.3.12_qbz5n2kfra8p0\LocalCache\local-packages\Python312\site-packages\twisted\python\failure.py", line 467, in throwExceptionIntoGenerator
    return g.throw(self.value.with_traceback(self.tb))
           ^^^^^^^^^^^^^^^^^^^^^^^^^^^^^^^^^^^^^^^^^^^
  File "C:\Users\ASUS ROG\AppData\Local\Packages\PythonSoftwareFoundation.Python.3.12_qbz5n2kfra8p0\LocalCache\local-packages\Python312\site-packages\scrapy\crawler.py", line 162, in crawl
    yield self.engine.close()
          ^^^^^^^^^^^^^^^^^^^
  File "C:\Users\ASUS ROG\AppData\Local\Packages\PythonSoftwareFoundation.Python.3.12_qbz5n2kfra8p0\LocalCache\local-packages\Python312\site-packages\scrapy\core\engine.py", line 180, in close
    return self.close_spider(
           ^^^^^^^^^^^^^^^^^^
  File "C:\Users\ASUS ROG\AppData\Local\Packages\PythonSoftwareFoundation.Python.3.12_qbz5n2kfra8p0\LocalCache\local-packages\Python312\site-packages\scrapy\core\engine.py", line 481, in close_spider
    raise RuntimeError("Engine slot not assigned")
RuntimeError: Engine slot not assigned
2025-10-21 18:03:40 [test] INFO: Loading 2 wild crawl domains from C:\Users\ASUS ROG\source\repos\crawler\bigdata\site_cfg.json
2025-10-21 18:03:40 [test] INFO: Registered site config for mayoclinic.org
2025-10-21 18:03:40 [test] INFO: Registered site config for simplyhomedecorating.com
2025-10-21 18:03:40 [test] INFO: Spider initialized with 2 rules. and 2
2025-10-21 18:03:40 [test] INFO: Reading start URLs from redis key 'test:start_urls' (batch size: 256, encoding: utf-8)
2025-10-21 18:03:40 [scrapy.addons] INFO: Enabled addons:
[]
2025-10-21 18:03:40 [py.warnings] WARNING: C:\Users\ASUS ROG\AppData\Local\Packages\PythonSoftwareFoundation.Python.3.12_qbz5n2kfra8p0\LocalCache\local-packages\Python312\site-packages\scrapy\utils\request.py:120: ScrapyDeprecationWarning: 'REQUEST_FINGERPRINTER_IMPLEMENTATION' is a deprecated setting.
It will be removed in a future version of Scrapy.
  return cls(crawler)

2025-10-21 18:03:40 [scrapy.utils.log] DEBUG: Using reactor: twisted.internet.asyncioreactor.AsyncioSelectorReactor
2025-10-21 18:03:40 [scrapy.utils.log] DEBUG: Using asyncio event loop: asyncio.windows_events._WindowsSelectorEventLoop
2025-10-21 18:03:40 [scrapy.middleware] INFO: Enabled extensions:
['scrapy.extensions.corestats.CoreStats',
 'scrapy.extensions.telnet.TelnetConsole',
 'scrapy.extensions.logstats.LogStats']
2025-10-21 18:03:40 [scrapy.crawler] INFO: Overridden settings:
{'BOT_NAME': 'google',
 'CONCURRENT_ITEMS': 2000,
 'CONCURRENT_REQUESTS': 256,
 'CONCURRENT_REQUESTS_PER_DOMAIN': 1,
 'DOWNLOAD_DELAY': 3,
 'DOWNLOAD_TIMEOUT': 60,
 'DUPEFILTER_CLASS': 'scrapy_redis.dupefilter.RFPDupeFilter',
 'LOG_FILE': 'debug.log',
 'NEWSPIDER_MODULE': 'bigdata.spiders',
 'RANDOMIZE_DOWNLOAD_DELAY': False,
 'REACTOR_THREADPOOL_MAXSIZE': 256,
 'REDIRECT_MAX_TIMES': 3,
 'REQUEST_FINGERPRINTER_IMPLEMENTATION': '2.7',
 'RETRY_HTTP_CODES': [403, 429, 500, 502, 503, 504, 520, 522, 524, 408, 599],
 'RETRY_PRIORITY_ADJUST': -5,
 'RETRY_TIMES': 4,
 'SCHEDULER': 'scrapy_redis.scheduler.Scheduler',
 'SPIDER_MODULES': ['bigdata.spiders'],
 'TELNETCONSOLE_PASSWORD': 'gringo',
 'TELNETCONSOLE_USERNAME': 'gringo',
 'USER_AGENT': 'Mozilla/5.0 (Windows NT 10.0; Win64; x64) AppleWebKit/537.36 '
               '(KHTML, like Gecko) Chrome/120.0.0.0 Safari/537.36'}
2025-10-21 18:03:40 [asyncio] DEBUG: Using proactor: IocpProactor
2025-10-21 18:03:40 [scrapy-playwright] INFO: Started loop on separate thread: <ProactorEventLoop running=True closed=False debug=False>
2025-10-21 18:03:42 [scrapy.middleware] INFO: Enabled downloader middlewares:
['scrapy.downloadermiddlewares.offsite.OffsiteMiddleware',
 'scrapy.downloadermiddlewares.httpauth.HttpAuthMiddleware',
 'scrapy.downloadermiddlewares.downloadtimeout.DownloadTimeoutMiddleware',
 <class 'bigdata.middlewares.ProxyMiddleware'>,
 'scrapy.downloadermiddlewares.defaultheaders.DefaultHeadersMiddleware',
 'scrapy.downloadermiddlewares.httpproxy.HttpProxyMiddleware',
 'scrapy_user_agents.middlewares.RandomUserAgentMiddleware',
 <class 'bigdata.middlewares.FailedRequestExportMiddleware'>,
 'scrapy.downloadermiddlewares.retry.RetryMiddleware',
 'scrapy.downloadermiddlewares.redirect.MetaRefreshMiddleware',
 'scrapy.downloadermiddlewares.httpcompression.HttpCompressionMiddleware',
 'scrapy.downloadermiddlewares.redirect.RedirectMiddleware',
 'scrapy.downloadermiddlewares.cookies.CookiesMiddleware',
 'scrapy.downloadermiddlewares.stats.DownloaderStats']
2025-10-21 18:03:42 [scrapy.middleware] INFO: Enabled spider middlewares:
['scrapy.spidermiddlewares.start.StartSpiderMiddleware',
 'scrapy.spidermiddlewares.httperror.HttpErrorMiddleware',
 'scrapy.spidermiddlewares.referer.RefererMiddleware',
 'scrapy.spidermiddlewares.urllength.UrlLengthMiddleware',
 'scrapy.spidermiddlewares.depth.DepthMiddleware']
2025-10-21 18:03:42 [scrapy.middleware] INFO: Enabled item pipelines:
[<class 'bigdata.pipelines.CleanHtmlFragmentPipeline'>,
 <class 'bigdata.pipelines.JSONExportPipeline'>]
2025-10-21 18:03:42 [scrapy.core.engine] INFO: Spider opened
2025-10-21 18:03:44 [twisted] CRITICAL: Unhandled error in Deferred:
2025-10-21 18:03:44 [twisted] CRITICAL: 
Traceback (most recent call last):
  File "C:\Users\ASUS ROG\AppData\Local\Packages\PythonSoftwareFoundation.Python.3.12_qbz5n2kfra8p0\LocalCache\local-packages\Python312\site-packages\redis\connection.py", line 389, in connect_check_health
    sock = self.retry.call_with_retry(
           ^^^^^^^^^^^^^^^^^^^^^^^^^^^
  File "C:\Users\ASUS ROG\AppData\Local\Packages\PythonSoftwareFoundation.Python.3.12_qbz5n2kfra8p0\LocalCache\local-packages\Python312\site-packages\redis\retry.py", line 105, in call_with_retry
    return do()
           ^^^^
  File "C:\Users\ASUS ROG\AppData\Local\Packages\PythonSoftwareFoundation.Python.3.12_qbz5n2kfra8p0\LocalCache\local-packages\Python312\site-packages\redis\connection.py", line 390, in <lambda>
    lambda: self._connect(), lambda error: self.disconnect(error)
            ^^^^^^^^^^^^^^^
  File "C:\Users\ASUS ROG\AppData\Local\Packages\PythonSoftwareFoundation.Python.3.12_qbz5n2kfra8p0\LocalCache\local-packages\Python312\site-packages\redis\connection.py", line 803, in _connect
    raise err
  File "C:\Users\ASUS ROG\AppData\Local\Packages\PythonSoftwareFoundation.Python.3.12_qbz5n2kfra8p0\LocalCache\local-packages\Python312\site-packages\redis\connection.py", line 787, in _connect
    sock.connect(socket_address)
ConnectionRefusedError: [WinError 10061] No connection could be made because the target machine actively refused it

During handling of the above exception, another exception occurred:

Traceback (most recent call last):
  File "C:\Users\ASUS ROG\AppData\Local\Packages\PythonSoftwareFoundation.Python.3.12_qbz5n2kfra8p0\LocalCache\local-packages\Python312\site-packages\scrapy\crawler.py", line 157, in crawl
    yield self.engine.open_spider(self.spider)
  File "C:\Users\ASUS ROG\AppData\Local\Packages\PythonSoftwareFoundation.Python.3.12_qbz5n2kfra8p0\LocalCache\local-packages\Python312\site-packages\twisted\internet\defer.py", line 1257, in adapt
    extracted: _SelfResultT | Failure = result.result()
                                        ^^^^^^^^^^^^^^^
  File "C:\Users\ASUS ROG\AppData\Local\Packages\PythonSoftwareFoundation.Python.3.12_qbz5n2kfra8p0\LocalCache\local-packages\Python312\site-packages\scrapy\core\engine.py", line 441, in open_spider
    scheduler = build_from_crawler(self.scheduler_cls, self.crawler)
                ^^^^^^^^^^^^^^^^^^^^^^^^^^^^^^^^^^^^^^^^^^^^^^^^^^^^
  File "C:\Users\ASUS ROG\AppData\Local\Packages\PythonSoftwareFoundation.Python.3.12_qbz5n2kfra8p0\LocalCache\local-packages\Python312\site-packages\scrapy\utils\misc.py", line 187, in build_from_crawler
    instance = objcls.from_crawler(crawler, *args, **kwargs)  # type: ignore[attr-defined]
               ^^^^^^^^^^^^^^^^^^^^^^^^^^^^^^^^^^^^^^^^^^^^^
  File "C:\Users\ASUS ROG\AppData\Local\Packages\PythonSoftwareFoundation.Python.3.12_qbz5n2kfra8p0\LocalCache\local-packages\Python312\site-packages\scrapy_redis\scheduler.py", line 128, in from_crawler
    instance = cls.from_settings(crawler.settings)
               ^^^^^^^^^^^^^^^^^^^^^^^^^^^^^^^^^^^
  File "C:\Users\ASUS ROG\AppData\Local\Packages\PythonSoftwareFoundation.Python.3.12_qbz5n2kfra8p0\LocalCache\local-packages\Python312\site-packages\scrapy_redis\scheduler.py", line 122, in from_settings
    server.ping()
  File "C:\Users\ASUS ROG\AppData\Local\Packages\PythonSoftwareFoundation.Python.3.12_qbz5n2kfra8p0\LocalCache\local-packages\Python312\site-packages\redis\commands\core.py", line 1219, in ping
    return self.execute_command("PING", **kwargs)
           ^^^^^^^^^^^^^^^^^^^^^^^^^^^^^^^^^^^^^^
  File "C:\Users\ASUS ROG\AppData\Local\Packages\PythonSoftwareFoundation.Python.3.12_qbz5n2kfra8p0\LocalCache\local-packages\Python312\site-packages\redis\client.py", line 621, in execute_command
    return self._execute_command(*args, **options)
           ^^^^^^^^^^^^^^^^^^^^^^^^^^^^^^^^^^^^^^^
  File "C:\Users\ASUS ROG\AppData\Local\Packages\PythonSoftwareFoundation.Python.3.12_qbz5n2kfra8p0\LocalCache\local-packages\Python312\site-packages\redis\client.py", line 627, in _execute_command
    conn = self.connection or pool.get_connection()
                              ^^^^^^^^^^^^^^^^^^^^^
  File "C:\Users\ASUS ROG\AppData\Local\Packages\PythonSoftwareFoundation.Python.3.12_qbz5n2kfra8p0\LocalCache\local-packages\Python312\site-packages\redis\utils.py", line 195, in wrapper
    return func(*args, **kwargs)
           ^^^^^^^^^^^^^^^^^^^^^
  File "C:\Users\ASUS ROG\AppData\Local\Packages\PythonSoftwareFoundation.Python.3.12_qbz5n2kfra8p0\LocalCache\local-packages\Python312\site-packages\redis\connection.py", line 1533, in get_connection
    connection.connect()
  File "C:\Users\ASUS ROG\AppData\Local\Packages\PythonSoftwareFoundation.Python.3.12_qbz5n2kfra8p0\LocalCache\local-packages\Python312\site-packages\redis\connection.py", line 380, in connect
    self.connect_check_health(check_health=True)
  File "C:\Users\ASUS ROG\AppData\Local\Packages\PythonSoftwareFoundation.Python.3.12_qbz5n2kfra8p0\LocalCache\local-packages\Python312\site-packages\redis\connection.py", line 397, in connect_check_health
    raise ConnectionError(self._error_message(e))
redis.exceptions.ConnectionError: Error 10061 connecting to 127.0.0.1:6379. No connection could be made because the target machine actively refused it.

During handling of the above exception, another exception occurred:

Traceback (most recent call last):
  File "C:\Users\ASUS ROG\AppData\Local\Packages\PythonSoftwareFoundation.Python.3.12_qbz5n2kfra8p0\LocalCache\local-packages\Python312\site-packages\twisted\internet\defer.py", line 1853, in _inlineCallbacks
    result = context.run(
             ^^^^^^^^^^^^
  File "C:\Users\ASUS ROG\AppData\Local\Packages\PythonSoftwareFoundation.Python.3.12_qbz5n2kfra8p0\LocalCache\local-packages\Python312\site-packages\twisted\python\failure.py", line 467, in throwExceptionIntoGenerator
    return g.throw(self.value.with_traceback(self.tb))
           ^^^^^^^^^^^^^^^^^^^^^^^^^^^^^^^^^^^^^^^^^^^
  File "C:\Users\ASUS ROG\AppData\Local\Packages\PythonSoftwareFoundation.Python.3.12_qbz5n2kfra8p0\LocalCache\local-packages\Python312\site-packages\scrapy\crawler.py", line 162, in crawl
    yield self.engine.close()
          ^^^^^^^^^^^^^^^^^^^
  File "C:\Users\ASUS ROG\AppData\Local\Packages\PythonSoftwareFoundation.Python.3.12_qbz5n2kfra8p0\LocalCache\local-packages\Python312\site-packages\scrapy\core\engine.py", line 180, in close
    return self.close_spider(
           ^^^^^^^^^^^^^^^^^^
  File "C:\Users\ASUS ROG\AppData\Local\Packages\PythonSoftwareFoundation.Python.3.12_qbz5n2kfra8p0\LocalCache\local-packages\Python312\site-packages\scrapy\core\engine.py", line 481, in close_spider
    raise RuntimeError("Engine slot not assigned")
RuntimeError: Engine slot not assigned
2025-10-21 18:04:06 [test] INFO: Loading 2 wild crawl domains from C:\Users\ASUS ROG\source\repos\crawler\bigdata\site_cfg.json
2025-10-21 18:04:06 [test] INFO: Registered site config for mayoclinic.org
2025-10-21 18:04:06 [test] INFO: Registered site config for simplyhomedecorating.com
2025-10-21 18:04:06 [test] INFO: Spider initialized with 2 rules. and 2
2025-10-21 18:04:06 [test] INFO: Reading start URLs from redis key 'test:start_urls' (batch size: 256, encoding: utf-8)
2025-10-21 18:04:06 [scrapy.addons] INFO: Enabled addons:
[]
2025-10-21 18:04:06 [py.warnings] WARNING: C:\Users\ASUS ROG\AppData\Local\Packages\PythonSoftwareFoundation.Python.3.12_qbz5n2kfra8p0\LocalCache\local-packages\Python312\site-packages\scrapy\utils\request.py:120: ScrapyDeprecationWarning: 'REQUEST_FINGERPRINTER_IMPLEMENTATION' is a deprecated setting.
It will be removed in a future version of Scrapy.
  return cls(crawler)

2025-10-21 18:04:06 [scrapy.utils.log] DEBUG: Using reactor: twisted.internet.asyncioreactor.AsyncioSelectorReactor
2025-10-21 18:04:06 [scrapy.utils.log] DEBUG: Using asyncio event loop: asyncio.windows_events._WindowsSelectorEventLoop
2025-10-21 18:04:06 [scrapy.middleware] INFO: Enabled extensions:
['scrapy.extensions.corestats.CoreStats',
 'scrapy.extensions.telnet.TelnetConsole',
 'scrapy.extensions.logstats.LogStats']
2025-10-21 18:04:06 [scrapy.crawler] INFO: Overridden settings:
{'BOT_NAME': 'google',
 'CONCURRENT_ITEMS': 2000,
 'CONCURRENT_REQUESTS': 256,
 'CONCURRENT_REQUESTS_PER_DOMAIN': 1,
 'DOWNLOAD_DELAY': 3,
 'DOWNLOAD_TIMEOUT': 60,
 'DUPEFILTER_CLASS': 'scrapy_redis.dupefilter.RFPDupeFilter',
 'LOG_FILE': 'debug.log',
 'NEWSPIDER_MODULE': 'bigdata.spiders',
 'RANDOMIZE_DOWNLOAD_DELAY': False,
 'REACTOR_THREADPOOL_MAXSIZE': 256,
 'REDIRECT_MAX_TIMES': 3,
 'REQUEST_FINGERPRINTER_IMPLEMENTATION': '2.7',
 'RETRY_HTTP_CODES': [403, 429, 500, 502, 503, 504, 520, 522, 524, 408, 599],
 'RETRY_PRIORITY_ADJUST': -5,
 'RETRY_TIMES': 4,
 'SCHEDULER': 'scrapy_redis.scheduler.Scheduler',
 'SPIDER_MODULES': ['bigdata.spiders'],
 'TELNETCONSOLE_PASSWORD': 'gringo',
 'TELNETCONSOLE_USERNAME': 'gringo',
 'USER_AGENT': 'Mozilla/5.0 (Windows NT 10.0; Win64; x64) AppleWebKit/537.36 '
               '(KHTML, like Gecko) Chrome/120.0.0.0 Safari/537.36'}
2025-10-21 18:04:06 [asyncio] DEBUG: Using proactor: IocpProactor
2025-10-21 18:04:06 [scrapy-playwright] INFO: Started loop on separate thread: <ProactorEventLoop running=True closed=False debug=False>
2025-10-21 18:04:08 [scrapy.middleware] INFO: Enabled downloader middlewares:
['scrapy.downloadermiddlewares.offsite.OffsiteMiddleware',
 'scrapy.downloadermiddlewares.httpauth.HttpAuthMiddleware',
 'scrapy.downloadermiddlewares.downloadtimeout.DownloadTimeoutMiddleware',
 <class 'bigdata.middlewares.ProxyMiddleware'>,
 'scrapy.downloadermiddlewares.defaultheaders.DefaultHeadersMiddleware',
 'scrapy.downloadermiddlewares.httpproxy.HttpProxyMiddleware',
 'scrapy_user_agents.middlewares.RandomUserAgentMiddleware',
 <class 'bigdata.middlewares.FailedRequestExportMiddleware'>,
 'scrapy.downloadermiddlewares.retry.RetryMiddleware',
 'scrapy.downloadermiddlewares.redirect.MetaRefreshMiddleware',
 'scrapy.downloadermiddlewares.httpcompression.HttpCompressionMiddleware',
 'scrapy.downloadermiddlewares.redirect.RedirectMiddleware',
 'scrapy.downloadermiddlewares.cookies.CookiesMiddleware',
 'scrapy.downloadermiddlewares.stats.DownloaderStats']
2025-10-21 18:04:08 [scrapy.middleware] INFO: Enabled spider middlewares:
['scrapy.spidermiddlewares.start.StartSpiderMiddleware',
 'scrapy.spidermiddlewares.httperror.HttpErrorMiddleware',
 'scrapy.spidermiddlewares.referer.RefererMiddleware',
 'scrapy.spidermiddlewares.urllength.UrlLengthMiddleware',
 'scrapy.spidermiddlewares.depth.DepthMiddleware']
2025-10-21 18:04:08 [scrapy.middleware] INFO: Enabled item pipelines:
[<class 'bigdata.pipelines.CleanHtmlFragmentPipeline'>,
 <class 'bigdata.pipelines.JSONExportPipeline'>]
2025-10-21 18:04:08 [scrapy.core.engine] INFO: Spider opened
2025-10-21 18:04:10 [twisted] CRITICAL: Unhandled error in Deferred:
2025-10-21 18:04:10 [twisted] CRITICAL: 
Traceback (most recent call last):
  File "C:\Users\ASUS ROG\AppData\Local\Packages\PythonSoftwareFoundation.Python.3.12_qbz5n2kfra8p0\LocalCache\local-packages\Python312\site-packages\redis\connection.py", line 389, in connect_check_health
    sock = self.retry.call_with_retry(
           ^^^^^^^^^^^^^^^^^^^^^^^^^^^
  File "C:\Users\ASUS ROG\AppData\Local\Packages\PythonSoftwareFoundation.Python.3.12_qbz5n2kfra8p0\LocalCache\local-packages\Python312\site-packages\redis\retry.py", line 105, in call_with_retry
    return do()
           ^^^^
  File "C:\Users\ASUS ROG\AppData\Local\Packages\PythonSoftwareFoundation.Python.3.12_qbz5n2kfra8p0\LocalCache\local-packages\Python312\site-packages\redis\connection.py", line 390, in <lambda>
    lambda: self._connect(), lambda error: self.disconnect(error)
            ^^^^^^^^^^^^^^^
  File "C:\Users\ASUS ROG\AppData\Local\Packages\PythonSoftwareFoundation.Python.3.12_qbz5n2kfra8p0\LocalCache\local-packages\Python312\site-packages\redis\connection.py", line 803, in _connect
    raise err
  File "C:\Users\ASUS ROG\AppData\Local\Packages\PythonSoftwareFoundation.Python.3.12_qbz5n2kfra8p0\LocalCache\local-packages\Python312\site-packages\redis\connection.py", line 787, in _connect
    sock.connect(socket_address)
ConnectionRefusedError: [WinError 10061] No connection could be made because the target machine actively refused it

During handling of the above exception, another exception occurred:

Traceback (most recent call last):
  File "C:\Users\ASUS ROG\AppData\Local\Packages\PythonSoftwareFoundation.Python.3.12_qbz5n2kfra8p0\LocalCache\local-packages\Python312\site-packages\scrapy\crawler.py", line 157, in crawl
    yield self.engine.open_spider(self.spider)
  File "C:\Users\ASUS ROG\AppData\Local\Packages\PythonSoftwareFoundation.Python.3.12_qbz5n2kfra8p0\LocalCache\local-packages\Python312\site-packages\twisted\internet\defer.py", line 1257, in adapt
    extracted: _SelfResultT | Failure = result.result()
                                        ^^^^^^^^^^^^^^^
  File "C:\Users\ASUS ROG\AppData\Local\Packages\PythonSoftwareFoundation.Python.3.12_qbz5n2kfra8p0\LocalCache\local-packages\Python312\site-packages\scrapy\core\engine.py", line 441, in open_spider
    scheduler = build_from_crawler(self.scheduler_cls, self.crawler)
                ^^^^^^^^^^^^^^^^^^^^^^^^^^^^^^^^^^^^^^^^^^^^^^^^^^^^
  File "C:\Users\ASUS ROG\AppData\Local\Packages\PythonSoftwareFoundation.Python.3.12_qbz5n2kfra8p0\LocalCache\local-packages\Python312\site-packages\scrapy\utils\misc.py", line 187, in build_from_crawler
    instance = objcls.from_crawler(crawler, *args, **kwargs)  # type: ignore[attr-defined]
               ^^^^^^^^^^^^^^^^^^^^^^^^^^^^^^^^^^^^^^^^^^^^^
  File "C:\Users\ASUS ROG\AppData\Local\Packages\PythonSoftwareFoundation.Python.3.12_qbz5n2kfra8p0\LocalCache\local-packages\Python312\site-packages\scrapy_redis\scheduler.py", line 128, in from_crawler
    instance = cls.from_settings(crawler.settings)
               ^^^^^^^^^^^^^^^^^^^^^^^^^^^^^^^^^^^
  File "C:\Users\ASUS ROG\AppData\Local\Packages\PythonSoftwareFoundation.Python.3.12_qbz5n2kfra8p0\LocalCache\local-packages\Python312\site-packages\scrapy_redis\scheduler.py", line 122, in from_settings
    server.ping()
  File "C:\Users\ASUS ROG\AppData\Local\Packages\PythonSoftwareFoundation.Python.3.12_qbz5n2kfra8p0\LocalCache\local-packages\Python312\site-packages\redis\commands\core.py", line 1219, in ping
    return self.execute_command("PING", **kwargs)
           ^^^^^^^^^^^^^^^^^^^^^^^^^^^^^^^^^^^^^^
  File "C:\Users\ASUS ROG\AppData\Local\Packages\PythonSoftwareFoundation.Python.3.12_qbz5n2kfra8p0\LocalCache\local-packages\Python312\site-packages\redis\client.py", line 621, in execute_command
    return self._execute_command(*args, **options)
           ^^^^^^^^^^^^^^^^^^^^^^^^^^^^^^^^^^^^^^^
  File "C:\Users\ASUS ROG\AppData\Local\Packages\PythonSoftwareFoundation.Python.3.12_qbz5n2kfra8p0\LocalCache\local-packages\Python312\site-packages\redis\client.py", line 627, in _execute_command
    conn = self.connection or pool.get_connection()
                              ^^^^^^^^^^^^^^^^^^^^^
  File "C:\Users\ASUS ROG\AppData\Local\Packages\PythonSoftwareFoundation.Python.3.12_qbz5n2kfra8p0\LocalCache\local-packages\Python312\site-packages\redis\utils.py", line 195, in wrapper
    return func(*args, **kwargs)
           ^^^^^^^^^^^^^^^^^^^^^
  File "C:\Users\ASUS ROG\AppData\Local\Packages\PythonSoftwareFoundation.Python.3.12_qbz5n2kfra8p0\LocalCache\local-packages\Python312\site-packages\redis\connection.py", line 1533, in get_connection
    connection.connect()
  File "C:\Users\ASUS ROG\AppData\Local\Packages\PythonSoftwareFoundation.Python.3.12_qbz5n2kfra8p0\LocalCache\local-packages\Python312\site-packages\redis\connection.py", line 380, in connect
    self.connect_check_health(check_health=True)
  File "C:\Users\ASUS ROG\AppData\Local\Packages\PythonSoftwareFoundation.Python.3.12_qbz5n2kfra8p0\LocalCache\local-packages\Python312\site-packages\redis\connection.py", line 397, in connect_check_health
    raise ConnectionError(self._error_message(e))
redis.exceptions.ConnectionError: Error 10061 connecting to 127.0.0.1:6379. No connection could be made because the target machine actively refused it.

During handling of the above exception, another exception occurred:

Traceback (most recent call last):
  File "C:\Users\ASUS ROG\AppData\Local\Packages\PythonSoftwareFoundation.Python.3.12_qbz5n2kfra8p0\LocalCache\local-packages\Python312\site-packages\twisted\internet\defer.py", line 1853, in _inlineCallbacks
    result = context.run(
             ^^^^^^^^^^^^
  File "C:\Users\ASUS ROG\AppData\Local\Packages\PythonSoftwareFoundation.Python.3.12_qbz5n2kfra8p0\LocalCache\local-packages\Python312\site-packages\twisted\python\failure.py", line 467, in throwExceptionIntoGenerator
    return g.throw(self.value.with_traceback(self.tb))
           ^^^^^^^^^^^^^^^^^^^^^^^^^^^^^^^^^^^^^^^^^^^
  File "C:\Users\ASUS ROG\AppData\Local\Packages\PythonSoftwareFoundation.Python.3.12_qbz5n2kfra8p0\LocalCache\local-packages\Python312\site-packages\scrapy\crawler.py", line 162, in crawl
    yield self.engine.close()
          ^^^^^^^^^^^^^^^^^^^
  File "C:\Users\ASUS ROG\AppData\Local\Packages\PythonSoftwareFoundation.Python.3.12_qbz5n2kfra8p0\LocalCache\local-packages\Python312\site-packages\scrapy\core\engine.py", line 180, in close
    return self.close_spider(
           ^^^^^^^^^^^^^^^^^^
  File "C:\Users\ASUS ROG\AppData\Local\Packages\PythonSoftwareFoundation.Python.3.12_qbz5n2kfra8p0\LocalCache\local-packages\Python312\site-packages\scrapy\core\engine.py", line 481, in close_spider
    raise RuntimeError("Engine slot not assigned")
RuntimeError: Engine slot not assigned
2025-10-21 18:04:14 [test] INFO: Loading 2 wild crawl domains from C:\Users\ASUS ROG\source\repos\crawler\bigdata\site_cfg.json
2025-10-21 18:04:14 [test] INFO: Registered site config for mayoclinic.org
2025-10-21 18:04:14 [test] INFO: Registered site config for simplyhomedecorating.com
2025-10-21 18:04:14 [test] INFO: Spider initialized with 2 rules. and 2
2025-10-21 18:04:14 [test] INFO: Reading start URLs from redis key 'test:start_urls' (batch size: 256, encoding: utf-8)
2025-10-21 18:04:14 [scrapy.addons] INFO: Enabled addons:
[]
2025-10-21 18:04:14 [py.warnings] WARNING: C:\Users\ASUS ROG\AppData\Local\Packages\PythonSoftwareFoundation.Python.3.12_qbz5n2kfra8p0\LocalCache\local-packages\Python312\site-packages\scrapy\utils\request.py:120: ScrapyDeprecationWarning: 'REQUEST_FINGERPRINTER_IMPLEMENTATION' is a deprecated setting.
It will be removed in a future version of Scrapy.
  return cls(crawler)

2025-10-21 18:04:14 [scrapy.utils.log] DEBUG: Using reactor: twisted.internet.asyncioreactor.AsyncioSelectorReactor
2025-10-21 18:04:14 [scrapy.utils.log] DEBUG: Using asyncio event loop: asyncio.windows_events._WindowsSelectorEventLoop
2025-10-21 18:04:14 [scrapy.middleware] INFO: Enabled extensions:
['scrapy.extensions.corestats.CoreStats',
 'scrapy.extensions.telnet.TelnetConsole',
 'scrapy.extensions.logstats.LogStats']
2025-10-21 18:04:14 [scrapy.crawler] INFO: Overridden settings:
{'BOT_NAME': 'google',
 'CONCURRENT_ITEMS': 2000,
 'CONCURRENT_REQUESTS': 256,
 'CONCURRENT_REQUESTS_PER_DOMAIN': 1,
 'DOWNLOAD_DELAY': 3,
 'DOWNLOAD_TIMEOUT': 60,
 'DUPEFILTER_CLASS': 'scrapy_redis.dupefilter.RFPDupeFilter',
 'LOG_FILE': 'debug.log',
 'NEWSPIDER_MODULE': 'bigdata.spiders',
 'RANDOMIZE_DOWNLOAD_DELAY': False,
 'REACTOR_THREADPOOL_MAXSIZE': 256,
 'REDIRECT_MAX_TIMES': 3,
 'REQUEST_FINGERPRINTER_IMPLEMENTATION': '2.7',
 'RETRY_HTTP_CODES': [403, 429, 500, 502, 503, 504, 520, 522, 524, 408, 599],
 'RETRY_PRIORITY_ADJUST': -5,
 'RETRY_TIMES': 4,
 'SCHEDULER': 'scrapy_redis.scheduler.Scheduler',
 'SPIDER_MODULES': ['bigdata.spiders'],
 'TELNETCONSOLE_PASSWORD': 'gringo',
 'TELNETCONSOLE_USERNAME': 'gringo',
 'USER_AGENT': 'Mozilla/5.0 (Windows NT 10.0; Win64; x64) AppleWebKit/537.36 '
               '(KHTML, like Gecko) Chrome/120.0.0.0 Safari/537.36'}
2025-10-21 18:04:14 [asyncio] DEBUG: Using proactor: IocpProactor
2025-10-21 18:04:14 [scrapy-playwright] INFO: Started loop on separate thread: <ProactorEventLoop running=True closed=False debug=False>
2025-10-21 18:04:16 [scrapy.middleware] INFO: Enabled downloader middlewares:
['scrapy.downloadermiddlewares.offsite.OffsiteMiddleware',
 'scrapy.downloadermiddlewares.httpauth.HttpAuthMiddleware',
 'scrapy.downloadermiddlewares.downloadtimeout.DownloadTimeoutMiddleware',
 <class 'bigdata.middlewares.ProxyMiddleware'>,
 'scrapy.downloadermiddlewares.defaultheaders.DefaultHeadersMiddleware',
 'scrapy.downloadermiddlewares.httpproxy.HttpProxyMiddleware',
 'scrapy_user_agents.middlewares.RandomUserAgentMiddleware',
 <class 'bigdata.middlewares.FailedRequestExportMiddleware'>,
 'scrapy.downloadermiddlewares.retry.RetryMiddleware',
 'scrapy.downloadermiddlewares.redirect.MetaRefreshMiddleware',
 'scrapy.downloadermiddlewares.httpcompression.HttpCompressionMiddleware',
 'scrapy.downloadermiddlewares.redirect.RedirectMiddleware',
 'scrapy.downloadermiddlewares.cookies.CookiesMiddleware',
 'scrapy.downloadermiddlewares.stats.DownloaderStats']
2025-10-21 18:04:16 [scrapy.middleware] INFO: Enabled spider middlewares:
['scrapy.spidermiddlewares.start.StartSpiderMiddleware',
 'scrapy.spidermiddlewares.httperror.HttpErrorMiddleware',
 'scrapy.spidermiddlewares.referer.RefererMiddleware',
 'scrapy.spidermiddlewares.urllength.UrlLengthMiddleware',
 'scrapy.spidermiddlewares.depth.DepthMiddleware']
2025-10-21 18:04:16 [scrapy.middleware] INFO: Enabled item pipelines:
[<class 'bigdata.pipelines.CleanHtmlFragmentPipeline'>,
 <class 'bigdata.pipelines.JSONExportPipeline'>]
2025-10-21 18:04:16 [scrapy.core.engine] INFO: Spider opened
2025-10-21 18:04:18 [twisted] CRITICAL: Unhandled error in Deferred:
2025-10-21 18:04:18 [twisted] CRITICAL: 
Traceback (most recent call last):
  File "C:\Users\ASUS ROG\AppData\Local\Packages\PythonSoftwareFoundation.Python.3.12_qbz5n2kfra8p0\LocalCache\local-packages\Python312\site-packages\redis\connection.py", line 389, in connect_check_health
    sock = self.retry.call_with_retry(
           ^^^^^^^^^^^^^^^^^^^^^^^^^^^
  File "C:\Users\ASUS ROG\AppData\Local\Packages\PythonSoftwareFoundation.Python.3.12_qbz5n2kfra8p0\LocalCache\local-packages\Python312\site-packages\redis\retry.py", line 105, in call_with_retry
    return do()
           ^^^^
  File "C:\Users\ASUS ROG\AppData\Local\Packages\PythonSoftwareFoundation.Python.3.12_qbz5n2kfra8p0\LocalCache\local-packages\Python312\site-packages\redis\connection.py", line 390, in <lambda>
    lambda: self._connect(), lambda error: self.disconnect(error)
            ^^^^^^^^^^^^^^^
  File "C:\Users\ASUS ROG\AppData\Local\Packages\PythonSoftwareFoundation.Python.3.12_qbz5n2kfra8p0\LocalCache\local-packages\Python312\site-packages\redis\connection.py", line 803, in _connect
    raise err
  File "C:\Users\ASUS ROG\AppData\Local\Packages\PythonSoftwareFoundation.Python.3.12_qbz5n2kfra8p0\LocalCache\local-packages\Python312\site-packages\redis\connection.py", line 787, in _connect
    sock.connect(socket_address)
ConnectionRefusedError: [WinError 10061] No connection could be made because the target machine actively refused it

During handling of the above exception, another exception occurred:

Traceback (most recent call last):
  File "C:\Users\ASUS ROG\AppData\Local\Packages\PythonSoftwareFoundation.Python.3.12_qbz5n2kfra8p0\LocalCache\local-packages\Python312\site-packages\scrapy\crawler.py", line 157, in crawl
    yield self.engine.open_spider(self.spider)
  File "C:\Users\ASUS ROG\AppData\Local\Packages\PythonSoftwareFoundation.Python.3.12_qbz5n2kfra8p0\LocalCache\local-packages\Python312\site-packages\twisted\internet\defer.py", line 1257, in adapt
    extracted: _SelfResultT | Failure = result.result()
                                        ^^^^^^^^^^^^^^^
  File "C:\Users\ASUS ROG\AppData\Local\Packages\PythonSoftwareFoundation.Python.3.12_qbz5n2kfra8p0\LocalCache\local-packages\Python312\site-packages\scrapy\core\engine.py", line 441, in open_spider
    scheduler = build_from_crawler(self.scheduler_cls, self.crawler)
                ^^^^^^^^^^^^^^^^^^^^^^^^^^^^^^^^^^^^^^^^^^^^^^^^^^^^
  File "C:\Users\ASUS ROG\AppData\Local\Packages\PythonSoftwareFoundation.Python.3.12_qbz5n2kfra8p0\LocalCache\local-packages\Python312\site-packages\scrapy\utils\misc.py", line 187, in build_from_crawler
    instance = objcls.from_crawler(crawler, *args, **kwargs)  # type: ignore[attr-defined]
               ^^^^^^^^^^^^^^^^^^^^^^^^^^^^^^^^^^^^^^^^^^^^^
  File "C:\Users\ASUS ROG\AppData\Local\Packages\PythonSoftwareFoundation.Python.3.12_qbz5n2kfra8p0\LocalCache\local-packages\Python312\site-packages\scrapy_redis\scheduler.py", line 128, in from_crawler
    instance = cls.from_settings(crawler.settings)
               ^^^^^^^^^^^^^^^^^^^^^^^^^^^^^^^^^^^
  File "C:\Users\ASUS ROG\AppData\Local\Packages\PythonSoftwareFoundation.Python.3.12_qbz5n2kfra8p0\LocalCache\local-packages\Python312\site-packages\scrapy_redis\scheduler.py", line 122, in from_settings
    server.ping()
  File "C:\Users\ASUS ROG\AppData\Local\Packages\PythonSoftwareFoundation.Python.3.12_qbz5n2kfra8p0\LocalCache\local-packages\Python312\site-packages\redis\commands\core.py", line 1219, in ping
    return self.execute_command("PING", **kwargs)
           ^^^^^^^^^^^^^^^^^^^^^^^^^^^^^^^^^^^^^^
  File "C:\Users\ASUS ROG\AppData\Local\Packages\PythonSoftwareFoundation.Python.3.12_qbz5n2kfra8p0\LocalCache\local-packages\Python312\site-packages\redis\client.py", line 621, in execute_command
    return self._execute_command(*args, **options)
           ^^^^^^^^^^^^^^^^^^^^^^^^^^^^^^^^^^^^^^^
  File "C:\Users\ASUS ROG\AppData\Local\Packages\PythonSoftwareFoundation.Python.3.12_qbz5n2kfra8p0\LocalCache\local-packages\Python312\site-packages\redis\client.py", line 627, in _execute_command
    conn = self.connection or pool.get_connection()
                              ^^^^^^^^^^^^^^^^^^^^^
  File "C:\Users\ASUS ROG\AppData\Local\Packages\PythonSoftwareFoundation.Python.3.12_qbz5n2kfra8p0\LocalCache\local-packages\Python312\site-packages\redis\utils.py", line 195, in wrapper
    return func(*args, **kwargs)
           ^^^^^^^^^^^^^^^^^^^^^
  File "C:\Users\ASUS ROG\AppData\Local\Packages\PythonSoftwareFoundation.Python.3.12_qbz5n2kfra8p0\LocalCache\local-packages\Python312\site-packages\redis\connection.py", line 1533, in get_connection
    connection.connect()
  File "C:\Users\ASUS ROG\AppData\Local\Packages\PythonSoftwareFoundation.Python.3.12_qbz5n2kfra8p0\LocalCache\local-packages\Python312\site-packages\redis\connection.py", line 380, in connect
    self.connect_check_health(check_health=True)
  File "C:\Users\ASUS ROG\AppData\Local\Packages\PythonSoftwareFoundation.Python.3.12_qbz5n2kfra8p0\LocalCache\local-packages\Python312\site-packages\redis\connection.py", line 397, in connect_check_health
    raise ConnectionError(self._error_message(e))
redis.exceptions.ConnectionError: Error 10061 connecting to 127.0.0.1:6379. No connection could be made because the target machine actively refused it.

During handling of the above exception, another exception occurred:

Traceback (most recent call last):
  File "C:\Users\ASUS ROG\AppData\Local\Packages\PythonSoftwareFoundation.Python.3.12_qbz5n2kfra8p0\LocalCache\local-packages\Python312\site-packages\twisted\internet\defer.py", line 1853, in _inlineCallbacks
    result = context.run(
             ^^^^^^^^^^^^
  File "C:\Users\ASUS ROG\AppData\Local\Packages\PythonSoftwareFoundation.Python.3.12_qbz5n2kfra8p0\LocalCache\local-packages\Python312\site-packages\twisted\python\failure.py", line 467, in throwExceptionIntoGenerator
    return g.throw(self.value.with_traceback(self.tb))
           ^^^^^^^^^^^^^^^^^^^^^^^^^^^^^^^^^^^^^^^^^^^
  File "C:\Users\ASUS ROG\AppData\Local\Packages\PythonSoftwareFoundation.Python.3.12_qbz5n2kfra8p0\LocalCache\local-packages\Python312\site-packages\scrapy\crawler.py", line 162, in crawl
    yield self.engine.close()
          ^^^^^^^^^^^^^^^^^^^
  File "C:\Users\ASUS ROG\AppData\Local\Packages\PythonSoftwareFoundation.Python.3.12_qbz5n2kfra8p0\LocalCache\local-packages\Python312\site-packages\scrapy\core\engine.py", line 180, in close
    return self.close_spider(
           ^^^^^^^^^^^^^^^^^^
  File "C:\Users\ASUS ROG\AppData\Local\Packages\PythonSoftwareFoundation.Python.3.12_qbz5n2kfra8p0\LocalCache\local-packages\Python312\site-packages\scrapy\core\engine.py", line 481, in close_spider
    raise RuntimeError("Engine slot not assigned")
RuntimeError: Engine slot not assigned
2025-10-21 18:04:38 [test] INFO: Loading 2 wild crawl domains from C:\Users\ASUS ROG\source\repos\crawler\bigdata\site_cfg.json
2025-10-21 18:04:38 [test] INFO: Registered site config for mayoclinic.org
2025-10-21 18:04:38 [test] INFO: Registered site config for simplyhomedecorating.com
2025-10-21 18:04:38 [test] INFO: Spider initialized with 2 rules. and 2
2025-10-21 18:04:38 [test] INFO: Reading start URLs from redis key 'test:start_urls' (batch size: 256, encoding: utf-8)
2025-10-21 18:04:38 [scrapy.addons] INFO: Enabled addons:
[]
2025-10-21 18:04:38 [py.warnings] WARNING: C:\Users\ASUS ROG\AppData\Local\Packages\PythonSoftwareFoundation.Python.3.12_qbz5n2kfra8p0\LocalCache\local-packages\Python312\site-packages\scrapy\utils\request.py:120: ScrapyDeprecationWarning: 'REQUEST_FINGERPRINTER_IMPLEMENTATION' is a deprecated setting.
It will be removed in a future version of Scrapy.
  return cls(crawler)

2025-10-21 18:04:38 [scrapy.utils.log] DEBUG: Using reactor: twisted.internet.asyncioreactor.AsyncioSelectorReactor
2025-10-21 18:04:38 [scrapy.utils.log] DEBUG: Using asyncio event loop: asyncio.windows_events._WindowsSelectorEventLoop
2025-10-21 18:04:38 [scrapy.middleware] INFO: Enabled extensions:
['scrapy.extensions.corestats.CoreStats',
 'scrapy.extensions.telnet.TelnetConsole',
 'scrapy.extensions.logstats.LogStats']
2025-10-21 18:04:38 [scrapy.crawler] INFO: Overridden settings:
{'BOT_NAME': 'google',
 'CONCURRENT_ITEMS': 2000,
 'CONCURRENT_REQUESTS': 256,
 'CONCURRENT_REQUESTS_PER_DOMAIN': 1,
 'DOWNLOAD_DELAY': 3,
 'DOWNLOAD_TIMEOUT': 60,
 'DUPEFILTER_CLASS': 'scrapy_redis.dupefilter.RFPDupeFilter',
 'LOG_FILE': 'debug.log',
 'NEWSPIDER_MODULE': 'bigdata.spiders',
 'RANDOMIZE_DOWNLOAD_DELAY': False,
 'REACTOR_THREADPOOL_MAXSIZE': 256,
 'REDIRECT_MAX_TIMES': 3,
 'REQUEST_FINGERPRINTER_IMPLEMENTATION': '2.7',
 'RETRY_HTTP_CODES': [403, 429, 500, 502, 503, 504, 520, 522, 524, 408, 599],
 'RETRY_PRIORITY_ADJUST': -5,
 'RETRY_TIMES': 4,
 'SCHEDULER': 'scrapy_redis.scheduler.Scheduler',
 'SPIDER_MODULES': ['bigdata.spiders'],
 'TELNETCONSOLE_PASSWORD': 'gringo',
 'TELNETCONSOLE_USERNAME': 'gringo',
 'USER_AGENT': 'Mozilla/5.0 (Windows NT 10.0; Win64; x64) AppleWebKit/537.36 '
               '(KHTML, like Gecko) Chrome/120.0.0.0 Safari/537.36'}
2025-10-21 18:04:39 [asyncio] DEBUG: Using proactor: IocpProactor
2025-10-21 18:04:39 [scrapy-playwright] INFO: Started loop on separate thread: <ProactorEventLoop running=True closed=False debug=False>
2025-10-21 18:04:40 [scrapy.middleware] INFO: Enabled downloader middlewares:
['scrapy.downloadermiddlewares.offsite.OffsiteMiddleware',
 'scrapy.downloadermiddlewares.httpauth.HttpAuthMiddleware',
 'scrapy.downloadermiddlewares.downloadtimeout.DownloadTimeoutMiddleware',
 <class 'bigdata.middlewares.ProxyMiddleware'>,
 'scrapy.downloadermiddlewares.defaultheaders.DefaultHeadersMiddleware',
 'scrapy.downloadermiddlewares.httpproxy.HttpProxyMiddleware',
 'scrapy_user_agents.middlewares.RandomUserAgentMiddleware',
 <class 'bigdata.middlewares.FailedRequestExportMiddleware'>,
 'scrapy.downloadermiddlewares.retry.RetryMiddleware',
 'scrapy.downloadermiddlewares.redirect.MetaRefreshMiddleware',
 'scrapy.downloadermiddlewares.httpcompression.HttpCompressionMiddleware',
 'scrapy.downloadermiddlewares.redirect.RedirectMiddleware',
 'scrapy.downloadermiddlewares.cookies.CookiesMiddleware',
 'scrapy.downloadermiddlewares.stats.DownloaderStats']
2025-10-21 18:04:40 [scrapy.middleware] INFO: Enabled spider middlewares:
['scrapy.spidermiddlewares.start.StartSpiderMiddleware',
 'scrapy.spidermiddlewares.httperror.HttpErrorMiddleware',
 'scrapy.spidermiddlewares.referer.RefererMiddleware',
 'scrapy.spidermiddlewares.urllength.UrlLengthMiddleware',
 'scrapy.spidermiddlewares.depth.DepthMiddleware']
2025-10-21 18:04:40 [scrapy.middleware] INFO: Enabled item pipelines:
[<class 'bigdata.pipelines.CleanHtmlFragmentPipeline'>,
 <class 'bigdata.pipelines.JSONExportPipeline'>]
2025-10-21 18:04:40 [scrapy.core.engine] INFO: Spider opened
2025-10-21 18:04:43 [twisted] CRITICAL: Unhandled error in Deferred:
2025-10-21 18:04:43 [twisted] CRITICAL: 
Traceback (most recent call last):
  File "C:\Users\ASUS ROG\AppData\Local\Packages\PythonSoftwareFoundation.Python.3.12_qbz5n2kfra8p0\LocalCache\local-packages\Python312\site-packages\redis\connection.py", line 389, in connect_check_health
    sock = self.retry.call_with_retry(
           ^^^^^^^^^^^^^^^^^^^^^^^^^^^
  File "C:\Users\ASUS ROG\AppData\Local\Packages\PythonSoftwareFoundation.Python.3.12_qbz5n2kfra8p0\LocalCache\local-packages\Python312\site-packages\redis\retry.py", line 105, in call_with_retry
    return do()
           ^^^^
  File "C:\Users\ASUS ROG\AppData\Local\Packages\PythonSoftwareFoundation.Python.3.12_qbz5n2kfra8p0\LocalCache\local-packages\Python312\site-packages\redis\connection.py", line 390, in <lambda>
    lambda: self._connect(), lambda error: self.disconnect(error)
            ^^^^^^^^^^^^^^^
  File "C:\Users\ASUS ROG\AppData\Local\Packages\PythonSoftwareFoundation.Python.3.12_qbz5n2kfra8p0\LocalCache\local-packages\Python312\site-packages\redis\connection.py", line 803, in _connect
    raise err
  File "C:\Users\ASUS ROG\AppData\Local\Packages\PythonSoftwareFoundation.Python.3.12_qbz5n2kfra8p0\LocalCache\local-packages\Python312\site-packages\redis\connection.py", line 787, in _connect
    sock.connect(socket_address)
ConnectionRefusedError: [WinError 10061] No connection could be made because the target machine actively refused it

During handling of the above exception, another exception occurred:

Traceback (most recent call last):
  File "C:\Users\ASUS ROG\AppData\Local\Packages\PythonSoftwareFoundation.Python.3.12_qbz5n2kfra8p0\LocalCache\local-packages\Python312\site-packages\scrapy\crawler.py", line 157, in crawl
    yield self.engine.open_spider(self.spider)
  File "C:\Users\ASUS ROG\AppData\Local\Packages\PythonSoftwareFoundation.Python.3.12_qbz5n2kfra8p0\LocalCache\local-packages\Python312\site-packages\twisted\internet\defer.py", line 1257, in adapt
    extracted: _SelfResultT | Failure = result.result()
                                        ^^^^^^^^^^^^^^^
  File "C:\Users\ASUS ROG\AppData\Local\Packages\PythonSoftwareFoundation.Python.3.12_qbz5n2kfra8p0\LocalCache\local-packages\Python312\site-packages\scrapy\core\engine.py", line 441, in open_spider
    scheduler = build_from_crawler(self.scheduler_cls, self.crawler)
                ^^^^^^^^^^^^^^^^^^^^^^^^^^^^^^^^^^^^^^^^^^^^^^^^^^^^
  File "C:\Users\ASUS ROG\AppData\Local\Packages\PythonSoftwareFoundation.Python.3.12_qbz5n2kfra8p0\LocalCache\local-packages\Python312\site-packages\scrapy\utils\misc.py", line 187, in build_from_crawler
    instance = objcls.from_crawler(crawler, *args, **kwargs)  # type: ignore[attr-defined]
               ^^^^^^^^^^^^^^^^^^^^^^^^^^^^^^^^^^^^^^^^^^^^^
  File "C:\Users\ASUS ROG\AppData\Local\Packages\PythonSoftwareFoundation.Python.3.12_qbz5n2kfra8p0\LocalCache\local-packages\Python312\site-packages\scrapy_redis\scheduler.py", line 128, in from_crawler
    instance = cls.from_settings(crawler.settings)
               ^^^^^^^^^^^^^^^^^^^^^^^^^^^^^^^^^^^
  File "C:\Users\ASUS ROG\AppData\Local\Packages\PythonSoftwareFoundation.Python.3.12_qbz5n2kfra8p0\LocalCache\local-packages\Python312\site-packages\scrapy_redis\scheduler.py", line 122, in from_settings
    server.ping()
  File "C:\Users\ASUS ROG\AppData\Local\Packages\PythonSoftwareFoundation.Python.3.12_qbz5n2kfra8p0\LocalCache\local-packages\Python312\site-packages\redis\commands\core.py", line 1219, in ping
    return self.execute_command("PING", **kwargs)
           ^^^^^^^^^^^^^^^^^^^^^^^^^^^^^^^^^^^^^^
  File "C:\Users\ASUS ROG\AppData\Local\Packages\PythonSoftwareFoundation.Python.3.12_qbz5n2kfra8p0\LocalCache\local-packages\Python312\site-packages\redis\client.py", line 621, in execute_command
    return self._execute_command(*args, **options)
           ^^^^^^^^^^^^^^^^^^^^^^^^^^^^^^^^^^^^^^^
  File "C:\Users\ASUS ROG\AppData\Local\Packages\PythonSoftwareFoundation.Python.3.12_qbz5n2kfra8p0\LocalCache\local-packages\Python312\site-packages\redis\client.py", line 627, in _execute_command
    conn = self.connection or pool.get_connection()
                              ^^^^^^^^^^^^^^^^^^^^^
  File "C:\Users\ASUS ROG\AppData\Local\Packages\PythonSoftwareFoundation.Python.3.12_qbz5n2kfra8p0\LocalCache\local-packages\Python312\site-packages\redis\utils.py", line 195, in wrapper
    return func(*args, **kwargs)
           ^^^^^^^^^^^^^^^^^^^^^
  File "C:\Users\ASUS ROG\AppData\Local\Packages\PythonSoftwareFoundation.Python.3.12_qbz5n2kfra8p0\LocalCache\local-packages\Python312\site-packages\redis\connection.py", line 1533, in get_connection
    connection.connect()
  File "C:\Users\ASUS ROG\AppData\Local\Packages\PythonSoftwareFoundation.Python.3.12_qbz5n2kfra8p0\LocalCache\local-packages\Python312\site-packages\redis\connection.py", line 380, in connect
    self.connect_check_health(check_health=True)
  File "C:\Users\ASUS ROG\AppData\Local\Packages\PythonSoftwareFoundation.Python.3.12_qbz5n2kfra8p0\LocalCache\local-packages\Python312\site-packages\redis\connection.py", line 397, in connect_check_health
    raise ConnectionError(self._error_message(e))
redis.exceptions.ConnectionError: Error 10061 connecting to 127.0.0.1:6379. No connection could be made because the target machine actively refused it.

During handling of the above exception, another exception occurred:

Traceback (most recent call last):
  File "C:\Users\ASUS ROG\AppData\Local\Packages\PythonSoftwareFoundation.Python.3.12_qbz5n2kfra8p0\LocalCache\local-packages\Python312\site-packages\twisted\internet\defer.py", line 1853, in _inlineCallbacks
    result = context.run(
             ^^^^^^^^^^^^
  File "C:\Users\ASUS ROG\AppData\Local\Packages\PythonSoftwareFoundation.Python.3.12_qbz5n2kfra8p0\LocalCache\local-packages\Python312\site-packages\twisted\python\failure.py", line 467, in throwExceptionIntoGenerator
    return g.throw(self.value.with_traceback(self.tb))
           ^^^^^^^^^^^^^^^^^^^^^^^^^^^^^^^^^^^^^^^^^^^
  File "C:\Users\ASUS ROG\AppData\Local\Packages\PythonSoftwareFoundation.Python.3.12_qbz5n2kfra8p0\LocalCache\local-packages\Python312\site-packages\scrapy\crawler.py", line 162, in crawl
    yield self.engine.close()
          ^^^^^^^^^^^^^^^^^^^
  File "C:\Users\ASUS ROG\AppData\Local\Packages\PythonSoftwareFoundation.Python.3.12_qbz5n2kfra8p0\LocalCache\local-packages\Python312\site-packages\scrapy\core\engine.py", line 180, in close
    return self.close_spider(
           ^^^^^^^^^^^^^^^^^^
  File "C:\Users\ASUS ROG\AppData\Local\Packages\PythonSoftwareFoundation.Python.3.12_qbz5n2kfra8p0\LocalCache\local-packages\Python312\site-packages\scrapy\core\engine.py", line 481, in close_spider
    raise RuntimeError("Engine slot not assigned")
RuntimeError: Engine slot not assigned
2025-10-21 18:05:00 [test] INFO: Loading 2 wild crawl domains from C:\Users\ASUS ROG\source\repos\crawler\bigdata\site_cfg.json
2025-10-21 18:05:00 [test] INFO: Registered site config for mayoclinic.org
2025-10-21 18:05:00 [test] INFO: Registered site config for simplyhomedecorating.com
2025-10-21 18:05:00 [test] INFO: Spider initialized with 2 rules. and 2
2025-10-21 18:05:00 [test] INFO: Reading start URLs from redis key 'test:start_urls' (batch size: 256, encoding: utf-8)
2025-10-21 18:05:00 [scrapy.addons] INFO: Enabled addons:
[]
2025-10-21 18:05:00 [py.warnings] WARNING: C:\Users\ASUS ROG\AppData\Local\Packages\PythonSoftwareFoundation.Python.3.12_qbz5n2kfra8p0\LocalCache\local-packages\Python312\site-packages\scrapy\utils\request.py:120: ScrapyDeprecationWarning: 'REQUEST_FINGERPRINTER_IMPLEMENTATION' is a deprecated setting.
It will be removed in a future version of Scrapy.
  return cls(crawler)

2025-10-21 18:05:00 [scrapy.utils.log] DEBUG: Using reactor: twisted.internet.asyncioreactor.AsyncioSelectorReactor
2025-10-21 18:05:00 [scrapy.utils.log] DEBUG: Using asyncio event loop: asyncio.windows_events._WindowsSelectorEventLoop
2025-10-21 18:05:00 [scrapy.middleware] INFO: Enabled extensions:
['scrapy.extensions.corestats.CoreStats',
 'scrapy.extensions.telnet.TelnetConsole',
 'scrapy.extensions.logstats.LogStats']
2025-10-21 18:05:00 [scrapy.crawler] INFO: Overridden settings:
{'BOT_NAME': 'google',
 'CONCURRENT_ITEMS': 2000,
 'CONCURRENT_REQUESTS': 256,
 'CONCURRENT_REQUESTS_PER_DOMAIN': 1,
 'DOWNLOAD_DELAY': 3,
 'DOWNLOAD_TIMEOUT': 60,
 'DUPEFILTER_CLASS': 'scrapy_redis.dupefilter.RFPDupeFilter',
 'LOG_FILE': 'debug.log',
 'NEWSPIDER_MODULE': 'bigdata.spiders',
 'RANDOMIZE_DOWNLOAD_DELAY': False,
 'REACTOR_THREADPOOL_MAXSIZE': 256,
 'REDIRECT_MAX_TIMES': 3,
 'REQUEST_FINGERPRINTER_IMPLEMENTATION': '2.7',
 'RETRY_HTTP_CODES': [403, 429, 500, 502, 503, 504, 520, 522, 524, 408, 599],
 'RETRY_PRIORITY_ADJUST': -5,
 'RETRY_TIMES': 4,
 'SCHEDULER': 'scrapy_redis.scheduler.Scheduler',
 'SPIDER_MODULES': ['bigdata.spiders'],
 'TELNETCONSOLE_PASSWORD': 'gringo',
 'TELNETCONSOLE_USERNAME': 'gringo',
 'USER_AGENT': 'Mozilla/5.0 (Windows NT 10.0; Win64; x64) AppleWebKit/537.36 '
               '(KHTML, like Gecko) Chrome/120.0.0.0 Safari/537.36'}
2025-10-21 18:05:00 [asyncio] DEBUG: Using proactor: IocpProactor
2025-10-21 18:05:00 [scrapy-playwright] INFO: Started loop on separate thread: <ProactorEventLoop running=True closed=False debug=False>
2025-10-21 18:05:02 [scrapy.middleware] INFO: Enabled downloader middlewares:
['scrapy.downloadermiddlewares.offsite.OffsiteMiddleware',
 'scrapy.downloadermiddlewares.httpauth.HttpAuthMiddleware',
 'scrapy.downloadermiddlewares.downloadtimeout.DownloadTimeoutMiddleware',
 <class 'bigdata.middlewares.ProxyMiddleware'>,
 'scrapy.downloadermiddlewares.defaultheaders.DefaultHeadersMiddleware',
 'scrapy.downloadermiddlewares.httpproxy.HttpProxyMiddleware',
 'scrapy_user_agents.middlewares.RandomUserAgentMiddleware',
 <class 'bigdata.middlewares.FailedRequestExportMiddleware'>,
 'scrapy.downloadermiddlewares.retry.RetryMiddleware',
 'scrapy.downloadermiddlewares.redirect.MetaRefreshMiddleware',
 'scrapy.downloadermiddlewares.httpcompression.HttpCompressionMiddleware',
 'scrapy.downloadermiddlewares.redirect.RedirectMiddleware',
 'scrapy.downloadermiddlewares.cookies.CookiesMiddleware',
 'scrapy.downloadermiddlewares.stats.DownloaderStats']
2025-10-21 18:05:02 [scrapy.middleware] INFO: Enabled spider middlewares:
['scrapy.spidermiddlewares.start.StartSpiderMiddleware',
 'scrapy.spidermiddlewares.httperror.HttpErrorMiddleware',
 'scrapy.spidermiddlewares.referer.RefererMiddleware',
 'scrapy.spidermiddlewares.urllength.UrlLengthMiddleware',
 'scrapy.spidermiddlewares.depth.DepthMiddleware']
2025-10-21 18:05:02 [scrapy.middleware] INFO: Enabled item pipelines:
[<class 'bigdata.pipelines.CleanHtmlFragmentPipeline'>,
 <class 'bigdata.pipelines.JSONExportPipeline'>]
2025-10-21 18:05:02 [scrapy.core.engine] INFO: Spider opened
2025-10-21 18:05:04 [twisted] CRITICAL: Unhandled error in Deferred:
2025-10-21 18:05:04 [twisted] CRITICAL: 
Traceback (most recent call last):
  File "C:\Users\ASUS ROG\AppData\Local\Packages\PythonSoftwareFoundation.Python.3.12_qbz5n2kfra8p0\LocalCache\local-packages\Python312\site-packages\redis\connection.py", line 389, in connect_check_health
    sock = self.retry.call_with_retry(
           ^^^^^^^^^^^^^^^^^^^^^^^^^^^
  File "C:\Users\ASUS ROG\AppData\Local\Packages\PythonSoftwareFoundation.Python.3.12_qbz5n2kfra8p0\LocalCache\local-packages\Python312\site-packages\redis\retry.py", line 105, in call_with_retry
    return do()
           ^^^^
  File "C:\Users\ASUS ROG\AppData\Local\Packages\PythonSoftwareFoundation.Python.3.12_qbz5n2kfra8p0\LocalCache\local-packages\Python312\site-packages\redis\connection.py", line 390, in <lambda>
    lambda: self._connect(), lambda error: self.disconnect(error)
            ^^^^^^^^^^^^^^^
  File "C:\Users\ASUS ROG\AppData\Local\Packages\PythonSoftwareFoundation.Python.3.12_qbz5n2kfra8p0\LocalCache\local-packages\Python312\site-packages\redis\connection.py", line 803, in _connect
    raise err
  File "C:\Users\ASUS ROG\AppData\Local\Packages\PythonSoftwareFoundation.Python.3.12_qbz5n2kfra8p0\LocalCache\local-packages\Python312\site-packages\redis\connection.py", line 787, in _connect
    sock.connect(socket_address)
ConnectionRefusedError: [WinError 10061] No connection could be made because the target machine actively refused it

During handling of the above exception, another exception occurred:

Traceback (most recent call last):
  File "C:\Users\ASUS ROG\AppData\Local\Packages\PythonSoftwareFoundation.Python.3.12_qbz5n2kfra8p0\LocalCache\local-packages\Python312\site-packages\scrapy\crawler.py", line 157, in crawl
    yield self.engine.open_spider(self.spider)
  File "C:\Users\ASUS ROG\AppData\Local\Packages\PythonSoftwareFoundation.Python.3.12_qbz5n2kfra8p0\LocalCache\local-packages\Python312\site-packages\twisted\internet\defer.py", line 1257, in adapt
    extracted: _SelfResultT | Failure = result.result()
                                        ^^^^^^^^^^^^^^^
  File "C:\Users\ASUS ROG\AppData\Local\Packages\PythonSoftwareFoundation.Python.3.12_qbz5n2kfra8p0\LocalCache\local-packages\Python312\site-packages\scrapy\core\engine.py", line 441, in open_spider
    scheduler = build_from_crawler(self.scheduler_cls, self.crawler)
                ^^^^^^^^^^^^^^^^^^^^^^^^^^^^^^^^^^^^^^^^^^^^^^^^^^^^
  File "C:\Users\ASUS ROG\AppData\Local\Packages\PythonSoftwareFoundation.Python.3.12_qbz5n2kfra8p0\LocalCache\local-packages\Python312\site-packages\scrapy\utils\misc.py", line 187, in build_from_crawler
    instance = objcls.from_crawler(crawler, *args, **kwargs)  # type: ignore[attr-defined]
               ^^^^^^^^^^^^^^^^^^^^^^^^^^^^^^^^^^^^^^^^^^^^^
  File "C:\Users\ASUS ROG\AppData\Local\Packages\PythonSoftwareFoundation.Python.3.12_qbz5n2kfra8p0\LocalCache\local-packages\Python312\site-packages\scrapy_redis\scheduler.py", line 128, in from_crawler
    instance = cls.from_settings(crawler.settings)
               ^^^^^^^^^^^^^^^^^^^^^^^^^^^^^^^^^^^
  File "C:\Users\ASUS ROG\AppData\Local\Packages\PythonSoftwareFoundation.Python.3.12_qbz5n2kfra8p0\LocalCache\local-packages\Python312\site-packages\scrapy_redis\scheduler.py", line 122, in from_settings
    server.ping()
  File "C:\Users\ASUS ROG\AppData\Local\Packages\PythonSoftwareFoundation.Python.3.12_qbz5n2kfra8p0\LocalCache\local-packages\Python312\site-packages\redis\commands\core.py", line 1219, in ping
    return self.execute_command("PING", **kwargs)
           ^^^^^^^^^^^^^^^^^^^^^^^^^^^^^^^^^^^^^^
  File "C:\Users\ASUS ROG\AppData\Local\Packages\PythonSoftwareFoundation.Python.3.12_qbz5n2kfra8p0\LocalCache\local-packages\Python312\site-packages\redis\client.py", line 621, in execute_command
    return self._execute_command(*args, **options)
           ^^^^^^^^^^^^^^^^^^^^^^^^^^^^^^^^^^^^^^^
  File "C:\Users\ASUS ROG\AppData\Local\Packages\PythonSoftwareFoundation.Python.3.12_qbz5n2kfra8p0\LocalCache\local-packages\Python312\site-packages\redis\client.py", line 627, in _execute_command
    conn = self.connection or pool.get_connection()
                              ^^^^^^^^^^^^^^^^^^^^^
  File "C:\Users\ASUS ROG\AppData\Local\Packages\PythonSoftwareFoundation.Python.3.12_qbz5n2kfra8p0\LocalCache\local-packages\Python312\site-packages\redis\utils.py", line 195, in wrapper
    return func(*args, **kwargs)
           ^^^^^^^^^^^^^^^^^^^^^
  File "C:\Users\ASUS ROG\AppData\Local\Packages\PythonSoftwareFoundation.Python.3.12_qbz5n2kfra8p0\LocalCache\local-packages\Python312\site-packages\redis\connection.py", line 1533, in get_connection
    connection.connect()
  File "C:\Users\ASUS ROG\AppData\Local\Packages\PythonSoftwareFoundation.Python.3.12_qbz5n2kfra8p0\LocalCache\local-packages\Python312\site-packages\redis\connection.py", line 380, in connect
    self.connect_check_health(check_health=True)
  File "C:\Users\ASUS ROG\AppData\Local\Packages\PythonSoftwareFoundation.Python.3.12_qbz5n2kfra8p0\LocalCache\local-packages\Python312\site-packages\redis\connection.py", line 397, in connect_check_health
    raise ConnectionError(self._error_message(e))
redis.exceptions.ConnectionError: Error 10061 connecting to 127.0.0.1:6379. No connection could be made because the target machine actively refused it.

During handling of the above exception, another exception occurred:

Traceback (most recent call last):
  File "C:\Users\ASUS ROG\AppData\Local\Packages\PythonSoftwareFoundation.Python.3.12_qbz5n2kfra8p0\LocalCache\local-packages\Python312\site-packages\twisted\internet\defer.py", line 1853, in _inlineCallbacks
    result = context.run(
             ^^^^^^^^^^^^
  File "C:\Users\ASUS ROG\AppData\Local\Packages\PythonSoftwareFoundation.Python.3.12_qbz5n2kfra8p0\LocalCache\local-packages\Python312\site-packages\twisted\python\failure.py", line 467, in throwExceptionIntoGenerator
    return g.throw(self.value.with_traceback(self.tb))
           ^^^^^^^^^^^^^^^^^^^^^^^^^^^^^^^^^^^^^^^^^^^
  File "C:\Users\ASUS ROG\AppData\Local\Packages\PythonSoftwareFoundation.Python.3.12_qbz5n2kfra8p0\LocalCache\local-packages\Python312\site-packages\scrapy\crawler.py", line 162, in crawl
    yield self.engine.close()
          ^^^^^^^^^^^^^^^^^^^
  File "C:\Users\ASUS ROG\AppData\Local\Packages\PythonSoftwareFoundation.Python.3.12_qbz5n2kfra8p0\LocalCache\local-packages\Python312\site-packages\scrapy\core\engine.py", line 180, in close
    return self.close_spider(
           ^^^^^^^^^^^^^^^^^^
  File "C:\Users\ASUS ROG\AppData\Local\Packages\PythonSoftwareFoundation.Python.3.12_qbz5n2kfra8p0\LocalCache\local-packages\Python312\site-packages\scrapy\core\engine.py", line 481, in close_spider
    raise RuntimeError("Engine slot not assigned")
RuntimeError: Engine slot not assigned
2025-10-21 18:05:35 [test] INFO: Loading 2 wild crawl domains from C:\Users\ASUS ROG\source\repos\crawler\bigdata\site_cfg.json
2025-10-21 18:05:35 [test] INFO: Registered site config for mayoclinic.org
2025-10-21 18:05:35 [test] INFO: Registered site config for simplyhomedecorating.com
2025-10-21 18:05:35 [test] INFO: Spider initialized with 2 rules. and 2
2025-10-21 18:05:35 [test] INFO: Reading start URLs from redis key 'test:start_urls' (batch size: 256, encoding: utf-8)
2025-10-21 18:05:35 [scrapy.addons] INFO: Enabled addons:
[]
2025-10-21 18:05:35 [py.warnings] WARNING: C:\Users\ASUS ROG\AppData\Local\Packages\PythonSoftwareFoundation.Python.3.12_qbz5n2kfra8p0\LocalCache\local-packages\Python312\site-packages\scrapy\utils\request.py:120: ScrapyDeprecationWarning: 'REQUEST_FINGERPRINTER_IMPLEMENTATION' is a deprecated setting.
It will be removed in a future version of Scrapy.
  return cls(crawler)

2025-10-21 18:05:35 [scrapy.utils.log] DEBUG: Using reactor: twisted.internet.asyncioreactor.AsyncioSelectorReactor
2025-10-21 18:05:35 [scrapy.utils.log] DEBUG: Using asyncio event loop: asyncio.windows_events._WindowsSelectorEventLoop
2025-10-21 18:05:35 [scrapy.middleware] INFO: Enabled extensions:
['scrapy.extensions.corestats.CoreStats',
 'scrapy.extensions.telnet.TelnetConsole',
 'scrapy.extensions.logstats.LogStats']
2025-10-21 18:05:35 [scrapy.crawler] INFO: Overridden settings:
{'BOT_NAME': 'google',
 'CONCURRENT_ITEMS': 2000,
 'CONCURRENT_REQUESTS': 256,
 'CONCURRENT_REQUESTS_PER_DOMAIN': 1,
 'DOWNLOAD_DELAY': 3,
 'DOWNLOAD_TIMEOUT': 60,
 'DUPEFILTER_CLASS': 'scrapy_redis.dupefilter.RFPDupeFilter',
 'LOG_FILE': 'debug.log',
 'NEWSPIDER_MODULE': 'bigdata.spiders',
 'RANDOMIZE_DOWNLOAD_DELAY': False,
 'REACTOR_THREADPOOL_MAXSIZE': 256,
 'REDIRECT_MAX_TIMES': 3,
 'REQUEST_FINGERPRINTER_IMPLEMENTATION': '2.7',
 'RETRY_HTTP_CODES': [403, 429, 500, 502, 503, 504, 520, 522, 524, 408, 599],
 'RETRY_PRIORITY_ADJUST': -5,
 'RETRY_TIMES': 4,
 'SCHEDULER': 'scrapy_redis.scheduler.Scheduler',
 'SPIDER_MODULES': ['bigdata.spiders'],
 'TELNETCONSOLE_PASSWORD': 'gringo',
 'TELNETCONSOLE_USERNAME': 'gringo',
 'USER_AGENT': 'Mozilla/5.0 (Windows NT 10.0; Win64; x64) AppleWebKit/537.36 '
               '(KHTML, like Gecko) Chrome/120.0.0.0 Safari/537.36'}
2025-10-21 18:05:35 [asyncio] DEBUG: Using proactor: IocpProactor
2025-10-21 18:05:35 [scrapy-playwright] INFO: Started loop on separate thread: <ProactorEventLoop running=True closed=False debug=False>
2025-10-21 18:05:37 [scrapy.middleware] INFO: Enabled downloader middlewares:
['scrapy.downloadermiddlewares.offsite.OffsiteMiddleware',
 'scrapy.downloadermiddlewares.httpauth.HttpAuthMiddleware',
 'scrapy.downloadermiddlewares.downloadtimeout.DownloadTimeoutMiddleware',
 <class 'bigdata.middlewares.ProxyMiddleware'>,
 'scrapy.downloadermiddlewares.defaultheaders.DefaultHeadersMiddleware',
 'scrapy.downloadermiddlewares.httpproxy.HttpProxyMiddleware',
 'scrapy_user_agents.middlewares.RandomUserAgentMiddleware',
 <class 'bigdata.middlewares.FailedRequestExportMiddleware'>,
 'scrapy.downloadermiddlewares.retry.RetryMiddleware',
 'scrapy.downloadermiddlewares.redirect.MetaRefreshMiddleware',
 'scrapy.downloadermiddlewares.httpcompression.HttpCompressionMiddleware',
 'scrapy.downloadermiddlewares.redirect.RedirectMiddleware',
 'scrapy.downloadermiddlewares.cookies.CookiesMiddleware',
 'scrapy.downloadermiddlewares.stats.DownloaderStats']
2025-10-21 18:05:37 [scrapy.middleware] INFO: Enabled spider middlewares:
['scrapy.spidermiddlewares.start.StartSpiderMiddleware',
 'scrapy.spidermiddlewares.httperror.HttpErrorMiddleware',
 'scrapy.spidermiddlewares.referer.RefererMiddleware',
 'scrapy.spidermiddlewares.urllength.UrlLengthMiddleware',
 'scrapy.spidermiddlewares.depth.DepthMiddleware']
2025-10-21 18:05:37 [scrapy.middleware] INFO: Enabled item pipelines:
[<class 'bigdata.pipelines.CleanHtmlFragmentPipeline'>,
 <class 'bigdata.pipelines.JSONExportPipeline'>]
2025-10-21 18:05:37 [scrapy.core.engine] INFO: Spider opened
2025-10-21 18:05:39 [twisted] CRITICAL: Unhandled error in Deferred:
2025-10-21 18:05:39 [twisted] CRITICAL: 
Traceback (most recent call last):
  File "C:\Users\ASUS ROG\AppData\Local\Packages\PythonSoftwareFoundation.Python.3.12_qbz5n2kfra8p0\LocalCache\local-packages\Python312\site-packages\redis\connection.py", line 389, in connect_check_health
    sock = self.retry.call_with_retry(
           ^^^^^^^^^^^^^^^^^^^^^^^^^^^
  File "C:\Users\ASUS ROG\AppData\Local\Packages\PythonSoftwareFoundation.Python.3.12_qbz5n2kfra8p0\LocalCache\local-packages\Python312\site-packages\redis\retry.py", line 105, in call_with_retry
    return do()
           ^^^^
  File "C:\Users\ASUS ROG\AppData\Local\Packages\PythonSoftwareFoundation.Python.3.12_qbz5n2kfra8p0\LocalCache\local-packages\Python312\site-packages\redis\connection.py", line 390, in <lambda>
    lambda: self._connect(), lambda error: self.disconnect(error)
            ^^^^^^^^^^^^^^^
  File "C:\Users\ASUS ROG\AppData\Local\Packages\PythonSoftwareFoundation.Python.3.12_qbz5n2kfra8p0\LocalCache\local-packages\Python312\site-packages\redis\connection.py", line 803, in _connect
    raise err
  File "C:\Users\ASUS ROG\AppData\Local\Packages\PythonSoftwareFoundation.Python.3.12_qbz5n2kfra8p0\LocalCache\local-packages\Python312\site-packages\redis\connection.py", line 787, in _connect
    sock.connect(socket_address)
ConnectionRefusedError: [WinError 10061] No connection could be made because the target machine actively refused it

During handling of the above exception, another exception occurred:

Traceback (most recent call last):
  File "C:\Users\ASUS ROG\AppData\Local\Packages\PythonSoftwareFoundation.Python.3.12_qbz5n2kfra8p0\LocalCache\local-packages\Python312\site-packages\scrapy\crawler.py", line 157, in crawl
    yield self.engine.open_spider(self.spider)
  File "C:\Users\ASUS ROG\AppData\Local\Packages\PythonSoftwareFoundation.Python.3.12_qbz5n2kfra8p0\LocalCache\local-packages\Python312\site-packages\twisted\internet\defer.py", line 1257, in adapt
    extracted: _SelfResultT | Failure = result.result()
                                        ^^^^^^^^^^^^^^^
  File "C:\Users\ASUS ROG\AppData\Local\Packages\PythonSoftwareFoundation.Python.3.12_qbz5n2kfra8p0\LocalCache\local-packages\Python312\site-packages\scrapy\core\engine.py", line 441, in open_spider
    scheduler = build_from_crawler(self.scheduler_cls, self.crawler)
                ^^^^^^^^^^^^^^^^^^^^^^^^^^^^^^^^^^^^^^^^^^^^^^^^^^^^
  File "C:\Users\ASUS ROG\AppData\Local\Packages\PythonSoftwareFoundation.Python.3.12_qbz5n2kfra8p0\LocalCache\local-packages\Python312\site-packages\scrapy\utils\misc.py", line 187, in build_from_crawler
    instance = objcls.from_crawler(crawler, *args, **kwargs)  # type: ignore[attr-defined]
               ^^^^^^^^^^^^^^^^^^^^^^^^^^^^^^^^^^^^^^^^^^^^^
  File "C:\Users\ASUS ROG\AppData\Local\Packages\PythonSoftwareFoundation.Python.3.12_qbz5n2kfra8p0\LocalCache\local-packages\Python312\site-packages\scrapy_redis\scheduler.py", line 128, in from_crawler
    instance = cls.from_settings(crawler.settings)
               ^^^^^^^^^^^^^^^^^^^^^^^^^^^^^^^^^^^
  File "C:\Users\ASUS ROG\AppData\Local\Packages\PythonSoftwareFoundation.Python.3.12_qbz5n2kfra8p0\LocalCache\local-packages\Python312\site-packages\scrapy_redis\scheduler.py", line 122, in from_settings
    server.ping()
  File "C:\Users\ASUS ROG\AppData\Local\Packages\PythonSoftwareFoundation.Python.3.12_qbz5n2kfra8p0\LocalCache\local-packages\Python312\site-packages\redis\commands\core.py", line 1219, in ping
    return self.execute_command("PING", **kwargs)
           ^^^^^^^^^^^^^^^^^^^^^^^^^^^^^^^^^^^^^^
  File "C:\Users\ASUS ROG\AppData\Local\Packages\PythonSoftwareFoundation.Python.3.12_qbz5n2kfra8p0\LocalCache\local-packages\Python312\site-packages\redis\client.py", line 621, in execute_command
    return self._execute_command(*args, **options)
           ^^^^^^^^^^^^^^^^^^^^^^^^^^^^^^^^^^^^^^^
  File "C:\Users\ASUS ROG\AppData\Local\Packages\PythonSoftwareFoundation.Python.3.12_qbz5n2kfra8p0\LocalCache\local-packages\Python312\site-packages\redis\client.py", line 627, in _execute_command
    conn = self.connection or pool.get_connection()
                              ^^^^^^^^^^^^^^^^^^^^^
  File "C:\Users\ASUS ROG\AppData\Local\Packages\PythonSoftwareFoundation.Python.3.12_qbz5n2kfra8p0\LocalCache\local-packages\Python312\site-packages\redis\utils.py", line 195, in wrapper
    return func(*args, **kwargs)
           ^^^^^^^^^^^^^^^^^^^^^
  File "C:\Users\ASUS ROG\AppData\Local\Packages\PythonSoftwareFoundation.Python.3.12_qbz5n2kfra8p0\LocalCache\local-packages\Python312\site-packages\redis\connection.py", line 1533, in get_connection
    connection.connect()
  File "C:\Users\ASUS ROG\AppData\Local\Packages\PythonSoftwareFoundation.Python.3.12_qbz5n2kfra8p0\LocalCache\local-packages\Python312\site-packages\redis\connection.py", line 380, in connect
    self.connect_check_health(check_health=True)
  File "C:\Users\ASUS ROG\AppData\Local\Packages\PythonSoftwareFoundation.Python.3.12_qbz5n2kfra8p0\LocalCache\local-packages\Python312\site-packages\redis\connection.py", line 397, in connect_check_health
    raise ConnectionError(self._error_message(e))
redis.exceptions.ConnectionError: Error 10061 connecting to 127.0.0.1:6379. No connection could be made because the target machine actively refused it.

During handling of the above exception, another exception occurred:

Traceback (most recent call last):
  File "C:\Users\ASUS ROG\AppData\Local\Packages\PythonSoftwareFoundation.Python.3.12_qbz5n2kfra8p0\LocalCache\local-packages\Python312\site-packages\twisted\internet\defer.py", line 1853, in _inlineCallbacks
    result = context.run(
             ^^^^^^^^^^^^
  File "C:\Users\ASUS ROG\AppData\Local\Packages\PythonSoftwareFoundation.Python.3.12_qbz5n2kfra8p0\LocalCache\local-packages\Python312\site-packages\twisted\python\failure.py", line 467, in throwExceptionIntoGenerator
    return g.throw(self.value.with_traceback(self.tb))
           ^^^^^^^^^^^^^^^^^^^^^^^^^^^^^^^^^^^^^^^^^^^
  File "C:\Users\ASUS ROG\AppData\Local\Packages\PythonSoftwareFoundation.Python.3.12_qbz5n2kfra8p0\LocalCache\local-packages\Python312\site-packages\scrapy\crawler.py", line 162, in crawl
    yield self.engine.close()
          ^^^^^^^^^^^^^^^^^^^
  File "C:\Users\ASUS ROG\AppData\Local\Packages\PythonSoftwareFoundation.Python.3.12_qbz5n2kfra8p0\LocalCache\local-packages\Python312\site-packages\scrapy\core\engine.py", line 180, in close
    return self.close_spider(
           ^^^^^^^^^^^^^^^^^^
  File "C:\Users\ASUS ROG\AppData\Local\Packages\PythonSoftwareFoundation.Python.3.12_qbz5n2kfra8p0\LocalCache\local-packages\Python312\site-packages\scrapy\core\engine.py", line 481, in close_spider
    raise RuntimeError("Engine slot not assigned")
RuntimeError: Engine slot not assigned
2025-10-21 18:06:44 [test] INFO: Loading 2 wild crawl domains from C:\Users\ASUS ROG\source\repos\crawler\bigdata\site_cfg.json
2025-10-21 18:06:44 [test] INFO: Registered site config for mayoclinic.org
2025-10-21 18:06:44 [test] INFO: Registered site config for simplyhomedecorating.com
2025-10-21 18:06:44 [test] INFO: Spider initialized with 2 rules. and 2
2025-10-21 18:06:44 [test] INFO: Reading start URLs from redis key 'test:start_urls' (batch size: 256, encoding: utf-8)
2025-10-21 18:06:44 [scrapy.addons] INFO: Enabled addons:
[]
2025-10-21 18:06:44 [py.warnings] WARNING: C:\Users\ASUS ROG\AppData\Local\Packages\PythonSoftwareFoundation.Python.3.12_qbz5n2kfra8p0\LocalCache\local-packages\Python312\site-packages\scrapy\utils\request.py:120: ScrapyDeprecationWarning: 'REQUEST_FINGERPRINTER_IMPLEMENTATION' is a deprecated setting.
It will be removed in a future version of Scrapy.
  return cls(crawler)

2025-10-21 18:06:44 [scrapy.utils.log] DEBUG: Using reactor: twisted.internet.asyncioreactor.AsyncioSelectorReactor
2025-10-21 18:06:44 [scrapy.utils.log] DEBUG: Using asyncio event loop: asyncio.windows_events._WindowsSelectorEventLoop
2025-10-21 18:06:44 [scrapy.middleware] INFO: Enabled extensions:
['scrapy.extensions.corestats.CoreStats',
 'scrapy.extensions.telnet.TelnetConsole',
 'scrapy.extensions.logstats.LogStats']
2025-10-21 18:06:44 [scrapy.crawler] INFO: Overridden settings:
{'BOT_NAME': 'google',
 'CONCURRENT_ITEMS': 2000,
 'CONCURRENT_REQUESTS': 256,
 'CONCURRENT_REQUESTS_PER_DOMAIN': 1,
 'DOWNLOAD_DELAY': 3,
 'DOWNLOAD_TIMEOUT': 60,
 'DUPEFILTER_CLASS': 'scrapy_redis.dupefilter.RFPDupeFilter',
 'LOG_FILE': 'debug.log',
 'NEWSPIDER_MODULE': 'bigdata.spiders',
 'RANDOMIZE_DOWNLOAD_DELAY': False,
 'REACTOR_THREADPOOL_MAXSIZE': 256,
 'REDIRECT_MAX_TIMES': 3,
 'REQUEST_FINGERPRINTER_IMPLEMENTATION': '2.7',
 'RETRY_HTTP_CODES': [403, 429, 500, 502, 503, 504, 520, 522, 524, 408, 599],
 'RETRY_PRIORITY_ADJUST': -5,
 'RETRY_TIMES': 4,
 'SCHEDULER': 'scrapy_redis.scheduler.Scheduler',
 'SPIDER_MODULES': ['bigdata.spiders'],
 'TELNETCONSOLE_PASSWORD': 'gringo',
 'TELNETCONSOLE_USERNAME': 'gringo',
 'USER_AGENT': 'Mozilla/5.0 (Windows NT 10.0; Win64; x64) AppleWebKit/537.36 '
               '(KHTML, like Gecko) Chrome/120.0.0.0 Safari/537.36'}
2025-10-21 18:06:44 [asyncio] DEBUG: Using proactor: IocpProactor
2025-10-21 18:06:44 [scrapy-playwright] INFO: Started loop on separate thread: <ProactorEventLoop running=True closed=False debug=False>
2025-10-21 18:06:46 [scrapy.middleware] INFO: Enabled downloader middlewares:
['scrapy.downloadermiddlewares.offsite.OffsiteMiddleware',
 'scrapy.downloadermiddlewares.httpauth.HttpAuthMiddleware',
 'scrapy.downloadermiddlewares.downloadtimeout.DownloadTimeoutMiddleware',
 <class 'bigdata.middlewares.ProxyMiddleware'>,
 'scrapy.downloadermiddlewares.defaultheaders.DefaultHeadersMiddleware',
 'scrapy.downloadermiddlewares.httpproxy.HttpProxyMiddleware',
 'scrapy_user_agents.middlewares.RandomUserAgentMiddleware',
 <class 'bigdata.middlewares.FailedRequestExportMiddleware'>,
 'scrapy.downloadermiddlewares.retry.RetryMiddleware',
 'scrapy.downloadermiddlewares.redirect.MetaRefreshMiddleware',
 'scrapy.downloadermiddlewares.httpcompression.HttpCompressionMiddleware',
 'scrapy.downloadermiddlewares.redirect.RedirectMiddleware',
 'scrapy.downloadermiddlewares.cookies.CookiesMiddleware',
 'scrapy.downloadermiddlewares.stats.DownloaderStats']
2025-10-21 18:06:46 [scrapy.middleware] INFO: Enabled spider middlewares:
['scrapy.spidermiddlewares.start.StartSpiderMiddleware',
 'scrapy.spidermiddlewares.httperror.HttpErrorMiddleware',
 'scrapy.spidermiddlewares.referer.RefererMiddleware',
 'scrapy.spidermiddlewares.urllength.UrlLengthMiddleware',
 'scrapy.spidermiddlewares.depth.DepthMiddleware']
2025-10-21 18:06:46 [scrapy.middleware] INFO: Enabled item pipelines:
[<class 'bigdata.pipelines.CleanHtmlFragmentPipeline'>,
 <class 'bigdata.pipelines.JSONExportPipeline'>]
2025-10-21 18:06:46 [scrapy.core.engine] INFO: Spider opened
2025-10-21 18:06:48 [twisted] CRITICAL: Unhandled error in Deferred:
2025-10-21 18:06:48 [twisted] CRITICAL: 
Traceback (most recent call last):
  File "C:\Users\ASUS ROG\AppData\Local\Packages\PythonSoftwareFoundation.Python.3.12_qbz5n2kfra8p0\LocalCache\local-packages\Python312\site-packages\redis\connection.py", line 389, in connect_check_health
    sock = self.retry.call_with_retry(
           ^^^^^^^^^^^^^^^^^^^^^^^^^^^
  File "C:\Users\ASUS ROG\AppData\Local\Packages\PythonSoftwareFoundation.Python.3.12_qbz5n2kfra8p0\LocalCache\local-packages\Python312\site-packages\redis\retry.py", line 105, in call_with_retry
    return do()
           ^^^^
  File "C:\Users\ASUS ROG\AppData\Local\Packages\PythonSoftwareFoundation.Python.3.12_qbz5n2kfra8p0\LocalCache\local-packages\Python312\site-packages\redis\connection.py", line 390, in <lambda>
    lambda: self._connect(), lambda error: self.disconnect(error)
            ^^^^^^^^^^^^^^^
  File "C:\Users\ASUS ROG\AppData\Local\Packages\PythonSoftwareFoundation.Python.3.12_qbz5n2kfra8p0\LocalCache\local-packages\Python312\site-packages\redis\connection.py", line 803, in _connect
    raise err
  File "C:\Users\ASUS ROG\AppData\Local\Packages\PythonSoftwareFoundation.Python.3.12_qbz5n2kfra8p0\LocalCache\local-packages\Python312\site-packages\redis\connection.py", line 787, in _connect
    sock.connect(socket_address)
ConnectionRefusedError: [WinError 10061] No connection could be made because the target machine actively refused it

During handling of the above exception, another exception occurred:

Traceback (most recent call last):
  File "C:\Users\ASUS ROG\AppData\Local\Packages\PythonSoftwareFoundation.Python.3.12_qbz5n2kfra8p0\LocalCache\local-packages\Python312\site-packages\scrapy\crawler.py", line 157, in crawl
    yield self.engine.open_spider(self.spider)
  File "C:\Users\ASUS ROG\AppData\Local\Packages\PythonSoftwareFoundation.Python.3.12_qbz5n2kfra8p0\LocalCache\local-packages\Python312\site-packages\twisted\internet\defer.py", line 1257, in adapt
    extracted: _SelfResultT | Failure = result.result()
                                        ^^^^^^^^^^^^^^^
  File "C:\Users\ASUS ROG\AppData\Local\Packages\PythonSoftwareFoundation.Python.3.12_qbz5n2kfra8p0\LocalCache\local-packages\Python312\site-packages\scrapy\core\engine.py", line 441, in open_spider
    scheduler = build_from_crawler(self.scheduler_cls, self.crawler)
                ^^^^^^^^^^^^^^^^^^^^^^^^^^^^^^^^^^^^^^^^^^^^^^^^^^^^
  File "C:\Users\ASUS ROG\AppData\Local\Packages\PythonSoftwareFoundation.Python.3.12_qbz5n2kfra8p0\LocalCache\local-packages\Python312\site-packages\scrapy\utils\misc.py", line 187, in build_from_crawler
    instance = objcls.from_crawler(crawler, *args, **kwargs)  # type: ignore[attr-defined]
               ^^^^^^^^^^^^^^^^^^^^^^^^^^^^^^^^^^^^^^^^^^^^^
  File "C:\Users\ASUS ROG\AppData\Local\Packages\PythonSoftwareFoundation.Python.3.12_qbz5n2kfra8p0\LocalCache\local-packages\Python312\site-packages\scrapy_redis\scheduler.py", line 128, in from_crawler
    instance = cls.from_settings(crawler.settings)
               ^^^^^^^^^^^^^^^^^^^^^^^^^^^^^^^^^^^
  File "C:\Users\ASUS ROG\AppData\Local\Packages\PythonSoftwareFoundation.Python.3.12_qbz5n2kfra8p0\LocalCache\local-packages\Python312\site-packages\scrapy_redis\scheduler.py", line 122, in from_settings
    server.ping()
  File "C:\Users\ASUS ROG\AppData\Local\Packages\PythonSoftwareFoundation.Python.3.12_qbz5n2kfra8p0\LocalCache\local-packages\Python312\site-packages\redis\commands\core.py", line 1219, in ping
    return self.execute_command("PING", **kwargs)
           ^^^^^^^^^^^^^^^^^^^^^^^^^^^^^^^^^^^^^^
  File "C:\Users\ASUS ROG\AppData\Local\Packages\PythonSoftwareFoundation.Python.3.12_qbz5n2kfra8p0\LocalCache\local-packages\Python312\site-packages\redis\client.py", line 621, in execute_command
    return self._execute_command(*args, **options)
           ^^^^^^^^^^^^^^^^^^^^^^^^^^^^^^^^^^^^^^^
  File "C:\Users\ASUS ROG\AppData\Local\Packages\PythonSoftwareFoundation.Python.3.12_qbz5n2kfra8p0\LocalCache\local-packages\Python312\site-packages\redis\client.py", line 627, in _execute_command
    conn = self.connection or pool.get_connection()
                              ^^^^^^^^^^^^^^^^^^^^^
  File "C:\Users\ASUS ROG\AppData\Local\Packages\PythonSoftwareFoundation.Python.3.12_qbz5n2kfra8p0\LocalCache\local-packages\Python312\site-packages\redis\utils.py", line 195, in wrapper
    return func(*args, **kwargs)
           ^^^^^^^^^^^^^^^^^^^^^
  File "C:\Users\ASUS ROG\AppData\Local\Packages\PythonSoftwareFoundation.Python.3.12_qbz5n2kfra8p0\LocalCache\local-packages\Python312\site-packages\redis\connection.py", line 1533, in get_connection
    connection.connect()
  File "C:\Users\ASUS ROG\AppData\Local\Packages\PythonSoftwareFoundation.Python.3.12_qbz5n2kfra8p0\LocalCache\local-packages\Python312\site-packages\redis\connection.py", line 380, in connect
    self.connect_check_health(check_health=True)
  File "C:\Users\ASUS ROG\AppData\Local\Packages\PythonSoftwareFoundation.Python.3.12_qbz5n2kfra8p0\LocalCache\local-packages\Python312\site-packages\redis\connection.py", line 397, in connect_check_health
    raise ConnectionError(self._error_message(e))
redis.exceptions.ConnectionError: Error 10061 connecting to 127.0.0.1:6379. No connection could be made because the target machine actively refused it.

During handling of the above exception, another exception occurred:

Traceback (most recent call last):
  File "C:\Users\ASUS ROG\AppData\Local\Packages\PythonSoftwareFoundation.Python.3.12_qbz5n2kfra8p0\LocalCache\local-packages\Python312\site-packages\twisted\internet\defer.py", line 1853, in _inlineCallbacks
    result = context.run(
             ^^^^^^^^^^^^
  File "C:\Users\ASUS ROG\AppData\Local\Packages\PythonSoftwareFoundation.Python.3.12_qbz5n2kfra8p0\LocalCache\local-packages\Python312\site-packages\twisted\python\failure.py", line 467, in throwExceptionIntoGenerator
    return g.throw(self.value.with_traceback(self.tb))
           ^^^^^^^^^^^^^^^^^^^^^^^^^^^^^^^^^^^^^^^^^^^
  File "C:\Users\ASUS ROG\AppData\Local\Packages\PythonSoftwareFoundation.Python.3.12_qbz5n2kfra8p0\LocalCache\local-packages\Python312\site-packages\scrapy\crawler.py", line 162, in crawl
    yield self.engine.close()
          ^^^^^^^^^^^^^^^^^^^
  File "C:\Users\ASUS ROG\AppData\Local\Packages\PythonSoftwareFoundation.Python.3.12_qbz5n2kfra8p0\LocalCache\local-packages\Python312\site-packages\scrapy\core\engine.py", line 180, in close
    return self.close_spider(
           ^^^^^^^^^^^^^^^^^^
  File "C:\Users\ASUS ROG\AppData\Local\Packages\PythonSoftwareFoundation.Python.3.12_qbz5n2kfra8p0\LocalCache\local-packages\Python312\site-packages\scrapy\core\engine.py", line 481, in close_spider
    raise RuntimeError("Engine slot not assigned")
RuntimeError: Engine slot not assigned
2025-10-21 18:07:21 [test] INFO: Loading 2 wild crawl domains from C:\Users\ASUS ROG\source\repos\crawler\bigdata\site_cfg.json
2025-10-21 18:07:21 [test] INFO: Registered site config for mayoclinic.org
2025-10-21 18:07:21 [test] INFO: Registered site config for simplyhomedecorating.com
2025-10-21 18:07:21 [test] INFO: Spider initialized with 2 rules. and 2
2025-10-21 18:07:21 [test] INFO: Reading start URLs from redis key 'test:start_urls' (batch size: 256, encoding: utf-8)
2025-10-21 18:07:21 [scrapy.addons] INFO: Enabled addons:
[]
2025-10-21 18:07:21 [py.warnings] WARNING: C:\Users\ASUS ROG\AppData\Local\Packages\PythonSoftwareFoundation.Python.3.12_qbz5n2kfra8p0\LocalCache\local-packages\Python312\site-packages\scrapy\utils\request.py:120: ScrapyDeprecationWarning: 'REQUEST_FINGERPRINTER_IMPLEMENTATION' is a deprecated setting.
It will be removed in a future version of Scrapy.
  return cls(crawler)

2025-10-21 18:07:21 [scrapy.utils.log] DEBUG: Using reactor: twisted.internet.asyncioreactor.AsyncioSelectorReactor
2025-10-21 18:07:21 [scrapy.utils.log] DEBUG: Using asyncio event loop: asyncio.windows_events._WindowsSelectorEventLoop
2025-10-21 18:07:21 [scrapy.middleware] INFO: Enabled extensions:
['scrapy.extensions.corestats.CoreStats',
 'scrapy.extensions.telnet.TelnetConsole',
 'scrapy.extensions.logstats.LogStats']
2025-10-21 18:07:21 [scrapy.crawler] INFO: Overridden settings:
{'BOT_NAME': 'google',
 'CONCURRENT_ITEMS': 2000,
 'CONCURRENT_REQUESTS': 256,
 'CONCURRENT_REQUESTS_PER_DOMAIN': 1,
 'DOWNLOAD_DELAY': 3,
 'DOWNLOAD_TIMEOUT': 60,
 'DUPEFILTER_CLASS': 'scrapy_redis.dupefilter.RFPDupeFilter',
 'LOG_FILE': 'debug.log',
 'NEWSPIDER_MODULE': 'bigdata.spiders',
 'RANDOMIZE_DOWNLOAD_DELAY': False,
 'REACTOR_THREADPOOL_MAXSIZE': 256,
 'REDIRECT_MAX_TIMES': 3,
 'REQUEST_FINGERPRINTER_IMPLEMENTATION': '2.7',
 'RETRY_HTTP_CODES': [403, 429, 500, 502, 503, 504, 520, 522, 524, 408, 599],
 'RETRY_PRIORITY_ADJUST': -5,
 'RETRY_TIMES': 4,
 'SCHEDULER': 'scrapy_redis.scheduler.Scheduler',
 'SPIDER_MODULES': ['bigdata.spiders'],
 'TELNETCONSOLE_PASSWORD': 'gringo',
 'TELNETCONSOLE_USERNAME': 'gringo',
 'USER_AGENT': 'Mozilla/5.0 (Windows NT 10.0; Win64; x64) AppleWebKit/537.36 '
               '(KHTML, like Gecko) Chrome/120.0.0.0 Safari/537.36'}
2025-10-21 18:07:21 [asyncio] DEBUG: Using proactor: IocpProactor
2025-10-21 18:07:21 [scrapy-playwright] INFO: Started loop on separate thread: <ProactorEventLoop running=True closed=False debug=False>
2025-10-21 18:07:23 [scrapy.middleware] INFO: Enabled downloader middlewares:
['scrapy.downloadermiddlewares.offsite.OffsiteMiddleware',
 'scrapy.downloadermiddlewares.httpauth.HttpAuthMiddleware',
 'scrapy.downloadermiddlewares.downloadtimeout.DownloadTimeoutMiddleware',
 <class 'bigdata.middlewares.ProxyMiddleware'>,
 'scrapy.downloadermiddlewares.defaultheaders.DefaultHeadersMiddleware',
 'scrapy.downloadermiddlewares.httpproxy.HttpProxyMiddleware',
 'scrapy_user_agents.middlewares.RandomUserAgentMiddleware',
 <class 'bigdata.middlewares.FailedRequestExportMiddleware'>,
 'scrapy.downloadermiddlewares.retry.RetryMiddleware',
 'scrapy.downloadermiddlewares.redirect.MetaRefreshMiddleware',
 'scrapy.downloadermiddlewares.httpcompression.HttpCompressionMiddleware',
 'scrapy.downloadermiddlewares.redirect.RedirectMiddleware',
 'scrapy.downloadermiddlewares.cookies.CookiesMiddleware',
 'scrapy.downloadermiddlewares.stats.DownloaderStats']
2025-10-21 18:07:23 [scrapy.middleware] INFO: Enabled spider middlewares:
['scrapy.spidermiddlewares.start.StartSpiderMiddleware',
 'scrapy.spidermiddlewares.httperror.HttpErrorMiddleware',
 'scrapy.spidermiddlewares.referer.RefererMiddleware',
 'scrapy.spidermiddlewares.urllength.UrlLengthMiddleware',
 'scrapy.spidermiddlewares.depth.DepthMiddleware']
2025-10-21 18:07:23 [scrapy.middleware] INFO: Enabled item pipelines:
[<class 'bigdata.pipelines.CleanHtmlFragmentPipeline'>,
 <class 'bigdata.pipelines.JSONExportPipeline'>]
2025-10-21 18:07:23 [scrapy.core.engine] INFO: Spider opened
2025-10-21 18:07:25 [twisted] CRITICAL: Unhandled error in Deferred:
2025-10-21 18:07:25 [twisted] CRITICAL: 
Traceback (most recent call last):
  File "C:\Users\ASUS ROG\AppData\Local\Packages\PythonSoftwareFoundation.Python.3.12_qbz5n2kfra8p0\LocalCache\local-packages\Python312\site-packages\redis\connection.py", line 389, in connect_check_health
    sock = self.retry.call_with_retry(
           ^^^^^^^^^^^^^^^^^^^^^^^^^^^
  File "C:\Users\ASUS ROG\AppData\Local\Packages\PythonSoftwareFoundation.Python.3.12_qbz5n2kfra8p0\LocalCache\local-packages\Python312\site-packages\redis\retry.py", line 105, in call_with_retry
    return do()
           ^^^^
  File "C:\Users\ASUS ROG\AppData\Local\Packages\PythonSoftwareFoundation.Python.3.12_qbz5n2kfra8p0\LocalCache\local-packages\Python312\site-packages\redis\connection.py", line 390, in <lambda>
    lambda: self._connect(), lambda error: self.disconnect(error)
            ^^^^^^^^^^^^^^^
  File "C:\Users\ASUS ROG\AppData\Local\Packages\PythonSoftwareFoundation.Python.3.12_qbz5n2kfra8p0\LocalCache\local-packages\Python312\site-packages\redis\connection.py", line 803, in _connect
    raise err
  File "C:\Users\ASUS ROG\AppData\Local\Packages\PythonSoftwareFoundation.Python.3.12_qbz5n2kfra8p0\LocalCache\local-packages\Python312\site-packages\redis\connection.py", line 787, in _connect
    sock.connect(socket_address)
ConnectionRefusedError: [WinError 10061] No connection could be made because the target machine actively refused it

During handling of the above exception, another exception occurred:

Traceback (most recent call last):
  File "C:\Users\ASUS ROG\AppData\Local\Packages\PythonSoftwareFoundation.Python.3.12_qbz5n2kfra8p0\LocalCache\local-packages\Python312\site-packages\scrapy\crawler.py", line 157, in crawl
    yield self.engine.open_spider(self.spider)
  File "C:\Users\ASUS ROG\AppData\Local\Packages\PythonSoftwareFoundation.Python.3.12_qbz5n2kfra8p0\LocalCache\local-packages\Python312\site-packages\twisted\internet\defer.py", line 1257, in adapt
    extracted: _SelfResultT | Failure = result.result()
                                        ^^^^^^^^^^^^^^^
  File "C:\Users\ASUS ROG\AppData\Local\Packages\PythonSoftwareFoundation.Python.3.12_qbz5n2kfra8p0\LocalCache\local-packages\Python312\site-packages\scrapy\core\engine.py", line 441, in open_spider
    scheduler = build_from_crawler(self.scheduler_cls, self.crawler)
                ^^^^^^^^^^^^^^^^^^^^^^^^^^^^^^^^^^^^^^^^^^^^^^^^^^^^
  File "C:\Users\ASUS ROG\AppData\Local\Packages\PythonSoftwareFoundation.Python.3.12_qbz5n2kfra8p0\LocalCache\local-packages\Python312\site-packages\scrapy\utils\misc.py", line 187, in build_from_crawler
    instance = objcls.from_crawler(crawler, *args, **kwargs)  # type: ignore[attr-defined]
               ^^^^^^^^^^^^^^^^^^^^^^^^^^^^^^^^^^^^^^^^^^^^^
  File "C:\Users\ASUS ROG\AppData\Local\Packages\PythonSoftwareFoundation.Python.3.12_qbz5n2kfra8p0\LocalCache\local-packages\Python312\site-packages\scrapy_redis\scheduler.py", line 128, in from_crawler
    instance = cls.from_settings(crawler.settings)
               ^^^^^^^^^^^^^^^^^^^^^^^^^^^^^^^^^^^
  File "C:\Users\ASUS ROG\AppData\Local\Packages\PythonSoftwareFoundation.Python.3.12_qbz5n2kfra8p0\LocalCache\local-packages\Python312\site-packages\scrapy_redis\scheduler.py", line 122, in from_settings
    server.ping()
  File "C:\Users\ASUS ROG\AppData\Local\Packages\PythonSoftwareFoundation.Python.3.12_qbz5n2kfra8p0\LocalCache\local-packages\Python312\site-packages\redis\commands\core.py", line 1219, in ping
    return self.execute_command("PING", **kwargs)
           ^^^^^^^^^^^^^^^^^^^^^^^^^^^^^^^^^^^^^^
  File "C:\Users\ASUS ROG\AppData\Local\Packages\PythonSoftwareFoundation.Python.3.12_qbz5n2kfra8p0\LocalCache\local-packages\Python312\site-packages\redis\client.py", line 621, in execute_command
    return self._execute_command(*args, **options)
           ^^^^^^^^^^^^^^^^^^^^^^^^^^^^^^^^^^^^^^^
  File "C:\Users\ASUS ROG\AppData\Local\Packages\PythonSoftwareFoundation.Python.3.12_qbz5n2kfra8p0\LocalCache\local-packages\Python312\site-packages\redis\client.py", line 627, in _execute_command
    conn = self.connection or pool.get_connection()
                              ^^^^^^^^^^^^^^^^^^^^^
  File "C:\Users\ASUS ROG\AppData\Local\Packages\PythonSoftwareFoundation.Python.3.12_qbz5n2kfra8p0\LocalCache\local-packages\Python312\site-packages\redis\utils.py", line 195, in wrapper
    return func(*args, **kwargs)
           ^^^^^^^^^^^^^^^^^^^^^
  File "C:\Users\ASUS ROG\AppData\Local\Packages\PythonSoftwareFoundation.Python.3.12_qbz5n2kfra8p0\LocalCache\local-packages\Python312\site-packages\redis\connection.py", line 1533, in get_connection
    connection.connect()
  File "C:\Users\ASUS ROG\AppData\Local\Packages\PythonSoftwareFoundation.Python.3.12_qbz5n2kfra8p0\LocalCache\local-packages\Python312\site-packages\redis\connection.py", line 380, in connect
    self.connect_check_health(check_health=True)
  File "C:\Users\ASUS ROG\AppData\Local\Packages\PythonSoftwareFoundation.Python.3.12_qbz5n2kfra8p0\LocalCache\local-packages\Python312\site-packages\redis\connection.py", line 397, in connect_check_health
    raise ConnectionError(self._error_message(e))
redis.exceptions.ConnectionError: Error 10061 connecting to 127.0.0.1:6379. No connection could be made because the target machine actively refused it.

During handling of the above exception, another exception occurred:

Traceback (most recent call last):
  File "C:\Users\ASUS ROG\AppData\Local\Packages\PythonSoftwareFoundation.Python.3.12_qbz5n2kfra8p0\LocalCache\local-packages\Python312\site-packages\twisted\internet\defer.py", line 1853, in _inlineCallbacks
    result = context.run(
             ^^^^^^^^^^^^
  File "C:\Users\ASUS ROG\AppData\Local\Packages\PythonSoftwareFoundation.Python.3.12_qbz5n2kfra8p0\LocalCache\local-packages\Python312\site-packages\twisted\python\failure.py", line 467, in throwExceptionIntoGenerator
    return g.throw(self.value.with_traceback(self.tb))
           ^^^^^^^^^^^^^^^^^^^^^^^^^^^^^^^^^^^^^^^^^^^
  File "C:\Users\ASUS ROG\AppData\Local\Packages\PythonSoftwareFoundation.Python.3.12_qbz5n2kfra8p0\LocalCache\local-packages\Python312\site-packages\scrapy\crawler.py", line 162, in crawl
    yield self.engine.close()
          ^^^^^^^^^^^^^^^^^^^
  File "C:\Users\ASUS ROG\AppData\Local\Packages\PythonSoftwareFoundation.Python.3.12_qbz5n2kfra8p0\LocalCache\local-packages\Python312\site-packages\scrapy\core\engine.py", line 180, in close
    return self.close_spider(
           ^^^^^^^^^^^^^^^^^^
  File "C:\Users\ASUS ROG\AppData\Local\Packages\PythonSoftwareFoundation.Python.3.12_qbz5n2kfra8p0\LocalCache\local-packages\Python312\site-packages\scrapy\core\engine.py", line 481, in close_spider
    raise RuntimeError("Engine slot not assigned")
RuntimeError: Engine slot not assigned
2025-10-21 18:07:29 [test] INFO: Loading 2 wild crawl domains from C:\Users\ASUS ROG\source\repos\crawler\bigdata\site_cfg.json
2025-10-21 18:07:29 [test] INFO: Registered site config for mayoclinic.org
2025-10-21 18:07:29 [test] INFO: Registered site config for simplyhomedecorating.com
2025-10-21 18:07:29 [test] INFO: Spider initialized with 2 rules. and 2
2025-10-21 18:07:29 [test] INFO: Reading start URLs from redis key 'test:start_urls' (batch size: 256, encoding: utf-8)
2025-10-21 18:07:29 [scrapy.addons] INFO: Enabled addons:
[]
2025-10-21 18:07:29 [py.warnings] WARNING: C:\Users\ASUS ROG\AppData\Local\Packages\PythonSoftwareFoundation.Python.3.12_qbz5n2kfra8p0\LocalCache\local-packages\Python312\site-packages\scrapy\utils\request.py:120: ScrapyDeprecationWarning: 'REQUEST_FINGERPRINTER_IMPLEMENTATION' is a deprecated setting.
It will be removed in a future version of Scrapy.
  return cls(crawler)

2025-10-21 18:07:29 [scrapy.utils.log] DEBUG: Using reactor: twisted.internet.asyncioreactor.AsyncioSelectorReactor
2025-10-21 18:07:29 [scrapy.utils.log] DEBUG: Using asyncio event loop: asyncio.windows_events._WindowsSelectorEventLoop
2025-10-21 18:07:29 [scrapy.middleware] INFO: Enabled extensions:
['scrapy.extensions.corestats.CoreStats',
 'scrapy.extensions.telnet.TelnetConsole',
 'scrapy.extensions.logstats.LogStats']
2025-10-21 18:07:29 [scrapy.crawler] INFO: Overridden settings:
{'BOT_NAME': 'google',
 'CONCURRENT_ITEMS': 2000,
 'CONCURRENT_REQUESTS': 256,
 'CONCURRENT_REQUESTS_PER_DOMAIN': 1,
 'DOWNLOAD_DELAY': 3,
 'DOWNLOAD_TIMEOUT': 60,
 'DUPEFILTER_CLASS': 'scrapy_redis.dupefilter.RFPDupeFilter',
 'LOG_FILE': 'debug.log',
 'NEWSPIDER_MODULE': 'bigdata.spiders',
 'RANDOMIZE_DOWNLOAD_DELAY': False,
 'REACTOR_THREADPOOL_MAXSIZE': 256,
 'REDIRECT_MAX_TIMES': 3,
 'REQUEST_FINGERPRINTER_IMPLEMENTATION': '2.7',
 'RETRY_HTTP_CODES': [403, 429, 500, 502, 503, 504, 520, 522, 524, 408, 599],
 'RETRY_PRIORITY_ADJUST': -5,
 'RETRY_TIMES': 4,
 'SCHEDULER': 'scrapy_redis.scheduler.Scheduler',
 'SPIDER_MODULES': ['bigdata.spiders'],
 'TELNETCONSOLE_PASSWORD': 'gringo',
 'TELNETCONSOLE_USERNAME': 'gringo',
 'USER_AGENT': 'Mozilla/5.0 (Windows NT 10.0; Win64; x64) AppleWebKit/537.36 '
               '(KHTML, like Gecko) Chrome/120.0.0.0 Safari/537.36'}
2025-10-21 18:07:29 [asyncio] DEBUG: Using proactor: IocpProactor
2025-10-21 18:07:29 [scrapy-playwright] INFO: Started loop on separate thread: <ProactorEventLoop running=True closed=False debug=False>
2025-10-21 18:07:31 [scrapy.middleware] INFO: Enabled downloader middlewares:
['scrapy.downloadermiddlewares.offsite.OffsiteMiddleware',
 'scrapy.downloadermiddlewares.httpauth.HttpAuthMiddleware',
 'scrapy.downloadermiddlewares.downloadtimeout.DownloadTimeoutMiddleware',
 <class 'bigdata.middlewares.ProxyMiddleware'>,
 'scrapy.downloadermiddlewares.defaultheaders.DefaultHeadersMiddleware',
 'scrapy.downloadermiddlewares.httpproxy.HttpProxyMiddleware',
 'scrapy_user_agents.middlewares.RandomUserAgentMiddleware',
 <class 'bigdata.middlewares.FailedRequestExportMiddleware'>,
 'scrapy.downloadermiddlewares.retry.RetryMiddleware',
 'scrapy.downloadermiddlewares.redirect.MetaRefreshMiddleware',
 'scrapy.downloadermiddlewares.httpcompression.HttpCompressionMiddleware',
 'scrapy.downloadermiddlewares.redirect.RedirectMiddleware',
 'scrapy.downloadermiddlewares.cookies.CookiesMiddleware',
 'scrapy.downloadermiddlewares.stats.DownloaderStats']
2025-10-21 18:07:31 [scrapy.middleware] INFO: Enabled spider middlewares:
['scrapy.spidermiddlewares.start.StartSpiderMiddleware',
 'scrapy.spidermiddlewares.httperror.HttpErrorMiddleware',
 'scrapy.spidermiddlewares.referer.RefererMiddleware',
 'scrapy.spidermiddlewares.urllength.UrlLengthMiddleware',
 'scrapy.spidermiddlewares.depth.DepthMiddleware']
2025-10-21 18:07:31 [scrapy.middleware] INFO: Enabled item pipelines:
[<class 'bigdata.pipelines.CleanHtmlFragmentPipeline'>,
 <class 'bigdata.pipelines.JSONExportPipeline'>]
2025-10-21 18:07:31 [scrapy.core.engine] INFO: Spider opened
2025-10-21 18:07:33 [twisted] CRITICAL: Unhandled error in Deferred:
2025-10-21 18:07:33 [twisted] CRITICAL: 
Traceback (most recent call last):
  File "C:\Users\ASUS ROG\AppData\Local\Packages\PythonSoftwareFoundation.Python.3.12_qbz5n2kfra8p0\LocalCache\local-packages\Python312\site-packages\redis\connection.py", line 389, in connect_check_health
    sock = self.retry.call_with_retry(
           ^^^^^^^^^^^^^^^^^^^^^^^^^^^
  File "C:\Users\ASUS ROG\AppData\Local\Packages\PythonSoftwareFoundation.Python.3.12_qbz5n2kfra8p0\LocalCache\local-packages\Python312\site-packages\redis\retry.py", line 105, in call_with_retry
    return do()
           ^^^^
  File "C:\Users\ASUS ROG\AppData\Local\Packages\PythonSoftwareFoundation.Python.3.12_qbz5n2kfra8p0\LocalCache\local-packages\Python312\site-packages\redis\connection.py", line 390, in <lambda>
    lambda: self._connect(), lambda error: self.disconnect(error)
            ^^^^^^^^^^^^^^^
  File "C:\Users\ASUS ROG\AppData\Local\Packages\PythonSoftwareFoundation.Python.3.12_qbz5n2kfra8p0\LocalCache\local-packages\Python312\site-packages\redis\connection.py", line 803, in _connect
    raise err
  File "C:\Users\ASUS ROG\AppData\Local\Packages\PythonSoftwareFoundation.Python.3.12_qbz5n2kfra8p0\LocalCache\local-packages\Python312\site-packages\redis\connection.py", line 787, in _connect
    sock.connect(socket_address)
ConnectionRefusedError: [WinError 10061] No connection could be made because the target machine actively refused it

During handling of the above exception, another exception occurred:

Traceback (most recent call last):
  File "C:\Users\ASUS ROG\AppData\Local\Packages\PythonSoftwareFoundation.Python.3.12_qbz5n2kfra8p0\LocalCache\local-packages\Python312\site-packages\scrapy\crawler.py", line 157, in crawl
    yield self.engine.open_spider(self.spider)
  File "C:\Users\ASUS ROG\AppData\Local\Packages\PythonSoftwareFoundation.Python.3.12_qbz5n2kfra8p0\LocalCache\local-packages\Python312\site-packages\twisted\internet\defer.py", line 1257, in adapt
    extracted: _SelfResultT | Failure = result.result()
                                        ^^^^^^^^^^^^^^^
  File "C:\Users\ASUS ROG\AppData\Local\Packages\PythonSoftwareFoundation.Python.3.12_qbz5n2kfra8p0\LocalCache\local-packages\Python312\site-packages\scrapy\core\engine.py", line 441, in open_spider
    scheduler = build_from_crawler(self.scheduler_cls, self.crawler)
                ^^^^^^^^^^^^^^^^^^^^^^^^^^^^^^^^^^^^^^^^^^^^^^^^^^^^
  File "C:\Users\ASUS ROG\AppData\Local\Packages\PythonSoftwareFoundation.Python.3.12_qbz5n2kfra8p0\LocalCache\local-packages\Python312\site-packages\scrapy\utils\misc.py", line 187, in build_from_crawler
    instance = objcls.from_crawler(crawler, *args, **kwargs)  # type: ignore[attr-defined]
               ^^^^^^^^^^^^^^^^^^^^^^^^^^^^^^^^^^^^^^^^^^^^^
  File "C:\Users\ASUS ROG\AppData\Local\Packages\PythonSoftwareFoundation.Python.3.12_qbz5n2kfra8p0\LocalCache\local-packages\Python312\site-packages\scrapy_redis\scheduler.py", line 128, in from_crawler
    instance = cls.from_settings(crawler.settings)
               ^^^^^^^^^^^^^^^^^^^^^^^^^^^^^^^^^^^
  File "C:\Users\ASUS ROG\AppData\Local\Packages\PythonSoftwareFoundation.Python.3.12_qbz5n2kfra8p0\LocalCache\local-packages\Python312\site-packages\scrapy_redis\scheduler.py", line 122, in from_settings
    server.ping()
  File "C:\Users\ASUS ROG\AppData\Local\Packages\PythonSoftwareFoundation.Python.3.12_qbz5n2kfra8p0\LocalCache\local-packages\Python312\site-packages\redis\commands\core.py", line 1219, in ping
    return self.execute_command("PING", **kwargs)
           ^^^^^^^^^^^^^^^^^^^^^^^^^^^^^^^^^^^^^^
  File "C:\Users\ASUS ROG\AppData\Local\Packages\PythonSoftwareFoundation.Python.3.12_qbz5n2kfra8p0\LocalCache\local-packages\Python312\site-packages\redis\client.py", line 621, in execute_command
    return self._execute_command(*args, **options)
           ^^^^^^^^^^^^^^^^^^^^^^^^^^^^^^^^^^^^^^^
  File "C:\Users\ASUS ROG\AppData\Local\Packages\PythonSoftwareFoundation.Python.3.12_qbz5n2kfra8p0\LocalCache\local-packages\Python312\site-packages\redis\client.py", line 627, in _execute_command
    conn = self.connection or pool.get_connection()
                              ^^^^^^^^^^^^^^^^^^^^^
  File "C:\Users\ASUS ROG\AppData\Local\Packages\PythonSoftwareFoundation.Python.3.12_qbz5n2kfra8p0\LocalCache\local-packages\Python312\site-packages\redis\utils.py", line 195, in wrapper
    return func(*args, **kwargs)
           ^^^^^^^^^^^^^^^^^^^^^
  File "C:\Users\ASUS ROG\AppData\Local\Packages\PythonSoftwareFoundation.Python.3.12_qbz5n2kfra8p0\LocalCache\local-packages\Python312\site-packages\redis\connection.py", line 1533, in get_connection
    connection.connect()
  File "C:\Users\ASUS ROG\AppData\Local\Packages\PythonSoftwareFoundation.Python.3.12_qbz5n2kfra8p0\LocalCache\local-packages\Python312\site-packages\redis\connection.py", line 380, in connect
    self.connect_check_health(check_health=True)
  File "C:\Users\ASUS ROG\AppData\Local\Packages\PythonSoftwareFoundation.Python.3.12_qbz5n2kfra8p0\LocalCache\local-packages\Python312\site-packages\redis\connection.py", line 397, in connect_check_health
    raise ConnectionError(self._error_message(e))
redis.exceptions.ConnectionError: Error 10061 connecting to 127.0.0.1:6379. No connection could be made because the target machine actively refused it.

During handling of the above exception, another exception occurred:

Traceback (most recent call last):
  File "C:\Users\ASUS ROG\AppData\Local\Packages\PythonSoftwareFoundation.Python.3.12_qbz5n2kfra8p0\LocalCache\local-packages\Python312\site-packages\twisted\internet\defer.py", line 1853, in _inlineCallbacks
    result = context.run(
             ^^^^^^^^^^^^
  File "C:\Users\ASUS ROG\AppData\Local\Packages\PythonSoftwareFoundation.Python.3.12_qbz5n2kfra8p0\LocalCache\local-packages\Python312\site-packages\twisted\python\failure.py", line 467, in throwExceptionIntoGenerator
    return g.throw(self.value.with_traceback(self.tb))
           ^^^^^^^^^^^^^^^^^^^^^^^^^^^^^^^^^^^^^^^^^^^
  File "C:\Users\ASUS ROG\AppData\Local\Packages\PythonSoftwareFoundation.Python.3.12_qbz5n2kfra8p0\LocalCache\local-packages\Python312\site-packages\scrapy\crawler.py", line 162, in crawl
    yield self.engine.close()
          ^^^^^^^^^^^^^^^^^^^
  File "C:\Users\ASUS ROG\AppData\Local\Packages\PythonSoftwareFoundation.Python.3.12_qbz5n2kfra8p0\LocalCache\local-packages\Python312\site-packages\scrapy\core\engine.py", line 180, in close
    return self.close_spider(
           ^^^^^^^^^^^^^^^^^^
  File "C:\Users\ASUS ROG\AppData\Local\Packages\PythonSoftwareFoundation.Python.3.12_qbz5n2kfra8p0\LocalCache\local-packages\Python312\site-packages\scrapy\core\engine.py", line 481, in close_spider
    raise RuntimeError("Engine slot not assigned")
RuntimeError: Engine slot not assigned
2025-10-21 18:09:21 [test] INFO: Loading 2 wild crawl domains from C:\Users\ASUS ROG\source\repos\crawler\bigdata\site_cfg.json
2025-10-21 18:09:21 [test] INFO: Registered site config for mayoclinic.org
2025-10-21 18:09:21 [test] INFO: Registered site config for simplyhomedecorating.com
2025-10-21 18:09:21 [test] INFO: Spider initialized with 2 rules. and 2
2025-10-21 18:09:21 [test] INFO: Reading start URLs from redis key 'test:start_urls' (batch size: 256, encoding: utf-8)
2025-10-21 18:09:21 [scrapy.addons] INFO: Enabled addons:
[]
2025-10-21 18:09:21 [py.warnings] WARNING: C:\Users\ASUS ROG\AppData\Local\Packages\PythonSoftwareFoundation.Python.3.12_qbz5n2kfra8p0\LocalCache\local-packages\Python312\site-packages\scrapy\utils\request.py:120: ScrapyDeprecationWarning: 'REQUEST_FINGERPRINTER_IMPLEMENTATION' is a deprecated setting.
It will be removed in a future version of Scrapy.
  return cls(crawler)

2025-10-21 18:09:21 [scrapy.utils.log] DEBUG: Using reactor: twisted.internet.asyncioreactor.AsyncioSelectorReactor
2025-10-21 18:09:21 [scrapy.utils.log] DEBUG: Using asyncio event loop: asyncio.windows_events._WindowsSelectorEventLoop
2025-10-21 18:09:22 [scrapy.middleware] INFO: Enabled extensions:
['scrapy.extensions.corestats.CoreStats',
 'scrapy.extensions.telnet.TelnetConsole',
 'scrapy.extensions.logstats.LogStats']
2025-10-21 18:09:22 [scrapy.crawler] INFO: Overridden settings:
{'BOT_NAME': 'google',
 'CONCURRENT_ITEMS': 2000,
 'CONCURRENT_REQUESTS': 256,
 'CONCURRENT_REQUESTS_PER_DOMAIN': 1,
 'DOWNLOAD_DELAY': 3,
 'DOWNLOAD_TIMEOUT': 60,
 'DUPEFILTER_CLASS': 'scrapy_redis.dupefilter.RFPDupeFilter',
 'LOG_FILE': 'debug.log',
 'NEWSPIDER_MODULE': 'bigdata.spiders',
 'RANDOMIZE_DOWNLOAD_DELAY': False,
 'REACTOR_THREADPOOL_MAXSIZE': 256,
 'REDIRECT_MAX_TIMES': 3,
 'REQUEST_FINGERPRINTER_IMPLEMENTATION': '2.7',
 'RETRY_HTTP_CODES': [403, 429, 500, 502, 503, 504, 520, 522, 524, 408, 599],
 'RETRY_PRIORITY_ADJUST': -5,
 'RETRY_TIMES': 4,
 'SCHEDULER': 'scrapy_redis.scheduler.Scheduler',
 'SPIDER_MODULES': ['bigdata.spiders'],
 'TELNETCONSOLE_PASSWORD': 'gringo',
 'TELNETCONSOLE_USERNAME': 'gringo',
 'USER_AGENT': 'Mozilla/5.0 (Windows NT 10.0; Win64; x64) AppleWebKit/537.36 '
               '(KHTML, like Gecko) Chrome/120.0.0.0 Safari/537.36'}
2025-10-21 18:09:22 [asyncio] DEBUG: Using proactor: IocpProactor
2025-10-21 18:09:22 [scrapy-playwright] INFO: Started loop on separate thread: <ProactorEventLoop running=True closed=False debug=False>
2025-10-21 18:09:24 [scrapy.middleware] INFO: Enabled downloader middlewares:
['scrapy.downloadermiddlewares.offsite.OffsiteMiddleware',
 'scrapy.downloadermiddlewares.httpauth.HttpAuthMiddleware',
 'scrapy.downloadermiddlewares.downloadtimeout.DownloadTimeoutMiddleware',
 <class 'bigdata.middlewares.ProxyMiddleware'>,
 'scrapy.downloadermiddlewares.defaultheaders.DefaultHeadersMiddleware',
 'scrapy.downloadermiddlewares.httpproxy.HttpProxyMiddleware',
 'scrapy_user_agents.middlewares.RandomUserAgentMiddleware',
 <class 'bigdata.middlewares.FailedRequestExportMiddleware'>,
 'scrapy.downloadermiddlewares.retry.RetryMiddleware',
 'scrapy.downloadermiddlewares.redirect.MetaRefreshMiddleware',
 'scrapy.downloadermiddlewares.httpcompression.HttpCompressionMiddleware',
 'scrapy.downloadermiddlewares.redirect.RedirectMiddleware',
 'scrapy.downloadermiddlewares.cookies.CookiesMiddleware',
 'scrapy.downloadermiddlewares.stats.DownloaderStats']
2025-10-21 18:09:24 [scrapy.middleware] INFO: Enabled spider middlewares:
['scrapy.spidermiddlewares.start.StartSpiderMiddleware',
 'scrapy.spidermiddlewares.httperror.HttpErrorMiddleware',
 'scrapy.spidermiddlewares.referer.RefererMiddleware',
 'scrapy.spidermiddlewares.urllength.UrlLengthMiddleware',
 'scrapy.spidermiddlewares.depth.DepthMiddleware']
2025-10-21 18:09:24 [scrapy.middleware] INFO: Enabled item pipelines:
[<class 'bigdata.pipelines.CleanHtmlFragmentPipeline'>,
 <class 'bigdata.pipelines.JSONExportPipeline'>]
2025-10-21 18:09:24 [scrapy.core.engine] INFO: Spider opened
2025-10-21 18:09:26 [twisted] CRITICAL: Unhandled error in Deferred:
2025-10-21 18:09:26 [twisted] CRITICAL: 
Traceback (most recent call last):
  File "C:\Users\ASUS ROG\AppData\Local\Packages\PythonSoftwareFoundation.Python.3.12_qbz5n2kfra8p0\LocalCache\local-packages\Python312\site-packages\redis\connection.py", line 389, in connect_check_health
    sock = self.retry.call_with_retry(
           ^^^^^^^^^^^^^^^^^^^^^^^^^^^
  File "C:\Users\ASUS ROG\AppData\Local\Packages\PythonSoftwareFoundation.Python.3.12_qbz5n2kfra8p0\LocalCache\local-packages\Python312\site-packages\redis\retry.py", line 105, in call_with_retry
    return do()
           ^^^^
  File "C:\Users\ASUS ROG\AppData\Local\Packages\PythonSoftwareFoundation.Python.3.12_qbz5n2kfra8p0\LocalCache\local-packages\Python312\site-packages\redis\connection.py", line 390, in <lambda>
    lambda: self._connect(), lambda error: self.disconnect(error)
            ^^^^^^^^^^^^^^^
  File "C:\Users\ASUS ROG\AppData\Local\Packages\PythonSoftwareFoundation.Python.3.12_qbz5n2kfra8p0\LocalCache\local-packages\Python312\site-packages\redis\connection.py", line 803, in _connect
    raise err
  File "C:\Users\ASUS ROG\AppData\Local\Packages\PythonSoftwareFoundation.Python.3.12_qbz5n2kfra8p0\LocalCache\local-packages\Python312\site-packages\redis\connection.py", line 787, in _connect
    sock.connect(socket_address)
ConnectionRefusedError: [WinError 10061] No connection could be made because the target machine actively refused it

During handling of the above exception, another exception occurred:

Traceback (most recent call last):
  File "C:\Users\ASUS ROG\AppData\Local\Packages\PythonSoftwareFoundation.Python.3.12_qbz5n2kfra8p0\LocalCache\local-packages\Python312\site-packages\scrapy\crawler.py", line 157, in crawl
    yield self.engine.open_spider(self.spider)
  File "C:\Users\ASUS ROG\AppData\Local\Packages\PythonSoftwareFoundation.Python.3.12_qbz5n2kfra8p0\LocalCache\local-packages\Python312\site-packages\twisted\internet\defer.py", line 1257, in adapt
    extracted: _SelfResultT | Failure = result.result()
                                        ^^^^^^^^^^^^^^^
  File "C:\Users\ASUS ROG\AppData\Local\Packages\PythonSoftwareFoundation.Python.3.12_qbz5n2kfra8p0\LocalCache\local-packages\Python312\site-packages\scrapy\core\engine.py", line 441, in open_spider
    scheduler = build_from_crawler(self.scheduler_cls, self.crawler)
                ^^^^^^^^^^^^^^^^^^^^^^^^^^^^^^^^^^^^^^^^^^^^^^^^^^^^
  File "C:\Users\ASUS ROG\AppData\Local\Packages\PythonSoftwareFoundation.Python.3.12_qbz5n2kfra8p0\LocalCache\local-packages\Python312\site-packages\scrapy\utils\misc.py", line 187, in build_from_crawler
    instance = objcls.from_crawler(crawler, *args, **kwargs)  # type: ignore[attr-defined]
               ^^^^^^^^^^^^^^^^^^^^^^^^^^^^^^^^^^^^^^^^^^^^^
  File "C:\Users\ASUS ROG\AppData\Local\Packages\PythonSoftwareFoundation.Python.3.12_qbz5n2kfra8p0\LocalCache\local-packages\Python312\site-packages\scrapy_redis\scheduler.py", line 128, in from_crawler
    instance = cls.from_settings(crawler.settings)
               ^^^^^^^^^^^^^^^^^^^^^^^^^^^^^^^^^^^
  File "C:\Users\ASUS ROG\AppData\Local\Packages\PythonSoftwareFoundation.Python.3.12_qbz5n2kfra8p0\LocalCache\local-packages\Python312\site-packages\scrapy_redis\scheduler.py", line 122, in from_settings
    server.ping()
  File "C:\Users\ASUS ROG\AppData\Local\Packages\PythonSoftwareFoundation.Python.3.12_qbz5n2kfra8p0\LocalCache\local-packages\Python312\site-packages\redis\commands\core.py", line 1219, in ping
    return self.execute_command("PING", **kwargs)
           ^^^^^^^^^^^^^^^^^^^^^^^^^^^^^^^^^^^^^^
  File "C:\Users\ASUS ROG\AppData\Local\Packages\PythonSoftwareFoundation.Python.3.12_qbz5n2kfra8p0\LocalCache\local-packages\Python312\site-packages\redis\client.py", line 621, in execute_command
    return self._execute_command(*args, **options)
           ^^^^^^^^^^^^^^^^^^^^^^^^^^^^^^^^^^^^^^^
  File "C:\Users\ASUS ROG\AppData\Local\Packages\PythonSoftwareFoundation.Python.3.12_qbz5n2kfra8p0\LocalCache\local-packages\Python312\site-packages\redis\client.py", line 627, in _execute_command
    conn = self.connection or pool.get_connection()
                              ^^^^^^^^^^^^^^^^^^^^^
  File "C:\Users\ASUS ROG\AppData\Local\Packages\PythonSoftwareFoundation.Python.3.12_qbz5n2kfra8p0\LocalCache\local-packages\Python312\site-packages\redis\utils.py", line 195, in wrapper
    return func(*args, **kwargs)
           ^^^^^^^^^^^^^^^^^^^^^
  File "C:\Users\ASUS ROG\AppData\Local\Packages\PythonSoftwareFoundation.Python.3.12_qbz5n2kfra8p0\LocalCache\local-packages\Python312\site-packages\redis\connection.py", line 1533, in get_connection
    connection.connect()
  File "C:\Users\ASUS ROG\AppData\Local\Packages\PythonSoftwareFoundation.Python.3.12_qbz5n2kfra8p0\LocalCache\local-packages\Python312\site-packages\redis\connection.py", line 380, in connect
    self.connect_check_health(check_health=True)
  File "C:\Users\ASUS ROG\AppData\Local\Packages\PythonSoftwareFoundation.Python.3.12_qbz5n2kfra8p0\LocalCache\local-packages\Python312\site-packages\redis\connection.py", line 397, in connect_check_health
    raise ConnectionError(self._error_message(e))
redis.exceptions.ConnectionError: Error 10061 connecting to 127.0.0.1:6379. No connection could be made because the target machine actively refused it.

During handling of the above exception, another exception occurred:

Traceback (most recent call last):
  File "C:\Users\ASUS ROG\AppData\Local\Packages\PythonSoftwareFoundation.Python.3.12_qbz5n2kfra8p0\LocalCache\local-packages\Python312\site-packages\twisted\internet\defer.py", line 1853, in _inlineCallbacks
    result = context.run(
             ^^^^^^^^^^^^
  File "C:\Users\ASUS ROG\AppData\Local\Packages\PythonSoftwareFoundation.Python.3.12_qbz5n2kfra8p0\LocalCache\local-packages\Python312\site-packages\twisted\python\failure.py", line 467, in throwExceptionIntoGenerator
    return g.throw(self.value.with_traceback(self.tb))
           ^^^^^^^^^^^^^^^^^^^^^^^^^^^^^^^^^^^^^^^^^^^
  File "C:\Users\ASUS ROG\AppData\Local\Packages\PythonSoftwareFoundation.Python.3.12_qbz5n2kfra8p0\LocalCache\local-packages\Python312\site-packages\scrapy\crawler.py", line 162, in crawl
    yield self.engine.close()
          ^^^^^^^^^^^^^^^^^^^
  File "C:\Users\ASUS ROG\AppData\Local\Packages\PythonSoftwareFoundation.Python.3.12_qbz5n2kfra8p0\LocalCache\local-packages\Python312\site-packages\scrapy\core\engine.py", line 180, in close
    return self.close_spider(
           ^^^^^^^^^^^^^^^^^^
  File "C:\Users\ASUS ROG\AppData\Local\Packages\PythonSoftwareFoundation.Python.3.12_qbz5n2kfra8p0\LocalCache\local-packages\Python312\site-packages\scrapy\core\engine.py", line 481, in close_spider
    raise RuntimeError("Engine slot not assigned")
RuntimeError: Engine slot not assigned
2025-10-21 18:09:59 [test] INFO: Loading 2 wild crawl domains from C:\Users\ASUS ROG\source\repos\crawler\bigdata\site_cfg.json
2025-10-21 18:09:59 [test] INFO: Registered site config for mayoclinic.org
2025-10-21 18:09:59 [test] INFO: Registered site config for simplyhomedecorating.com
2025-10-21 18:09:59 [test] INFO: Spider initialized with 2 rules. and 2
2025-10-21 18:09:59 [test] INFO: Reading start URLs from redis key 'test:start_urls' (batch size: 256, encoding: utf-8)
2025-10-21 18:09:59 [scrapy.addons] INFO: Enabled addons:
[]
2025-10-21 18:09:59 [py.warnings] WARNING: C:\Users\ASUS ROG\AppData\Local\Packages\PythonSoftwareFoundation.Python.3.12_qbz5n2kfra8p0\LocalCache\local-packages\Python312\site-packages\scrapy\utils\request.py:120: ScrapyDeprecationWarning: 'REQUEST_FINGERPRINTER_IMPLEMENTATION' is a deprecated setting.
It will be removed in a future version of Scrapy.
  return cls(crawler)

2025-10-21 18:09:59 [scrapy.utils.log] DEBUG: Using reactor: twisted.internet.asyncioreactor.AsyncioSelectorReactor
2025-10-21 18:09:59 [scrapy.utils.log] DEBUG: Using asyncio event loop: asyncio.windows_events._WindowsSelectorEventLoop
2025-10-21 18:09:59 [scrapy.middleware] INFO: Enabled extensions:
['scrapy.extensions.corestats.CoreStats',
 'scrapy.extensions.telnet.TelnetConsole',
 'scrapy.extensions.logstats.LogStats']
2025-10-21 18:09:59 [scrapy.crawler] INFO: Overridden settings:
{'BOT_NAME': 'google',
 'CONCURRENT_ITEMS': 2000,
 'CONCURRENT_REQUESTS': 256,
 'CONCURRENT_REQUESTS_PER_DOMAIN': 1,
 'DOWNLOAD_DELAY': 3,
 'DOWNLOAD_TIMEOUT': 60,
 'DUPEFILTER_CLASS': 'scrapy_redis.dupefilter.RFPDupeFilter',
 'LOG_FILE': 'debug.log',
 'NEWSPIDER_MODULE': 'bigdata.spiders',
 'RANDOMIZE_DOWNLOAD_DELAY': False,
 'REACTOR_THREADPOOL_MAXSIZE': 256,
 'REDIRECT_MAX_TIMES': 3,
 'REQUEST_FINGERPRINTER_IMPLEMENTATION': '2.7',
 'RETRY_HTTP_CODES': [403, 429, 500, 502, 503, 504, 520, 522, 524, 408, 599],
 'RETRY_PRIORITY_ADJUST': -5,
 'RETRY_TIMES': 4,
 'SCHEDULER': 'scrapy_redis.scheduler.Scheduler',
 'SPIDER_MODULES': ['bigdata.spiders'],
 'TELNETCONSOLE_PASSWORD': 'gringo',
 'TELNETCONSOLE_USERNAME': 'gringo',
 'USER_AGENT': 'Mozilla/5.0 (Windows NT 10.0; Win64; x64) AppleWebKit/537.36 '
               '(KHTML, like Gecko) Chrome/120.0.0.0 Safari/537.36'}
2025-10-21 18:09:59 [asyncio] DEBUG: Using proactor: IocpProactor
2025-10-21 18:09:59 [scrapy-playwright] INFO: Started loop on separate thread: <ProactorEventLoop running=True closed=False debug=False>
2025-10-21 18:10:01 [scrapy.middleware] INFO: Enabled downloader middlewares:
['scrapy.downloadermiddlewares.offsite.OffsiteMiddleware',
 'scrapy.downloadermiddlewares.httpauth.HttpAuthMiddleware',
 'scrapy.downloadermiddlewares.downloadtimeout.DownloadTimeoutMiddleware',
 <class 'bigdata.middlewares.ProxyMiddleware'>,
 'scrapy.downloadermiddlewares.defaultheaders.DefaultHeadersMiddleware',
 'scrapy.downloadermiddlewares.httpproxy.HttpProxyMiddleware',
 'scrapy_user_agents.middlewares.RandomUserAgentMiddleware',
 <class 'bigdata.middlewares.FailedRequestExportMiddleware'>,
 'scrapy.downloadermiddlewares.retry.RetryMiddleware',
 'scrapy.downloadermiddlewares.redirect.MetaRefreshMiddleware',
 'scrapy.downloadermiddlewares.httpcompression.HttpCompressionMiddleware',
 'scrapy.downloadermiddlewares.redirect.RedirectMiddleware',
 'scrapy.downloadermiddlewares.cookies.CookiesMiddleware',
 'scrapy.downloadermiddlewares.stats.DownloaderStats']
2025-10-21 18:10:01 [scrapy.middleware] INFO: Enabled spider middlewares:
['scrapy.spidermiddlewares.start.StartSpiderMiddleware',
 'scrapy.spidermiddlewares.httperror.HttpErrorMiddleware',
 'scrapy.spidermiddlewares.referer.RefererMiddleware',
 'scrapy.spidermiddlewares.urllength.UrlLengthMiddleware',
 'scrapy.spidermiddlewares.depth.DepthMiddleware']
2025-10-21 18:10:01 [scrapy.middleware] INFO: Enabled item pipelines:
[<class 'bigdata.pipelines.CleanHtmlFragmentPipeline'>,
 <class 'bigdata.pipelines.JSONExportPipeline'>]
2025-10-21 18:10:01 [scrapy.core.engine] INFO: Spider opened
2025-10-21 18:10:03 [twisted] CRITICAL: Unhandled error in Deferred:
2025-10-21 18:10:03 [twisted] CRITICAL: 
Traceback (most recent call last):
  File "C:\Users\ASUS ROG\AppData\Local\Packages\PythonSoftwareFoundation.Python.3.12_qbz5n2kfra8p0\LocalCache\local-packages\Python312\site-packages\redis\connection.py", line 389, in connect_check_health
    sock = self.retry.call_with_retry(
           ^^^^^^^^^^^^^^^^^^^^^^^^^^^
  File "C:\Users\ASUS ROG\AppData\Local\Packages\PythonSoftwareFoundation.Python.3.12_qbz5n2kfra8p0\LocalCache\local-packages\Python312\site-packages\redis\retry.py", line 105, in call_with_retry
    return do()
           ^^^^
  File "C:\Users\ASUS ROG\AppData\Local\Packages\PythonSoftwareFoundation.Python.3.12_qbz5n2kfra8p0\LocalCache\local-packages\Python312\site-packages\redis\connection.py", line 390, in <lambda>
    lambda: self._connect(), lambda error: self.disconnect(error)
            ^^^^^^^^^^^^^^^
  File "C:\Users\ASUS ROG\AppData\Local\Packages\PythonSoftwareFoundation.Python.3.12_qbz5n2kfra8p0\LocalCache\local-packages\Python312\site-packages\redis\connection.py", line 803, in _connect
    raise err
  File "C:\Users\ASUS ROG\AppData\Local\Packages\PythonSoftwareFoundation.Python.3.12_qbz5n2kfra8p0\LocalCache\local-packages\Python312\site-packages\redis\connection.py", line 787, in _connect
    sock.connect(socket_address)
ConnectionRefusedError: [WinError 10061] No connection could be made because the target machine actively refused it

During handling of the above exception, another exception occurred:

Traceback (most recent call last):
  File "C:\Users\ASUS ROG\AppData\Local\Packages\PythonSoftwareFoundation.Python.3.12_qbz5n2kfra8p0\LocalCache\local-packages\Python312\site-packages\scrapy\crawler.py", line 157, in crawl
    yield self.engine.open_spider(self.spider)
  File "C:\Users\ASUS ROG\AppData\Local\Packages\PythonSoftwareFoundation.Python.3.12_qbz5n2kfra8p0\LocalCache\local-packages\Python312\site-packages\twisted\internet\defer.py", line 1257, in adapt
    extracted: _SelfResultT | Failure = result.result()
                                        ^^^^^^^^^^^^^^^
  File "C:\Users\ASUS ROG\AppData\Local\Packages\PythonSoftwareFoundation.Python.3.12_qbz5n2kfra8p0\LocalCache\local-packages\Python312\site-packages\scrapy\core\engine.py", line 441, in open_spider
    scheduler = build_from_crawler(self.scheduler_cls, self.crawler)
                ^^^^^^^^^^^^^^^^^^^^^^^^^^^^^^^^^^^^^^^^^^^^^^^^^^^^
  File "C:\Users\ASUS ROG\AppData\Local\Packages\PythonSoftwareFoundation.Python.3.12_qbz5n2kfra8p0\LocalCache\local-packages\Python312\site-packages\scrapy\utils\misc.py", line 187, in build_from_crawler
    instance = objcls.from_crawler(crawler, *args, **kwargs)  # type: ignore[attr-defined]
               ^^^^^^^^^^^^^^^^^^^^^^^^^^^^^^^^^^^^^^^^^^^^^
  File "C:\Users\ASUS ROG\AppData\Local\Packages\PythonSoftwareFoundation.Python.3.12_qbz5n2kfra8p0\LocalCache\local-packages\Python312\site-packages\scrapy_redis\scheduler.py", line 128, in from_crawler
    instance = cls.from_settings(crawler.settings)
               ^^^^^^^^^^^^^^^^^^^^^^^^^^^^^^^^^^^
  File "C:\Users\ASUS ROG\AppData\Local\Packages\PythonSoftwareFoundation.Python.3.12_qbz5n2kfra8p0\LocalCache\local-packages\Python312\site-packages\scrapy_redis\scheduler.py", line 122, in from_settings
    server.ping()
  File "C:\Users\ASUS ROG\AppData\Local\Packages\PythonSoftwareFoundation.Python.3.12_qbz5n2kfra8p0\LocalCache\local-packages\Python312\site-packages\redis\commands\core.py", line 1219, in ping
    return self.execute_command("PING", **kwargs)
           ^^^^^^^^^^^^^^^^^^^^^^^^^^^^^^^^^^^^^^
  File "C:\Users\ASUS ROG\AppData\Local\Packages\PythonSoftwareFoundation.Python.3.12_qbz5n2kfra8p0\LocalCache\local-packages\Python312\site-packages\redis\client.py", line 621, in execute_command
    return self._execute_command(*args, **options)
           ^^^^^^^^^^^^^^^^^^^^^^^^^^^^^^^^^^^^^^^
  File "C:\Users\ASUS ROG\AppData\Local\Packages\PythonSoftwareFoundation.Python.3.12_qbz5n2kfra8p0\LocalCache\local-packages\Python312\site-packages\redis\client.py", line 627, in _execute_command
    conn = self.connection or pool.get_connection()
                              ^^^^^^^^^^^^^^^^^^^^^
  File "C:\Users\ASUS ROG\AppData\Local\Packages\PythonSoftwareFoundation.Python.3.12_qbz5n2kfra8p0\LocalCache\local-packages\Python312\site-packages\redis\utils.py", line 195, in wrapper
    return func(*args, **kwargs)
           ^^^^^^^^^^^^^^^^^^^^^
  File "C:\Users\ASUS ROG\AppData\Local\Packages\PythonSoftwareFoundation.Python.3.12_qbz5n2kfra8p0\LocalCache\local-packages\Python312\site-packages\redis\connection.py", line 1533, in get_connection
    connection.connect()
  File "C:\Users\ASUS ROG\AppData\Local\Packages\PythonSoftwareFoundation.Python.3.12_qbz5n2kfra8p0\LocalCache\local-packages\Python312\site-packages\redis\connection.py", line 380, in connect
    self.connect_check_health(check_health=True)
  File "C:\Users\ASUS ROG\AppData\Local\Packages\PythonSoftwareFoundation.Python.3.12_qbz5n2kfra8p0\LocalCache\local-packages\Python312\site-packages\redis\connection.py", line 397, in connect_check_health
    raise ConnectionError(self._error_message(e))
redis.exceptions.ConnectionError: Error 10061 connecting to 127.0.0.1:6379. No connection could be made because the target machine actively refused it.

During handling of the above exception, another exception occurred:

Traceback (most recent call last):
  File "C:\Users\ASUS ROG\AppData\Local\Packages\PythonSoftwareFoundation.Python.3.12_qbz5n2kfra8p0\LocalCache\local-packages\Python312\site-packages\twisted\internet\defer.py", line 1853, in _inlineCallbacks
    result = context.run(
             ^^^^^^^^^^^^
  File "C:\Users\ASUS ROG\AppData\Local\Packages\PythonSoftwareFoundation.Python.3.12_qbz5n2kfra8p0\LocalCache\local-packages\Python312\site-packages\twisted\python\failure.py", line 467, in throwExceptionIntoGenerator
    return g.throw(self.value.with_traceback(self.tb))
           ^^^^^^^^^^^^^^^^^^^^^^^^^^^^^^^^^^^^^^^^^^^
  File "C:\Users\ASUS ROG\AppData\Local\Packages\PythonSoftwareFoundation.Python.3.12_qbz5n2kfra8p0\LocalCache\local-packages\Python312\site-packages\scrapy\crawler.py", line 162, in crawl
    yield self.engine.close()
          ^^^^^^^^^^^^^^^^^^^
  File "C:\Users\ASUS ROG\AppData\Local\Packages\PythonSoftwareFoundation.Python.3.12_qbz5n2kfra8p0\LocalCache\local-packages\Python312\site-packages\scrapy\core\engine.py", line 180, in close
    return self.close_spider(
           ^^^^^^^^^^^^^^^^^^
  File "C:\Users\ASUS ROG\AppData\Local\Packages\PythonSoftwareFoundation.Python.3.12_qbz5n2kfra8p0\LocalCache\local-packages\Python312\site-packages\scrapy\core\engine.py", line 481, in close_spider
    raise RuntimeError("Engine slot not assigned")
RuntimeError: Engine slot not assigned
2025-10-21 18:12:07 [test] INFO: Loading 2 wild crawl domains from C:\Users\ASUS ROG\source\repos\crawler\bigdata\site_cfg.json
2025-10-21 18:12:07 [test] INFO: Registered site config for mayoclinic.org
2025-10-21 18:12:07 [test] INFO: Registered site config for simplyhomedecorating.com
2025-10-21 18:12:07 [test] INFO: Spider initialized with 2 rules. and 2
2025-10-21 18:12:07 [test] INFO: Reading start URLs from redis key 'test:start_urls' (batch size: 256, encoding: utf-8)
2025-10-21 18:12:07 [scrapy.addons] INFO: Enabled addons:
[]
2025-10-21 18:12:07 [py.warnings] WARNING: C:\Users\ASUS ROG\AppData\Local\Packages\PythonSoftwareFoundation.Python.3.12_qbz5n2kfra8p0\LocalCache\local-packages\Python312\site-packages\scrapy\utils\request.py:120: ScrapyDeprecationWarning: 'REQUEST_FINGERPRINTER_IMPLEMENTATION' is a deprecated setting.
It will be removed in a future version of Scrapy.
  return cls(crawler)

2025-10-21 18:12:07 [scrapy.utils.log] DEBUG: Using reactor: twisted.internet.asyncioreactor.AsyncioSelectorReactor
2025-10-21 18:12:07 [scrapy.utils.log] DEBUG: Using asyncio event loop: asyncio.windows_events._WindowsSelectorEventLoop
2025-10-21 18:12:07 [scrapy.middleware] INFO: Enabled extensions:
['scrapy.extensions.corestats.CoreStats',
 'scrapy.extensions.telnet.TelnetConsole',
 'scrapy.extensions.logstats.LogStats']
2025-10-21 18:12:07 [scrapy.crawler] INFO: Overridden settings:
{'BOT_NAME': 'google',
 'CONCURRENT_ITEMS': 2000,
 'CONCURRENT_REQUESTS': 256,
 'CONCURRENT_REQUESTS_PER_DOMAIN': 1,
 'DOWNLOAD_DELAY': 3,
 'DOWNLOAD_TIMEOUT': 60,
 'DUPEFILTER_CLASS': 'scrapy_redis.dupefilter.RFPDupeFilter',
 'LOG_FILE': 'debug.log',
 'NEWSPIDER_MODULE': 'bigdata.spiders',
 'RANDOMIZE_DOWNLOAD_DELAY': False,
 'REACTOR_THREADPOOL_MAXSIZE': 256,
 'REDIRECT_MAX_TIMES': 3,
 'REQUEST_FINGERPRINTER_IMPLEMENTATION': '2.7',
 'RETRY_HTTP_CODES': [403, 429, 500, 502, 503, 504, 520, 522, 524, 408, 599],
 'RETRY_PRIORITY_ADJUST': -5,
 'RETRY_TIMES': 4,
 'SCHEDULER': 'scrapy_redis.scheduler.Scheduler',
 'SPIDER_MODULES': ['bigdata.spiders'],
 'TELNETCONSOLE_PASSWORD': 'gringo',
 'TELNETCONSOLE_USERNAME': 'gringo',
 'USER_AGENT': 'Mozilla/5.0 (Windows NT 10.0; Win64; x64) AppleWebKit/537.36 '
               '(KHTML, like Gecko) Chrome/120.0.0.0 Safari/537.36'}
2025-10-21 18:12:07 [asyncio] DEBUG: Using proactor: IocpProactor
2025-10-21 18:12:07 [scrapy-playwright] INFO: Started loop on separate thread: <ProactorEventLoop running=True closed=False debug=False>
2025-10-21 18:12:09 [scrapy.middleware] INFO: Enabled downloader middlewares:
['scrapy.downloadermiddlewares.offsite.OffsiteMiddleware',
 'scrapy.downloadermiddlewares.httpauth.HttpAuthMiddleware',
 'scrapy.downloadermiddlewares.downloadtimeout.DownloadTimeoutMiddleware',
 <class 'bigdata.middlewares.ProxyMiddleware'>,
 'scrapy.downloadermiddlewares.defaultheaders.DefaultHeadersMiddleware',
 'scrapy.downloadermiddlewares.httpproxy.HttpProxyMiddleware',
 'scrapy_user_agents.middlewares.RandomUserAgentMiddleware',
 <class 'bigdata.middlewares.FailedRequestExportMiddleware'>,
 'scrapy.downloadermiddlewares.retry.RetryMiddleware',
 'scrapy.downloadermiddlewares.redirect.MetaRefreshMiddleware',
 'scrapy.downloadermiddlewares.httpcompression.HttpCompressionMiddleware',
 'scrapy.downloadermiddlewares.redirect.RedirectMiddleware',
 'scrapy.downloadermiddlewares.cookies.CookiesMiddleware',
 'scrapy.downloadermiddlewares.stats.DownloaderStats']
2025-10-21 18:12:09 [scrapy.middleware] INFO: Enabled spider middlewares:
['scrapy.spidermiddlewares.start.StartSpiderMiddleware',
 'scrapy.spidermiddlewares.httperror.HttpErrorMiddleware',
 'scrapy.spidermiddlewares.referer.RefererMiddleware',
 'scrapy.spidermiddlewares.urllength.UrlLengthMiddleware',
 'scrapy.spidermiddlewares.depth.DepthMiddleware']
2025-10-21 18:12:09 [scrapy.middleware] INFO: Enabled item pipelines:
[<class 'bigdata.pipelines.CleanHtmlFragmentPipeline'>,
 <class 'bigdata.pipelines.JSONExportPipeline'>]
2025-10-21 18:12:09 [scrapy.core.engine] INFO: Spider opened
2025-10-21 18:12:11 [twisted] CRITICAL: Unhandled error in Deferred:
2025-10-21 18:12:11 [twisted] CRITICAL: 
Traceback (most recent call last):
  File "C:\Users\ASUS ROG\AppData\Local\Packages\PythonSoftwareFoundation.Python.3.12_qbz5n2kfra8p0\LocalCache\local-packages\Python312\site-packages\redis\connection.py", line 389, in connect_check_health
    sock = self.retry.call_with_retry(
           ^^^^^^^^^^^^^^^^^^^^^^^^^^^
  File "C:\Users\ASUS ROG\AppData\Local\Packages\PythonSoftwareFoundation.Python.3.12_qbz5n2kfra8p0\LocalCache\local-packages\Python312\site-packages\redis\retry.py", line 105, in call_with_retry
    return do()
           ^^^^
  File "C:\Users\ASUS ROG\AppData\Local\Packages\PythonSoftwareFoundation.Python.3.12_qbz5n2kfra8p0\LocalCache\local-packages\Python312\site-packages\redis\connection.py", line 390, in <lambda>
    lambda: self._connect(), lambda error: self.disconnect(error)
            ^^^^^^^^^^^^^^^
  File "C:\Users\ASUS ROG\AppData\Local\Packages\PythonSoftwareFoundation.Python.3.12_qbz5n2kfra8p0\LocalCache\local-packages\Python312\site-packages\redis\connection.py", line 803, in _connect
    raise err
  File "C:\Users\ASUS ROG\AppData\Local\Packages\PythonSoftwareFoundation.Python.3.12_qbz5n2kfra8p0\LocalCache\local-packages\Python312\site-packages\redis\connection.py", line 787, in _connect
    sock.connect(socket_address)
ConnectionRefusedError: [WinError 10061] No connection could be made because the target machine actively refused it

During handling of the above exception, another exception occurred:

Traceback (most recent call last):
  File "C:\Users\ASUS ROG\AppData\Local\Packages\PythonSoftwareFoundation.Python.3.12_qbz5n2kfra8p0\LocalCache\local-packages\Python312\site-packages\scrapy\crawler.py", line 157, in crawl
    yield self.engine.open_spider(self.spider)
  File "C:\Users\ASUS ROG\AppData\Local\Packages\PythonSoftwareFoundation.Python.3.12_qbz5n2kfra8p0\LocalCache\local-packages\Python312\site-packages\twisted\internet\defer.py", line 1257, in adapt
    extracted: _SelfResultT | Failure = result.result()
                                        ^^^^^^^^^^^^^^^
  File "C:\Users\ASUS ROG\AppData\Local\Packages\PythonSoftwareFoundation.Python.3.12_qbz5n2kfra8p0\LocalCache\local-packages\Python312\site-packages\scrapy\core\engine.py", line 441, in open_spider
    scheduler = build_from_crawler(self.scheduler_cls, self.crawler)
                ^^^^^^^^^^^^^^^^^^^^^^^^^^^^^^^^^^^^^^^^^^^^^^^^^^^^
  File "C:\Users\ASUS ROG\AppData\Local\Packages\PythonSoftwareFoundation.Python.3.12_qbz5n2kfra8p0\LocalCache\local-packages\Python312\site-packages\scrapy\utils\misc.py", line 187, in build_from_crawler
    instance = objcls.from_crawler(crawler, *args, **kwargs)  # type: ignore[attr-defined]
               ^^^^^^^^^^^^^^^^^^^^^^^^^^^^^^^^^^^^^^^^^^^^^
  File "C:\Users\ASUS ROG\AppData\Local\Packages\PythonSoftwareFoundation.Python.3.12_qbz5n2kfra8p0\LocalCache\local-packages\Python312\site-packages\scrapy_redis\scheduler.py", line 128, in from_crawler
    instance = cls.from_settings(crawler.settings)
               ^^^^^^^^^^^^^^^^^^^^^^^^^^^^^^^^^^^
  File "C:\Users\ASUS ROG\AppData\Local\Packages\PythonSoftwareFoundation.Python.3.12_qbz5n2kfra8p0\LocalCache\local-packages\Python312\site-packages\scrapy_redis\scheduler.py", line 122, in from_settings
    server.ping()
  File "C:\Users\ASUS ROG\AppData\Local\Packages\PythonSoftwareFoundation.Python.3.12_qbz5n2kfra8p0\LocalCache\local-packages\Python312\site-packages\redis\commands\core.py", line 1219, in ping
    return self.execute_command("PING", **kwargs)
           ^^^^^^^^^^^^^^^^^^^^^^^^^^^^^^^^^^^^^^
  File "C:\Users\ASUS ROG\AppData\Local\Packages\PythonSoftwareFoundation.Python.3.12_qbz5n2kfra8p0\LocalCache\local-packages\Python312\site-packages\redis\client.py", line 621, in execute_command
    return self._execute_command(*args, **options)
           ^^^^^^^^^^^^^^^^^^^^^^^^^^^^^^^^^^^^^^^
  File "C:\Users\ASUS ROG\AppData\Local\Packages\PythonSoftwareFoundation.Python.3.12_qbz5n2kfra8p0\LocalCache\local-packages\Python312\site-packages\redis\client.py", line 627, in _execute_command
    conn = self.connection or pool.get_connection()
                              ^^^^^^^^^^^^^^^^^^^^^
  File "C:\Users\ASUS ROG\AppData\Local\Packages\PythonSoftwareFoundation.Python.3.12_qbz5n2kfra8p0\LocalCache\local-packages\Python312\site-packages\redis\utils.py", line 195, in wrapper
    return func(*args, **kwargs)
           ^^^^^^^^^^^^^^^^^^^^^
  File "C:\Users\ASUS ROG\AppData\Local\Packages\PythonSoftwareFoundation.Python.3.12_qbz5n2kfra8p0\LocalCache\local-packages\Python312\site-packages\redis\connection.py", line 1533, in get_connection
    connection.connect()
  File "C:\Users\ASUS ROG\AppData\Local\Packages\PythonSoftwareFoundation.Python.3.12_qbz5n2kfra8p0\LocalCache\local-packages\Python312\site-packages\redis\connection.py", line 380, in connect
    self.connect_check_health(check_health=True)
  File "C:\Users\ASUS ROG\AppData\Local\Packages\PythonSoftwareFoundation.Python.3.12_qbz5n2kfra8p0\LocalCache\local-packages\Python312\site-packages\redis\connection.py", line 397, in connect_check_health
    raise ConnectionError(self._error_message(e))
redis.exceptions.ConnectionError: Error 10061 connecting to 127.0.0.1:6379. No connection could be made because the target machine actively refused it.

During handling of the above exception, another exception occurred:

Traceback (most recent call last):
  File "C:\Users\ASUS ROG\AppData\Local\Packages\PythonSoftwareFoundation.Python.3.12_qbz5n2kfra8p0\LocalCache\local-packages\Python312\site-packages\twisted\internet\defer.py", line 1853, in _inlineCallbacks
    result = context.run(
             ^^^^^^^^^^^^
  File "C:\Users\ASUS ROG\AppData\Local\Packages\PythonSoftwareFoundation.Python.3.12_qbz5n2kfra8p0\LocalCache\local-packages\Python312\site-packages\twisted\python\failure.py", line 467, in throwExceptionIntoGenerator
    return g.throw(self.value.with_traceback(self.tb))
           ^^^^^^^^^^^^^^^^^^^^^^^^^^^^^^^^^^^^^^^^^^^
  File "C:\Users\ASUS ROG\AppData\Local\Packages\PythonSoftwareFoundation.Python.3.12_qbz5n2kfra8p0\LocalCache\local-packages\Python312\site-packages\scrapy\crawler.py", line 162, in crawl
    yield self.engine.close()
          ^^^^^^^^^^^^^^^^^^^
  File "C:\Users\ASUS ROG\AppData\Local\Packages\PythonSoftwareFoundation.Python.3.12_qbz5n2kfra8p0\LocalCache\local-packages\Python312\site-packages\scrapy\core\engine.py", line 180, in close
    return self.close_spider(
           ^^^^^^^^^^^^^^^^^^
  File "C:\Users\ASUS ROG\AppData\Local\Packages\PythonSoftwareFoundation.Python.3.12_qbz5n2kfra8p0\LocalCache\local-packages\Python312\site-packages\scrapy\core\engine.py", line 481, in close_spider
    raise RuntimeError("Engine slot not assigned")
RuntimeError: Engine slot not assigned
2025-10-21 18:13:17 [test] INFO: Loading 2 wild crawl domains from C:\Users\ASUS ROG\source\repos\crawler\bigdata\site_cfg.json
2025-10-21 18:13:17 [test] INFO: Registered site config for mayoclinic.org
2025-10-21 18:13:17 [test] INFO: Registered site config for simplyhomedecorating.com
2025-10-21 18:13:17 [test] INFO: Spider initialized with 2 rules. and 2
2025-10-21 18:13:17 [test] INFO: Reading start URLs from redis key 'test:start_urls' (batch size: 256, encoding: utf-8)
2025-10-21 18:13:17 [scrapy.addons] INFO: Enabled addons:
[]
2025-10-21 18:13:17 [py.warnings] WARNING: C:\Users\ASUS ROG\AppData\Local\Packages\PythonSoftwareFoundation.Python.3.12_qbz5n2kfra8p0\LocalCache\local-packages\Python312\site-packages\scrapy\utils\request.py:120: ScrapyDeprecationWarning: 'REQUEST_FINGERPRINTER_IMPLEMENTATION' is a deprecated setting.
It will be removed in a future version of Scrapy.
  return cls(crawler)

2025-10-21 18:13:17 [scrapy.utils.log] DEBUG: Using reactor: twisted.internet.asyncioreactor.AsyncioSelectorReactor
2025-10-21 18:13:17 [scrapy.utils.log] DEBUG: Using asyncio event loop: asyncio.windows_events._WindowsSelectorEventLoop
2025-10-21 18:13:17 [scrapy.middleware] INFO: Enabled extensions:
['scrapy.extensions.corestats.CoreStats',
 'scrapy.extensions.telnet.TelnetConsole',
 'scrapy.extensions.logstats.LogStats']
2025-10-21 18:13:17 [scrapy.crawler] INFO: Overridden settings:
{'BOT_NAME': 'google',
 'CONCURRENT_ITEMS': 2000,
 'CONCURRENT_REQUESTS': 256,
 'CONCURRENT_REQUESTS_PER_DOMAIN': 1,
 'DOWNLOAD_DELAY': 3,
 'DOWNLOAD_TIMEOUT': 60,
 'DUPEFILTER_CLASS': 'scrapy_redis.dupefilter.RFPDupeFilter',
 'LOG_FILE': 'debug.log',
 'NEWSPIDER_MODULE': 'bigdata.spiders',
 'RANDOMIZE_DOWNLOAD_DELAY': False,
 'REACTOR_THREADPOOL_MAXSIZE': 256,
 'REDIRECT_MAX_TIMES': 3,
 'REQUEST_FINGERPRINTER_IMPLEMENTATION': '2.7',
 'RETRY_HTTP_CODES': [403, 429, 500, 502, 503, 504, 520, 522, 524, 408, 599],
 'RETRY_PRIORITY_ADJUST': -5,
 'RETRY_TIMES': 4,
 'SCHEDULER': 'scrapy_redis.scheduler.Scheduler',
 'SPIDER_MODULES': ['bigdata.spiders'],
 'TELNETCONSOLE_PASSWORD': 'gringo',
 'TELNETCONSOLE_USERNAME': 'gringo',
 'USER_AGENT': 'Mozilla/5.0 (Windows NT 10.0; Win64; x64) AppleWebKit/537.36 '
               '(KHTML, like Gecko) Chrome/120.0.0.0 Safari/537.36'}
2025-10-21 18:13:17 [asyncio] DEBUG: Using proactor: IocpProactor
2025-10-21 18:13:17 [scrapy-playwright] INFO: Started loop on separate thread: <ProactorEventLoop running=True closed=False debug=False>
2025-10-21 18:13:19 [scrapy.middleware] INFO: Enabled downloader middlewares:
['scrapy.downloadermiddlewares.offsite.OffsiteMiddleware',
 'scrapy.downloadermiddlewares.httpauth.HttpAuthMiddleware',
 'scrapy.downloadermiddlewares.downloadtimeout.DownloadTimeoutMiddleware',
 <class 'bigdata.middlewares.ProxyMiddleware'>,
 'scrapy.downloadermiddlewares.defaultheaders.DefaultHeadersMiddleware',
 'scrapy.downloadermiddlewares.httpproxy.HttpProxyMiddleware',
 'scrapy_user_agents.middlewares.RandomUserAgentMiddleware',
 <class 'bigdata.middlewares.FailedRequestExportMiddleware'>,
 'scrapy.downloadermiddlewares.retry.RetryMiddleware',
 'scrapy.downloadermiddlewares.redirect.MetaRefreshMiddleware',
 'scrapy.downloadermiddlewares.httpcompression.HttpCompressionMiddleware',
 'scrapy.downloadermiddlewares.redirect.RedirectMiddleware',
 'scrapy.downloadermiddlewares.cookies.CookiesMiddleware',
 'scrapy.downloadermiddlewares.stats.DownloaderStats']
2025-10-21 18:13:19 [scrapy.middleware] INFO: Enabled spider middlewares:
['scrapy.spidermiddlewares.start.StartSpiderMiddleware',
 'scrapy.spidermiddlewares.httperror.HttpErrorMiddleware',
 'scrapy.spidermiddlewares.referer.RefererMiddleware',
 'scrapy.spidermiddlewares.urllength.UrlLengthMiddleware',
 'scrapy.spidermiddlewares.depth.DepthMiddleware']
2025-10-21 18:13:19 [scrapy.middleware] INFO: Enabled item pipelines:
[<class 'bigdata.pipelines.CleanHtmlFragmentPipeline'>,
 <class 'bigdata.pipelines.JSONExportPipeline'>]
2025-10-21 18:13:19 [scrapy.core.engine] INFO: Spider opened
2025-10-21 18:13:19 [py.warnings] WARNING: C:\Users\ASUS ROG\AppData\Local\Packages\PythonSoftwareFoundation.Python.3.12_qbz5n2kfra8p0\LocalCache\local-packages\Python312\site-packages\scrapy\core\spidermw.py:433: ScrapyDeprecationWarning: scrapy_redis.spiders.RedisMixin (inherited by bigdata.spiders.test.TestSpider) defines the deprecated start_requests() method. start_requests() has been deprecated in favor of a new method, start(), to support asynchronous code execution. start_requests() will stop being called in a future version of Scrapy. If you use Scrapy 2.13 or higher only, replace start_requests() with start(); note that start() is a coroutine (async def). If you need to maintain compatibility with lower Scrapy versions, when overriding start_requests() in a spider class, override start() as well; you can use super() to reuse the inherited start() implementation without copy-pasting. See the release notes of Scrapy 2.13 for details: https://docs.scrapy.org/en/2.13/news.html
  warn(

2025-10-21 18:13:19 [bigdata.pipelines] INFO: JSONExportPipeline: Buffer=10000 items, Flush interval=60s
2025-10-21 18:13:19 [bigdata.pipelines] INFO: Background flusher thread started
2025-10-21 18:13:19 [scrapy.extensions.logstats] INFO: Crawled 0 pages (at 0 pages/min), scraped 0 items (at 0 items/min)
2025-10-21 18:13:19 [bigdata.middlewares] INFO: Failed requests will be logged to: failed_requests\test_failed_requests_20251021_181319.jsonl
2025-10-21 18:13:19 [scrapy.extensions.telnet] INFO: Telnet console listening on 127.0.0.1:6023
2025-10-21 18:13:19 [scrapy-playwright] INFO: Starting download handler
2025-10-21 18:13:19 [scrapy-playwright] INFO: Starting download handler
2025-10-21 18:14:19 [scrapy.extensions.logstats] INFO: Crawled 0 pages (at 0 pages/min), scraped 0 items (at 0 items/min)
2025-10-21 18:15:09 [scrapy.crawler] INFO: Received SIGINT, shutting down gracefully. Send again to force 
2025-10-21 18:15:09 [scrapy.core.engine] INFO: Closing spider (shutdown)
2025-10-21 18:15:09 [bigdata.pipelines] INFO: Closing spider. Items buffered: 0
2025-10-21 18:15:10 [bigdata.pipelines] INFO: Background flusher thread stopped
2025-10-21 18:15:10 [bigdata.pipelines] INFO: Pipeline closed. Total items: 0, Flushes: 0, Data written: 0.00 MB
2025-10-21 18:15:10 [bigdata.middlewares] INFO: Closed failed requests log: failed_requests\test_failed_requests_20251021_181319.jsonl
2025-10-21 18:15:10 [scrapy.statscollectors] INFO: Dumping Scrapy stats:
{'elapsed_time_seconds': 110.922368,
 'finish_reason': 'shutdown',
 'finish_time': datetime.datetime(2025, 10, 21, 11, 15, 10, 550509, tzinfo=datetime.timezone.utc),
 'items_per_minute': 0.0,
 'log_count/DEBUG': 3,
 'log_count/INFO': 21,
 'log_count/WARNING': 2,
 'responses_per_minute': 0.0,
 'start_time': datetime.datetime(2025, 10, 21, 11, 13, 19, 628141, tzinfo=datetime.timezone.utc)}
2025-10-21 18:15:10 [scrapy.core.engine] INFO: Spider closed (shutdown)
2025-10-21 18:15:10 [scrapy-playwright] INFO: Closing download handler
2025-10-21 18:15:10 [scrapy-playwright] INFO: Closing download handler
2025-10-21 18:15:12 [test] INFO: Loading 2 wild crawl domains from C:\Users\ASUS ROG\source\repos\crawler\bigdata\site_cfg.json
2025-10-21 18:15:12 [test] INFO: Registered site config for mayoclinic.org
2025-10-21 18:15:12 [test] INFO: Registered site config for simplyhomedecorating.com
2025-10-21 18:15:12 [test] INFO: Spider initialized with 2 rules. and 2
2025-10-21 18:15:12 [test] INFO: Reading start URLs from redis key 'test:start_urls' (batch size: 256, encoding: utf-8)
2025-10-21 18:15:12 [scrapy.addons] INFO: Enabled addons:
[]
2025-10-21 18:15:12 [py.warnings] WARNING: C:\Users\ASUS ROG\AppData\Local\Packages\PythonSoftwareFoundation.Python.3.12_qbz5n2kfra8p0\LocalCache\local-packages\Python312\site-packages\scrapy\utils\request.py:120: ScrapyDeprecationWarning: 'REQUEST_FINGERPRINTER_IMPLEMENTATION' is a deprecated setting.
It will be removed in a future version of Scrapy.
  return cls(crawler)

2025-10-21 18:15:12 [scrapy.utils.log] DEBUG: Using reactor: twisted.internet.asyncioreactor.AsyncioSelectorReactor
2025-10-21 18:15:12 [scrapy.utils.log] DEBUG: Using asyncio event loop: asyncio.windows_events._WindowsSelectorEventLoop
2025-10-21 18:15:12 [scrapy.middleware] INFO: Enabled extensions:
['scrapy.extensions.corestats.CoreStats',
 'scrapy.extensions.telnet.TelnetConsole',
 'scrapy.extensions.logstats.LogStats']
2025-10-21 18:15:12 [scrapy.crawler] INFO: Overridden settings:
{'BOT_NAME': 'google',
 'CONCURRENT_ITEMS': 2000,
 'CONCURRENT_REQUESTS': 256,
 'CONCURRENT_REQUESTS_PER_DOMAIN': 1,
 'DOWNLOAD_DELAY': 3,
 'DOWNLOAD_TIMEOUT': 60,
 'DUPEFILTER_CLASS': 'scrapy_redis.dupefilter.RFPDupeFilter',
 'LOG_FILE': 'debug.log',
 'NEWSPIDER_MODULE': 'bigdata.spiders',
 'RANDOMIZE_DOWNLOAD_DELAY': False,
 'REACTOR_THREADPOOL_MAXSIZE': 256,
 'REDIRECT_MAX_TIMES': 3,
 'REQUEST_FINGERPRINTER_IMPLEMENTATION': '2.7',
 'RETRY_HTTP_CODES': [403, 429, 500, 502, 503, 504, 520, 522, 524, 408, 599],
 'RETRY_PRIORITY_ADJUST': -5,
 'RETRY_TIMES': 4,
 'SCHEDULER': 'scrapy_redis.scheduler.Scheduler',
 'SPIDER_MODULES': ['bigdata.spiders'],
 'TELNETCONSOLE_PASSWORD': 'gringo',
 'TELNETCONSOLE_USERNAME': 'gringo',
 'USER_AGENT': 'Mozilla/5.0 (Windows NT 10.0; Win64; x64) AppleWebKit/537.36 '
               '(KHTML, like Gecko) Chrome/120.0.0.0 Safari/537.36'}
2025-10-21 18:15:13 [asyncio] DEBUG: Using proactor: IocpProactor
2025-10-21 18:15:13 [scrapy-playwright] INFO: Started loop on separate thread: <ProactorEventLoop running=True closed=False debug=False>
2025-10-21 18:15:15 [scrapy.middleware] INFO: Enabled downloader middlewares:
['scrapy.downloadermiddlewares.offsite.OffsiteMiddleware',
 'scrapy.downloadermiddlewares.httpauth.HttpAuthMiddleware',
 'scrapy.downloadermiddlewares.downloadtimeout.DownloadTimeoutMiddleware',
 <class 'bigdata.middlewares.ProxyMiddleware'>,
 'scrapy.downloadermiddlewares.defaultheaders.DefaultHeadersMiddleware',
 'scrapy.downloadermiddlewares.httpproxy.HttpProxyMiddleware',
 'scrapy_user_agents.middlewares.RandomUserAgentMiddleware',
 <class 'bigdata.middlewares.FailedRequestExportMiddleware'>,
 'scrapy.downloadermiddlewares.retry.RetryMiddleware',
 'scrapy.downloadermiddlewares.redirect.MetaRefreshMiddleware',
 'scrapy.downloadermiddlewares.httpcompression.HttpCompressionMiddleware',
 'scrapy.downloadermiddlewares.redirect.RedirectMiddleware',
 'scrapy.downloadermiddlewares.cookies.CookiesMiddleware',
 'scrapy.downloadermiddlewares.stats.DownloaderStats']
2025-10-21 18:15:15 [scrapy.middleware] INFO: Enabled spider middlewares:
['scrapy.spidermiddlewares.start.StartSpiderMiddleware',
 'scrapy.spidermiddlewares.httperror.HttpErrorMiddleware',
 'scrapy.spidermiddlewares.referer.RefererMiddleware',
 'scrapy.spidermiddlewares.urllength.UrlLengthMiddleware',
 'scrapy.spidermiddlewares.depth.DepthMiddleware']
2025-10-21 18:15:15 [scrapy.middleware] INFO: Enabled item pipelines:
[<class 'bigdata.pipelines.CleanHtmlFragmentPipeline'>,
 <class 'bigdata.pipelines.JSONExportPipeline'>]
2025-10-21 18:15:15 [scrapy.core.engine] INFO: Spider opened
2025-10-21 18:15:15 [py.warnings] WARNING: C:\Users\ASUS ROG\AppData\Local\Packages\PythonSoftwareFoundation.Python.3.12_qbz5n2kfra8p0\LocalCache\local-packages\Python312\site-packages\scrapy\core\spidermw.py:433: ScrapyDeprecationWarning: scrapy_redis.spiders.RedisMixin (inherited by bigdata.spiders.test.TestSpider) defines the deprecated start_requests() method. start_requests() has been deprecated in favor of a new method, start(), to support asynchronous code execution. start_requests() will stop being called in a future version of Scrapy. If you use Scrapy 2.13 or higher only, replace start_requests() with start(); note that start() is a coroutine (async def). If you need to maintain compatibility with lower Scrapy versions, when overriding start_requests() in a spider class, override start() as well; you can use super() to reuse the inherited start() implementation without copy-pasting. See the release notes of Scrapy 2.13 for details: https://docs.scrapy.org/en/2.13/news.html
  warn(

2025-10-21 18:15:15 [bigdata.pipelines] INFO: JSONExportPipeline: Buffer=10000 items, Flush interval=60s
2025-10-21 18:15:15 [bigdata.pipelines] INFO: Background flusher thread started
2025-10-21 18:15:15 [scrapy.extensions.logstats] INFO: Crawled 0 pages (at 0 pages/min), scraped 0 items (at 0 items/min)
2025-10-21 18:15:15 [bigdata.middlewares] INFO: Failed requests will be logged to: failed_requests\test_failed_requests_20251021_181515.jsonl
2025-10-21 18:15:15 [scrapy.extensions.telnet] INFO: Telnet console listening on 127.0.0.1:6023
2025-10-21 18:15:15 [scrapy-playwright] INFO: Starting download handler
2025-10-21 18:15:15 [scrapy-playwright] INFO: Starting download handler
2025-10-21 18:15:40 [scrapy.crawler] INFO: Received SIGINT, shutting down gracefully. Send again to force 
2025-10-21 18:15:40 [scrapy.core.engine] INFO: Closing spider (shutdown)
2025-10-21 18:15:40 [bigdata.pipelines] INFO: Closing spider. Items buffered: 0
2025-10-21 18:15:41 [bigdata.pipelines] INFO: Background flusher thread stopped
2025-10-21 18:15:41 [bigdata.pipelines] INFO: Pipeline closed. Total items: 0, Flushes: 0, Data written: 0.00 MB
2025-10-21 18:15:41 [bigdata.middlewares] INFO: Closed failed requests log: failed_requests\test_failed_requests_20251021_181515.jsonl
2025-10-21 18:15:41 [scrapy.statscollectors] INFO: Dumping Scrapy stats:
{'elapsed_time_seconds': 26.162578,
 'finish_reason': 'shutdown',
 'finish_time': datetime.datetime(2025, 10, 21, 11, 15, 41, 242493, tzinfo=datetime.timezone.utc),
 'items_per_minute': 0.0,
 'log_count/DEBUG': 3,
 'log_count/INFO': 20,
 'log_count/WARNING': 2,
 'responses_per_minute': 0.0,
 'start_time': datetime.datetime(2025, 10, 21, 11, 15, 15, 79915, tzinfo=datetime.timezone.utc)}
2025-10-21 18:15:41 [scrapy.core.engine] INFO: Spider closed (shutdown)
2025-10-21 18:15:41 [scrapy-playwright] INFO: Closing download handler
2025-10-21 18:15:41 [scrapy-playwright] INFO: Closing download handler
2025-10-21 18:16:09 [test] INFO: Reading start URLs from redis key 'test:start_urls' (batch size: 256, encoding: utf-8)
2025-10-21 18:16:09 [scrapy.addons] INFO: Enabled addons:
[]
2025-10-21 18:16:09 [py.warnings] WARNING: C:\Users\ASUS ROG\AppData\Local\Packages\PythonSoftwareFoundation.Python.3.12_qbz5n2kfra8p0\LocalCache\local-packages\Python312\site-packages\scrapy\utils\request.py:120: ScrapyDeprecationWarning: 'REQUEST_FINGERPRINTER_IMPLEMENTATION' is a deprecated setting.
It will be removed in a future version of Scrapy.
  return cls(crawler)

2025-10-21 18:16:09 [scrapy.utils.log] DEBUG: Using reactor: twisted.internet.asyncioreactor.AsyncioSelectorReactor
2025-10-21 18:16:09 [scrapy.utils.log] DEBUG: Using asyncio event loop: asyncio.windows_events._WindowsSelectorEventLoop
2025-10-21 18:16:09 [scrapy.middleware] INFO: Enabled extensions:
['scrapy.extensions.corestats.CoreStats',
 'scrapy.extensions.telnet.TelnetConsole',
 'scrapy.extensions.logstats.LogStats']
2025-10-21 18:16:09 [scrapy.crawler] INFO: Overridden settings:
{'BOT_NAME': 'google',
 'CONCURRENT_ITEMS': 2000,
 'CONCURRENT_REQUESTS': 256,
 'CONCURRENT_REQUESTS_PER_DOMAIN': 1,
 'DOWNLOAD_DELAY': 3,
 'DOWNLOAD_TIMEOUT': 60,
 'DUPEFILTER_CLASS': 'scrapy_redis.dupefilter.RFPDupeFilter',
 'LOG_FILE': 'debug.log',
 'NEWSPIDER_MODULE': 'bigdata.spiders',
 'RANDOMIZE_DOWNLOAD_DELAY': False,
 'REACTOR_THREADPOOL_MAXSIZE': 256,
 'REDIRECT_MAX_TIMES': 3,
 'REQUEST_FINGERPRINTER_IMPLEMENTATION': '2.7',
 'RETRY_HTTP_CODES': [403, 429, 500, 502, 503, 504, 520, 522, 524, 408, 599],
 'RETRY_PRIORITY_ADJUST': -5,
 'RETRY_TIMES': 4,
 'SCHEDULER': 'scrapy_redis.scheduler.Scheduler',
 'SPIDER_MODULES': ['bigdata.spiders'],
 'TELNETCONSOLE_PASSWORD': 'gringo',
 'TELNETCONSOLE_USERNAME': 'gringo',
 'USER_AGENT': 'Mozilla/5.0 (Windows NT 10.0; Win64; x64) AppleWebKit/537.36 '
               '(KHTML, like Gecko) Chrome/120.0.0.0 Safari/537.36'}
2025-10-21 18:16:09 [asyncio] DEBUG: Using proactor: IocpProactor
2025-10-21 18:16:09 [scrapy-playwright] INFO: Started loop on separate thread: <ProactorEventLoop running=True closed=False debug=False>
2025-10-21 18:16:11 [scrapy.middleware] INFO: Enabled downloader middlewares:
['scrapy.downloadermiddlewares.offsite.OffsiteMiddleware',
 'scrapy.downloadermiddlewares.httpauth.HttpAuthMiddleware',
 'scrapy.downloadermiddlewares.downloadtimeout.DownloadTimeoutMiddleware',
 <class 'bigdata.middlewares.ProxyMiddleware'>,
 'scrapy.downloadermiddlewares.defaultheaders.DefaultHeadersMiddleware',
 'scrapy.downloadermiddlewares.httpproxy.HttpProxyMiddleware',
 'scrapy_user_agents.middlewares.RandomUserAgentMiddleware',
 <class 'bigdata.middlewares.FailedRequestExportMiddleware'>,
 'scrapy.downloadermiddlewares.retry.RetryMiddleware',
 'scrapy.downloadermiddlewares.redirect.MetaRefreshMiddleware',
 'scrapy.downloadermiddlewares.httpcompression.HttpCompressionMiddleware',
 'scrapy.downloadermiddlewares.redirect.RedirectMiddleware',
 'scrapy.downloadermiddlewares.cookies.CookiesMiddleware',
 'scrapy.downloadermiddlewares.stats.DownloaderStats']
2025-10-21 18:16:11 [scrapy.middleware] INFO: Enabled spider middlewares:
['scrapy.spidermiddlewares.start.StartSpiderMiddleware',
 'scrapy.spidermiddlewares.httperror.HttpErrorMiddleware',
 'scrapy.spidermiddlewares.referer.RefererMiddleware',
 'scrapy.spidermiddlewares.urllength.UrlLengthMiddleware',
 'scrapy.spidermiddlewares.depth.DepthMiddleware']
2025-10-21 18:16:11 [scrapy.middleware] INFO: Enabled item pipelines:
[<class 'bigdata.pipelines.CleanHtmlFragmentPipeline'>,
 <class 'bigdata.pipelines.JSONExportPipeline'>]
2025-10-21 18:16:11 [scrapy.core.engine] INFO: Spider opened
2025-10-21 18:16:11 [py.warnings] WARNING: C:\Users\ASUS ROG\AppData\Local\Packages\PythonSoftwareFoundation.Python.3.12_qbz5n2kfra8p0\LocalCache\local-packages\Python312\site-packages\scrapy\core\spidermw.py:433: ScrapyDeprecationWarning: bigdata.spiders.dailylifespider.DailyLifeSpider (inherited by bigdata.spiders.test.TestSpider) defines the deprecated start_requests() method. start_requests() has been deprecated in favor of a new method, start(), to support asynchronous code execution. start_requests() will stop being called in a future version of Scrapy. If you use Scrapy 2.13 or higher only, replace start_requests() with start(); note that start() is a coroutine (async def). If you need to maintain compatibility with lower Scrapy versions, when overriding start_requests() in a spider class, override start() as well; you can use super() to reuse the inherited start() implementation without copy-pasting. See the release notes of Scrapy 2.13 for details: https://docs.scrapy.org/en/2.13/news.html
  warn(

2025-10-21 18:16:11 [bigdata.pipelines] INFO: JSONExportPipeline: Buffer=10000 items, Flush interval=60s
2025-10-21 18:16:11 [bigdata.pipelines] INFO: Background flusher thread started
2025-10-21 18:16:11 [scrapy.extensions.logstats] INFO: Crawled 0 pages (at 0 pages/min), scraped 0 items (at 0 items/min)
2025-10-21 18:16:11 [bigdata.middlewares] INFO: Failed requests will be logged to: failed_requests\test_failed_requests_20251021_181611.jsonl
2025-10-21 18:16:11 [scrapy.extensions.telnet] INFO: Telnet console listening on 127.0.0.1:6023
2025-10-21 18:16:11 [scrapy-playwright] INFO: Starting download handler
2025-10-21 18:16:11 [scrapy-playwright] INFO: Starting download handler
2025-10-21 18:16:26 [scrapy.crawler] INFO: Received SIGINT, shutting down gracefully. Send again to force 
2025-10-21 18:16:26 [scrapy.core.engine] INFO: Closing spider (shutdown)
2025-10-21 18:16:26 [bigdata.pipelines] INFO: Closing spider. Items buffered: 0
2025-10-21 18:16:27 [bigdata.pipelines] INFO: Background flusher thread stopped
2025-10-21 18:16:27 [bigdata.pipelines] INFO: Pipeline closed. Total items: 0, Flushes: 0, Data written: 0.00 MB
2025-10-21 18:16:27 [bigdata.middlewares] INFO: Closed failed requests log: failed_requests\test_failed_requests_20251021_181611.jsonl
2025-10-21 18:16:27 [scrapy.statscollectors] INFO: Dumping Scrapy stats:
{'elapsed_time_seconds': 16.120779,
 'finish_reason': 'shutdown',
 'finish_time': datetime.datetime(2025, 10, 21, 11, 16, 27, 564862, tzinfo=datetime.timezone.utc),
 'items_per_minute': 0.0,
 'log_count/DEBUG': 3,
 'log_count/INFO': 20,
 'log_count/WARNING': 2,
 'responses_per_minute': 0.0,
 'start_time': datetime.datetime(2025, 10, 21, 11, 16, 11, 444083, tzinfo=datetime.timezone.utc)}
2025-10-21 18:16:27 [scrapy.core.engine] INFO: Spider closed (shutdown)
2025-10-21 18:16:27 [scrapy-playwright] INFO: Closing download handler
2025-10-21 18:16:27 [scrapy-playwright] INFO: Closing download handler
2025-10-21 18:16:29 [test] INFO: Reading start URLs from redis key 'test:start_urls' (batch size: 256, encoding: utf-8)
2025-10-21 18:16:29 [scrapy.addons] INFO: Enabled addons:
[]
2025-10-21 18:16:29 [py.warnings] WARNING: C:\Users\ASUS ROG\AppData\Local\Packages\PythonSoftwareFoundation.Python.3.12_qbz5n2kfra8p0\LocalCache\local-packages\Python312\site-packages\scrapy\utils\request.py:120: ScrapyDeprecationWarning: 'REQUEST_FINGERPRINTER_IMPLEMENTATION' is a deprecated setting.
It will be removed in a future version of Scrapy.
  return cls(crawler)

2025-10-21 18:16:29 [scrapy.utils.log] DEBUG: Using reactor: twisted.internet.asyncioreactor.AsyncioSelectorReactor
2025-10-21 18:16:29 [scrapy.utils.log] DEBUG: Using asyncio event loop: asyncio.windows_events._WindowsSelectorEventLoop
2025-10-21 18:16:29 [scrapy.middleware] INFO: Enabled extensions:
['scrapy.extensions.corestats.CoreStats',
 'scrapy.extensions.telnet.TelnetConsole',
 'scrapy.extensions.logstats.LogStats']
2025-10-21 18:16:29 [scrapy.crawler] INFO: Overridden settings:
{'BOT_NAME': 'google',
 'CONCURRENT_ITEMS': 2000,
 'CONCURRENT_REQUESTS': 256,
 'CONCURRENT_REQUESTS_PER_DOMAIN': 1,
 'DOWNLOAD_DELAY': 3,
 'DOWNLOAD_TIMEOUT': 60,
 'DUPEFILTER_CLASS': 'scrapy_redis.dupefilter.RFPDupeFilter',
 'LOG_FILE': 'debug.log',
 'NEWSPIDER_MODULE': 'bigdata.spiders',
 'RANDOMIZE_DOWNLOAD_DELAY': False,
 'REACTOR_THREADPOOL_MAXSIZE': 256,
 'REDIRECT_MAX_TIMES': 3,
 'REQUEST_FINGERPRINTER_IMPLEMENTATION': '2.7',
 'RETRY_HTTP_CODES': [403, 429, 500, 502, 503, 504, 520, 522, 524, 408, 599],
 'RETRY_PRIORITY_ADJUST': -5,
 'RETRY_TIMES': 4,
 'SCHEDULER': 'scrapy_redis.scheduler.Scheduler',
 'SPIDER_MODULES': ['bigdata.spiders'],
 'TELNETCONSOLE_PASSWORD': 'gringo',
 'TELNETCONSOLE_USERNAME': 'gringo',
 'USER_AGENT': 'Mozilla/5.0 (Windows NT 10.0; Win64; x64) AppleWebKit/537.36 '
               '(KHTML, like Gecko) Chrome/120.0.0.0 Safari/537.36'}
2025-10-21 18:16:29 [asyncio] DEBUG: Using proactor: IocpProactor
2025-10-21 18:16:29 [scrapy-playwright] INFO: Started loop on separate thread: <ProactorEventLoop running=True closed=False debug=False>
2025-10-21 18:16:31 [scrapy.middleware] INFO: Enabled downloader middlewares:
['scrapy.downloadermiddlewares.offsite.OffsiteMiddleware',
 'scrapy.downloadermiddlewares.httpauth.HttpAuthMiddleware',
 'scrapy.downloadermiddlewares.downloadtimeout.DownloadTimeoutMiddleware',
 <class 'bigdata.middlewares.ProxyMiddleware'>,
 'scrapy.downloadermiddlewares.defaultheaders.DefaultHeadersMiddleware',
 'scrapy.downloadermiddlewares.httpproxy.HttpProxyMiddleware',
 'scrapy_user_agents.middlewares.RandomUserAgentMiddleware',
 <class 'bigdata.middlewares.FailedRequestExportMiddleware'>,
 'scrapy.downloadermiddlewares.retry.RetryMiddleware',
 'scrapy.downloadermiddlewares.redirect.MetaRefreshMiddleware',
 'scrapy.downloadermiddlewares.httpcompression.HttpCompressionMiddleware',
 'scrapy.downloadermiddlewares.redirect.RedirectMiddleware',
 'scrapy.downloadermiddlewares.cookies.CookiesMiddleware',
 'scrapy.downloadermiddlewares.stats.DownloaderStats']
2025-10-21 18:16:31 [scrapy.middleware] INFO: Enabled spider middlewares:
['scrapy.spidermiddlewares.start.StartSpiderMiddleware',
 'scrapy.spidermiddlewares.httperror.HttpErrorMiddleware',
 'scrapy.spidermiddlewares.referer.RefererMiddleware',
 'scrapy.spidermiddlewares.urllength.UrlLengthMiddleware',
 'scrapy.spidermiddlewares.depth.DepthMiddleware']
2025-10-21 18:16:31 [scrapy.middleware] INFO: Enabled item pipelines:
[<class 'bigdata.pipelines.CleanHtmlFragmentPipeline'>,
 <class 'bigdata.pipelines.JSONExportPipeline'>]
2025-10-21 18:16:31 [scrapy.core.engine] INFO: Spider opened
2025-10-21 18:16:31 [py.warnings] WARNING: C:\Users\ASUS ROG\AppData\Local\Packages\PythonSoftwareFoundation.Python.3.12_qbz5n2kfra8p0\LocalCache\local-packages\Python312\site-packages\scrapy\core\spidermw.py:433: ScrapyDeprecationWarning: scrapy_redis.spiders.RedisMixin (inherited by bigdata.spiders.test.TestSpider) defines the deprecated start_requests() method. start_requests() has been deprecated in favor of a new method, start(), to support asynchronous code execution. start_requests() will stop being called in a future version of Scrapy. If you use Scrapy 2.13 or higher only, replace start_requests() with start(); note that start() is a coroutine (async def). If you need to maintain compatibility with lower Scrapy versions, when overriding start_requests() in a spider class, override start() as well; you can use super() to reuse the inherited start() implementation without copy-pasting. See the release notes of Scrapy 2.13 for details: https://docs.scrapy.org/en/2.13/news.html
  warn(

2025-10-21 18:16:31 [bigdata.pipelines] INFO: JSONExportPipeline: Buffer=10000 items, Flush interval=60s
2025-10-21 18:16:31 [bigdata.pipelines] INFO: Background flusher thread started
2025-10-21 18:16:31 [scrapy.extensions.logstats] INFO: Crawled 0 pages (at 0 pages/min), scraped 0 items (at 0 items/min)
2025-10-21 18:16:31 [bigdata.middlewares] INFO: Failed requests will be logged to: failed_requests\test_failed_requests_20251021_181631.jsonl
2025-10-21 18:16:31 [scrapy.extensions.telnet] INFO: Telnet console listening on 127.0.0.1:6023
2025-10-21 18:16:31 [scrapy-playwright] INFO: Starting download handler
2025-10-21 18:16:31 [scrapy-playwright] INFO: Starting download handler
2025-10-21 18:16:41 [scrapy.crawler] INFO: Received SIGINT, shutting down gracefully. Send again to force 
2025-10-21 18:16:41 [scrapy.core.engine] INFO: Closing spider (shutdown)
2025-10-21 18:16:41 [bigdata.pipelines] INFO: Closing spider. Items buffered: 0
2025-10-21 18:28:25 [test] INFO: Reading start URLs from redis key 'test:start_urls' (batch size: 256, encoding: utf-8)
2025-10-21 18:28:25 [scrapy.addons] INFO: Enabled addons:
[]
2025-10-21 18:28:25 [py.warnings] WARNING: C:\Users\ASUS ROG\AppData\Local\Packages\PythonSoftwareFoundation.Python.3.12_qbz5n2kfra8p0\LocalCache\local-packages\Python312\site-packages\scrapy\utils\request.py:120: ScrapyDeprecationWarning: 'REQUEST_FINGERPRINTER_IMPLEMENTATION' is a deprecated setting.
It will be removed in a future version of Scrapy.
  return cls(crawler)

2025-10-21 18:28:25 [scrapy.utils.log] DEBUG: Using reactor: twisted.internet.asyncioreactor.AsyncioSelectorReactor
2025-10-21 18:28:25 [scrapy.utils.log] DEBUG: Using asyncio event loop: asyncio.windows_events._WindowsSelectorEventLoop
2025-10-21 18:28:26 [scrapy.middleware] INFO: Enabled extensions:
['scrapy.extensions.corestats.CoreStats',
 'scrapy.extensions.telnet.TelnetConsole',
 'scrapy.extensions.logstats.LogStats']
2025-10-21 18:28:26 [scrapy.crawler] INFO: Overridden settings:
{'BOT_NAME': 'google',
 'CONCURRENT_ITEMS': 2000,
 'CONCURRENT_REQUESTS': 256,
 'CONCURRENT_REQUESTS_PER_DOMAIN': 1,
 'DOWNLOAD_DELAY': 3,
 'DOWNLOAD_TIMEOUT': 60,
 'DUPEFILTER_CLASS': 'scrapy_redis.dupefilter.RFPDupeFilter',
 'LOG_FILE': 'debug.log',
 'NEWSPIDER_MODULE': 'bigdata.spiders',
 'RANDOMIZE_DOWNLOAD_DELAY': False,
 'REACTOR_THREADPOOL_MAXSIZE': 256,
 'REDIRECT_MAX_TIMES': 3,
 'REQUEST_FINGERPRINTER_IMPLEMENTATION': '2.7',
 'RETRY_HTTP_CODES': [403, 429, 500, 502, 503, 504, 520, 522, 524, 408, 599],
 'RETRY_PRIORITY_ADJUST': -5,
 'RETRY_TIMES': 4,
 'SCHEDULER': 'scrapy_redis.scheduler.Scheduler',
 'SPIDER_MODULES': ['bigdata.spiders'],
 'TELNETCONSOLE_PASSWORD': 'gringo',
 'TELNETCONSOLE_USERNAME': 'gringo',
 'USER_AGENT': 'Mozilla/5.0 (Windows NT 10.0; Win64; x64) AppleWebKit/537.36 '
               '(KHTML, like Gecko) Chrome/120.0.0.0 Safari/537.36'}
2025-10-21 18:28:27 [asyncio] DEBUG: Using proactor: IocpProactor
2025-10-21 18:28:27 [scrapy-playwright] INFO: Started loop on separate thread: <ProactorEventLoop running=True closed=False debug=False>
2025-10-21 18:28:30 [scrapy.middleware] INFO: Enabled downloader middlewares:
['scrapy.downloadermiddlewares.offsite.OffsiteMiddleware',
 'scrapy.downloadermiddlewares.httpauth.HttpAuthMiddleware',
 'scrapy.downloadermiddlewares.downloadtimeout.DownloadTimeoutMiddleware',
 <class 'bigdata.middlewares.ProxyMiddleware'>,
 'scrapy.downloadermiddlewares.defaultheaders.DefaultHeadersMiddleware',
 'scrapy.downloadermiddlewares.httpproxy.HttpProxyMiddleware',
 'scrapy_user_agents.middlewares.RandomUserAgentMiddleware',
 <class 'bigdata.middlewares.FailedRequestExportMiddleware'>,
 'scrapy.downloadermiddlewares.retry.RetryMiddleware',
 'scrapy.downloadermiddlewares.redirect.MetaRefreshMiddleware',
 'scrapy.downloadermiddlewares.httpcompression.HttpCompressionMiddleware',
 'scrapy.downloadermiddlewares.redirect.RedirectMiddleware',
 'scrapy.downloadermiddlewares.cookies.CookiesMiddleware',
 'scrapy.downloadermiddlewares.stats.DownloaderStats']
2025-10-21 18:28:30 [scrapy.middleware] INFO: Enabled spider middlewares:
['scrapy.spidermiddlewares.start.StartSpiderMiddleware',
 'scrapy.spidermiddlewares.httperror.HttpErrorMiddleware',
 'scrapy.spidermiddlewares.referer.RefererMiddleware',
 'scrapy.spidermiddlewares.urllength.UrlLengthMiddleware',
 'scrapy.spidermiddlewares.depth.DepthMiddleware']
2025-10-21 18:28:30 [scrapy.middleware] INFO: Enabled item pipelines:
[<class 'bigdata.pipelines.CleanHtmlFragmentPipeline'>,
 <class 'bigdata.pipelines.JSONExportPipeline'>]
2025-10-21 18:28:30 [scrapy.core.engine] INFO: Spider opened
2025-10-21 18:28:32 [twisted] CRITICAL: Unhandled error in Deferred:
2025-10-21 18:28:32 [twisted] CRITICAL: 
Traceback (most recent call last):
  File "C:\Users\ASUS ROG\AppData\Local\Packages\PythonSoftwareFoundation.Python.3.12_qbz5n2kfra8p0\LocalCache\local-packages\Python312\site-packages\redis\connection.py", line 389, in connect_check_health
    sock = self.retry.call_with_retry(
           ^^^^^^^^^^^^^^^^^^^^^^^^^^^
  File "C:\Users\ASUS ROG\AppData\Local\Packages\PythonSoftwareFoundation.Python.3.12_qbz5n2kfra8p0\LocalCache\local-packages\Python312\site-packages\redis\retry.py", line 105, in call_with_retry
    return do()
           ^^^^
  File "C:\Users\ASUS ROG\AppData\Local\Packages\PythonSoftwareFoundation.Python.3.12_qbz5n2kfra8p0\LocalCache\local-packages\Python312\site-packages\redis\connection.py", line 390, in <lambda>
    lambda: self._connect(), lambda error: self.disconnect(error)
            ^^^^^^^^^^^^^^^
  File "C:\Users\ASUS ROG\AppData\Local\Packages\PythonSoftwareFoundation.Python.3.12_qbz5n2kfra8p0\LocalCache\local-packages\Python312\site-packages\redis\connection.py", line 803, in _connect
    raise err
  File "C:\Users\ASUS ROG\AppData\Local\Packages\PythonSoftwareFoundation.Python.3.12_qbz5n2kfra8p0\LocalCache\local-packages\Python312\site-packages\redis\connection.py", line 787, in _connect
    sock.connect(socket_address)
ConnectionRefusedError: [WinError 10061] No connection could be made because the target machine actively refused it

During handling of the above exception, another exception occurred:

Traceback (most recent call last):
  File "C:\Users\ASUS ROG\AppData\Local\Packages\PythonSoftwareFoundation.Python.3.12_qbz5n2kfra8p0\LocalCache\local-packages\Python312\site-packages\scrapy\crawler.py", line 157, in crawl
    yield self.engine.open_spider(self.spider)
  File "C:\Users\ASUS ROG\AppData\Local\Packages\PythonSoftwareFoundation.Python.3.12_qbz5n2kfra8p0\LocalCache\local-packages\Python312\site-packages\twisted\internet\defer.py", line 1257, in adapt
    extracted: _SelfResultT | Failure = result.result()
                                        ^^^^^^^^^^^^^^^
  File "C:\Users\ASUS ROG\AppData\Local\Packages\PythonSoftwareFoundation.Python.3.12_qbz5n2kfra8p0\LocalCache\local-packages\Python312\site-packages\scrapy\core\engine.py", line 441, in open_spider
    scheduler = build_from_crawler(self.scheduler_cls, self.crawler)
                ^^^^^^^^^^^^^^^^^^^^^^^^^^^^^^^^^^^^^^^^^^^^^^^^^^^^
  File "C:\Users\ASUS ROG\AppData\Local\Packages\PythonSoftwareFoundation.Python.3.12_qbz5n2kfra8p0\LocalCache\local-packages\Python312\site-packages\scrapy\utils\misc.py", line 187, in build_from_crawler
    instance = objcls.from_crawler(crawler, *args, **kwargs)  # type: ignore[attr-defined]
               ^^^^^^^^^^^^^^^^^^^^^^^^^^^^^^^^^^^^^^^^^^^^^
  File "C:\Users\ASUS ROG\AppData\Local\Packages\PythonSoftwareFoundation.Python.3.12_qbz5n2kfra8p0\LocalCache\local-packages\Python312\site-packages\scrapy_redis\scheduler.py", line 128, in from_crawler
    instance = cls.from_settings(crawler.settings)
               ^^^^^^^^^^^^^^^^^^^^^^^^^^^^^^^^^^^
  File "C:\Users\ASUS ROG\AppData\Local\Packages\PythonSoftwareFoundation.Python.3.12_qbz5n2kfra8p0\LocalCache\local-packages\Python312\site-packages\scrapy_redis\scheduler.py", line 122, in from_settings
    server.ping()
  File "C:\Users\ASUS ROG\AppData\Local\Packages\PythonSoftwareFoundation.Python.3.12_qbz5n2kfra8p0\LocalCache\local-packages\Python312\site-packages\redis\commands\core.py", line 1219, in ping
    return self.execute_command("PING", **kwargs)
           ^^^^^^^^^^^^^^^^^^^^^^^^^^^^^^^^^^^^^^
  File "C:\Users\ASUS ROG\AppData\Local\Packages\PythonSoftwareFoundation.Python.3.12_qbz5n2kfra8p0\LocalCache\local-packages\Python312\site-packages\redis\client.py", line 621, in execute_command
    return self._execute_command(*args, **options)
           ^^^^^^^^^^^^^^^^^^^^^^^^^^^^^^^^^^^^^^^
  File "C:\Users\ASUS ROG\AppData\Local\Packages\PythonSoftwareFoundation.Python.3.12_qbz5n2kfra8p0\LocalCache\local-packages\Python312\site-packages\redis\client.py", line 627, in _execute_command
    conn = self.connection or pool.get_connection()
                              ^^^^^^^^^^^^^^^^^^^^^
  File "C:\Users\ASUS ROG\AppData\Local\Packages\PythonSoftwareFoundation.Python.3.12_qbz5n2kfra8p0\LocalCache\local-packages\Python312\site-packages\redis\utils.py", line 195, in wrapper
    return func(*args, **kwargs)
           ^^^^^^^^^^^^^^^^^^^^^
  File "C:\Users\ASUS ROG\AppData\Local\Packages\PythonSoftwareFoundation.Python.3.12_qbz5n2kfra8p0\LocalCache\local-packages\Python312\site-packages\redis\connection.py", line 1533, in get_connection
    connection.connect()
  File "C:\Users\ASUS ROG\AppData\Local\Packages\PythonSoftwareFoundation.Python.3.12_qbz5n2kfra8p0\LocalCache\local-packages\Python312\site-packages\redis\connection.py", line 380, in connect
    self.connect_check_health(check_health=True)
  File "C:\Users\ASUS ROG\AppData\Local\Packages\PythonSoftwareFoundation.Python.3.12_qbz5n2kfra8p0\LocalCache\local-packages\Python312\site-packages\redis\connection.py", line 397, in connect_check_health
    raise ConnectionError(self._error_message(e))
redis.exceptions.ConnectionError: Error 10061 connecting to 127.0.0.1:6379. No connection could be made because the target machine actively refused it.

During handling of the above exception, another exception occurred:

Traceback (most recent call last):
  File "C:\Users\ASUS ROG\AppData\Local\Packages\PythonSoftwareFoundation.Python.3.12_qbz5n2kfra8p0\LocalCache\local-packages\Python312\site-packages\twisted\internet\defer.py", line 1853, in _inlineCallbacks
    result = context.run(
             ^^^^^^^^^^^^
  File "C:\Users\ASUS ROG\AppData\Local\Packages\PythonSoftwareFoundation.Python.3.12_qbz5n2kfra8p0\LocalCache\local-packages\Python312\site-packages\twisted\python\failure.py", line 467, in throwExceptionIntoGenerator
    return g.throw(self.value.with_traceback(self.tb))
           ^^^^^^^^^^^^^^^^^^^^^^^^^^^^^^^^^^^^^^^^^^^
  File "C:\Users\ASUS ROG\AppData\Local\Packages\PythonSoftwareFoundation.Python.3.12_qbz5n2kfra8p0\LocalCache\local-packages\Python312\site-packages\scrapy\crawler.py", line 162, in crawl
    yield self.engine.close()
          ^^^^^^^^^^^^^^^^^^^
  File "C:\Users\ASUS ROG\AppData\Local\Packages\PythonSoftwareFoundation.Python.3.12_qbz5n2kfra8p0\LocalCache\local-packages\Python312\site-packages\scrapy\core\engine.py", line 180, in close
    return self.close_spider(
           ^^^^^^^^^^^^^^^^^^
  File "C:\Users\ASUS ROG\AppData\Local\Packages\PythonSoftwareFoundation.Python.3.12_qbz5n2kfra8p0\LocalCache\local-packages\Python312\site-packages\scrapy\core\engine.py", line 481, in close_spider
    raise RuntimeError("Engine slot not assigned")
RuntimeError: Engine slot not assigned
2025-10-21 18:29:19 [test] INFO: Reading start URLs from redis key 'test:start_urls' (batch size: 256, encoding: utf-8)
2025-10-21 18:29:19 [scrapy.addons] INFO: Enabled addons:
[]
2025-10-21 18:29:19 [py.warnings] WARNING: C:\Users\ASUS ROG\AppData\Local\Packages\PythonSoftwareFoundation.Python.3.12_qbz5n2kfra8p0\LocalCache\local-packages\Python312\site-packages\scrapy\utils\request.py:120: ScrapyDeprecationWarning: 'REQUEST_FINGERPRINTER_IMPLEMENTATION' is a deprecated setting.
It will be removed in a future version of Scrapy.
  return cls(crawler)

2025-10-21 18:29:19 [scrapy.utils.log] DEBUG: Using reactor: twisted.internet.asyncioreactor.AsyncioSelectorReactor
2025-10-21 18:29:19 [scrapy.utils.log] DEBUG: Using asyncio event loop: asyncio.windows_events._WindowsSelectorEventLoop
2025-10-21 18:29:19 [scrapy.middleware] INFO: Enabled extensions:
['scrapy.extensions.corestats.CoreStats',
 'scrapy.extensions.telnet.TelnetConsole',
 'scrapy.extensions.logstats.LogStats']
2025-10-21 18:29:19 [scrapy.crawler] INFO: Overridden settings:
{'BOT_NAME': 'google',
 'CONCURRENT_ITEMS': 2000,
 'CONCURRENT_REQUESTS': 256,
 'CONCURRENT_REQUESTS_PER_DOMAIN': 1,
 'DOWNLOAD_DELAY': 3,
 'DOWNLOAD_TIMEOUT': 60,
 'DUPEFILTER_CLASS': 'scrapy_redis.dupefilter.RFPDupeFilter',
 'LOG_FILE': 'debug.log',
 'NEWSPIDER_MODULE': 'bigdata.spiders',
 'RANDOMIZE_DOWNLOAD_DELAY': False,
 'REACTOR_THREADPOOL_MAXSIZE': 256,
 'REDIRECT_MAX_TIMES': 3,
 'REQUEST_FINGERPRINTER_IMPLEMENTATION': '2.7',
 'RETRY_HTTP_CODES': [403, 429, 500, 502, 503, 504, 520, 522, 524, 408, 599],
 'RETRY_PRIORITY_ADJUST': -5,
 'RETRY_TIMES': 4,
 'SCHEDULER': 'scrapy_redis.scheduler.Scheduler',
 'SPIDER_MODULES': ['bigdata.spiders'],
 'TELNETCONSOLE_PASSWORD': 'gringo',
 'TELNETCONSOLE_USERNAME': 'gringo',
 'USER_AGENT': 'Mozilla/5.0 (Windows NT 10.0; Win64; x64) AppleWebKit/537.36 '
               '(KHTML, like Gecko) Chrome/120.0.0.0 Safari/537.36'}
2025-10-21 18:29:19 [asyncio] DEBUG: Using proactor: IocpProactor
2025-10-21 18:29:19 [scrapy-playwright] INFO: Started loop on separate thread: <ProactorEventLoop running=True closed=False debug=False>
2025-10-21 18:29:21 [scrapy.middleware] INFO: Enabled downloader middlewares:
['scrapy.downloadermiddlewares.offsite.OffsiteMiddleware',
 'scrapy.downloadermiddlewares.httpauth.HttpAuthMiddleware',
 'scrapy.downloadermiddlewares.downloadtimeout.DownloadTimeoutMiddleware',
 <class 'bigdata.middlewares.ProxyMiddleware'>,
 'scrapy.downloadermiddlewares.defaultheaders.DefaultHeadersMiddleware',
 'scrapy.downloadermiddlewares.httpproxy.HttpProxyMiddleware',
 'scrapy_user_agents.middlewares.RandomUserAgentMiddleware',
 <class 'bigdata.middlewares.FailedRequestExportMiddleware'>,
 'scrapy.downloadermiddlewares.retry.RetryMiddleware',
 'scrapy.downloadermiddlewares.redirect.MetaRefreshMiddleware',
 'scrapy.downloadermiddlewares.httpcompression.HttpCompressionMiddleware',
 'scrapy.downloadermiddlewares.redirect.RedirectMiddleware',
 'scrapy.downloadermiddlewares.cookies.CookiesMiddleware',
 'scrapy.downloadermiddlewares.stats.DownloaderStats']
2025-10-21 18:29:21 [scrapy.middleware] INFO: Enabled spider middlewares:
['scrapy.spidermiddlewares.start.StartSpiderMiddleware',
 'scrapy.spidermiddlewares.httperror.HttpErrorMiddleware',
 'scrapy.spidermiddlewares.referer.RefererMiddleware',
 'scrapy.spidermiddlewares.urllength.UrlLengthMiddleware',
 'scrapy.spidermiddlewares.depth.DepthMiddleware']
2025-10-21 18:29:21 [scrapy.middleware] INFO: Enabled item pipelines:
[<class 'bigdata.pipelines.CleanHtmlFragmentPipeline'>,
 <class 'bigdata.pipelines.JSONExportPipeline'>]
2025-10-21 18:29:21 [scrapy.core.engine] INFO: Spider opened
2025-10-21 18:29:23 [twisted] CRITICAL: Unhandled error in Deferred:
2025-10-21 18:29:23 [twisted] CRITICAL: 
Traceback (most recent call last):
  File "C:\Users\ASUS ROG\AppData\Local\Packages\PythonSoftwareFoundation.Python.3.12_qbz5n2kfra8p0\LocalCache\local-packages\Python312\site-packages\redis\connection.py", line 389, in connect_check_health
    sock = self.retry.call_with_retry(
           ^^^^^^^^^^^^^^^^^^^^^^^^^^^
  File "C:\Users\ASUS ROG\AppData\Local\Packages\PythonSoftwareFoundation.Python.3.12_qbz5n2kfra8p0\LocalCache\local-packages\Python312\site-packages\redis\retry.py", line 105, in call_with_retry
    return do()
           ^^^^
  File "C:\Users\ASUS ROG\AppData\Local\Packages\PythonSoftwareFoundation.Python.3.12_qbz5n2kfra8p0\LocalCache\local-packages\Python312\site-packages\redis\connection.py", line 390, in <lambda>
    lambda: self._connect(), lambda error: self.disconnect(error)
            ^^^^^^^^^^^^^^^
  File "C:\Users\ASUS ROG\AppData\Local\Packages\PythonSoftwareFoundation.Python.3.12_qbz5n2kfra8p0\LocalCache\local-packages\Python312\site-packages\redis\connection.py", line 803, in _connect
    raise err
  File "C:\Users\ASUS ROG\AppData\Local\Packages\PythonSoftwareFoundation.Python.3.12_qbz5n2kfra8p0\LocalCache\local-packages\Python312\site-packages\redis\connection.py", line 787, in _connect
    sock.connect(socket_address)
ConnectionRefusedError: [WinError 10061] No connection could be made because the target machine actively refused it

During handling of the above exception, another exception occurred:

Traceback (most recent call last):
  File "C:\Users\ASUS ROG\AppData\Local\Packages\PythonSoftwareFoundation.Python.3.12_qbz5n2kfra8p0\LocalCache\local-packages\Python312\site-packages\scrapy\crawler.py", line 157, in crawl
    yield self.engine.open_spider(self.spider)
  File "C:\Users\ASUS ROG\AppData\Local\Packages\PythonSoftwareFoundation.Python.3.12_qbz5n2kfra8p0\LocalCache\local-packages\Python312\site-packages\twisted\internet\defer.py", line 1257, in adapt
    extracted: _SelfResultT | Failure = result.result()
                                        ^^^^^^^^^^^^^^^
  File "C:\Users\ASUS ROG\AppData\Local\Packages\PythonSoftwareFoundation.Python.3.12_qbz5n2kfra8p0\LocalCache\local-packages\Python312\site-packages\scrapy\core\engine.py", line 441, in open_spider
    scheduler = build_from_crawler(self.scheduler_cls, self.crawler)
                ^^^^^^^^^^^^^^^^^^^^^^^^^^^^^^^^^^^^^^^^^^^^^^^^^^^^
  File "C:\Users\ASUS ROG\AppData\Local\Packages\PythonSoftwareFoundation.Python.3.12_qbz5n2kfra8p0\LocalCache\local-packages\Python312\site-packages\scrapy\utils\misc.py", line 187, in build_from_crawler
    instance = objcls.from_crawler(crawler, *args, **kwargs)  # type: ignore[attr-defined]
               ^^^^^^^^^^^^^^^^^^^^^^^^^^^^^^^^^^^^^^^^^^^^^
  File "C:\Users\ASUS ROG\AppData\Local\Packages\PythonSoftwareFoundation.Python.3.12_qbz5n2kfra8p0\LocalCache\local-packages\Python312\site-packages\scrapy_redis\scheduler.py", line 128, in from_crawler
    instance = cls.from_settings(crawler.settings)
               ^^^^^^^^^^^^^^^^^^^^^^^^^^^^^^^^^^^
  File "C:\Users\ASUS ROG\AppData\Local\Packages\PythonSoftwareFoundation.Python.3.12_qbz5n2kfra8p0\LocalCache\local-packages\Python312\site-packages\scrapy_redis\scheduler.py", line 122, in from_settings
    server.ping()
  File "C:\Users\ASUS ROG\AppData\Local\Packages\PythonSoftwareFoundation.Python.3.12_qbz5n2kfra8p0\LocalCache\local-packages\Python312\site-packages\redis\commands\core.py", line 1219, in ping
    return self.execute_command("PING", **kwargs)
           ^^^^^^^^^^^^^^^^^^^^^^^^^^^^^^^^^^^^^^
  File "C:\Users\ASUS ROG\AppData\Local\Packages\PythonSoftwareFoundation.Python.3.12_qbz5n2kfra8p0\LocalCache\local-packages\Python312\site-packages\redis\client.py", line 621, in execute_command
    return self._execute_command(*args, **options)
           ^^^^^^^^^^^^^^^^^^^^^^^^^^^^^^^^^^^^^^^
  File "C:\Users\ASUS ROG\AppData\Local\Packages\PythonSoftwareFoundation.Python.3.12_qbz5n2kfra8p0\LocalCache\local-packages\Python312\site-packages\redis\client.py", line 627, in _execute_command
    conn = self.connection or pool.get_connection()
                              ^^^^^^^^^^^^^^^^^^^^^
  File "C:\Users\ASUS ROG\AppData\Local\Packages\PythonSoftwareFoundation.Python.3.12_qbz5n2kfra8p0\LocalCache\local-packages\Python312\site-packages\redis\utils.py", line 195, in wrapper
    return func(*args, **kwargs)
           ^^^^^^^^^^^^^^^^^^^^^
  File "C:\Users\ASUS ROG\AppData\Local\Packages\PythonSoftwareFoundation.Python.3.12_qbz5n2kfra8p0\LocalCache\local-packages\Python312\site-packages\redis\connection.py", line 1533, in get_connection
    connection.connect()
  File "C:\Users\ASUS ROG\AppData\Local\Packages\PythonSoftwareFoundation.Python.3.12_qbz5n2kfra8p0\LocalCache\local-packages\Python312\site-packages\redis\connection.py", line 380, in connect
    self.connect_check_health(check_health=True)
  File "C:\Users\ASUS ROG\AppData\Local\Packages\PythonSoftwareFoundation.Python.3.12_qbz5n2kfra8p0\LocalCache\local-packages\Python312\site-packages\redis\connection.py", line 397, in connect_check_health
    raise ConnectionError(self._error_message(e))
redis.exceptions.ConnectionError: Error 10061 connecting to 127.0.0.1:6379. No connection could be made because the target machine actively refused it.

During handling of the above exception, another exception occurred:

Traceback (most recent call last):
  File "C:\Users\ASUS ROG\AppData\Local\Packages\PythonSoftwareFoundation.Python.3.12_qbz5n2kfra8p0\LocalCache\local-packages\Python312\site-packages\twisted\internet\defer.py", line 1853, in _inlineCallbacks
    result = context.run(
             ^^^^^^^^^^^^
  File "C:\Users\ASUS ROG\AppData\Local\Packages\PythonSoftwareFoundation.Python.3.12_qbz5n2kfra8p0\LocalCache\local-packages\Python312\site-packages\twisted\python\failure.py", line 467, in throwExceptionIntoGenerator
    return g.throw(self.value.with_traceback(self.tb))
           ^^^^^^^^^^^^^^^^^^^^^^^^^^^^^^^^^^^^^^^^^^^
  File "C:\Users\ASUS ROG\AppData\Local\Packages\PythonSoftwareFoundation.Python.3.12_qbz5n2kfra8p0\LocalCache\local-packages\Python312\site-packages\scrapy\crawler.py", line 162, in crawl
    yield self.engine.close()
          ^^^^^^^^^^^^^^^^^^^
  File "C:\Users\ASUS ROG\AppData\Local\Packages\PythonSoftwareFoundation.Python.3.12_qbz5n2kfra8p0\LocalCache\local-packages\Python312\site-packages\scrapy\core\engine.py", line 180, in close
    return self.close_spider(
           ^^^^^^^^^^^^^^^^^^
  File "C:\Users\ASUS ROG\AppData\Local\Packages\PythonSoftwareFoundation.Python.3.12_qbz5n2kfra8p0\LocalCache\local-packages\Python312\site-packages\scrapy\core\engine.py", line 481, in close_spider
    raise RuntimeError("Engine slot not assigned")
RuntimeError: Engine slot not assigned
2025-10-21 18:30:18 [test] INFO: Reading start URLs from redis key 'test:start_urls' (batch size: 256, encoding: utf-8)
2025-10-21 18:30:18 [scrapy.addons] INFO: Enabled addons:
[]
2025-10-21 18:30:18 [py.warnings] WARNING: C:\Users\ASUS ROG\AppData\Local\Packages\PythonSoftwareFoundation.Python.3.12_qbz5n2kfra8p0\LocalCache\local-packages\Python312\site-packages\scrapy\utils\request.py:120: ScrapyDeprecationWarning: 'REQUEST_FINGERPRINTER_IMPLEMENTATION' is a deprecated setting.
It will be removed in a future version of Scrapy.
  return cls(crawler)

2025-10-21 18:30:18 [scrapy.utils.log] DEBUG: Using reactor: twisted.internet.asyncioreactor.AsyncioSelectorReactor
2025-10-21 18:30:18 [scrapy.utils.log] DEBUG: Using asyncio event loop: asyncio.windows_events._WindowsSelectorEventLoop
2025-10-21 18:30:18 [scrapy.middleware] INFO: Enabled extensions:
['scrapy.extensions.corestats.CoreStats',
 'scrapy.extensions.telnet.TelnetConsole',
 'scrapy.extensions.logstats.LogStats']
2025-10-21 18:30:18 [scrapy.crawler] INFO: Overridden settings:
{'BOT_NAME': 'google',
 'CONCURRENT_ITEMS': 2000,
 'CONCURRENT_REQUESTS': 256,
 'CONCURRENT_REQUESTS_PER_DOMAIN': 1,
 'DOWNLOAD_DELAY': 3,
 'DOWNLOAD_TIMEOUT': 60,
 'DUPEFILTER_CLASS': 'scrapy_redis.dupefilter.RFPDupeFilter',
 'LOG_FILE': 'debug.log',
 'NEWSPIDER_MODULE': 'bigdata.spiders',
 'RANDOMIZE_DOWNLOAD_DELAY': False,
 'REACTOR_THREADPOOL_MAXSIZE': 256,
 'REDIRECT_MAX_TIMES': 3,
 'REQUEST_FINGERPRINTER_IMPLEMENTATION': '2.7',
 'RETRY_HTTP_CODES': [403, 429, 500, 502, 503, 504, 520, 522, 524, 408, 599],
 'RETRY_PRIORITY_ADJUST': -5,
 'RETRY_TIMES': 4,
 'SCHEDULER': 'scrapy_redis.scheduler.Scheduler',
 'SPIDER_MODULES': ['bigdata.spiders'],
 'TELNETCONSOLE_PASSWORD': 'gringo',
 'TELNETCONSOLE_USERNAME': 'gringo',
 'USER_AGENT': 'Mozilla/5.0 (Windows NT 10.0; Win64; x64) AppleWebKit/537.36 '
               '(KHTML, like Gecko) Chrome/120.0.0.0 Safari/537.36'}
2025-10-21 18:30:19 [asyncio] DEBUG: Using proactor: IocpProactor
2025-10-21 18:30:19 [scrapy-playwright] INFO: Started loop on separate thread: <ProactorEventLoop running=True closed=False debug=False>
2025-10-21 18:30:21 [scrapy.middleware] INFO: Enabled downloader middlewares:
['scrapy.downloadermiddlewares.offsite.OffsiteMiddleware',
 'scrapy.downloadermiddlewares.httpauth.HttpAuthMiddleware',
 'scrapy.downloadermiddlewares.downloadtimeout.DownloadTimeoutMiddleware',
 <class 'bigdata.middlewares.ProxyMiddleware'>,
 'scrapy.downloadermiddlewares.defaultheaders.DefaultHeadersMiddleware',
 'scrapy.downloadermiddlewares.httpproxy.HttpProxyMiddleware',
 'scrapy_user_agents.middlewares.RandomUserAgentMiddleware',
 <class 'bigdata.middlewares.FailedRequestExportMiddleware'>,
 'scrapy.downloadermiddlewares.retry.RetryMiddleware',
 'scrapy.downloadermiddlewares.redirect.MetaRefreshMiddleware',
 'scrapy.downloadermiddlewares.httpcompression.HttpCompressionMiddleware',
 'scrapy.downloadermiddlewares.redirect.RedirectMiddleware',
 'scrapy.downloadermiddlewares.cookies.CookiesMiddleware',
 'scrapy.downloadermiddlewares.stats.DownloaderStats']
2025-10-21 18:30:21 [scrapy.middleware] INFO: Enabled spider middlewares:
['scrapy.spidermiddlewares.start.StartSpiderMiddleware',
 'scrapy.spidermiddlewares.httperror.HttpErrorMiddleware',
 'scrapy.spidermiddlewares.referer.RefererMiddleware',
 'scrapy.spidermiddlewares.urllength.UrlLengthMiddleware',
 'scrapy.spidermiddlewares.depth.DepthMiddleware']
2025-10-21 18:30:21 [scrapy.middleware] INFO: Enabled item pipelines:
[<class 'bigdata.pipelines.CleanHtmlFragmentPipeline'>,
 <class 'bigdata.pipelines.JSONExportPipeline'>]
2025-10-21 18:30:21 [scrapy.core.engine] INFO: Spider opened
2025-10-21 18:30:23 [twisted] CRITICAL: Unhandled error in Deferred:
2025-10-21 18:30:23 [twisted] CRITICAL: 
Traceback (most recent call last):
  File "C:\Users\ASUS ROG\AppData\Local\Packages\PythonSoftwareFoundation.Python.3.12_qbz5n2kfra8p0\LocalCache\local-packages\Python312\site-packages\redis\connection.py", line 389, in connect_check_health
    sock = self.retry.call_with_retry(
           ^^^^^^^^^^^^^^^^^^^^^^^^^^^
  File "C:\Users\ASUS ROG\AppData\Local\Packages\PythonSoftwareFoundation.Python.3.12_qbz5n2kfra8p0\LocalCache\local-packages\Python312\site-packages\redis\retry.py", line 105, in call_with_retry
    return do()
           ^^^^
  File "C:\Users\ASUS ROG\AppData\Local\Packages\PythonSoftwareFoundation.Python.3.12_qbz5n2kfra8p0\LocalCache\local-packages\Python312\site-packages\redis\connection.py", line 390, in <lambda>
    lambda: self._connect(), lambda error: self.disconnect(error)
            ^^^^^^^^^^^^^^^
  File "C:\Users\ASUS ROG\AppData\Local\Packages\PythonSoftwareFoundation.Python.3.12_qbz5n2kfra8p0\LocalCache\local-packages\Python312\site-packages\redis\connection.py", line 803, in _connect
    raise err
  File "C:\Users\ASUS ROG\AppData\Local\Packages\PythonSoftwareFoundation.Python.3.12_qbz5n2kfra8p0\LocalCache\local-packages\Python312\site-packages\redis\connection.py", line 787, in _connect
    sock.connect(socket_address)
ConnectionRefusedError: [WinError 10061] No connection could be made because the target machine actively refused it

During handling of the above exception, another exception occurred:

Traceback (most recent call last):
  File "C:\Users\ASUS ROG\AppData\Local\Packages\PythonSoftwareFoundation.Python.3.12_qbz5n2kfra8p0\LocalCache\local-packages\Python312\site-packages\scrapy\crawler.py", line 157, in crawl
    yield self.engine.open_spider(self.spider)
  File "C:\Users\ASUS ROG\AppData\Local\Packages\PythonSoftwareFoundation.Python.3.12_qbz5n2kfra8p0\LocalCache\local-packages\Python312\site-packages\twisted\internet\defer.py", line 1257, in adapt
    extracted: _SelfResultT | Failure = result.result()
                                        ^^^^^^^^^^^^^^^
  File "C:\Users\ASUS ROG\AppData\Local\Packages\PythonSoftwareFoundation.Python.3.12_qbz5n2kfra8p0\LocalCache\local-packages\Python312\site-packages\scrapy\core\engine.py", line 441, in open_spider
    scheduler = build_from_crawler(self.scheduler_cls, self.crawler)
                ^^^^^^^^^^^^^^^^^^^^^^^^^^^^^^^^^^^^^^^^^^^^^^^^^^^^
  File "C:\Users\ASUS ROG\AppData\Local\Packages\PythonSoftwareFoundation.Python.3.12_qbz5n2kfra8p0\LocalCache\local-packages\Python312\site-packages\scrapy\utils\misc.py", line 187, in build_from_crawler
    instance = objcls.from_crawler(crawler, *args, **kwargs)  # type: ignore[attr-defined]
               ^^^^^^^^^^^^^^^^^^^^^^^^^^^^^^^^^^^^^^^^^^^^^
  File "C:\Users\ASUS ROG\AppData\Local\Packages\PythonSoftwareFoundation.Python.3.12_qbz5n2kfra8p0\LocalCache\local-packages\Python312\site-packages\scrapy_redis\scheduler.py", line 128, in from_crawler
    instance = cls.from_settings(crawler.settings)
               ^^^^^^^^^^^^^^^^^^^^^^^^^^^^^^^^^^^
  File "C:\Users\ASUS ROG\AppData\Local\Packages\PythonSoftwareFoundation.Python.3.12_qbz5n2kfra8p0\LocalCache\local-packages\Python312\site-packages\scrapy_redis\scheduler.py", line 122, in from_settings
    server.ping()
  File "C:\Users\ASUS ROG\AppData\Local\Packages\PythonSoftwareFoundation.Python.3.12_qbz5n2kfra8p0\LocalCache\local-packages\Python312\site-packages\redis\commands\core.py", line 1219, in ping
    return self.execute_command("PING", **kwargs)
           ^^^^^^^^^^^^^^^^^^^^^^^^^^^^^^^^^^^^^^
  File "C:\Users\ASUS ROG\AppData\Local\Packages\PythonSoftwareFoundation.Python.3.12_qbz5n2kfra8p0\LocalCache\local-packages\Python312\site-packages\redis\client.py", line 621, in execute_command
    return self._execute_command(*args, **options)
           ^^^^^^^^^^^^^^^^^^^^^^^^^^^^^^^^^^^^^^^
  File "C:\Users\ASUS ROG\AppData\Local\Packages\PythonSoftwareFoundation.Python.3.12_qbz5n2kfra8p0\LocalCache\local-packages\Python312\site-packages\redis\client.py", line 627, in _execute_command
    conn = self.connection or pool.get_connection()
                              ^^^^^^^^^^^^^^^^^^^^^
  File "C:\Users\ASUS ROG\AppData\Local\Packages\PythonSoftwareFoundation.Python.3.12_qbz5n2kfra8p0\LocalCache\local-packages\Python312\site-packages\redis\utils.py", line 195, in wrapper
    return func(*args, **kwargs)
           ^^^^^^^^^^^^^^^^^^^^^
  File "C:\Users\ASUS ROG\AppData\Local\Packages\PythonSoftwareFoundation.Python.3.12_qbz5n2kfra8p0\LocalCache\local-packages\Python312\site-packages\redis\connection.py", line 1533, in get_connection
    connection.connect()
  File "C:\Users\ASUS ROG\AppData\Local\Packages\PythonSoftwareFoundation.Python.3.12_qbz5n2kfra8p0\LocalCache\local-packages\Python312\site-packages\redis\connection.py", line 380, in connect
    self.connect_check_health(check_health=True)
  File "C:\Users\ASUS ROG\AppData\Local\Packages\PythonSoftwareFoundation.Python.3.12_qbz5n2kfra8p0\LocalCache\local-packages\Python312\site-packages\redis\connection.py", line 397, in connect_check_health
    raise ConnectionError(self._error_message(e))
redis.exceptions.ConnectionError: Error 10061 connecting to 127.0.0.1:6379. No connection could be made because the target machine actively refused it.

During handling of the above exception, another exception occurred:

Traceback (most recent call last):
  File "C:\Users\ASUS ROG\AppData\Local\Packages\PythonSoftwareFoundation.Python.3.12_qbz5n2kfra8p0\LocalCache\local-packages\Python312\site-packages\twisted\internet\defer.py", line 1853, in _inlineCallbacks
    result = context.run(
             ^^^^^^^^^^^^
  File "C:\Users\ASUS ROG\AppData\Local\Packages\PythonSoftwareFoundation.Python.3.12_qbz5n2kfra8p0\LocalCache\local-packages\Python312\site-packages\twisted\python\failure.py", line 467, in throwExceptionIntoGenerator
    return g.throw(self.value.with_traceback(self.tb))
           ^^^^^^^^^^^^^^^^^^^^^^^^^^^^^^^^^^^^^^^^^^^
  File "C:\Users\ASUS ROG\AppData\Local\Packages\PythonSoftwareFoundation.Python.3.12_qbz5n2kfra8p0\LocalCache\local-packages\Python312\site-packages\scrapy\crawler.py", line 162, in crawl
    yield self.engine.close()
          ^^^^^^^^^^^^^^^^^^^
  File "C:\Users\ASUS ROG\AppData\Local\Packages\PythonSoftwareFoundation.Python.3.12_qbz5n2kfra8p0\LocalCache\local-packages\Python312\site-packages\scrapy\core\engine.py", line 180, in close
    return self.close_spider(
           ^^^^^^^^^^^^^^^^^^
  File "C:\Users\ASUS ROG\AppData\Local\Packages\PythonSoftwareFoundation.Python.3.12_qbz5n2kfra8p0\LocalCache\local-packages\Python312\site-packages\scrapy\core\engine.py", line 481, in close_spider
    raise RuntimeError("Engine slot not assigned")
RuntimeError: Engine slot not assigned
2025-10-21 18:30:45 [test] INFO: Reading start URLs from redis key 'test:start_urls' (batch size: 256, encoding: utf-8)
2025-10-21 18:30:45 [scrapy.addons] INFO: Enabled addons:
[]
2025-10-21 18:30:45 [py.warnings] WARNING: C:\Users\ASUS ROG\AppData\Local\Packages\PythonSoftwareFoundation.Python.3.12_qbz5n2kfra8p0\LocalCache\local-packages\Python312\site-packages\scrapy\utils\request.py:120: ScrapyDeprecationWarning: 'REQUEST_FINGERPRINTER_IMPLEMENTATION' is a deprecated setting.
It will be removed in a future version of Scrapy.
  return cls(crawler)

2025-10-21 18:30:45 [scrapy.utils.log] DEBUG: Using reactor: twisted.internet.asyncioreactor.AsyncioSelectorReactor
2025-10-21 18:30:45 [scrapy.utils.log] DEBUG: Using asyncio event loop: asyncio.windows_events._WindowsSelectorEventLoop
2025-10-21 18:30:45 [scrapy.middleware] INFO: Enabled extensions:
['scrapy.extensions.corestats.CoreStats',
 'scrapy.extensions.telnet.TelnetConsole',
 'scrapy.extensions.logstats.LogStats']
2025-10-21 18:30:45 [scrapy.crawler] INFO: Overridden settings:
{'BOT_NAME': 'google',
 'CONCURRENT_ITEMS': 2000,
 'CONCURRENT_REQUESTS': 256,
 'CONCURRENT_REQUESTS_PER_DOMAIN': 1,
 'DOWNLOAD_DELAY': 3,
 'DOWNLOAD_TIMEOUT': 60,
 'DUPEFILTER_CLASS': 'scrapy_redis.dupefilter.RFPDupeFilter',
 'LOG_FILE': 'debug.log',
 'NEWSPIDER_MODULE': 'bigdata.spiders',
 'RANDOMIZE_DOWNLOAD_DELAY': False,
 'REACTOR_THREADPOOL_MAXSIZE': 256,
 'REDIRECT_MAX_TIMES': 3,
 'REQUEST_FINGERPRINTER_IMPLEMENTATION': '2.7',
 'RETRY_HTTP_CODES': [403, 429, 500, 502, 503, 504, 520, 522, 524, 408, 599],
 'RETRY_PRIORITY_ADJUST': -5,
 'RETRY_TIMES': 4,
 'SCHEDULER': 'scrapy_redis.scheduler.Scheduler',
 'SPIDER_MODULES': ['bigdata.spiders'],
 'TELNETCONSOLE_PASSWORD': 'gringo',
 'TELNETCONSOLE_USERNAME': 'gringo',
 'USER_AGENT': 'Mozilla/5.0 (Windows NT 10.0; Win64; x64) AppleWebKit/537.36 '
               '(KHTML, like Gecko) Chrome/120.0.0.0 Safari/537.36'}
2025-10-21 18:30:45 [asyncio] DEBUG: Using proactor: IocpProactor
2025-10-21 18:30:45 [scrapy-playwright] INFO: Started loop on separate thread: <ProactorEventLoop running=True closed=False debug=False>
2025-10-21 18:30:47 [scrapy.middleware] INFO: Enabled downloader middlewares:
['scrapy.downloadermiddlewares.offsite.OffsiteMiddleware',
 'scrapy.downloadermiddlewares.httpauth.HttpAuthMiddleware',
 'scrapy.downloadermiddlewares.downloadtimeout.DownloadTimeoutMiddleware',
 <class 'bigdata.middlewares.ProxyMiddleware'>,
 'scrapy.downloadermiddlewares.defaultheaders.DefaultHeadersMiddleware',
 'scrapy.downloadermiddlewares.httpproxy.HttpProxyMiddleware',
 'scrapy_user_agents.middlewares.RandomUserAgentMiddleware',
 <class 'bigdata.middlewares.FailedRequestExportMiddleware'>,
 'scrapy.downloadermiddlewares.retry.RetryMiddleware',
 'scrapy.downloadermiddlewares.redirect.MetaRefreshMiddleware',
 'scrapy.downloadermiddlewares.httpcompression.HttpCompressionMiddleware',
 'scrapy.downloadermiddlewares.redirect.RedirectMiddleware',
 'scrapy.downloadermiddlewares.cookies.CookiesMiddleware',
 'scrapy.downloadermiddlewares.stats.DownloaderStats']
2025-10-21 18:30:47 [scrapy.middleware] INFO: Enabled spider middlewares:
['scrapy.spidermiddlewares.start.StartSpiderMiddleware',
 'scrapy.spidermiddlewares.httperror.HttpErrorMiddleware',
 'scrapy.spidermiddlewares.referer.RefererMiddleware',
 'scrapy.spidermiddlewares.urllength.UrlLengthMiddleware',
 'scrapy.spidermiddlewares.depth.DepthMiddleware']
2025-10-21 18:30:47 [scrapy.middleware] INFO: Enabled item pipelines:
[<class 'bigdata.pipelines.CleanHtmlFragmentPipeline'>,
 <class 'bigdata.pipelines.JSONExportPipeline'>]
2025-10-21 18:30:47 [scrapy.core.engine] INFO: Spider opened
2025-10-21 18:30:49 [twisted] CRITICAL: Unhandled error in Deferred:
2025-10-21 18:30:49 [twisted] CRITICAL: 
Traceback (most recent call last):
  File "C:\Users\ASUS ROG\AppData\Local\Packages\PythonSoftwareFoundation.Python.3.12_qbz5n2kfra8p0\LocalCache\local-packages\Python312\site-packages\redis\connection.py", line 389, in connect_check_health
    sock = self.retry.call_with_retry(
           ^^^^^^^^^^^^^^^^^^^^^^^^^^^
  File "C:\Users\ASUS ROG\AppData\Local\Packages\PythonSoftwareFoundation.Python.3.12_qbz5n2kfra8p0\LocalCache\local-packages\Python312\site-packages\redis\retry.py", line 105, in call_with_retry
    return do()
           ^^^^
  File "C:\Users\ASUS ROG\AppData\Local\Packages\PythonSoftwareFoundation.Python.3.12_qbz5n2kfra8p0\LocalCache\local-packages\Python312\site-packages\redis\connection.py", line 390, in <lambda>
    lambda: self._connect(), lambda error: self.disconnect(error)
            ^^^^^^^^^^^^^^^
  File "C:\Users\ASUS ROG\AppData\Local\Packages\PythonSoftwareFoundation.Python.3.12_qbz5n2kfra8p0\LocalCache\local-packages\Python312\site-packages\redis\connection.py", line 803, in _connect
    raise err
  File "C:\Users\ASUS ROG\AppData\Local\Packages\PythonSoftwareFoundation.Python.3.12_qbz5n2kfra8p0\LocalCache\local-packages\Python312\site-packages\redis\connection.py", line 787, in _connect
    sock.connect(socket_address)
ConnectionRefusedError: [WinError 10061] No connection could be made because the target machine actively refused it

During handling of the above exception, another exception occurred:

Traceback (most recent call last):
  File "C:\Users\ASUS ROG\AppData\Local\Packages\PythonSoftwareFoundation.Python.3.12_qbz5n2kfra8p0\LocalCache\local-packages\Python312\site-packages\scrapy\crawler.py", line 157, in crawl
    yield self.engine.open_spider(self.spider)
  File "C:\Users\ASUS ROG\AppData\Local\Packages\PythonSoftwareFoundation.Python.3.12_qbz5n2kfra8p0\LocalCache\local-packages\Python312\site-packages\twisted\internet\defer.py", line 1257, in adapt
    extracted: _SelfResultT | Failure = result.result()
                                        ^^^^^^^^^^^^^^^
  File "C:\Users\ASUS ROG\AppData\Local\Packages\PythonSoftwareFoundation.Python.3.12_qbz5n2kfra8p0\LocalCache\local-packages\Python312\site-packages\scrapy\core\engine.py", line 441, in open_spider
    scheduler = build_from_crawler(self.scheduler_cls, self.crawler)
                ^^^^^^^^^^^^^^^^^^^^^^^^^^^^^^^^^^^^^^^^^^^^^^^^^^^^
  File "C:\Users\ASUS ROG\AppData\Local\Packages\PythonSoftwareFoundation.Python.3.12_qbz5n2kfra8p0\LocalCache\local-packages\Python312\site-packages\scrapy\utils\misc.py", line 187, in build_from_crawler
    instance = objcls.from_crawler(crawler, *args, **kwargs)  # type: ignore[attr-defined]
               ^^^^^^^^^^^^^^^^^^^^^^^^^^^^^^^^^^^^^^^^^^^^^
  File "C:\Users\ASUS ROG\AppData\Local\Packages\PythonSoftwareFoundation.Python.3.12_qbz5n2kfra8p0\LocalCache\local-packages\Python312\site-packages\scrapy_redis\scheduler.py", line 128, in from_crawler
    instance = cls.from_settings(crawler.settings)
               ^^^^^^^^^^^^^^^^^^^^^^^^^^^^^^^^^^^
  File "C:\Users\ASUS ROG\AppData\Local\Packages\PythonSoftwareFoundation.Python.3.12_qbz5n2kfra8p0\LocalCache\local-packages\Python312\site-packages\scrapy_redis\scheduler.py", line 122, in from_settings
    server.ping()
  File "C:\Users\ASUS ROG\AppData\Local\Packages\PythonSoftwareFoundation.Python.3.12_qbz5n2kfra8p0\LocalCache\local-packages\Python312\site-packages\redis\commands\core.py", line 1219, in ping
    return self.execute_command("PING", **kwargs)
           ^^^^^^^^^^^^^^^^^^^^^^^^^^^^^^^^^^^^^^
  File "C:\Users\ASUS ROG\AppData\Local\Packages\PythonSoftwareFoundation.Python.3.12_qbz5n2kfra8p0\LocalCache\local-packages\Python312\site-packages\redis\client.py", line 621, in execute_command
    return self._execute_command(*args, **options)
           ^^^^^^^^^^^^^^^^^^^^^^^^^^^^^^^^^^^^^^^
  File "C:\Users\ASUS ROG\AppData\Local\Packages\PythonSoftwareFoundation.Python.3.12_qbz5n2kfra8p0\LocalCache\local-packages\Python312\site-packages\redis\client.py", line 627, in _execute_command
    conn = self.connection or pool.get_connection()
                              ^^^^^^^^^^^^^^^^^^^^^
  File "C:\Users\ASUS ROG\AppData\Local\Packages\PythonSoftwareFoundation.Python.3.12_qbz5n2kfra8p0\LocalCache\local-packages\Python312\site-packages\redis\utils.py", line 195, in wrapper
    return func(*args, **kwargs)
           ^^^^^^^^^^^^^^^^^^^^^
  File "C:\Users\ASUS ROG\AppData\Local\Packages\PythonSoftwareFoundation.Python.3.12_qbz5n2kfra8p0\LocalCache\local-packages\Python312\site-packages\redis\connection.py", line 1533, in get_connection
    connection.connect()
  File "C:\Users\ASUS ROG\AppData\Local\Packages\PythonSoftwareFoundation.Python.3.12_qbz5n2kfra8p0\LocalCache\local-packages\Python312\site-packages\redis\connection.py", line 380, in connect
    self.connect_check_health(check_health=True)
  File "C:\Users\ASUS ROG\AppData\Local\Packages\PythonSoftwareFoundation.Python.3.12_qbz5n2kfra8p0\LocalCache\local-packages\Python312\site-packages\redis\connection.py", line 397, in connect_check_health
    raise ConnectionError(self._error_message(e))
redis.exceptions.ConnectionError: Error 10061 connecting to 127.0.0.1:6379. No connection could be made because the target machine actively refused it.

During handling of the above exception, another exception occurred:

Traceback (most recent call last):
  File "C:\Users\ASUS ROG\AppData\Local\Packages\PythonSoftwareFoundation.Python.3.12_qbz5n2kfra8p0\LocalCache\local-packages\Python312\site-packages\twisted\internet\defer.py", line 1853, in _inlineCallbacks
    result = context.run(
             ^^^^^^^^^^^^
  File "C:\Users\ASUS ROG\AppData\Local\Packages\PythonSoftwareFoundation.Python.3.12_qbz5n2kfra8p0\LocalCache\local-packages\Python312\site-packages\twisted\python\failure.py", line 467, in throwExceptionIntoGenerator
    return g.throw(self.value.with_traceback(self.tb))
           ^^^^^^^^^^^^^^^^^^^^^^^^^^^^^^^^^^^^^^^^^^^
  File "C:\Users\ASUS ROG\AppData\Local\Packages\PythonSoftwareFoundation.Python.3.12_qbz5n2kfra8p0\LocalCache\local-packages\Python312\site-packages\scrapy\crawler.py", line 162, in crawl
    yield self.engine.close()
          ^^^^^^^^^^^^^^^^^^^
  File "C:\Users\ASUS ROG\AppData\Local\Packages\PythonSoftwareFoundation.Python.3.12_qbz5n2kfra8p0\LocalCache\local-packages\Python312\site-packages\scrapy\core\engine.py", line 180, in close
    return self.close_spider(
           ^^^^^^^^^^^^^^^^^^
  File "C:\Users\ASUS ROG\AppData\Local\Packages\PythonSoftwareFoundation.Python.3.12_qbz5n2kfra8p0\LocalCache\local-packages\Python312\site-packages\scrapy\core\engine.py", line 481, in close_spider
    raise RuntimeError("Engine slot not assigned")
RuntimeError: Engine slot not assigned
2025-10-21 18:31:31 [test] INFO: Reading start URLs from redis key 'test:start_urls' (batch size: 256, encoding: utf-8)
2025-10-21 18:31:31 [scrapy.addons] INFO: Enabled addons:
[]
2025-10-21 18:31:31 [scrapy.utils.log] DEBUG: Using reactor: twisted.internet.asyncioreactor.AsyncioSelectorReactor
2025-10-21 18:31:31 [scrapy.utils.log] DEBUG: Using asyncio event loop: asyncio.unix_events._UnixSelectorEventLoop
2025-10-21 18:31:32 [scrapy.middleware] INFO: Enabled extensions:
['scrapy.extensions.corestats.CoreStats',
 'scrapy.extensions.memusage.MemoryUsage',
 'scrapy.extensions.telnet.TelnetConsole',
 'scrapy.extensions.logstats.LogStats']
2025-10-21 18:31:32 [scrapy.crawler] INFO: Overridden settings:
{'BOT_NAME': 'google',
 'CONCURRENT_ITEMS': 2000,
 'CONCURRENT_REQUESTS': 256,
 'CONCURRENT_REQUESTS_PER_DOMAIN': 1,
 'DOWNLOAD_DELAY': 3,
 'DOWNLOAD_TIMEOUT': 60,
 'DUPEFILTER_CLASS': 'scrapy_redis.dupefilter.RFPDupeFilter',
 'LOG_FILE': 'debug.log',
 'NEWSPIDER_MODULE': 'bigdata.spiders',
 'RANDOMIZE_DOWNLOAD_DELAY': False,
 'REACTOR_THREADPOOL_MAXSIZE': 256,
 'REDIRECT_MAX_TIMES': 3,
 'REQUEST_FINGERPRINTER_IMPLEMENTATION': '2.7',
 'RETRY_HTTP_CODES': [403, 429, 500, 502, 503, 504, 520, 522, 524, 408, 599],
 'RETRY_PRIORITY_ADJUST': -5,
 'RETRY_TIMES': 4,
 'SCHEDULER': 'scrapy_redis.scheduler.Scheduler',
 'SPIDER_MODULES': ['bigdata.spiders'],
 'TELNETCONSOLE_PASSWORD': 'gringo',
 'TELNETCONSOLE_USERNAME': 'gringo',
 'USER_AGENT': 'Mozilla/5.0 (Windows NT 10.0; Win64; x64) AppleWebKit/537.36 '
               '(KHTML, like Gecko) Chrome/120.0.0.0 Safari/537.36'}
2025-10-21 18:31:33 [scrapy.middleware] INFO: Enabled downloader middlewares:
['scrapy.downloadermiddlewares.httpauth.HttpAuthMiddleware',
 'scrapy.downloadermiddlewares.downloadtimeout.DownloadTimeoutMiddleware',
 <class 'bigdata.middlewares.ProxyMiddleware'>,
 'scrapy.downloadermiddlewares.defaultheaders.DefaultHeadersMiddleware',
 'scrapy.downloadermiddlewares.httpproxy.HttpProxyMiddleware',
 'scrapy_user_agents.middlewares.RandomUserAgentMiddleware',
 <class 'bigdata.middlewares.FailedRequestExportMiddleware'>,
 'scrapy.downloadermiddlewares.retry.RetryMiddleware',
 'scrapy.downloadermiddlewares.redirect.MetaRefreshMiddleware',
 'scrapy.downloadermiddlewares.httpcompression.HttpCompressionMiddleware',
 'scrapy.downloadermiddlewares.redirect.RedirectMiddleware',
 'scrapy.downloadermiddlewares.cookies.CookiesMiddleware',
 'scrapy.downloadermiddlewares.stats.DownloaderStats']
2025-10-21 18:31:33 [scrapy.middleware] INFO: Enabled spider middlewares:
['scrapy.spidermiddlewares.httperror.HttpErrorMiddleware',
 'scrapy.spidermiddlewares.offsite.OffsiteMiddleware',
 'scrapy.spidermiddlewares.referer.RefererMiddleware',
 'scrapy.spidermiddlewares.urllength.UrlLengthMiddleware',
 'scrapy.spidermiddlewares.depth.DepthMiddleware']
2025-10-21 18:31:33 [scrapy.middleware] INFO: Enabled item pipelines:
[<class 'bigdata.pipelines.CleanHtmlFragmentPipeline'>,
 <class 'bigdata.pipelines.JSONExportPipeline'>]
2025-10-21 18:31:33 [scrapy.core.engine] INFO: Spider opened
2025-10-21 18:31:33 [bigdata.pipelines] INFO: JSONExportPipeline: Buffer=10000 items, Flush interval=60s
2025-10-21 18:31:33 [bigdata.pipelines] INFO: Background flusher thread started
2025-10-21 18:31:33 [scrapy.extensions.logstats] INFO: Crawled 0 pages (at 0 pages/min), scraped 0 items (at 0 items/min)
2025-10-21 18:31:33 [bigdata.middlewares] INFO: Failed requests will be logged to: failed_requests/test_failed_requests_20251021_183133.jsonl
2025-10-21 18:31:33 [scrapy.extensions.telnet] INFO: Telnet console listening on 127.0.0.1:6023
2025-10-21 18:31:33 [scrapy-playwright] INFO: Starting download handler
2025-10-21 18:31:33 [scrapy-playwright] INFO: Starting download handler
2025-10-21 18:32:33 [scrapy.extensions.logstats] INFO: Crawled 0 pages (at 0 pages/min), scraped 0 items (at 0 items/min)
2025-10-21 18:32:55 [scrapy.crawler] INFO: Received SIGINT, shutting down gracefully. Send again to force 
2025-10-21 18:32:55 [scrapy.core.engine] INFO: Closing spider (shutdown)
2025-10-21 18:32:55 [bigdata.pipelines] INFO: Closing spider. Items buffered: 0
2025-10-21 18:32:56 [scrapy.crawler] INFO: Received SIGINT twice, forcing unclean shutdown
2025-10-21 18:32:56 [bigdata.pipelines] INFO: Background flusher thread stopped
2025-10-21 18:32:56 [bigdata.pipelines] INFO: Pipeline closed. Total items: 0, Flushes: 0, Data written: 0.00 MB
2025-10-21 18:32:56 [bigdata.middlewares] INFO: Closed failed requests log: failed_requests/test_failed_requests_20251021_183133.jsonl
2025-10-21 18:32:56 [scrapy.statscollectors] INFO: Dumping Scrapy stats:
{'elapsed_time_seconds': 82.571497,
 'finish_reason': 'shutdown',
 'finish_time': datetime.datetime(2025, 10, 21, 11, 32, 56, 134975, tzinfo=datetime.timezone.utc),
 'log_count/DEBUG': 2,
 'log_count/INFO': 21,
 'memusage/max': 91402240,
 'memusage/startup': 90370048,
 'start_time': datetime.datetime(2025, 10, 21, 11, 31, 33, 563478, tzinfo=datetime.timezone.utc)}
2025-10-21 18:32:56 [scrapy.core.engine] INFO: Spider closed (shutdown)
2025-10-21 18:32:56 [scrapy-playwright] INFO: Closing download handler
