site,count,,,
eathealthy365.com,2921117,,,
baltimoresun.com,2431625,,,
thesun.co.uk,1324377,,,
umatechnology.org,1172980,,,
globalnews.ca,995659,,,
ocregister.com,945128,,,
denverpost.com,872560,,,
spiegato.com,823640,,,
vice.com,812798,,,
nationalpost.com,685204,,,
hercampus.com,563416,,,
dailytrust.com,531020,,,
nbclosangeles.com,519485,,,
nbcwashington.com,494056,,,
chefsresource.com,460617,,,
wtop.com,346687,,,
techbloat.com,341887,,,
billboard.com,317802,,,
hypebeast.com,307868,,,
nme.com,296411,,,
wfla.com,290287,,,
chefreader.com,278016,,,
techcrunch.com,257267,,,
salon.com,256810,,,
deadline.com,254267,,,
realitypathing.com,236008,,,
observer.com,226170,,,
howcanthis.com,225109,1,,
fortune.com,209006,,,
computerworld.com,206388,,,
wegotthiscovered.com,204659,,,
familydestinationsguide.com,195255,1,,
codycrossanswers.net,193170,,,
sourcifychina.com,189901,,,
remodelormove.com,186776,,,
vetexplainspets.com,180447,,,
hogonext.com,165312,,,
rollingstone.com,162638,,,
livetoplant.com,151847,gardening,plant,
dotesports.com,148099,,,
sheknows.com,146836,parenting,guide,need filter
geeky-gadgets.com,145229,,,
herald.ng,144001,,,drive-available
androidheadlines.com,138148,,,
rollingout.com,135385,,,
iere.org,135020,,,drive-available
ringsidenews.com,127584,,,
thetechedvocate.org,123840,,,
techbullion.com,123653,,,
community.thriveglobal.com,123142,,,
entrepreneur.com,119242,,,
craftgossip.com,110127,,,
byjus.com,109426,,,
tecnobits.com,107538,,,
voyoeats.com,100000,,,
thethaiger.com,99086,,,
touristsecrets.com,98618,,,
tvtonight.com.au,95739,,,
twinfinite.net,95014,,,
reference.com,93605,,,
www2.fundsforngos.org,88367,,,
thehealthsite.com,87536,,,
mealmastermind.com,87123,,,
thecookingfacts.com,86742,,,
gameranx.com,85873,,,
artchive.com,84224,,,
cookindocs.com,82779,,,
pcworld.com,82495,,,
news24online.com,79509,,,
orlandoweekly.com,78087,,,
siliconrepublic.com,76913,,,
trustedreviews.com,74328,,,
makezine.com,73593,,,
gamepur.com,71253,,,
facts.net,70460,,,
robots.net,67380,,,
theenlightenmentjourney.com,66449,,,
startsat60.com,66356,,,
primagames.com,63703,,,
barnorama.com,61497,,,
mspoweruser.com,60313,,,
decentfoot.com,60102,,,
ceenaija.com,59863,,,
dezeen.com,59396,,,
9to5google.com,58519,,,
ottawacitizen.com,57751,,,
interviewguy.com,55907,,,
ask.com,53827,,,
neurolaunch.com,53054,,,
littlethings.com,52827,,,
progameguides.com,52159,,,
themighty.com,51380,,,
dailydot.com,50403,,,
fishingandfish.com,49727,,,
gameskinny.com,49717,,,
spoonuniversity.com,47813,,,
green-reporter.com,47692,,,
outsideonline.com,47074,,,
petapixel.com,46126,,,
beebom.com,45690,,,
dafunda.com,44865,,,
consumersearch.com,44846,,,
toptenreviewed.com,44511,,,
thecooldown.com,44398,,,
muscleandfitness.com,43975,,,
liquidimageco.com,43932,,,
addall.com,43363,,,
thetechylife.com,42918,,,
onegreenplanet.org,42626,,,
newbookrecommendation.com,42307,,,
starterskitchen.com,42046,,,
bookriot.com,41933,,,
momentslog.com,41763,,,
homediningkitchen.com,41702,,,
blogcritics.org,41626,,,
twistedsifter.com,41463,,,
stylemepretty.com,41446,,,
engineering.com,41031,,,
meatcheftools.com,40204,,,
gearpatrol.com,39456,,,
toolingideas.com,39390,,,
askdifference.com,39371,,,
hip2save.com,39139,,,
homegeargeek.com,38704,,,
thefashionisto.com,38130,,,
stylecaster.com,38080,,,need filter
lithub.com,37955,,,
temptalia.com,37859,,,
kitchenpearls.com,37823,,,
purewow.com,37718,,,
itigic.com,37648,,,
thefashionspot.com,37382,,,
iheartdogs.com,36900,,,need filter
farmanddairy.com,36538,,,
greenwaykitchen.com,36476,,,
flavorycooking.com,36194,,,
bestpetfacts.com,35925,,,
thoughtcatalog.com,35787,,,need filter
applianceupdate.com,35423,,,
fashionsizzle.com,35057,,,
caribbeannationalweekly.com,34874,,,
nowtolove.co.nz,34794,,,
gamertweak.com,34772,,,
wideopencountry.com,34396,,,
wonderfulengineering.com,34080,,,
goodnewsnetwork.org,33529,,,
backyardgardener.com,33361,,,
getdroidtips.com,33203,,,
e-architect.com,33183,,,
sciencealert.com,32508,,,
coveti.com,32120,,,
cordcuttersnews.com,32029,,,
a4fitness.com,31605,,,
modern-physics.org,31057,,,
doughnutlounge.com,30791,,,
deltiasgaming.com,30553,,,
gamezebo.com,30015,,,
fashiongonerogue.com,29632,,,
smarter.com,29550,,,
design-milk.com,29217,,,need filter
groceryshopforfree.com,29060,,,need filter
realtor.com,29025,,,need filter
appliancemind.com,28783,,,
meandjorge.com,28429,,,
dmcoffee.blog,28275,,,
searchengineland.com,28179,,,
popsci.com,27924,,,
editorialge.com,27773,,,
marieclaire.com.au,27609,,,
news.harvard.edu,27391,,,
doyouremember.com,26907,,,
foodbeast.com,26613,,,
easyhealthyfoods.com,26555,,,
marketingscoop.com,26539,,,
kitchenjournal.net,26537,,,
cafemom.com,26520,,,
homestratosphere.com,26020,,,
educba.com,25993,,,
exactlyhowlong.com,25670,,,
chipchick.com,25558,,,
admin.findatopdoc.com,25375,,,
searchenginejournal.com,25328,,,
thetrek.co,25274,,,
devx.com,25133,,,
culturedvultures.com,24997,,,
appliancesfirst.com,24990,,,
tagvault.org,24748,,,
elle.com.au,24651,,,
myhomeniche.com,24416,,,
cookingupdate.com,24376,,,
eatingchoice.com,24251,,,
homeniches.com,24209,,,
unwomenmag.com,24137,,,
vogue.in,24062,,,
decorwithstyle.com,24030,,,
brazetools.com,23999,,,
thefrisky.com,23917,,,
smartertravel.com,23403,,,
incpak.com,23400,,,
gamingonphone.com,23358,,,
sewing.craftgossip.com,22871,,,
luxuo.com,22810,,,
practicetestgeeks.com,22767,,,
climbtheladder.com,22640,,,
nestingnicely.com,22587,,,
fooddrinktalk.com,22576,,,
eatingmeals.com,22449,,,
blog.boon.so,22166,,,
easycleancook.com,22134,,,
tinybeans.com,22088,,,
coolmaterial.com,22027,,,
gameskeys.net,21891,,,
shortfoodblog.com,21848,,,
onceinabluemoon.ca,21458,,,
thebatterytips.com,21355,,,
ecofriend.com,21343,,,
pocketdentistry.com,21203,,,
support.therapytribe.com,21047,,,
interioratoz.com,21038,,,
chefsbliss.com,20824,,,
uptowncraftworks.com,20600,,,
nurturinghomeaid.com,20381,,,
smalldogsheaven.com,20379,,,
psychreg.org,20376,,,
foodhandlersguide.com,20346,,,
thecookingbooks.com,20302,,,
knowingfabric.com,20225,,,
farmstandapp.com,20167,,,
healthshots.com,20077,,,
homescale.net,20024,,,
hrfraternity.com,19874,,,
pewresearch.org,19726,,,
sunset.com,19634,,,
solveyourtech.com,19606,,,
thekitchenpursuits.com,19603,,,
worldhealth.net,19528,,,
journeymanhq.com,19515,,,
houseandhomeonline.com,19443,,,
totallythebomb.com,19428,,,
sleepreviewmag.com,19170,,,
justcatcafe.com,19126,,,
kitchensterling.com,19062,,,
gentsfashion.co,19019,,,
thelunahive.com,18780,,,
techround.co.uk,18780,,,
tastefulspace.com,18597,,,
tennisworldlive.com,18583,,,
cgmagonline.com,18342,,,
mollyshomeguide.com,18193,,,
smalldogguides.com,17860,,,
greencarpetscleaning.com,17716,,,
sauceandbites.com,17686,,,
newbeauty.com,17672,,,
diyjoy.com,17671,,,
mother.ly,17609,,,
ecowatch.com,17590,,,
modernmom.com,17421,,,
tasteread.com,17373,,,
tastesfood.com,17347,,,
fitnessvolt.com,17312,,,
fooddrinklife.com,17279,,,
liquidinsider.com,17260,,,
cheerlives.com,17112,,,
psychologyfor.com,17077,,,
motorsandpump.com,17076,,,
openaccessgovernment.org,17074,,,
exegue.com,17034,,,
eatandgeek.com,16944,,,
backpacker.com,16939,,,
livewell.com,16815,,,
thebridalbox.com,16805,,,
autaski.com,16752,,,
segmentnext.com,16730,,,
womansworld.com,16599,,,
domino.com,16571,,,
studyinternational.com,16501,,,
pornhub000.com,16450,,,
androidguys.com,16383,,,
jewelrycarats.com,16307,,,
osrsmoneymaking.guide,16269,,,
supportyourtech.com,16192,,,
paintloving.com,16088,,,
churchm.ag,15890,,,
gadgetstouse.com,15845,,,
greentricks.me,15801,,,
gritdaily.com,15782,,,
housefixmaster.com,15728,,,
scolary.blog,15702,,,
finehomebuilding.com,15696,,,
yournextshoes.com,15682,,,
mymodernmet.com,15597,,,
news.va.gov,15552,,,
chillchapters.com,15503,,,
a7la-home.com,15437,,,
homecrux.com,15408,,,
interviewprep.org,15366,,,
improveworkspace.com,15362,,,
pctechmag.com,15328,,,
openculture.com,15287,,,
makeupandbeautyblog.com,15285,,,
americanprofessionguide.com,15228,,,
breakinghoops.blog,15226,,,
cobbcountycourier.com,15071,,,
farmonaut.com,14956,,,
residencestyle.com,14930,,,
fashonation.com,14899,,,
flawlesscooking.com,14885,,,
architectureartdesigns.com,14806,,,
techexplorist.com,14795,,,
moneyinc.com,14754,,,
examples-of.net,14732,,,
growingyourbaby.com,14599,,,
thegrubbypuppy.com,14572,,,
cookedbytaste.com,14567,,,
collegefootballnetwork.com,14557,,,
techviral.net,14488,,,
game.guide,14465,,,
strongmocha.com,14442,,,
organizeforliving.com,14397,,,
thehomesteadsurvival.com,14341,,,
the-peak.ca,14074,,,
honestcooking.com,14064,,,
timberlaketrussworks.com,14038,,,
tinykitchendivas.com,13993,,,
breakingmuscle.com,13972,,,
homebusinessmag.com,13910,,,
womenzmag.com,13810,,,
geekmode.blog,13810,,,
firstforwomen.com,13671,,,
demilked.com,13566,,,
thebeloveddog.com,13480,,,
maketecheasier.com,13467,,,
remodelista.com,13380,,,
wholesomeness.com,13217,,,
momblogsociety.com,13067,,,
thehealthcareblog.com,12997,,,
aluxurytravelblog.com,12987,,,
stylewhirl.com,12910,,,
silversurfers.com,12832,,,
appliancemastery.com,12781,,,
cocinarecetasfaciles.com,12752,,,
kidsactivitiesblog.com,12715,,,
finewoodworking.com,12447,,,
appuals.com,12430,,,
valiantceo.com,12422,,,
gameshedge.com,12419,,,
thescoutguide.com,12403,,,
techwiser.com,12376,,,
corporette.com,12348,,,
solutionsreview.com,12272,,,
kaabtv.com,12242,,,
grindsuccess.com,12139,,,
funfamilycrafts.com,12130,,,
pragativadi.com,12061,,,
panflavor.com,12058,,,
onyamagazine.com,11972,,,
smarthomeace.com,11930,,,
lowfodmapeating.com,11907,,,
under30ceo.com,11810,,,
momjunction.com,11808,,,
awesomeinventions.com,11758,,,
graphiceagle.com,11681,,,
dishpairing.com,11646,,,
cybersecuritynews.com,11623,,,
organicauthority.com,11578,,,
popularwoodworking.com,11549,,,
barbend.com,11483,,,
moneysense.ca,11470,,,
evergreenseeds.com,11440,,,
heaterguides.com,11397,,,
powerofpositivity.com,11178,,,
boho-weddings.com,11160,,,
gameriv.com,10986,,,
healthy-juice.co,10977,,,
coverlettersandresume.com,10965,,,
hobbyfarms.com,10928,,,
pressmaverick.com,10856,,,
tech.co,10810,,,
fitbottomedgirls.com,10723,,,
onehundreddollarsamonth.com,10711,,,
plantgrowerworld.com,10710,,,
finegardening.com,10677,,,
homestolove.com.au,10673,,,
wellbeing.com.au,10627,,,
droolrecipes.com,10615,,,
happymuncher.com,10612,,,
petnobs.com,10598,,,
gameluster.com,10588,,,
positivebloom.com,10582,,,
yogajournal.com,10578,,,
needsomefun.net,10559,,,
readysetfeast.com,10512,,,
itsthevibe.com,10502,,,
pickcomfort.com,10497,,,
lifeconceptual.com,10477,,,
kurttasche.com,10361,,,
interweave.com,10355,,,
apt613.ca,10324,,,
intelligentliving.co,10307,,,
smallbiztrends.com,10202,,,
sixtyandme.com,10189,,,
blackandmarriedwithkids.com,10177,,,
adamcleaning.uk,10019,,,
tinybuddha.com,9980,,,
petsplusmag.com,9798,,,
heatpumppricesreviews.com,9788,,,
dreamlandsdesign.com,9759,,,
microwaveinsider.com,9737,,,
veggieknowledge.com,9689,,,
digitallearningedge.com,9672,,,
back2gaming.com,9656,,,
simplyfrugal.ca,9644,,,
homehealthcarenews.com,9616,,,
everafterinthewoods.com,9611,,,
allrecipesbeginner.com,9601,,,
profitableventure.com,9583,,,
sprudge.com,9569,,,
thedrinksproject.com,9548,,,
seths.blog,9514,,,
clubsolutionsmagazine.com,9493,,,
woodworkingadvisor.com,9482,,,
newtraderu.com,9477,,,
thefoxmagazine.com,9457,,,
bhg.com.au,9439,,,
cravedfw.com,9395,,,
thenerddaily.com,9389,,,
ideafit.com,9354,,,
impactful.ninja,9320,,,
fitnotch.com,9148,,,
recipes.net,9099,,,
housely.com,9090,,,
jennifermehditash.com,9086,,,
mynorth.com,9021,,,
emilyepicure.com,9015,,,
arabmls.org,9015,,,
hpdconsult.com,9007,,,
woodworkersjournal.com,8996,,,
painting.tube,8922,,,
usfoodsearch.com,8907,,,
foodinfotech.com,8869,,,
gameguias.com,8827,,,
rocknrollbride.com,8799,,,
theaquariumexpert.com,8774,,,
camperfaqs.com,8758,,,
plasticfantasticdeals.com,8756,,,
fashionbeans.com,8715,,,
clark.com,8712,,,
sideshow.com,8695,,,
thegardeningdad.com,8674,,,
gogi.in,8655,,,
industryleadersmagazine.com,8650,,,
soup.io,8646,,,
carpetreviewed.com,8646,,,
thearchitectsdiary.com,8623,,,
dogtime.com,8608,,,
theenterpriseworld.com,8604,,,
mindxmaster.com,8599,,,
ikeahackers.net,8526,,,
ofzenandcomputing.com,8511,,,
momswhothink.com,8502,,,
sizzleroom.com,8475,,,
freewoodworkingplan.com,8430,,,
greenqueen.com.hk,8427,,,
5minutesformom.com,8386,,,
dailygalaxy.com,8384,,,
benzinga.com,8358,,,
affordablemealprep.com,8302,,,
streetwisejournal.com,8239,,,
wanderlustmagazine.com,8170,,,
additudemag.com,8160,,,
nummyrecipes.com,8156,,,
outdoorlife.com,8145,,,
beagooddog.com,8123,,,
phpionline.co.uk,8100,,,
cupofjo.com,8008,,,
pawbamacare.com,8008,,,
kff.org,7959,,,
tidyhomeguide.com,7897,,,
bighomeprojects.com,7888,,,
myamericannurse.com,7884,,,
verilymag.com,7855,,,
handymantips.org,7846,,,
insanelygoodrecipes.com,7734,,,
wellfoodrecipes.com,7723,,,
languagelearning.site,7711,,,
cheapism.com,7688,,,
mydecorative.com,7608,,,
pbo.co.uk,7578,,,
fetchpetcare.com,7548,,,
wareable.com,7470,,,
fashionlady.in,7458,,,
bobvila.com,7367,,,
due.com,7366,,,
shelterness.com,7358,,,
futuristarchitecture.com,7329,,,
shineofsolar.com,7326,,,
flavorfulexplorer.com,7317,,,
vintageclothingguides.com,7298,,,
visitfranceguide.com,7265,,,
tastesdelicious.com,7250,,,
skinnyms.com,7236,,,
vintageisthenewold.com,7235,,,
thecottagemarket.com,7217,,,
habitatista.com,7214,,,
gardenista.com,7195,,,
perfumeson.com,7157,,,
wellbeingmagazine.com,7149,,,
carstrucksroads.com,7116,,,
blisterreview.com,7082,,,
katzenworld.co.uk,7055,,,
corriecooks.com,7032,,,
getholistichealth.com,7025,,,
thedesignfiles.net,7003,,,
blog.myfitnesspal.com,6974,,,
cleanestor.com,6972,,,
mamabee.com,6966,,,
climatecosmos.com,6937,,,
mixandmatchmama.com,6918,,,
protoolreviews.com,6911,,,
contemporist.com,6869,,,
homedecorbliss.com,6852,,,
yaleclimateconnections.org,6843,,,
concept-phones.com,6806,,,
geek.pizza,6800,,,
ruffledblog.com,6788,,,
agriculture.institute,6774,,,
cookingschoolguide.com,6768,,,
quiltingdaily.com,6761,,,
logisticsinsider.in,6744,,,
thebostondaybook.com,6731,,,
socialifestylemag.com,6709,,,
infosphere.cc,6686,,,
comparitech.com,6673,,,
blog.ted.com,6662,,,
ldnfashion.com,6633,,,
blissjuicesmoothieself.com,6632,,,
archovavisuals.com,6630,,,
worthstart.com,6627,,,
thefmextra.com,6606,,,
gourmettraveller.com.au,6579,,,
levelwinner.com,6565,,,
parallelplates.com,6558,,,
brainpickings.org,6540,,,
wildexplained.com,6531,,,
garden.eco,6521,,,
lushome.com,6520,,,
casolia.com,6513,,,
greenbuildingadvisor.com,6513,,,
bestetipps.de,6499,,,
edumanias.com,6484,,,
letsrenovate.com,6420,,,
aromatherapynaturals.com,6400,,,
wellnessvoice.com,6380,,,
digsdigs.com,6367,,,
beads.co,6357,,,
annmariejohn.com,6352,,,
sciencenewstoday.org,6331,,,
emilythought.net,6314,,,
cleanmastermind.com,6294,,,
weareteachers.com,6270,,,
dailymom.com,6257,,,
allinthedifference.com,6218,,,
fitnessista.com,6211,,,
gamintraveler.com,6210,,,
runeatrepeat.com,6204,,,
greenerideal.com,6181,,,
pnmag.com,6154,,,
resourcecenter.lennar.com,6150,,,
fitpaa.com,6148,,,
kpopnewswire.com,6124,,,
topdogtips.com,6100,,,
architecturaldigest.in,6090,,,
startmotionmedia.com,6085,,,
honestbrandreviews.com,6068,,,
bakingbites.com,6057,,,
fashionweekonline.com,6047,,,
success.com,6040,,,
tabletmonkeys.com,6040,,,
infocons.org,6027,,,
amumreviews.co.uk,6023,,,
blackweightlosssuccess.com,6010,,,
gameplay.tips,5998,,,
literallydarling.com,5997,,,
smbceo.com,5992,,,
decorhint.com,5951,,,
trendir.com,5934,,,
epicgardening.com,5928,,,
jolynneshane.com,5923,,,
studentrecipes.com,5904,,,
chefstandards.com,5882,,,
pbfingers.com,5876,,,
recyclart.org,5874,,,
theselfhelplibrary.com,5872,,,
theheartysoul.com,5867,,,
simonstapleton.com,5849,,,
modernfarmer.com,5830,,,
ancientcivs.blog,5818,,,
rosenberryrooms.com,5816,,,
marketbusinessnews.com,5798,,,
deavita.net,5797,,,
misya.info,5781,,,
trowbridgeelectrical.com,5774,,,
spring.org.uk,5770,,,
emmalinebride.com,5766,,,
dayjob.com,5763,,,
tasteofhome.com,5757,,,
spicestoryteller.com,5702,,,
askthebuilder.com,5701,,,
homepressurecooking.com,5694,,,
remodelaholic.com,5680,,,
fodors.com,5674,,,
the-gingerbread-house.co.uk,5667,,,
diycraftsy.com,5666,,,
designworklife.com,5665,,,
learnthetypes.com,5633,,,
artofhealthyliving.com,5632,,,
bitpinas.com,5625,,,
esoftskills.com,5603,,,
awesomecuisine.com,5602,,,
millennialmagazine.com,5597,,,
swaggermagazine.com,5596,,,
thestartupmag.com,5593,,,
oralhealthgroup.com,5550,,,
homedit.com,5550,,,
dailyinfotainment.com,5549,,,
ahouseinthehills.com,5544,,,
gadgetinsiders.com,5543,,,
practical-sailor.com,5543,,,
homehacks.co,5543,,,
animalwellnessacademy.org,5533,,,
entrepreneurshipinabox.com,5521,,,
hablamosdegamers.com,5506,,,
disneytouristblog.com,5502,,,
aspirantsg.com,5462,,,
healthcaptain.com,5438,,,
rockinmama.net,5416,,,
qualityhomeaircare.com,5406,,,
collegefashion.net,5401,,,
languageadvisor.net,5400,,,
oldentech.com,5398,,,
thegardenmagazine.com,5395,,,
sigmaearth.com,5335,,,
foodtank.com,5331,,,
plantbasednews.org,5320,,,
knowyourbest.com,5317,,,
guidingtech.com,5317,,,
livinator.com,5266,,,
hudsonfarmhouse.com,5251,,,
healtharticles.net,5250,,,
kaupungit.org,5238,,,
mantracare.org,5235,,,
reptilesmagazine.com,5223,,,
kidsartncraft.com,5221,,,
blog.resy.com,5185,,,
wheelsandmotion.com,5174,,,
inspireambitions.com,5173,,,
mydentisthub.com,5160,,,
stampwithtami.com,5137,,,
themarthablog.com,5129,,,
completefrance.com,5123,,,
modernparenting-onemega.com,5109,,,
kitchenra.com,5103,,,
jewelrymakingjournal.com,5084,,,
cullyskitchen.com,5050,,,
thefinancekey.com,5047,,,
smartechmolabs.com,5046,,,
3boysandadog.com,5032,,,
ricearray.org,5027,,,
learningmole.com,5009,,,
camillestyles.com,4999,,,
blog.mavigadget.com,4992,,,
pioneerthinking.com,4992,,,
gfloutdoors.com,4989,,,
nativehistory.info,4978,,,
tap.health,4975,,,
decofond.com,4971,,,
kirbiecravings.com,4959,,,
balconygardenweb.com,4955,,,
issa.com,4932,,,
budget101.com,4910,,,
technipages.com,4910,,,
unicothings.com,4906,,,
dogproductpicker.com,4896,,,
foodfaithfitness.com,4895,,,
meaningfulspaces.com,4886,,,
newyorkstreetfood.com,4867,,,
orah.co,4858,,,
forktospoon.com,4836,,,
momooze.com,4832,,,
iloveafrica.com,4826,,,
homeschoolgiveaways.com,4818,,,
seema.com,4813,,,
unite.ai,4799,,,
umangherbals.com,4757,,,
everyday-reading.com,4752,,,
blix.gg,4740,,,
parentinghealthybabies.com,4738,,,
thecoconutmama.com,4737,,,
bookrecommendationgenerator.com,4727,,,
sewingtrip.com,4712,,,
over50feeling40.com,4707,,,
thirstytales.com,4697,,,
plantisima.com,4693,,,
yournextresume.com,4676,,,
thebrokebackpacker.com,4676,,,
howsweeteats.com,4671,,,
theawesomedaily.com,4668,,,
home-designing.com,4661,,,
gooyadaily.com,4640,,,
bonobology.com,4639,,,
gamer.org,4617,,,
mybartender.com,4605,,,
hachettebookgroup.com,4573,,,
share.upmc.com,4541,,,
sewfrenchcrossstitch.com,4540,,,
itsmynest.com,4531,,,
aconsciousrethink.com,4522,,,
acontecimiento.com,4507,,,
flaremagazine.co.uk,4498,,,
southernhospitalityblog.com,4498,,,
stylebyemilyhenderson.com,4482,,,
impactwealth.org,4481,,,
thefrugalgirl.com,4470,,,
howdoesshe.com,4461,,,
yourdailydish.com,4459,,,
completegardening.com,4445,,,
artistsnetwork.com,4441,,,
knockoffdecor.com,4435,,,
trendyuniverse.com,4429,,,
soyummy.com,4422,,,
nextluxury.com,4421,,,
thecraftygentleman.net,4418,,,
foodsguy.com,4409,,,
solutions4sleep.com,4375,,,
worldinsidepictures.com,4371,,,
heavenlyhomemakers.com,4367,,,
styleguru.org,4360,,,
styleatacertainage.com,4358,,,
lightandlayer.com,4347,,,
guided.news,4336,,,
northnjhvac.com,4333,,,
thehotjem.com,4327,,,
hsestudyguide.com,4322,,,
gardentabs.com,4313,,,
healthierup.com,4309,,,
godairyfree.org,4308,,,
halfbakedharvest.com,4283,,,
themodestman.com,4270,,,
missmustardseed.com,4267,,,
cvformat.io,4238,,,
familyhandyman.com,4215,,,
ashleybrooke.com,4205,,,
startup.info,4192,,,
itexamanswers.net,4189,,,
skyryedesign.com,4188,,,
ourfamilylifestyle.com,4188,,,
thefoxclick.com,4188,,,
ricksdailytips.com,4171,,,
dinewithdrinks.com,4166,,,
champstory.com,4165,,,
notsalmon.com,4154,,,
cmuse.org,4150,,,
canadianhometrends.com,4145,,,
pubity.com,4126,,,
bodybanker.com,4119,,,
southernxreptiles.com,4110,,,
juiceradvices.com,4109,,,
astrollthrulife.net,4104,,,
recycledcrafts.craftgossip.com,4104,,,
15andmeowing.com,4104,,,
imbibemagazine.com,4103,,,
ricettedellanonna.net,4101,,,
ineedmedic.com,4078,,,
lakelandcurrents.com,4078,,,
entrepreneur-resources.net,4056,,,
bizsugar.com,4056,,,
story.motherhood.com.my,4056,,,
database.guide,4055,,,
blog.martechs.io,4046,,,
jobdescriptionandresumeexamples.com,4046,,,
cocolapinedesign.com,4040,,,
seeninthecity.co.uk,4031,,,
pouted.com,4023,,,
hapadltd.com,4014,,,
blog.altenew.com,4013,,,
dailyfashiontrends.com,4009,,,
theglossylocks.com,3997,,,
whatscookinchicago.com,3994,,,
1millionideas.com,3992,,,
kosgames.com,3973,,,
acouplecooks.com,3965,,,
creativejewishmom.com,3958,,,
hwtm.com,3957,,,
courtneysworld.co,3944,,,
curejoy.com,3940,,,
influencermarketinghub.com,3939,,,
kitchenfunwithmy3sons.com,3927,,,
hemibooks.com,3927,,,
lovepanky.com,3920,,,
bitespeak.com,3905,,,
abeautifulmess.com,3904,,,
southsideweekly.com,3895,,,
craftbits.com,3892,,,
atsresume.ai,3887,,,
farmfoodfamily.com,3885,,,
inspiringmeme.com,3869,,,
keystoneedge.com,3861,,,
merricksart.com,3859,,,
diys.com,3858,,,
startups.co.uk,3842,,,
fitcoding.com,3842,,,
findingdulcinea.com,3833,,,
secretlifeofmom.com,3830,,,
twocoatsofpaint.com,3824,,,
kravelv.com,3824,,,
earth.org,3820,,,
whole-dog-journal.com,3817,,,
vulkk.com,3803,,,
theinspirationedit.com,3785,,,
witwhimsy.com,3783,,,
digthisdesign.net,3767,,,
vogue.ph,3762,,,
architecturelab.net,3758,,,
resumeworder.com,3752,,,
thepeachkitchen.com,3747,,,
constructionplacements.com,3745,,,
biocycle.net,3738,,,
backpackingguys.com,3738,,,
avvl.pt,3732,,,
casualself.com,3725,,,
trueblueac.com,3724,,,
thenatureofhome.com,3717,,,
budgetandthebees.com,3711,,,
theoldschoolhouse.com,3711,,,
homequirer.com,3711,,,
lemonyblog.com,3700,,,
liagriffith.com,3694,,,
healthbenefitstimes.com,3688,,,
itechhacks.com,3685,,,
aplaceforanimals.com,3680,,,
therecipecritic.com,3676,,,
mindful.org,3666,,,
foreverymom.com,3663,,,
foodiemag.co.za,3658,,,
justseeds.org,3656,,,
calmsage.com,3644,,,
visitinsidejapan.com,3638,,,
greekboston.com,3632,,,
insights.samsung.com,3631,,,
lovemaegan.com,3626,,,
adimesaved.com,3622,,,
diversinet.com,3622,,,
steamykitchen.com,3619,,,
nichepursuits.com,3618,,,
redeemedreader.com,3617,,,
spatuladesserts.com,3607,,,
synonympro.com,3599,,,
mimigo.tw,3592,,,
gohighbrow.com,3584,,,
merakilane.com,3569,,,
appletoolbox.com,3550,,,
homewithedith.com,3548,,,
theinspiredroom.net,3546,,,
survivallife.com,3539,,,
plainchicken.com,3530,,,
tech2geek.net,3529,,,
opplehouse.com,3520,,,
tasteandflavors.com,3507,,,
creativehomeidea.com,3503,,,
christianeducatorsacademy.com,3497,,,
faircompanies.com,3494,,,
byretreat.com,3490,,,
decoholic.org,3483,,,
usinsider.com,3469,,,
sixstoreys.com,3454,,,
hellomama.pl,3452,,,
codigosobd.com,3451,,,
meetings.skift.com,3437,,,
mommyhatescooking.com,3428,,,
ralphsway.com,3419,,,
shelflifesecrets.com,3419,,,
sajeevdev.com,3418,,,
kaizen.com,3417,,,
thefashionography.com,3400,,,
themindfulword.org,3395,,,
requestletters.com,3393,,,
marathonhandbook.com,3387,,,
helpdeskgeek.com,3386,,,
thenaturallivingsite.com,3386,,,
norvasen.com,3382,,,
craftingagreenworld.com,3381,,,
guru99.com,3378,,,
recipes4day.com,3377,,,
briansolis.com,3372,,,
guidelineshealth.com,3371,,,
americanentrepreneurship.com,3371,,,
morningcarpool.com,3356,,,
hillbillyhousewife.com,3347,,,
cleanplates.com,3346,,,
dailydish.co.uk,3342,,,
trustmymechanic.com,3340,,,
plantcaretoday.com,3337,,,
workathomemomrevolution.com,3333,,,
gojackrabbitgo.com,3329,,,
blog.openforhomes.com,3309,,,
mothersalwaysright.com,3308,,,
cleaneatingmag.com,3289,,,
oombawkadesigncrochet.com,3288,,,
inclinemagazine.com,3277,,,
hugsandcookiesxoxo.com,3268,,,
helloadamsfamily.com,3257,,,
laughlore.com,3245,,,
roadsandkingdoms.com,3244,,,
blog.paleohacks.com,3240,,,
marilyn-manson.com,3236,,,
morningchores.com,3234,,,
mykukun.com,3232,,,
declutteringmom.com,3231,,,
curbly.com,3226,,,
diy.glowpink.com,3221,,,
greenwichcc.com,3221,,,
addicted2decorating.com,3219,,,
blog.cuw.edu,3216,,,
stomatologist.org,3214,,,
thepiton.com,3210,,,
frenchcountrycottage.net,3208,,,
iheartcraftythings.com,3197,,,
pooltipsusa.com,3197,,,
frugalfamily.co.uk,3191,,,
kitchensurfing.com,3191,,,
garagegymreviews.com,3187,,,
lizmarieblog.com,3181,,,
hermagic.com,3172,,,
sayheyrecords.com,3169,,,
closetcooking.com,3151,,,
pageprovan.com.au,3133,,,
indiecrafts.craftgossip.com,3131,,,
thecompleteherbalguide.com,3130,,,
honestlywtf.com,3120,,,
agrifarming.in,3114,,,
dtptips.com,3111,,,
town-n-country-living.com,3110,,,
handmadecharlotte.com,3102,,,
budgetsaresexy.com,3099,,,
redtedart.com,3093,,,
women-club.online,3092,,,
homemaking.com,3078,,,
5dollardinners.com,3075,,,
spendwithpennies.com,3065,,,
lowcarb-nocarb.com,3062,,,
ituonline.com,3062,,,
breaksandbites.co.uk,3048,,,
mymoneycottage.com,3047,,,
eatingonadime.com,3030,,,
thetravelmagazine.net,3021,,,
tidbitsofexperience.com,3018,,,
curiosidadessobre.es,3016,,,
tastychomps.com,3015,,,
perfectdailygrind.com,3012,,,
afrocosmopolitan.com,3010,,,
abmeyerwood.com,3008,,,
artincontext.org,3003,,,
longevity.technology,3002,,,
bakeitwithlove.com,2998,,,
seniorslifestylemag.com,2987,,,
recipegirl.com,2986,,,
gordontredgold.com,2984,,,
mostlyblogging.com,2984,,,
centsationalstyle.com,2980,,,
conservamome.com,2977,,,
sectionhiker.com,2973,,,
writerslife.org,2971,,,
homemydesign.com,2970,,,
pathsoflearning.net,2967,,,
freeappsforme.com,2964,,,
cakere.com,2963,,,
modernwedding.com.au,2961,,,
therandomvibez.com,2959,,,
joyofandroid.com,2957,,,
happiertherapy.com,2955,,,
recyclenation.com,2955,,,
fromthemixedupfiles.com,2949,,,
delishsides.com,2945,,,
planejadorweb.com.br,2943,,,
thehomeatlas.com,2933,,,
extremehowto.com,2926,,,
plantnative.org,2924,,,
cococozy.com,2920,,,
gardeningchannel.com,2920,,,
calendar.com,2916,,,
mumsgrapevine.com.au,2908,,,
whatscookingamerica.net,2898,,,
highgroundgaming.com,2897,,,
readynutrition.com,2896,,,
healthspectra.com,2894,,,
thethriftymindset.com,2891,,,
younghouselove.com,2888,,,
yogauonline.com,2887,,,
chinaxiantour.com,2882,,,
thewiegands.com,2878,,,
ricksfreeautorepairadvice.com,2870,,,
wellingtonhometeam.com,2863,,,
gardenerspath.com,2860,,,
askatechteacher.com,2860,,,
lifeonvirginiastreet.com,2858,,,
womensconference.org,2857,,,
theorganisedhousewife.com.au,2851,,,
diamondlobby.com,2849,,,
thistlewoodfarms.com,2848,,,
vegkitchen.com,2846,,,
9to5chic.com,2842,,,
easy-home-repair-tips.com,2836,,,
thehomereviews.com,2834,,,
fortheloveofcooking.net,2826,,,
factober.com,2821,,,
cassiefairy.com,2817,,,
upjourney.com,2814,,,
cceonlinenews.com,2806,,,
alwaysusebutter.com,2800,,,
gobackpacking.com,2800,,,
whatkatysaid.com,2793,,,
vertu.com,2792,,,
skinnytaste.com,2789,,,
myglobalviewpoint.com,2786,,,
news.sanfordhealth.org,2786,,,
diyfolly.com,2786,,,
ediblebrooklyn.com,2774,,,
hoosierhomemade.com,2769,,,
parentalquestions.com,2767,,,
jewelry-secrets.com,2761,,,
jacquelynclark.com,2748,,,
panlasangpinoy.com,2745,,,
mysolluna.com,2740,,,
survivalskillzone.com,2736,,,
cleverism.com,2733,,,
leitesculinaria.com,2728,,,
phoneia.com,2727,,,
theidearoom.net,2723,,,
theseasonedmom.com,2719,,,
teachthought.com,2716,,,
baby-chick.com,2713,,,
averiecooks.com,2712,,,
topteny.com,2705,,,
ahealthysliceoflife.com,2705,,,
diyncrafts.com,2704,,,
theinspiringjournal.com,2695,,,
rookiemoms.com,2691,,,
aslobcomesclean.com,2690,,,
itinyhouses.com,2676,,,
toolsinaction.com,2673,,,
teacheducator.com,2672,,,
thepremierdaily.com,2670,,,
ihanna.nu,2664,,,
thelifesciencesmagazine.com,2663,,,
fitelo.co,2661,,,
retail-merchandiser.com,2659,,,
bakefromscratch.com,2656,,,
gentwenty.com,2654,,,
simple-nourished-living.com,2646,,,
theherbprof.com,2641,,,
healthyhappylife.com,2640,,,
sunadomusic.sundayadoga.com.ng,2639,,,
sweetandsavory.co,2638,,,
woodprojects-woodworkingplans.com,2637,,,
benjaminfranklinplumbingfortworth.com,2634,,,
preply.com,2625,,,
mamabeanparenting.com,2625,,,
brilliantio.com,2621,,,
jewelrymaking.craftgossip.com,2617,,,
askthemoneycoach.com,2614,,,
tnmagazine.org,2614,,,
thefield.co.uk,2611,,,
lean.org,2606,,,
funkyjunkinteriors.net,2604,,,
3040english.info,2602,,,
sofeminine.co.uk,2602,,,
homeaddict.io,2598,,,
homeaswemakeit.com,2595,,,
online-tech-tips.com,2586,,,
sugarthegoldenretriever.com,2583,,,
chefspencil.com,2568,,,
gluedtomycraftsblog.com,2560,,,
gamezo.gg,2559,,,
organiclifetip.com,2555,,,
bellethemagazine.com,2549,,,
readingmytealeaves.com,2542,,,
hangryhanna.com,2540,,,
thecountrychiccottage.net,2539,,,
womensjournal.com,2538,,,
theviewfromgreatisland.com,2537,,,
splashoftaste.com,2535,,,
andreadekker.com,2534,,,
furnifixes.com,2534,,,
thryv.com,2530,,,
thefoodiediary.com,2526,,,
gardeningsoul.com,2525,,,
blogilates.com,2521,,,
twopeasandtheirpod.com,2521,,,
whatnerd.com,2520,,,
school-of-life.net,2520,,,
nathanbransford.com,2519,,,
dreamgreendiy.com,2516,,,
pennypincherfashion.com,2515,,,
rockykanaka.com,2508,,,
alliancesolidaire.org,2504,,,
safeandsanitaryhomes.org,2501,,,
ohmyveggies.com,2500,,,
bodyartguru.com,2493,,,
hvaclaboratory.com,2489,,,
plusmood.com,2488,,,
freshmommyblog.com,2487,,,
boxlifemagazine.com,2486,,,
oneshetwoshe.com,2480,,,
thecoolist.com,2479,,,
emedihealth.com,2474,,,
thegameslayer.com,2474,,,
doityourselfrv.com,2473,,,
tonygentilcore.com,2470,,,
tiffytaffy.com,2467,,,
guidestrats.com,2463,,,
lacademie.com,2462,,,
diabeticgourmet.com,2462,,,
canadianbudgetbinder.com,2459,,,
shabbyartboutique.com,2459,,,
dogtipper.com,2452,,,
accountingforeveryone.com,2450,,,
mamapapabubba.com,2448,,,
spicysouthernkitchen.com,2448,,,
timodelle-magazine.com,2447,,,
homecinema-fr.com,2443,,,
thegamingmecca.com,2442,,,
sugarspiceandglitter.com,2440,,,
knickoftime.net,2432,,,
insightscare.com,2421,,,
classtechtips.com,2420,,,
loveohlust.com,2418,,,
lilluna.com,2412,,,
kuellife.com,2400,,,
suite101.com,2399,,,
vegetariantimes.com,2398,,,
acultivatednest.com,2397,,,
craftymorning.com,2396,,,
mobalytics.gg,2393,,,
harvesttotable.com,2391,,,
emptyeasel.com,2391,,,
moodcarehealth.com,2384,,,
bizepic.com,2384,,,
creakyjoints.org,2379,,,
teenswannaknow.com,2378,,,
thehealthyhomeeconomist.com,2378,,,
digestley.com,2377,,,
avahr.com,2375,,,
montessori.org,2374,,,
cole13.com,2373,,,
plantophiles.com,2371,,,
weirdunsocializedhomeschoolers.com,2371,,,
thegoodtrade.com,2370,,,
beauty-forum.com.pl,2369,,,
getgoally.com,2368,,,
itsblossom.com,2366,,,
juliescafebakery.com,2358,,,
homesthetics.net,2357,,,
foodal.com,2357,,,
personalityunleashed.com,2353,,,
callmepmc.com,2351,,,
humanidades.com,2350,,,
howtodiyeverything.com,2347,,,
fabricfits.com,2345,,,
lamclinic.com,2342,,,
cardplayerlifestyle.com,2338,,,
hvacseer.com,2332,,,
howchoo.com,2328,,,
freshdiyhome.com,2326,,,
iambaker.net,2322,,,
askaprepper.com,2318,,,
geekflare.com,2318,,,
theroastedroot.net,2314,,,
momsbudget.com,2311,,,
archute.com,2308,,,
celebritystyleguide.com,2305,,,
ibuyem.com,2300,,,
magnifymind.com,2297,,,
austinot.com,2293,,,
fromfrugaltofree.com,2286,,,
verybigbrain.com,2285,,,
twogreenleaves.org,2284,,,
kuopio.fi,2284,,,
chicstylecollective.com,2282,,,
thekingsleyclinic.com,2278,,,
whattocooktoday.com,2277,,,
justaveragejen.com,2276,,,
wordstream.com,2270,,,
dandelionchandelier.com,2270,,,
homebriefings.com,2270,,,
thecookierookie.com,2269,,,
thehousethatlarsbuilt.com,2269,,,
sfcitizen.com,2269,,,
pinkwhen.com,2267,,,
classycareergirl.com,2265,,,
thinkremote.com,2262,,,
wondermomwannabe.com,2262,,,
thecountrycook.net,2257,,,
publiclibrariesonline.org,2254,,,
forsythfamilymagazine.com,2254,,,
makeandtakes.com,2252,,,
hivelife.com,2235,,,
greenlivingideas.com,2234,,,
energytheory.com,2231,,,
ourthriftyideas.com,2219,,,
practicalmachinist.com,2218,,,
buildlikenew.com,2216,,,
travellemming.com,2212,,,
zen.homezada.com,2205,,,
organicfacts.net,2203,,,
textilelearner.net,2195,,,
englishgrammarzone.com,2192,,,
blog.laemmle.com,2191,,,
promptsty.com,2190,,,
keeperofthehome.org,2186,,,
wildrootsgarden.com,2185,,,
blog.smokecampcrafts.com,2185,,,
green.org,2177,,,
butfirstjoy.com,2174,,,
thesunnysideupblog.com,2172,,,
godrewarder.com,2169,,,
thriveworks.com,2161,,,
ilovegrowingmarijuana.com,2160,,,
nubiapage.com,2158,,,
yourmodernfamily.com,2154,,,
parentingtoimpress.com,2151,,,
survivalsullivan.com,2151,,,
gardeningtips.in,2149,,,
davidlebovitz.com,2142,,,
burlapandblue.com,2141,,,
toddlerapproved.com,2141,,,
jupiterhadley.com,2138,,,
powerfulsight.com,2134,,,
destinationlesstravel.com,2133,,,
cornercoffeestore.com,2133,,,
foodpluswords.com,2131,,,
twigandthistle.com,2128,,,
walkingonsunshinerecipes.com,2126,,,
springtomorrow.com,2118,,,
drruscio.com,2113,,,
headphonesty.com,2113,,,
designcafe.com,2113,,,
idyllicpursuit.com,2112,,,
helpfulprofessor.com,2112,,,
greenecodream.com,2108,,,
backyardgardenlover.com,2108,,,
sprevatrop.com,2107,,,
jessicalynnwrites.com,2106,,,
diyshowoff.com,2106,,,
nuhs.edu,2103,,,
freefromheaven.com,2103,,,
magazine.startus.cc,2103,,,
bigbearswife.com,2102,,,
onehourairftworth.com,2099,,,
nativefoods.info,2099,,,
halalmui.org,2099,,,
journalofcognitivepsychology.com,2098,,,
diyprojects.com,2098,,,
psychnewsdaily.com,2097,,,
iheartcats.com,2096,,,
melskitchencafe.com,2087,,,
architecturendesign.net,2083,,,
blog.txfb-ins.com,2076,,,
bonus.com,2076,,,
thereelstars.com,2076,,,
theletteredcottage.net,2068,,,
katrinaleechambers.com,2067,,,
katrinaleedesigns.com,2067,,,
woodfixes.com,2063,,,
homeszillow.com,2062,,,
mintarrow.com,2060,,,
houstonsuburb.com,2051,,,
news.leavitt.com,2050,,,
ownyardlife.com,2049,,,
charlestoncrafted.com,2047,,,
mightykidsacademy.com,2047,,,
thegraciouspantry.com,2046,,,
thedelishrecipe.com,2045,,,
independentbookreview.com,2043,,,
craftberrybush.com,2041,,,
gamerempire.net,2039,,,
moneypantry.com,2038,,,
allaboutcats.com,2038,,,
cats.com,2038,,,
goodmoneyguide.com,2036,,,
amandascookin.com,2034,,,
seeafricatoday.com,2031,,,
raisingarrows.net,2030,,,
earthbuddies.net,2027,,,
afamilyfeast.com,2027,,,
realmenrealstyle.com,2026,,,
learncalifornia.org,2026,,,
trvst.world,2021,,,
landscapingduty.com,2020,,,
iheartnaptime.net,2019,,,
airpurey.com,2017,,,
tim.blog,2017,,,
heatherchristo.com,2016,,,
sharpologist.com,2013,,,
socialwork.institute,2012,,,
joythebaker.com,2011,,,
herstylecode.com,2006,,,
thecafesucrefarine.com,2001,,,
lowincomerelief.com,2001,,,
currentbuzzpost.com,1992,,,
resumehead.com,1991,,,
confessionsofanover-workedmom.com,1990,,,
onlineitalianclub.com,1988,,,
newlifeonahomestead.com,1977,,,
thewritepractice.com,1974,,,
myexceltemplates.com,1974,,,
tinyurbankitchen.com,1967,,,
spiceindiaonline.com,1962,,,
errenskitchen.com,1962,,,
eluxemagazine.com,1960,,,
clickbizhub.com,1958,,,
fitfoodiefinds.com,1951,,,
dogvills.com,1951,,,
youmustgethealthy.com,1950,,,
aprettylifeinthesuburbs.com,1950,,,
theptdc.com,1948,,,
familygoody.com,1942,,,
foodiosity.com,1940,,,
foodiecrush.com,1936,,,
infiniteflavors.blog,1936,,,
thepinkgoose.com,1935,,,
yougrowgirl.com,1934,,,
wp.stolaf.edu,1933,,,
fitfoundme.com,1927,,,
thirtyhandmadedays.com,1925,,,
savoryexperiments.com,1924,,,
livinglocurto.com,1924,,,
budgetbytes.com,1923,,,
copykat.com,1922,,,
yellowblissroad.com,1921,,,
littlebinsforlittlehands.com,1921,,,
veganricha.com,1921,,,
healthstandnutrition.com,1919,,,
simplypsychology.org,1918,,,
blog.acma-association.com,1915,,,
gardenandcrafty.com,1913,,,
superhealthykids.com,1911,,,
escoffier.edu,1907,,,
ohsweetbasil.com,1906,,,
inspirationsandcelebrations.net,1906,,,
wealthtender.com,1906,,,
craftaholicsanonymous.net,1904,,,
secretsofthegreengarden.com,1901,,,
lassonde.utah.edu,1899,,,
safewise.com,1898,,,
cloudwards.net,1896,,,
earthday.org,1896,,,
liquorlaboratory.com,1892,,,
livingonthecheap.com,1889,,,
thehobbykraze.com,1888,,,
whimsyandspice.com,1886,,,
melissassouthernstylekitchen.com,1886,,,
travelreveal.com,1884,,,
jocooks.com,1879,,,
travelfashiongirl.com,1878,,,
thebigsweettooth.com,1875,,,
sustainablebusinessmagazine.net,1874,,,
easyhomemadelife.com,1873,,,
cosmoappliances.com,1872,,,
witanddelight.com,1872,,,
familyfocusblog.com,1871,,,
english-wedding.com,1868,,,
rockrecipes.com,1868,,,
petfinder.com,1866,,,
obsessedwoodworking.com,1866,,,
whiteoutpress.com,1862,,,
housebouse.com,1862,,,
theartisticmind.com,1861,,,
sassytownhouseliving.com,1857,,,
blog.mindvalley.com,1854,,,
greenwashingindex.com,1851,,,
bloggizmo.com,1848,,,
thekittchen.com,1848,,,
veterinarysecrets.com,1847,,,
selfsufficiencyfrugalliving.com,1846,,,
thestitchinmommy.com,1840,,,
sugarfreemom.com,1838,,,
thegoodmotherproject.com,1837,,,
chefol.com,1836,,,
thefullhelping.com,1835,,,
tidymom.net,1834,,,
thediyplaybook.com,1833,,,
chelseasmessyapron.com,1828,,,
whatthefab.com,1828,,,
hebbarskitchen.com,1828,,,
barbecuebible.com,1827,,,
ukhomeimprovement.co.uk,1826,,,
decisionmakershub.com,1822,,,
hobbiesonabudget.com,1821,,,
lethow.com,1821,,,
aussiecareerinsights.com,1820,,,
amazingfoodanddrink.com,1814,,,
themommadiaries.com,1814,,,
daybydayinourworld.com,1813,,,
pullingcurls.com,1813,,,
ecolifewise.com,1813,,,
sewsweetness.com,1813,,,
sharonpalmer.com,1813,,,
geektrench.com,1810,,,
livingmontessorinow.com,1809,,,
hgic.clemson.edu,1808,,,
fashion-manufacturing.com,1808,,,
196flavors.com,1807,,,
ambitiouskitchen.com,1806,,,
florgeous.com,1805,,,
farandwide.com,1805,,,
fatsil.org,1804,,,
loveandlemons.com,1803,,,
homesteadhow-to.com,1803,,,
tryingtogether.org,1802,,,
dishingupthedirt.com,1790,,,
wellnessmama.com,1788,,,
tooltrip.com,1785,,,
naturalhealingmagazine.com,1785,,,
plantingguys.com,1783,,,
tasteandtellblog.com,1781,,,
todaysrdh.com,1780,,,
inthewash.co.uk,1780,,,
priceofmeat.com,1779,,,
alleycat.org,1777,,,
workandmoney.com,1776,,,
thefrugalexpat.com,1774,,,
wall-ebuilders.com,1773,,,
thefamilyvacationguide.com,1764,,,
completecomfortfoods.com,1764,,,
wellplated.com,1762,,,
rankred.com,1762,,,
ecomasteryproject.com,1761,,,
loveandmarriageblog.com,1761,,,
pulivarthigroup.com,1760,,,
the36thavenue.com,1759,,,
liveboldandbloom.com,1759,,,
alwaysreadyhq.com,1758,,,
gimmesomeoven.com,1755,,,
residentialdesignmagazine.com,1755,,,
easypeasyandfun.com,1752,,,
almostmakesperfect.com,1751,,,
aspireatlas.com,1748,,,
colormelon.com,1745,,,
sloatgardens.com,1745,,,
laurafuentes.com,1744,,,
hudsonvalleystylemagazine.com,1742,,,
cleanerslink.com,1742,,,
diy-guides.com,1739,,,
northernnester.com,1737,,,
lexwhatwear.com,1736,,,
powerhousecc.org,1735,,,
thesouthernladycooks.com,1734,,,
newshealthwatch.com,1734,,,
goatsontheroad.com,1733,,,
becomingminimalist.com,1732,,,
dianekochilas.com,1730,,,
biggerbolderbaking.com,1729,,,
foodtrotter.com,1726,,,
englishan.com,1726,,,
ruqintravel.com,1726,,,
icreativeideas.com,1724,,,
totalshape.com,1721,,,
thehungrygourmet.com,1720,,,
thinkoutsidethecubiclenow.com,1717,,,
industrystandarddesign.com,1716,,,
catchbudapest.com,1713,,,
tammileetips.com,1712,,,
cleanmama.com,1712,,,
classyclutter.net,1711,,,
allchickenrecipes.com,1711,,,
lavenderandlovage.com,1709,,,
silverlininglessons.com,1708,,,
smallhousedecor.com,1707,,,
slapdashmom.com,1706,,,
rentalawareness.com,1705,,,
addapinch.com,1705,,,
sarahscucinabella.com,1703,,,
barbecuebros.co,1703,,,
daisiesandpie.co.uk,1703,,,
happierhuman.com,1703,,,
fedandfit.com,1702,,,
craftindustryalliance.org,1701,,,
reawakenyourbrilliance.com,1701,,,
goaging.org,1700,,,
thepassportkitchen.com,1699,,,
agirlandagluegun.com,1697,,,
meshpedia.com,1695,,,
tipsytiaras.com,1695,,,
traditionalcookingschool.com,1694,,,
pennypinchinmom.com,1693,,,
thewoksoflife.com,1693,,,
globalwellnessinstitute.org,1692,,,
onefrugalgirl.com,1691,,,
thechampatree.in,1691,,,
mybakingaddiction.com,1688,,,
cyberogism.com,1687,,,
mygarden.co.nz,1685,,,
makeitgrateful.com,1684,,,
naturalbeachliving.com,1684,,,
beauticate.com,1684,,,
thehowtohome.com,1683,,,
handmadebycarolyn.com.au,1682,,,
sophieuliano.com,1681,,,
kaveyeats.com,1681,,,
juicing-for-health.com,1681,,,
teachpreschool.org,1680,,,
livinggreenandfrugally.com,1679,,,
womensmentalhealth.org,1676,,,
modaknits.com,1674,,,
serenarecipes.com,1673,,,
nwmaids.com,1672,,,
beanleafcup.com,1671,,,
storsquare.com,1668,,,
artvilla.com,1668,,,
biancazapatka.com,1667,,,
familyfreshmeals.com,1664,,,
mybudgetrecipes.com,1661,,,
sweepsouth.com,1660,,,
diyinspired.com,1658,,,
snootysims.com,1656,,,
handmakewithlove.com,1653,,,
cardlines.com,1652,,,
aheadofthyme.com,1649,,,
my100yearoldhome.com,1649,,,
kalynskitchen.com,1645,,,
sweetandsavorymeals.com,1645,,,
happyhappynester.com,1645,,,
spavelous.com,1645,,,
cookiesandcups.com,1644,,,
askbart.org,1642,,,
minimalistbaker.com,1639,,,
theword360.com,1639,,,
thebigmansworld.com,1635,,,
recipetineats.com,1634,,,
sciencesensei.com,1633,,,
stonegableblog.com,1633,,,
boondockingrecipes.com,1631,,,
savorthebest.com,1630,,,
laurenslatest.com,1629,,,
primeinsights.in,1627,,,
rakskitchen.net,1626,,,
extraordinarychaos.com,1625,,,
granddesignsmagazine.com,1623,,,
thecurriculumchoice.com,1623,,,
thatskinnychickcanbake.com,1622,,,
zentrosy.com,1620,,,
recipesfromapantry.com,1619,,,
sarah-tucker.com,1615,,,
celiac.org,1613,,,
preventionrd.com,1613,,,
organized-home.com,1612,,,
self-build.co.uk,1611,,,
globalkitchentravels.com,1610,,,
runtothefinish.com,1608,,,
myuncommonsliceofsuburbia.com,1607,,,
mystayathomeadventures.com,1606,,,
parents-together.org,1606,,,
pixelatedtales.com,1605,,,
eatingbirdfood.com,1605,,,
developgoodhabits.com,1604,,,
psychowellnesscenter.com,1603,,,
shugarysweets.com,1602,,,
asian-recipe.com,1601,,,
anediblemosaic.com,1600,,,
buildgreennh.com,1598,,,
cleanandscentsible.com,1598,,,
preventivemedicinedaily.com,1596,,,
foodmanifest.com,1596,,,
flavorfullrecipes.com,1594,,,
inspire52.com,1593,,,
theenvironmentalblog.org,1593,,,
modernteen.co,1590,,,
educatorstechnology.com,1590,,,
traveldudes.com,1588,,,
life-in-the-lofthouse.com,1587,,,
reluctantgourmet.com,1587,,,
handsonaswegrow.com,1586,,,
distanceeducationschool.com,1584,,,
repeatcrafterme.com,1583,,,
sampleboard.com,1578,,,
smorescience.com,1578,,,
childmind.org,1577,,,
iamafoodblog.com,1576,,,
insteading.com,1575,,,
savings4savvymums.co.uk,1574,,,
ruled.me,1574,,,
sparklestosprinkles.com,1574,,,
parentclub.ca,1573,,,
blog.fabrics-store.com,1572,,,
momfabulous.com,1571,,,
makingsenseofcents.com,1570,,,
centsandpurpose.com,1570,,,
themerrythought.com,1569,,,
kindafrugal.com,1569,,,
africanbites.com,1567,,,
papernstitchblog.com,1567,,,
bodymind.com,1566,,,
baremarriage.com,1564,,,
passionateaboutfood.net,1564,,,
chocolatecoveredkatie.com,1562,,,
allthingsthrifty.com,1560,,,
goodfinancialcents.com,1559,,,
40aprons.com,1559,,,
blog.woodworkingtooltips.com,1557,,,
stylecurator.com.au,1557,,,
theworkathomewoman.com,1554,,,
dominthekitchen.com,1553,,,
mommysavers.com,1552,,,
glitterinc.com,1552,,,
blog.embracehomeloans.com,1551,,,
sharmispassions.com,1548,,,
everydayshortcuts.com,1548,,,
platingsandpairings.com,1546,,,
pinchofyum.com,1545,,,
thehomesteadinghippy.com,1544,,,
blog.coursera.org,1543,,,
melaniejadedesign.com,1543,,,
thequeenzone.com,1543,,,
simplebites.net,1542,,,
ccs-co.com,1542,,,
cuisinenoir.com,1541,,,
theblondeabroad.com,1538,,,
futureeducationmagazine.com,1538,,,
simplejoy.com,1537,,,
nestofposies-blog.com,1537,,,
garlicstore.com,1536,,,
homesteading.com,1536,,,
julieblanner.com,1536,,,
desivibe.com,1535,,,
whatsgabycooking.com,1535,,,
happyolks.com,1531,,,
shoppeblack.us,1529,,,
ablissfulnest.com,1529,,,
houseofroseblog.com,1528,,,
finecraftguild.com,1527,,,
brooklynactivemama.com,1526,,,
babyology.com.au,1524,,,
alecooks.com,1521,,,
slimmingsolutions.com,1520,,,
frugalhausfrau.com,1519,,,
prepperswill.com,1518,,,
armelleblog.com,1518,,,
momswhosave.com,1518,,,
thetravelhack.com,1516,,,
thecreativeshour.com,1512,,,
woman-trend.com,1512,,,
raise.theallergychef.com,1511,,,
uglyducklinghouse.com,1511,,,
heleneinbetween.com,1507,,,
animalhealthnewsandviews.com,1506,,,
carolinamontoni.com,1506,,,
thecraftyblogstalker.com,1506,,,
gentlemansgazette.com,1506,,,
opm.gov.so,1504,,,
livesimplybyannie.com,1504,,,
mydairyfreeglutenfreelife.com,1503,,,
prettyhandygirl.com,1502,,,
transvitae.com,1499,,,
tastesoflizzyt.com,1499,,,
drizzlemeskinny.com,1495,,,
momsandcrafters.com,1495,,,
imahealth.org,1495,,,
onecentatatime.com,1494,,,
sonsofuniverse.com,1494,,,
sustainablebusinesstoolkit.com,1492,,,
bns.institute,1492,,,
diyscraftsy.com,1492,,,
enlightio.com,1490,,,
investedwallet.com,1489,,,
thefrugalnavywife.com,1488,,,
girlandhappy.com,1487,,,
removeandreplace.com,1487,,,
gamertagzero.com,1483,,,
advicescout.com,1482,,,
makersrow.com,1482,,,
inspiredn.com,1479,,,
rachlmansfield.com,1479,,,
urbansurvivalsite.com,1478,,,
cooksister.com,1478,,,
petful.com,1478,,,
atidymind.co.uk,1476,,,
theplanetd.com,1476,,,
blog.totalgymdirect.com,1474,,,
emcrit.org,1474,,,
hobbyfaqs.com,1474,,,
creationsbykara.com,1474,,,
digitalnomadphysician.com,1473,,,
howtomoney.com,1470,,,
sph.umn.edu,1469,,,
skinsense.sg,1467,,,
thestayathomechef.com,1463,,,
ourbestbites.com,1462,,,
northwestcareercollege.edu,1462,,,
intelligentdomestications.com,1461,,,
findingzest.com,1460,,,
onelittleproject.com,1459,,,
carlsbadcravings.com,1457,,,
growingfamily.co.uk,1456,,,
rethinksurvival.com,1456,,,
desertlandscapinglasvegas.com,1455,,,
rachelcooks.com,1455,,,
thehomeimproving.com,1454,,,
theartofdoingstuff.com,1454,,,
thrivemyway.com,1451,,,
craftingintherain.com,1451,,,
mealprepify.com,1451,,,
mamateaches.com,1450,,,
greyb.com,1450,,,
inspiredbycharm.com,1449,,,
discoverhealing.com,1449,,,
krismunro.co.uk,1449,,,
theinspiredhome.com,1449,,,
ourcraftymom.com,1448,,,
smittenkitchen.com,1447,,,
ethicalelephant.com,1447,,,
preschoolponderings.com,1447,,,
goodexistence.com,1446,,,
thecrownedgoat.com,1445,,,
youngwomenshealth.org,1445,,,
psychalive.org,1444,,,
mellysews.com,1443,,,
wholeliving.com,1442,,,
fourgenerationsoneroof.com,1442,,,
palmcasual.com,1442,,,
orwhateveryoudo.com,1441,,,
livingonadime.com,1441,,,
anastasiablogger.com,1437,,,
feastingathome.com,1435,,,
journeyera.com,1435,,,
justonecookbook.com,1434,,,
engagedly.com,1434,,,
homeviable.com,1433,,,
lifeinlines.com,1431,,,
indianfoodforever.com,1430,,,
ruralsprout.com,1429,,,
sleepopolis.com,1429,,,
designthusiasm.com,1429,,,
spotlightfeature.com,1427,,,
nerdable.com,1427,,,
smartacsolutions.com,1425,,,
harbourbreezehome.com,1424,,,
ourgoodbrands.com,1424,,,
nutritiouslife.com,1423,,,
recipethis.com,1422,,,
theendlessmeal.com,1422,,,
pawsitiveanimalworks.com,1422,,,
sugarandcloth.com,1417,,,
inmyownstyle.com,1416,,,
classyyettrendy.com,1415,,,
beautyaficionado.com,1414,,,
mypositiveparenting.org,1412,,,
doglime.com,1412,,,
grandmashousediy.com,1411,,,
somewhatsimple.com,1411,,,
nutritionfacts.org,1410,,,
woodworkingworld.org,1410,,,
hearthandvine.com,1409,,,
whitneybond.com,1408,,,
fashionilly.com,1408,,,
dinneratthezoo.com,1407,,,
bakeorbreak.com,1407,,,
metalfixes.com,1405,,,
renovated.com,1405,,,
sogoodly.com,1404,,,
runwaylive.com,1403,,,
thedermreview.com,1402,,,
homemaderecipes.com,1401,,,
sugarandsoul.co,1400,,,
lollyjane.com,1399,,,
storylearning.com,1399,,,
conqueryourexam.com,1398,,,
templatehaven.com,1397,,,
petfriendlyhouse.com,1396,,,
thelittleshine.com,1395,,,
littlehouseliving.com,1394,,,
vivaveltoro.com,1390,,,
rasamalaysia.com,1388,,,
veenaazmanov.com,1388,,,
environment.co,1386,,,
memorandum.com,1384,,,
baytmagazine.com,1382,,,
fs.blog,1382,,,
romeing.it,1380,,,
culinaryhill.com,1379,,,
strengthandsunshine.com,1379,,,
cookingclassy.com,1379,,,
hitchfit.com,1377,,,
100daysofrealfood.com,1377,,,
caribbeangreenliving.com,1377,,,
homekitchtech.com,1376,,,
thebestblogrecipes.com,1376,,,
cookincanuck.com,1376,,,
inthefashionjungle.com,1375,,,
lecremedelacrumb.com,1375,,,
homestyledirect.com,1374,,,
successfulblackparenting.com,1373,,,
tastesbetterfromscratch.com,1373,,,
diytomake.com,1373,,,
skillsetmag.com,1372,,,
dearmedia.com,1371,,,
thepracticalplanter.com,1371,,,
ecomena.org,1369,,,
thouswell.com,1367,,,
thehappyhousie.com,1366,,,
moftarchive.org,1366,,,
realitydaydream.com,1364,,,
lemontreedwelling.com,1364,,,
aliciatenise.com,1362,,,
fitlifeway.com,1362,,,
travelingwellforless.com,1362,,,
wellbeinginfo.org,1361,,,
en.lifestyle.fit,1361,,,
shanty-2-chic.com,1356,,,
roomyretreat.com,1356,,,
lifeissweeterbydesign.com,1355,,,
unsustainablemagazine.com,1355,,,
iwashyoudry.com,1354,,,
craftsonsea.co.uk,1352,,,
insights.lifemanagementsciencelabs.com,1352,,,
fashionjackson.com,1351,,,
bakerbynature.com,1351,,,
homeperch.com,1348,,,
weelicious.com,1348,,,
everythingetsy.com,1347,,,
atouchofbusiness.com,1347,,,
mymilitarybenefits.com,1346,,,
start-a-garden.com,1342,,,
sallysbakingaddiction.com,1340,,,
therunnerbeans.com,1340,,,
downsizegeek.com,1339,,,
mybrainrewired.com,1339,,,
katiesbliss.com,1338,,,
femaleentrepreneurassociation.com,1337,,,
atthepicketfence.com,1336,,,
earlybullets.com,1334,,,
wallethacks.com,1332,,,
liveeatlearn.com,1330,,,
annmariegianni.com,1330,,,
lifemadesweeter.com,1330,,,
oceanconservancy.org,1327,,,
mycodelesswebsite.com,1327,,,
preppykitchen.com,1326,,,
whyfarmit.com,1326,,,
stepbystepbusiness.com,1323,,,
blossomheartquilts.com,1322,,,
juliannayuri.com,1321,,,
cookingwithsapana.com,1321,,,
homewithaneta.com,1321,,,
tablefortwoblog.com,1320,,,
theportablelaundry.com,1320,,,
fourminutebooks.com,1319,,,
agricultureinindia.net,1319,,,
houseplantalley.com,1319,,,
bunsinmyoven.com,1317,,,
yummytoddlerfood.com,1317,,,
sarahjoyblog.com,1316,,,
bakingkneads.com,1316,,,
cookingwithcurls.com,1316,,,
cremefilledchurros.com,1315,,,
strangecharmed.com,1315,,,
oldworldgardenfarms.com,1314,,,
mylifecookbook.com,1312,,,
birthwithoutfearblog.com,1312,,,
bakewithshivesh.com,1311,,,
thedollarstretcher.com,1311,,,
studiodiy.com,1311,,,
betteryou.ai,1311,,,
thisolderhouse.com,1310,,,
mybackyardlife.com,1310,,,
health-total.com,1310,,,
andrewzimmern.com,1309,,,
theholymess.com,1309,,,
localiq.com,1307,,,
wellfitinsider.com,1307,,,
thebeerexchange.io,1306,,,
sewcanshe.com,1303,,,
oursouthernhomesc.com,1303,,,
publichealthinsider.com,1301,,,
healthfulpursuit.com,1301,,,
gardentherapy.ca,1301,,,
thebeautraveler.com,1301,,,
browneyedbaker.com,1300,,,
savorandsmile.com,1299,,,
urbanmamaz.com,1296,,,
onlinecomputertips.com,1294,,,
joyoushealth.com,1293,,,
agrolearner.com,1292,,,
simplifyplants.com,1292,,,
jessicagavin.com,1291,,,
refreshrestyle.com,1291,,,
lukecoutinho.com,1290,,,
themediterraneandish.com,1289,,,
iqpartners.com,1289,,,
saltandlavender.com,1287,,,
healthyfitnessmeals.com,1287,,,
flandersfamily.info,1286,,,
thereciperebel.com,1286,,,
nosidebar.com,1285,,,
allfreecrafts.com,1282,,,
decorchamp.com,1280,,,
alphafoodie.com,1280,,,
roomfortuesday.com,1280,,,
natashaskitchen.com,1277,,,
creativehomemaking.com,1274,,,
orchidsandsweettea.com,1270,,,
thehealthsciencejournal.com,1268,,,
grammarvocab.com,1267,,,
citychicliving.com,1266,,,
petsweekly.com,1265,,,
midhudson.org,1265,,,
aroundmyfamilytable.com,1264,,,
anoregoncottage.com,1261,,,
loseweightbyeating.com,1261,,,
zaided.com,1261,,,
espressoenglish.net,1260,,,
turningclockback.com,1260,,,
everydaycheapskate.com,1260,,,
thecrispychef.com,1259,,,
oneprojectcloser.com,1258,,,
whattogetmy.com,1258,,,
padhuskitchen.com,1258,,,
placeideal.com,1257,,,
mindfulnessexercises.com,1256,,,
classiccasualhome.com,1256,,,
inauguralhomes.com,1253,,,
suzycohen.com,1252,,,
thegardeningcook.com,1252,,,
heartworkorg.com,1251,,,
b-inspiredmama.com,1248,,,
fivespotgreenliving.com,1248,,,
munchiesandmunchkins.com,1247,,,
simplisticallyliving.com,1247,,,
barndominiumlife.com,1246,,,
afrogistmedia.com,1245,,,
lowcarbyum.com,1244,,,
pierreblake.com,1243,,,
tipstohomesteading.com,1241,,,
sharksmind.com,1241,,,
drizzleanddip.com,1241,,,
thebloomup.com,1240,,,
aromaoildiffusersblog.com,1240,,,
alldayidreamaboutfood.com,1240,,,
abowlfulloflemons.net,1240,,,
aspicyperspective.com,1239,,,
slashedbeauty.com,1238,,,
handsoccupied.com,1237,,,
ytravelblog.com,1237,,,
makingitinthemountains.com,1236,,,
gamersmentor.com,1235,,,
heyletsmakestuff.com,1235,,,
localadventurer.com,1235,,,
carmensluxurytravel.com,1231,,,
unity.edu,1230,,,
unboundwellness.com,1230,,,
goodcheapeats.com,1230,,,
themightyrib.com,1229,,,
annwoodhandmade.com,1226,,,
diynatural.com,1226,,,
northerngardener.org,1226,,,
marathontrainingacademy.com,1225,,,
hurrythefoodup.com,1224,,,
summertomato.com,1223,,,
primaledgehealth.com,1222,,,
plantoeat.com,1222,,,
whereismyspoon.co,1222,,,
mom4real.com,1221,,,
chachingqueen.com,1220,,,
thebakermama.com,1220,,,
hvacrschool.com,1219,,,
marionskitchen.com,1219,,,
funwithwoodworking.com,1218,,,
sssedit.com,1218,,,
nadamanley.com,1218,,,
onecrazyhouse.com,1217,,,
healthmatters.nyp.org,1217,,,
mealpreponfleek.com,1216,,,
diabetesmealplans.com,1216,,,
partnersinfire.com,1216,,,
fancyhouse-design.com,1215,,,
artfulhomemaking.com,1214,,,
mommachaos.com,1212,,,
awedeco.com,1210,,,
fixrepair.org,1210,,,
yummyinspirations.net,1208,,,
anaddwoman.com,1208,,,
collegegranthub.com,1207,,,
anitalianinmykitchen.com,1207,,,
playpartyplan.com,1206,,,
adventureinyou.com,1202,,,
thesewingloftblog.com,1201,,,
superstaff.com,1200,,,
vintagerevivals.com,1200,,,
carmyy.com,1198,,,
damonburton.com,1197,,,
sweetlifebake.com,1197,,,
echochase.com,1196,,,
connoisseurusveg.com,1196,,,
mycolombianrecipes.com,1194,,,
motorera.com,1194,,,
traditionallymodernfood.com,1193,,,
juliapacheco.com,1193,,,
planetnatural.com,1192,,,
wholesomeyum.com,1191,,,
backdoorsurvival.com,1191,,,
revivalabs.com,1191,,,
myrepurposedlife.com,1190,,,
supergoldenbakes.com,1189,,,
roadtrippers.com,1188,,,
easyfamilyrecipes.com,1187,,,
moneybliss.org,1183,,,
myeleganthome.com,1182,,,
tivazo.com,1182,,,
homefortheharvest.com,1181,,,
cozydiyhome.com,1180,,,
thecreativefolk.com,1180,,,
quantumhealingpathways.com,1180,,,
yoast.com,1179,,,
joybileefarm.com,1179,,,
movemesmart.com,1177,,,
pocketchangegourmet.com,1176,,,
makeuptutorials.com,1175,,,
joyfulhealthyeats.com,1175,,,
feastandwest.com,1172,,,
allmychildrendaycare.com,1171,,,
blogs.yoroflow.com,1171,,,
findingjoyinyourhome.com,1170,,,
greatgrubdelicioustreats.com,1166,,,
gardenbeast.com,1165,,,
momloveshome.net,1165,,,
business-magazine.org,1164,,,
texashomesteader.com,1163,,,
kindergartenworksheetsandgames.com,1163,,,
stepawayfromthecarbs.com,1161,,,
worldofwoodcraft.com,1160,,,
kopiaste.org,1160,,,
careerfoundry.com,1159,,,
angelaskitchen.com,1159,,,
seniorfitness.org,1158,,,
loveandrenovations.com,1158,,,
greensmoothiegirl.com,1158,,,
100directions.com,1157,,,
fitonapp.com,1157,,,
momsdish.com,1157,,,
skinnykitchen.com,1157,,,
fussfreeflavours.com,1157,,,
arzyelbuilds.com,1155,,,
drlauryn.com,1155,,,
nationaldebtrelief.com,1155,,,
greatresumesfast.com,1155,,,
seekatesew.com,1154,,,
qbclean.com,1154,,,
swoonworthy.co.uk,1153,,,
londonlocalnews.co.uk,1153,,,
thepracticalherbalist.com,1152,,,
weddingforward.com,1152,,,
growingupgabel.com,1152,,,
30minutecrafts.com,1152,,,
americanspcc.org,1149,,,
consumerenergycenter.org,1149,,,
thebakingchocolatess.com,1149,,,
blitsy.com,1148,,,
planningtoorganize.com,1148,,,
pauladeen.com,1148,,,
kannammacooks.com,1148,,,
chriskresser.com,1146,,,
foodsafety.institute,1146,,,
plannthat.com,1146,,,
onceuponachef.com,1146,,,
adhd-workbook.com,1146,,,
recyclethis.co.uk,1144,,,
thecrazycraftlady.com,1142,,,
islandoriginsmag.com,1142,,,
happypinaymommy.com,1141,,,
crazylaura.com,1141,,,
inclusiveteach.com,1138,,,
foodgardening.mequoda.com,1137,,,
thegardenbeds.com,1137,,,
ilovebicycling.com,1136,,,
edgeup.asus.com,1136,,,
marijuanadoctors.com,1136,,,
alcasthq.com,1135,,,
thewoodenify.com,1135,,,
littlesproutslearning.co,1135,,,
forgetfulmomma.com,1133,,,
organized31.com,1133,,,
mixthatdrink.com,1131,,,
seacrestrecoverycenteroh.com,1131,,,
messforless.net,1130,,,
energyvanguard.com,1128,,,
bemytravelmuse.com,1128,,,
b02.417.myftpupload.com,1127,,,
2-10.com,1127,,,
savingk.com,1127,,,
bigdiyideas.com,1127,,,
kitchenscholar.com,1127,,,
torrenglabs.com,1127,,,
fluentin3months.com,1126,,,
lobsterandswan.com,1125,,,
animalbehaviorcollege.com,1125,,,
homesteadgardens.com,1124,,,
blog.eternal3d.com,1123,,,
livingwellspendingless.com,1122,,,
kitchenwarrior.co.uk,1122,,,
childrenfirstamerica.org,1119,,,
nomadicmatt.com,1118,,,
theconsciousplantkitchen.com,1117,,,
helloglow.co,1117,,,
illuminatingfacts.com,1117,,,
thecraftedlife.com,1116,,,
theinspiredtreehouse.com,1116,,,
businesstalkmagazine.com,1115,,,
sveltemag.com,1114,,,
kunschiropractic.com,1114,,,
sustainmycrafthabit.com,1113,,,
civilengineerblog.com,1111,,,
cnz.to,1111,,,
thefarmgirlgabs.com,1111,,,
imsociety.org,1111,,,
crazycoffeecrave.com,1110,,,
mensfitness.co.uk,1109,,,
thehumbledhomemaker.com,1109,,,
nikkisplate.com,1109,,,
everylastrecipe.com,1107,,,
verticalwise.com,1106,,,
nomadasaurus.com,1106,,,
thechicsite.com,1106,,,
msrachelhollis.com,1106,,,
theconfidentmom.com,1105,,,
sandoff.com,1103,,,
afrifoodnetwork.com,1103,,,
dimitrasdishes.com,1100,,,
cookwithmanali.com,1100,,,
ecwid.com,1100,,,
honestlymodern.com,1099,,,
mightypaint.com,1099,,,
eatingwitherica.com,1098,,,
chooseveg.com,1098,,,
12wbt.com,1098,,,
pickyeaterblog.com,1097,,,
unfinishedsuccess.com,1096,,,
blendwithspices.com,1096,,,
patijinich.com,1095,,,
shewearsmanyhats.com,1094,,,
dailyartfixx.com,1091,,,
healthyandnaturalworld.com,1090,,,
calnewport.com,1089,,,
lovegrowswild.com,1089,,,
grandmaremedy.net,1088,,,
goodonyou.eco,1087,,,
thedeliberatemom.com,1086,,,
joyfulhomemaking.com,1085,,,
cookingforkeeps.com,1085,,,
lavenderluz.com,1085,,,
teachingmama.org,1084,,,
hackrea.net,1083,,,
homemadeonaweeknight.com,1080,,,
mytunbridgewells.com,1079,,,
feedough.com,1079,,,
marocmama.com,1079,,,
uopeople.edu,1079,,,
hotholyhumorous.com,1078,,,
growit.wiki,1077,,,
afth.org,1077,,,
infusionlab.org,1077,,,
strengthrunning.com,1076,,,
howtogetorganizedathome.com,1075,,,
careersidekick.com,1075,,,
alexandracooks.com,1074,,,
stylesweekly.com,1074,,,
showmethecurry.com,1074,,,
peoplemanagingpeople.com,1073,,,
simplyquinoa.com,1073,,,
offgridharmony.com,1072,,,
simplelivingmama.com,1072,,,
selfsufficientprojects.com,1072,,,
craftsbyamanda.com,1071,,,
cultivatedknowledge.com,1071,,,
believeinmind.com,1071,,,
personalfinanceopinions.com,1071,,,
carolinescooking.com,1070,,,
40plusstyle.com,1070,,,
reasonstoskipthehousework.com,1069,,,
ladydecluttered.com,1069,,,
hungryhodophile.com,1069,,,
designdash.com,1069,,,
sarkarilist.in,1068,,,
bamboodu.com,1068,,,
juliasalbum.com,1067,,,
azplantlady.com,1067,,,
mobilehomerepairtips.com,1065,,,
modernhoney.com,1064,,,
marcandangel.com,1063,,,
puddlesandpine.com,1063,,,
indiefaq.com,1062,,,
blockapps.net,1061,,,
colemagazines.com,1060,,,
theoneliner.in,1058,,,
efzincreations.com,1058,,,
freebiefindingmom.com,1058,,,
damasklove.com,1058,,,
internationalcuisine.com,1057,,,
foodrevolution.org,1057,,,
peasandcrayons.com,1057,,,
iowagirleats.com,1057,,,
greedygourmet.com,1056,,,
lifecoachhub.com,1055,,,
delineateyourdwelling.com,1053,,,
homesteadsurvivalsite.com,1053,,,
sugarspunrun.com,1052,,,
thepondsfarmhouse.com,1052,,,
hikebiketravel.com,1052,,,
happyhooligans.ca,1048,,,
nextwhatbusiness.com,1047,,,
recipesfoodandcooking.com,1047,,,
cityu.edu,1047,,,
hometips.com,1045,,,
laylashine.com,1045,,,
largefamilytable.com,1045,,,
attainablehome.com,1045,,,
cleaneatingkitchen.com,1044,,,
boundbyflame.com,1043,,,
triedandtrueblog.com,1042,,,
thestreetfoodguy.com,1042,,,
getuhoo.com,1042,,,
ninjamachinerecipes.com,1042,,,
thehappychickencoop.com,1042,,,
ladymarielle.com,1042,,,
intjdc.org,1041,,,
finmasters.com,1041,,,
productivity501.com,1040,,,
homecookingadventure.com,1040,,,
bakingamoment.com,1040,,,
drwillcole.com,1039,,,
afoodloverskitchen.com,1039,,,
joyfilledeats.com,1038,,,
saltyskitchen.com,1038,,,
thehealthymaven.com,1037,,,
foodsense.is,1037,,,
petticoatjunktion.com,1035,,,
drewandjonathan.com,1033,,,
shoestringcottage.com,1032,,,
mamaknowsitall.com,1032,,,
ramonesworld.com,1032,,,
detoxinista.com,1032,,,
hseblog.com,1032,,,
emocare.co.in,1031,,,
mycreativedays.com,1031,,,
plantbasedonabudget.com,1031,,,
thisgalcooks.com,1028,,,
funwithmama.com,1028,,,
happymoneysaver.com,1028,,,
staysnatched.com,1026,,,
greatcurryrecipes.net,1026,,,
willyhomes.com,1026,,,
thebusybaker.ca,1026,,,
nofussnatural.com,1024,,,
assemblee-afe.fr,1023,,,
thebeautyinsiders.com,1023,,,
afarmgirlsdabbles.com,1023,,,
paleorunningmomma.com,1022,,,
stylebaggage.com,1022,,,
the-girl-who-ate-everything.com,1022,,,
delishknowledge.com,1022,,,
remodelagain.com,1021,,,
sinaunangpanahon.com,1020,,,
thecarefreekitchen.com,1019,,,
nerdfitness.com,1019,,,
nu.edu,1019,,,
womenshealthandstyle.com,1019,,,
experimentalhomesteader.com,1019,,,
beadsmagic.com,1019,,,
artsychicksrule.com,1018,,,
georgiawildlife.blog,1018,,,
thedermspot.com,1018,,,
simplyorganized.me,1016,,,
philippinego.com,1015,,,
foodfromportugal.com,1014,,,
mommalew.com,1013,,,
brooklynfarmgirl.com,1011,,,
annehutchinson.com,1011,,,
homestead.org,1010,,,
littlespicejar.com,1009,,,
cookwhatyoulove.com,1008,,,
graduateprogram.org,1006,,,
healthroid.com,1005,,,
freshharvesthaven.com,1004,,,
thedefineddish.com,1003,,,
rethority.com,1003,,,
karmacoffeecafe.com,1002,,,
bowl-me-over.com,1002,,,
sawdustgirl.com,1000,,,
theurbancrews.com,1000,,,
derppets.com,1000,,,
dirtgreen.com,999,,,
makeitdairyfree.com,999,,,
graystoneig.com,999,,,
airpurifierissues.com,999,,,
itallstartedwithpaint.com,998,,,
practicalfrugality.com,998,,,
theseamanmom.com,997,,,
kitchenbutterfly.com,997,,,
thefoodcharlatan.com,997,,,
ispydiy.com,996,,,
proverbialhomemaker.com,996,,,
business.yelp.com,995,,,
thehorsefacts.com,995,,,
thewonderforest.com,994,,,
scottishmum.com,994,,,
manjulaskitchen.com,994,,,
ecolonomics.org,994,,,
huggermugger.com,992,,,
careelite.de,992,,,
mastersofkitchen.com,991,,,
pickledplum.com,990,,,
bestofthislife.com,990,,,
delivisor.com,990,,,
biblejournalingdigitally.com,989,,,
ecohomegenius.com,988,,,
reddirtramblings.com,988,,,
lifegoalsmag.com,988,,,
foundr.com,987,,,
myfrugalhome.com,987,,,
majorfun.com,987,,,
askchefdennis.com,985,,,
jefmenguin.com,985,,,
outdoordoer.com,985,,,
babycaremag.com,984,,,
goonpet.com,984,,,
driphydration.com,983,,,
browniebites.net,982,,,
mysocalledcraftylife.com,982,,,
aimultiprompter.com,981,,,
danielle-moss.com,979,,,
homeisd.com,979,,,
practicalselfreliance.com,978,,,
greenchildmagazine.com,978,,,
elanaspantry.com,977,,,
vikalinka.com,977,,,
solutionsuggest.com,976,,,
jessicainthekitchen.com,975,,,
sawshub.com,974,,,
curiouslyconscious.com,974,,,
southernbite.com,973,,,
bookloverbookreviews.com,973,,,
maggymaid.com,973,,,
settingforfour.com,971,,,
homeeguide.com,969,,,
impactparents.com,969,,,
homeimprovementtips.co,968,,,
altarofgaming.com,968,,,
modernsurvivalonline.com,968,,,
kitchensanctuary.com,967,,,
laurelberninteriors.com,967,,,
buildingandinteriors.com,966,,,
crediful.com,966,,,
blog.amigofoods.com,965,,,
ecocult.com,965,,,
fieldcomplete.com,964,,,
inspiration-for-home.com,964,,,
unicornsinthekitchen.com,964,,,
getorganizedwizard.com,963,,,
thegunnysack.com,962,,,
naturalfoodseries.com,962,,,
craftsyhacks.com,961,,,
heygrillhey.com,960,,,
blog.misfitsmarket.com,960,,,
yumandyummer.com,960,,,
evolvingtable.com,960,,,
lovefoodies.com,959,,,
lifeasmom.com,958,,,
healthyandherbal.com,957,,,
healthyhappyimpactful.com,956,,,
thechunkychef.com,956,,,
stagg-design.com,955,,,
daneilabright.com,955,,,
u-createcrafts.com,955,,,
shrinkthatfootprint.com,954,,,
raisingteenstoday.com,954,,,
migrationology.com,954,,,
kitchensubstitute.com,954,,,
theprettybee.com,954,,,
bysophialee.com,954,,,
allnutritious.com,953,,,
scienceofpeople.com,953,,,
lestylorouge.com,953,,,
livesimply.me,953,,,
itsalwaysautumn.com,953,,,
andrewskurka.com,952,,,
lifestyleofafoodie.com,952,,,
jennifermaker.com,951,,,
ohse.ca,951,,,
getorganizedhq.com,950,,,
farmersalmanac.com,950,,,
thediydreamer.com,949,,,
ampainsoc.org,948,,,
dailymoss.com,947,,,
barbarabakes.com,947,,,
primalsurvivor.net,947,,,
affordanything.com,946,,,
thefoodieaffair.com,946,,,
sailusfood.com,946,,,
qoutescafe.com,946,,,
daringgourmet.com,946,,,
thebestideasforkids.com,946,,,
eatforlonger.com,945,,,
lovehandmade.net,945,,,
doityourselves.com,943,,,
danslelakehouse.com,942,,,
thinkstewartville.com,942,,,
eudaimoniahomes.com,940,,,
adayinourshoes.com,940,,,
dessertfortwo.com,939,,,
trinityhealth.org,939,,,
curiouscuisiniere.com,938,,,
craftygemini.com,938,,,
thecraftpatchblog.com,938,,,
moldreporter.com,936,,,
studioloot.com,936,,,
iguides.org,935,,,
onesweetappetite.com,935,,,
feelhealthyagain.net,935,,,
irkmagazine.com,934,,,
exampleslab.com,934,,,
artandcraftdiy.com,933,,,
makingenglishfun.com,933,,,
nickishomemadecrafts.com,933,,,
dnsstuff.com,933,,,
collectedmed.com,932,,,
modernonmonticello.com,932,,,
goodemma.com,931,,,
sustainablegardeningnews.com,930,,,
sweetpeasandsaffron.com,930,,,
skinnyfitalicious.com,928,,,
lifefamilyfun.com,928,,,
preparationcall.com,928,,,
krumpli.co.uk,928,,,
healthygreenkitchen.com,928,,,
nandadiagnoses.com,928,,,
spoonforkbacon.com,928,,,
ispyfabulous.com,927,,,
mobilehomeliving.org,927,,,
blog.ohiohealth.com,926,,,
theownerbuildernetwork.co,925,,,
ebohemians.com,925,,,
turnertimemanagement.com,924,,,
immigrantstable.com,924,,,
luxe.digital,924,,,
aanmc.org,923,,,
kitchentreaty.com,923,,,
makinglemonadeblog.com,922,,,
impactwizards.com,922,,,
bakerita.com,921,,,
6q.io,921,,,
wellnessbum.com,921,,,
startupmafia.eu,920,,,
greenthickies.com,920,,,
onceamonthmeals.com,918,,,
52perfectdays.com,918,,,
hative.com,918,,,
reachlink.com,918,,,
dollarsanity.com,917,,,
greenpeace.org.uk,917,,,
arthouseonlinegallery.com,917,,,
drrachelpaul.com,917,,,
nutritionbycarrie.com,916,,,
chewoutloud.com,915,,,
minimalismmadesimple.com,915,,,
easyanddelish.com,914,,,
mommyshomecooking.com,913,,,
smarthomebeast.com,913,,,
worldofvegan.com,913,,,
thriftylesley.com,911,,,
bostongirlbakes.com,910,,,
veggiedesserts.com,910,,,
okfronline.com,910,,,
myboredtoddler.com,909,,,
aziza.com.ng,909,,,
blueskyathome.com,908,,,
capturetheatlas.com,908,,,
laurenconrad.com,907,,,
lindiandruss.com,906,,,
shereadsromancebooks.com,906,,,
hotandflashy.com,906,,,
thefoodconnoisseur.co.uk,905,,,
cookieandkate.com,905,,,
myhomepros.com,905,,,
moneydoneright.com,905,,,
rosenthalinjurylaw.com,904,,,
lazycatkitchen.com,904,,,
nutrifitonline.com,903,,,
thefitcookie.com,903,,,
mommypotamus.com,903,,,
julieannart.com,903,,,
estradinglife.com,902,,,
createcraftlove.com,901,,,
theconfusedmillennial.com,900,,,
diy.empowermemagazine.com,899,,,
alllanguageresources.com,897,,,
bloggeratlarge.com,897,,,
grayingwithgrace.com,896,,,
fabulous50s.com,896,,,
abbeyskitchen.com,896,,,
medschoolinsiders.com,894,,,
pinoyrecipe.net,894,,,
completelydelicious.com,893,,,
foxhollowcottage.com,893,,,
tpchd.org,892,,,
homeefficiencytips.com,891,,,
healthygrocerygirl.com,891,,,
homestylematters.com,891,,,
kidscraftroom.com,891,,,
yummyhealthyeasy.com,891,,,
glofox.com,891,,,
craftulate.com,890,,,
myplacetoyours.com,890,,,
stylepersuit.com,889,,,
mygorgeousrecipes.com,889,,,
melissajanelee.com,889,,,
foodinjars.com,888,,,
miriamwellness.com,888,,,
outdoorhappens.com,887,,,
craftmakerpro.com,886,,,
seniorsafetyadvice.com,886,,,
hauserspatio.com,886,,,
perennialrecovery.com,886,,,
cookinginstilettos.com,886,,,
sensibledigs.com,886,,,
thyroid.org,885,,,
thehomesihavemade.com,885,,,
onlinetoolguides.com,884,,,
fromvalerieskitchen.com,884,,,
lemonlimeadventures.com,883,,,
thegraydetails.com,882,,,
bestcleaneating.com,882,,,
cookthestory.com,881,,,
framedcooks.com,881,,,
keviniscooking.com,881,,,
thisevergreenhome.com,880,,,
foundersnetwork.com,880,,,
thismakesthat.com,879,,,
beamingbaker.com,879,,,
lemonthistle.com,878,,,
craftsonfire.com,878,,,
superhitideas.com,877,,,
accessbathroom.com,877,,,
indymaven.com,875,,,
bestofvegan.com,875,,,
divergenttravelers.com,875,,,
chocolatechocolateandmore.com,874,,,
thishealthytable.com,874,,,
myhelpfulhints.co.uk,873,,,
ehouseplant.com,873,,,
erinspain.com,873,,,
inspiredtaste.net,873,,,
ehs.com,872,,,
therealfooddietitians.com,872,,,
cookedandloved.com,872,,,
therealfoodrds.com,872,,,
glutenfreecuppatea.co.uk,871,,,
bookoffoods.com,871,,,
healthier-patriot.com,871,,,
onfra.io,871,,,
gracedgirl.com,871,,,
theinfusionchef.com,870,,,
craftionary.net,869,,,
silverbobbin.com,869,,,
lovelifeyarn.com,869,,,
blesserhouse.com,868,,,
setupmyhotel.com,868,,,
drinkstack.com,868,,,
instantpoteats.com,868,,,
katemiddletonstyle.org,867,,,
naturallyella.com,867,,,
glowsly.com,867,,,
spanishsabores.com,866,,,
therunningadvisor.com,866,,,
trembom.com,866,,,
theprofessionalhobo.com,865,,,
farmhouseguide.com,865,,,
plumvillage.org,865,,,
thekitchensaid.com,864,,,
thelavenderchair.com,864,,,
amummytoo.co.uk,864,,,
greenmoxie.com,863,,,
somebodyfeedseb.com,863,,,
inkwoodresearch.com,863,,,
korrashay.com,863,,,
thegardeningtips.com,860,,,
ticktocktech.com,859,,,
idahofoodbank.org,858,,,
frugalfriendspodcast.com,857,,,
thecraftedsparrow.com,857,,,
uncovercounseling.com,856,,,
plurzo.com,856,,,
tallysolutions.com,855,,,
justsimplymom.com,855,,,
destinationdeluxe.com,855,,,
prudentpennypincher.com,854,,,
zenora.app,854,,,
mindtools.com,853,,,
glutenbee.com,852,,,
richingmatcha.com,852,,,
theproperblog.com,851,,,
tailwindapp.com,851,,,
demandafrica.com,851,,,
muybuenoblog.com,850,,,
hvacsoftwarefaqs.com,850,,,
chefsavvy.com,849,,,
bing.weeklyquiz.net,849,,,
princetonlibrary.org,849,,,
moonandspoonandyum.com,848,,,
fourjandals.com,848,,,
humanfocus.co.uk,848,,,
frippo.com,848,,,
chainsawjournal.com,847,,,
newyorkfashionhunter.com,847,,,
respiratorytherapyzone.com,847,,,
dontwastethecrumbs.com,846,,,
wellkeptwallet.com,846,,,
travelanddestinations.com,846,,,
socialworkerstoolbox.com,846,,,
northernservicestoday.com,845,,,
madeinaday.com,845,,,
leafyplace.com,845,,,
thehoneycombhome.com,845,,,
launchmetrics.com,844,,,
adishofdailylife.com,844,,,
basicexceltutorial.com,844,,,
lindywell.com,844,,,
juliannaclaire.com,843,,,
codecarbon.com,843,,,
shineyourlightblog.com,843,,,
wanderlustchloe.com,843,,,
itsnevernotteatime.com,843,,,
styl-inc.com,842,,,
worthingcourtblog.com,842,,,
janetlansbury.com,842,,,
allrecipesecret.com,842,,,
amothersrandomthoughts.com,842,,,
brightstuffs.com,841,,,
mightygoodness.com,840,,,
thediabetescouncil.com,840,,,
iwillteachyoutoberich.com,840,,,
twoverbs.com,840,,,
quietminimal.com,840,,,
amazingribs.com,838,,,
nursipedia.com,837,,,
techresearchs.com,837,,,
marymarthamama.com,837,,,
alisbh.com,836,,,
honestandtruly.com,836,,,
thesefourwallsblog.com,836,,,
moneysmartguides.com,835,,,
hypeladies.com,835,,,
dehydratedfoodz.com,834,,,
ptaourchildren.org,833,,,
sweetsimplevegan.com,833,,,
preschoolplayandlearn.com,833,,,
coconutsandkettlebells.com,833,,,
overthefirecooking.com,832,,,
lifeispositive.com,832,,,
lifewithjs.com,832,,,
mentalhealthathome.org,831,,,
growingupherbal.com,831,,,
wholefully.com,830,,,
wellness.guide,829,,,
curvysewingcollective.com,829,,,
earth5r.org,828,,,
thekonsulthub.com,828,,,
flowster.app,828,,,
blog.skin-beauty.com,828,,,
ciachef.edu,825,,,
commonsensehome.com,825,,,
exoticfruitsandvegetables.com,825,,,
rustic-crafts.com,825,,,
weseektravel.com,825,,,
scottsdalerecovery.com,824,,,
kaynutrition.com,824,,,
dermspotlight.com,822,,,
noom.com,822,,,
blog.alembika.com,821,,,
elizabethskitchendiary.co.uk,821,,,
mountainmamacooks.com,821,,,
healthyfoodcreation.fr,821,,,
philippinegetaway.com,820,,,
document360.com,819,,,
happybakingdays.com,819,,,
truemortgageplus.com,818,,,
nogettingoffthistrain.com,818,,,
thebeautyholic.com,817,,,
decasacollections.com,816,,,
bakingbar.co.uk,816,,,
scienceofmind.org,815,,,
fitasamamabear.com,813,,,
allthehealthythings.com,813,,,
meghantelpner.com,813,,,
healthguide.ng,813,,,
runningonrealfood.com,812,,,
easypeasyslowcook.com,812,,,
collectiblepedia.com,811,,,
homeguideguru.com,811,,,
cookthink.com,811,,,
foodheavenmadeeasy.com,811,,,
onekitchenreview.com,811,,,
intelligentcollector.com,810,,,
toolzview.com,810,,,
whatgreatgrandmaate.com,810,,,
myplantbasedfamily.com,810,,,
diycandy.com,810,,,
prepdish.com,809,,,
kotigi.com,809,,,
larderlove.com,809,,,
saffrontrail.com,809,,,
wisetoast.com,809,,,
thestrive.co,809,,,
bakeplaysmile.com,808,,,
thedietchefs.com,808,,,
ohsospotless.com,807,,,
heartscontentfarmhouse.com,807,,,
betweenusparents.com,807,,,
smokedbbqsource.com,807,,,
prouditaliancook.com,806,,,
foolproofliving.com,805,,,
modpodgerocksblog.com,804,,,
foodbymaria.com,804,,,
lifescapecolorado.com,804,,,
leapoffaithcrafting.com,803,,,
thehappierhomemaker.com,802,,,
mikesbackyardnursery.com,802,,,
nutritionstripped.com,801,,,
prenatalyogacenter.com,801,,,
soreyfitness.com,801,,,
grandbaby-cakes.com,801,,,
zigzagonearth.com,800,,,
thesawguy.com,800,,,
pearblossompress.com,800,,,
printify.com,799,,,
recipefairy.com,798,,,
gethealthyu.com,797,,,
dianthomas.com,797,,,
nrcne.org,797,,,
1stchoiceplumbingsd.com,797,,,
prowellness.childrens.pennstatehealth.org,796,,,
ricelawmd.com,794,,,
officefixes.com,794,,,
amazingmemovement.com,794,,,
deliciousdailyrecipes.com,794,,,
serendipityandspice.com,793,,,
thelocalrose.com,793,,,
cooksmarts.com,791,,,
beyondfrosting.com,791,,,
temperaturemaster.com,791,,,
upcyclethat.com,791,,,
insightvacations.com,791,,,
artinstructionblog.com,790,,,
manflowyoga.com,790,,,
ticoandtina.com,790,,,
makingmanzanita.com,789,,,
laurenfitfoodie.com,788,,,
feedmephoebe.com,788,,,
paperflodesigns.com,787,,,
littafi.com,787,,,
lowdoughfamily.com,787,,,
asouthernsoul.com,785,,,
the-inkline.com,785,,,
techlasi.com,784,,,
tesdaonlineprogram.com,784,,,
cuckoo4design.com,783,,,
adirondackgirlatheart.com,783,,,
savvygardening.com,783,,,
everettecarpet.com,782,,,
mealprepmanual.com,782,,,
selfpublishing.com,781,,,
theadultman.com,781,,,
recipe-diaries.com,781,,,
bemorewithless.com,780,,,
cafedelites.com,779,,,
eatingbyelaine.com,778,,,
growthstrategies101.com,778,,,
organizeyourselfskinny.com,778,,,
theplantbasedschool.com,778,,,
growingagreenerworld.com,777,,,
robin-wood.co.uk,777,,,
theturquoisehome.com,777,,,
gypsysoul.co.uk,776,,,
theworldpursuit.com,773,,,
choosingchia.com,772,,,
realsimplegood.com,772,,,
preparedness.info,772,,,
totallywilduk.co.uk,772,,,
culturemosaic.co.uk,771,,,
ecorganicas.com,771,,,
alltimedesign.com,771,,,
ballenblogger.com,771,,,
frommybowl.com,771,,,
readabilitytutor.com,771,,,
illuminatebeauty.co,770,,,
homeremedyshop.com,770,,,
risemagazine.org,770,,,
becentsational.com,769,,,
thetinylife.com,769,,,
thesmartlocal.jp,769,,,
tinygardenhabit.com,769,,,
gimmedelicious.com,768,,,
homecookingmemories.com,768,,,
beyondwellhomecare.com,767,,,
cakewhiz.com,767,,,
lifepart2andbeyond.com,766,,,
umamigirl.com,766,,,
holisticfamilypracticeva.com,765,,,
pupsgourmetkitchen.com,765,,,
veinard.org,764,,,
fodmapeveryday.com,763,,,
onecartao.com,762,,,
lifehacks.io,761,,,
heatherhandmade.com,760,,,
justagirlandherblog.com,760,,,
thebettyrocker.com,760,,,
observationhobbies.com,760,,,
weekendcraft.com,759,,,
makersgonnalearn.com,759,,,
suburbia-unwrapped.com,759,,,
forkandbeans.com,758,,,
thevou.com,758,,,
cookingorgeous.com,756,,,
techcommuters.com,756,,,
hawksem.com,756,,,
allergyadviceatoz.com,755,,,
communitycare.com,755,,,
ozaclean.com,754,,,
rachnacooks.com,753,,,
omnivorescookbook.com,753,,,
fitmittenkitchen.com,752,,,
gypsyplate.com,752,,,
thesugarfreediva.com,752,,,
myspicykitchen.net,749,,,
homecooksworld.com,749,,,
easycookingwithmolly.com,748,,,
diabetesstrong.com,748,,,
gracechristian.edu,747,,,
sims4life.gg,747,,,
crumbsandchaos.net,747,,,
kitchenzoes.com,746,,,
simpleandseasonal.com,746,,,
glutenfreeonashoestring.com,746,,,
alsothecrumbsplease.com,745,,,
naturalpapa.com,745,,,
houseplantjoy.com,744,,,
blog.tokyoroomfinder.com,744,,,
welcometothescene.com,744,,,
germanfoods.org,743,,,
suburbangrandma.com,743,,,
tidbits-cami.com,743,,,
seejanedrill.com,742,,,
streamscheme.com,742,,,
mindovermunch.com,742,,,
wholelottayum.com,741,,,
simplilearn.com,741,,,
heinens.com,741,,,
farmhouseonboone.com,740,,,
guide2wdw.com,740,,,
arinsolangeathome.com,739,,,
happiom.com,738,,,
frugalwoods.com,738,,,
antimaximalist.com,738,,,
graduate.northeastern.edu,738,,,
kathysvegankitchen.com,738,,,
houseofhawthornes.com,737,,,
dashofjazz.com,737,,,
formulabotanica.com,737,,,
amourvert.com,736,,,
sorry-about-the-mess.co.uk,736,,,
eatbeautiful.net,733,,,
healthylittlepeach.com,733,,,
spicesinmydna.com,733,,,
greenlivingzone.com,733,,,
mobilehomeideas.com,732,,,
foodiesfamily.com,732,,,
empressofdirt.net,732,,,
thenavagepatch.com,731,,,
homeandmoney.com,730,,,
firstlighthomecare.com,729,,,
preciouscore.com,729,,,
dressyourhome.in,729,,,
1stpersonaldevelopment.com,729,,,
orbitingweb.com,728,,,
savorandsavvy.com,728,,,
pegasusseniorliving.com,728,,,
lifedev.net,727,,,
andianne.com,727,,,
sixfiguresunder.com,727,,,
rvblogger.com,727,,,
insights-daily.com,726,,,
thedailydish.us,726,,,
lorabloomquist.com,726,,,
vjcooks.com,726,,,
loganix.com,725,,,
thacleaning.com,724,,,
momtomomnutrition.com,724,,,
personalexcellence.co,723,,,
onedishkitchen.com,723,,,
preparednessmama.com,723,,,
microbeonline.com,723,,,
livingwellmom.com,723,,,
thewanderlustkitchen.com,723,,,
fittoservegroup.com,722,,,
greatbigphotographyworld.com,722,,,
happyfoodstube.com,722,,,
foodviva.com,722,,,
blog.theinterviewguys.com,722,,,
mantelligence.com,722,,,
adaringadventure.com,721,,,
easycheesyvegetarian.com,721,,,
cozybedquarters.com,721,,,
tropicalfruitsy.com,721,,,
adebtfreestressfreelife.com,720,,,
springtimeinmysoul.com,720,,,
thebananadiaries.com,720,,,
foodtestingindia.com,720,,,
thefoodaholic.co.uk,720,,,
nutritioninthekitch.com,719,,,
businessconsultingagency.com,719,,,
thelilypadcottage.com,718,,,
ultimatesimsguides.com,718,,,
sloww.co,718,,,
swoodsonsays.com,718,,,
funcheaporfree.com,718,,,
lunchsense.com,717,,,
stellanonna.com,716,,,
nfcihospitality.com,716,,,
scrambledchefs.com,716,,,
makermama.com,715,,,
greenglobaltravel.com,715,,,
easyhometips.org,715,,,
lindnercenterofhope.org,714,,,
castoroil-guide.com,714,,,
canineweekly.com,714,,,
nationalchickencouncil.org,714,,,
my-inspo.com,713,,,
housecleaningcentral.com,713,,,
leanmanufacturing.online,713,,,
milkallergymom.com,713,,,
okonomikitchen.com,713,,,
cookrepublic.com,712,,,
valentinascorner.com,711,,,
kelleynan.com,711,,,
drawing123.com,711,,,
reusegrowenjoy.com,711,,,
thispilgrimlife.com,710,,,
leaguetips.gg,710,,,
cntw.nhs.uk,710,,,
sustainableliving.org.nz,710,,,
livingtheveganlifestyle.org,709,,,
lifeasaleowife.com,708,,,
capturediet.com,708,,,
eatcookexplore.com,708,,,
f1destinations.com,708,,,
eggcellentwork.com,708,,,
decoratingden.com,708,,,
sohappyyoulikedit.com,706,,,
btwb.blog,705,,,
trystressmanagement.com,705,,,
itdoesnttastelikechicken.com,704,,,
winssolutions.org,704,,,
naturallivingideas.com,703,,,
caninebible.com,703,,,
daphnesdiary.com,703,,,
cheaprecipeblog.com,703,,,
wholesomelicious.com,702,,,
gardeningchores.com,702,,,
atlasandboots.com,702,,,
mylittlebabog.com,701,,,
theprepared.com,701,,,
snappyliving.com,700,,,
makingmidlifematter.com,700,,,
adventurefaktory.com,700,,,
wholesomefarmhouserecipes.com,700,,,
cleaningbusinessboss.com,699,,,
heatherednest.com,699,,,
cookwithrenu.com,699,,,
enhancehealthgroup.com,699,,,
familysurvival.com,698,,,
sixdollarfamily.com,698,,,
positivityblog.com,698,,,
lianaskitchen.co.uk,698,,,
valleycomfortheatingandair.com,698,,,
therapyforblackgirls.com,698,,,
asweetpeachef.com,697,,,
thepeoplewhoshare.com,697,,,
thefrugalfarmgirl.com,697,,,
applavia.com,696,,,
mymerrymessylife.com,696,,,
serenitybrew.com,696,,,
thegirlonbloor.com,696,,,
ourendangeredworld.com,696,,,
mediterraneanliving.com,696,,,
internationalmidwives.org,695,,,
savvyhoney.com,695,,,
woohome.com,695,,,
1gamerdash.com,695,,,
thechrysalisbrewproject.com,695,,,
treeier.com,695,,,
chinasichuanfood.com,694,,,
chuzefitness.com,694,,,
justthewoods.com,693,,,
sustainablecooks.com,693,,,
goodforyouglutenfree.com,693,,,
thebellevieblog.com,693,,,
mrsurvivalist.com,693,,,
clevergirlfinance.com,693,,,
andreasnotebook.com,692,,,
materialsix.com,692,,,
glassofglam.com,692,,,
thesimplicityhabit.com,691,,,
online-learning-college.com,691,,,
fitnesspamphlet.com,691,,,
glutenfreepalate.com,691,,,
acozykitchen.com,691,,,
modernloss.com,690,,,
hintofhealthy.com,690,,,
handletheheat.com,689,,,
fursnpaws.com,688,,,
hola.health,688,,,
gamingelephant.com,688,,,
americanpregnancy.org,688,,,
homecleaningfamily.com,687,,,
blog.cityfloorsupply.com,687,,,
littlecreekrecovery.org,686,,,
kidsareatrip.com,685,,,
gardenerpick.com,685,,,
fallfordiy.com,684,,,
pierrehealth.com,684,,,
sustainability.shiksha,683,,,
removeheavymetals.com,683,,,
ruchiskitchen.com,683,,,
howtobuildit.org,682,,,
guycounseling.com,682,,,
freedmarcroft.com,681,,,
thecookingfoodie.com,681,,,
thehometrotters.com,681,,,
boberickson.com,681,,,
thelanguagegarage.com,681,,,
potomac.edu,681,,,
elizabethrider.com,680,,,
mygourmetconnection.com,680,,,
cravinghomecooked.com,680,,,
abigailalbers.com,680,,,
jenniraincloud.com,678,,,
hellamaid.ca,678,,,
close-to-nature.org,678,,,
greenbuildingcanada.ca,677,,,
kitchenfrau.com,677,,,
bakinghow.com,676,,,
kidneyaid.org,675,,,
ketoconnect.net,675,,,
number-2-pencil.com,675,,,
dentalhygienist101.com,675,,,
way2goodlife.com,675,,,
housewiseup.com,675,,,
vintagedancer.com,674,,,
thegingeredwhisk.com,674,,,
californiaprimerecovery.com,674,,,
foodprint.org,674,,,
apriljharris.com,673,,,
thrivinghomeblog.com,673,,,
craftyjournal.com,673,,,
ethicalunicorn.com,673,,,
playworkeatrepeat.com,672,,,
artsydee.com,672,,,
womenwanderingbeyond.com,671,,,
juicehungry.com,670,,,
salvagedinspirations.com,670,,,
diabetesknow.com,670,,,
marketingartfully.com,670,,,
crafthouston.org,670,,,
bakerella.com,669,,,
lifelearn.com,669,,,
confessionsofabakingqueen.com,669,,,
thrivepersonally.com,669,,,
glamourboutique.com,668,,,
civitasseniorliving.com,668,,,
homelyville.com,668,,,
homesicktexan.com,668,,,
indianveggiedelight.com,667,,,
simplifyingfamily.com,667,,,
restartmed.com,667,,,
kejanicleaning.co.ke,665,,,
prudentreviews.com,665,,,
morewithlesstoday.com,665,,,
alicedias.com,665,,,
careclinic.io,665,,,
wander-lush.org,665,,,
chovi.com,664,,,
culinaryginger.com,664,,,
practicallyhomemade.com,663,,,
southfloridacontractors.com,663,,,
zagline.com,663,,,
simplygreatrecipes.com,662,,,
grainstorehouse.com,662,,,
afamuche.com,661,,,
lovingitvegan.com,661,,,
mygardenlife.com,661,,,
whatmommydoes.com,660,,,
ellisjamesdesigns.com,659,,,
healthy-delicious.com,659,,,
myfrenchcountryhomemagazine.com,659,,,
jennasuedesign.com,658,,,
gritsandpinecones.com,658,,,
decordreamsspace.com,657,,,
nafc.org,657,,,
lissarankin.com,657,,,
lawnmowerguru.com,656,,,
entrepreneurpost.com,656,,,
goingblack.org,656,,,
cleanmyspace.com,656,,,
pastrychefonline.com,656,,,
kellogggarden.com,655,,,
mrsrichardsonsclass.com,655,,,
apacentrepreneur.com,654,,,
physiomantra.co,654,,,
mattressadvisory.org,654,,,
tobyamidornutrition.com,654,,,
blog.nationwide.com,654,,,
sevenlayercharlotte.com,654,,,
savorylotus.com,653,,,
goingzerowaste.com,653,,,
cooknourishbliss.com,652,,,
homeimprovementgeek.com,652,,,
theharvestkitchen.com,652,,,
inhouseathome.com,651,,,
unexpectedlydomestic.com,651,,,
mens-talk.online,651,,,
accentondesign.net,651,,,
thesurvivalmom.com,651,,,
a10yoob.com,650,,,
circaairfryer.com,650,,,
dreamsabroad.com,650,,,
wickerwoman.com,650,,,
hookedhome.com,650,,,
blog.infs.com,649,,,
thecrafttrain.com,649,,,
themakersmap.com,649,,,
healingpharma.in,649,,,
spiritualout.com,649,,,
themechanicdoctor.com,649,,,
serenitytalks.com,649,,,
homesteadingfamily.com,648,,,
thecleaneatingcouple.com,648,,,
marysnest.com,648,,,
juliebestry.com,647,,,
bestforpets.org,646,,,
thedacare.org,646,,,
mentalhealthcenters.org,646,,,
baking-sense.com,646,,,
therelationshippsychics.com,645,,,
nomeatathlete.com,645,,,
wiser.eco,645,,,
blhc.org,644,,,
smartliving365.com,644,,,
mommy-diary.com,644,,,
thepeacefulhaven.com,643,,,
dadsguidetotwins.com,643,,,
vegetarianzen.com,642,,,
girlscangrill.com,642,,,
craftpassion.com,642,,,
fashionfoody.com,642,,,
justbreathemag.com,641,,,
graceinmyspace.com,641,,,
sidehustlenation.com,640,,,
danmartell.com,640,,,
thelaststitch.com,640,,,
maidbrigade.com,640,,,
blog.apartminty.com,640,,,
inspirespire.com,640,,,
pinascuisine.com,640,,,
tealnotes.com,640,,,
multiculturalcaregiving.com,640,,,
foodhow.com,640,,,
thisismygarden.com,639,,,
biketips.com,638,,,
cookwareninja.com,637,,,
theproteinchef.co,637,,,
themilliondollarmama.com,636,,,
frugalandthriving.com.au,636,,,
frugalgardening.com,636,,,
makinglifeblissful.com,636,,,
spoonnspice.com,635,,,
socialself.com,634,,,
nourishmovelove.com,633,,,
bowlofdelicious.com,632,,,
thetravelbible.com,632,,,
kolleqtive.com,632,,,
hauteandhealthyliving.com,632,,,
tradiezone.com.au,632,,,
feastingonfruit.com,631,,,
thetastesoflife.com,631,,,
thewholeworldisaplayground.com,631,,,
madeyousmileback.com,631,,,
howdoesyourgardenmow.com,631,,,
likeavegan.com.au,630,,,
themakeyourownzone.com,630,,,
learnlanguagesfromhome.com,629,,,
leaders.com,629,,,
thestatesmanindia.com,628,,,
wockhardthospitals.com,628,,,
faithfullyglutenfree.com,628,,,
janitorialmanager.com,628,,,
usa.edu,628,,,
outofthe925.com,627,,,
redemptionpermaculture.com,627,,,
ohmightyhealth.com,626,,,
neurotechinsider.com,626,,,
frugalfrolicker.com,626,,,
firstaidforfree.com,626,,,
elemental.green,625,,,
healthcouncilcanada.ca,625,,,
thesavvysparrow.com,624,,,
theliterarylifestyle.com,624,,,
steadrush.com,624,,,
theprairiehomestead.com,624,,,
pipingpotcurry.com,623,,,
solotravelerworld.com,623,,,
fivehearthome.com,623,,,
homeheartcraft.com,623,,,
theminimalists.com,622,,,
olivaclinic.com,622,,,
floatingkitchen.net,622,,,
babame.com,622,,,
theorganizedmama.com,621,,,
greenandnatural.org,621,,,
kawalingpinoy.com,620,,,
poshjournal.com,620,,,
menopausegoddessblog.com,620,,,
diybunker.com,619,,,
realfoodrealdeals.com,619,,,
themoneyprinciple.com,619,,,
crazylifewithlittles.com,619,,,
isabeleats.com,619,,,
walletminded.com,619,,,
simplelivingcountrygal.com,618,,,
definecivil.com,618,,,
organisemyhouse.com,617,,,
oxfordlearning.com,617,,,
empoweredsustenance.com,617,,,
simplerootswellness.com,617,,,
iliterature.net,616,,,
justcraftingaround.com,616,,,
processkitchens.com,616,,,
sometimes-homemade.com,615,,,
lifeonsummerhill.com,615,,,
strengthlog.com,614,,,
campingforfoodies.com,613,,,
adorno.design,612,,,
acemannjr.com,612,,,
retrohousewifegoesgreen.com,612,,,
foodmeanderings.com,611,,,
nutritionadvance.com,611,,,
susanbranch.com,611,,,
escapingabroad.com,611,,,
themostlysimplelife.com,611,,,
plantbasedjess.com,610,,,
safetypostershop.com,610,,,
onlysocial.io,610,,,
homeqly.com,610,,,
kalimirchbysmita.com,610,,,
plattertalk.com,609,,,
photogenicmind.com,609,,,
thewanderinggirl.com,608,,,
homedecorwoodworking.com,608,,,
homecozymagic.com,608,,,
vickymyerscreations.co.uk,608,,,
kitchenheed.com,607,,,
simplysoundadvice.com,607,,,
thegreenhubonline.com,607,,,
offgridworld.com,607,,,
thelittlepine.com,607,,,
hellosewing.com,606,,,
seonkyounglongest.com,605,,,
cabinetpark.com,605,,,
plantglossary.com,605,,,
growingfruits.com,604,,,
getwpcaptcha.com,604,,,
brepurposed.com,603,,,
micheleborba.com,603,,,
drchandrilchugh.com,603,,,
lifeandhealth.org,603,,,
plantbasedrdblog.com,603,,,
remake.world,603,,,
nextstepliving.com,602,,,
isabelsmithnutrition.com,602,,,
outdoors.org,602,,,
rachelsrecipepantry.com,602,,,
imyobe.com,602,,,
thephotoargus.com,602,,,
apartmentapothecary.co.uk,602,,,
easycooksrecipes.com,602,,,
arosetintedworld.co.uk,601,,,
emersonproservices.com,601,,,
bucketlistjourney.net,600,,,
gracefullittlehoneybee.com,600,,,
glutenfreedairyfreereviews.com,600,,,
chasingfoxes.com,600,,,
elliestraveltips.com,600,,,
ahundredaffections.com,600,,,
residentialsolarpanels.org,600,,,
offthebeatengrid.net,600,,,
theelegantaesthetic.com,600,,,
myinteriorpalace.com,599,,,
wrenchway.com,599,,,
nad.org,598,,,
survivalistprepper.net,598,,,
bestratedhealth.com,597,,,
drawpaintacademy.com,597,,,
madnessandmethod.com,597,,,
southeastasiabackpacker.com,597,,,
thecozycook.com,597,,,
upbeetkitchen.com,595,,,
impactdots.com,594,,,
prakati.in,594,,,
mytastycurry.com,594,,,
thrivethemes.com,593,,,
atlantahomesmag.com,593,,,
cutthewood.com,593,,,
artsyhome.com,593,,,
onsuttonplace.com,592,,,
bizinsure.com,591,,,
ouroilyhouse.com,590,,,
gamingpromax.com,590,,,
veryeasymakeup.com,588,,,
sybersue.com,588,,,
childdevelopmentinfo.com,588,,,
socialrecoverycenter.com,588,,,
scottsdaleazdetox.com,587,,,
ibreatheimhungry.com,587,,,
familyspice.com,586,,,
designfor-me.com,586,,,
ropo.fi,586,,,
michellejdesigns.com,586,,,
alvcoaching.com,585,,,
eatproteins.com,585,,,
joynights.org,585,,,
rhiansrecipes.com,585,,,
cleanupgeek.com,585,,,
theurbenlife.com,584,,,
somethingborrowedpdx.com,584,,,
scatteredsquirrel.com,584,,,
korean-cooking.com,584,,,
sustainably-chic.com,584,,,
biologyease.com,583,,,
elementaryassessments.com,582,,,
pinkfemme.com,582,,,
woodshopdiaries.com,581,,,
beardandteeth.com,581,,,
mghclaycenter.org,581,,,
freshhobby.com,581,,,
schmidt-arch.com,580,,,
win-tipps.de,580,,,
sincerelysarad.com,580,,,
thankyourgarden.com,580,,,
happytowander.com,580,,,
homemadebycarmona.com,578,,,
greenthumbdaily.com,578,,,
storyandhome.com,578,,,
bestbuyguidebook.com,578,,,
thecreativemuggle.com,578,,,
davidhealy.org,578,,,
tanmenciasdental.com,577,,,
dharmaocean.org,577,,,
nkba.org,577,,,
apersonalorganizer.com,576,,,
kellyscleankitchen.com,576,,,
metatierlist.com,576,,,
outdoorapothecary.com,576,,,
inhabitedkitchen.com,576,,,
ourfreakingbudget.com,576,,,
relaxlangmom.com,575,,,
plantyou.com,575,,,
postcardsfromtheridge.com,575,,,
nfcc.org,575,,,
lowcarbsosimple.com,575,,,
momandhomemaker.com,574,,,
livetoday4tomorrow.com,574,,,
onmykidsplate.com,574,,,
healthy-food-choices-in-schools.extension.org,573,,,
yourfishguide.com,573,,,
gardenersmag.com,573,,,
norecipes.com,573,,,
littleferrarokitchen.com,573,,,
wholesomepatisserie.com,572,,,
quizutopia.com,572,,,
plt4m.com,572,,,
beautymag.com,572,,,
sarahbakesgfree.com,572,,,
getbusygardening.com,571,,,
allthingsdogs.com,571,,,
paulysplayhouse.com,571,,,
houseofyumm.com,571,,,
billfury.com,571,,,
clubcrafted.com,571,,,
tpcjournal.nbcc.org,571,,,
craftingcheerfully.com,570,,,
mykidslickthebowl.com,570,,,
bitesofwellness.com,569,,,
allergyasthmanetwork.org,569,,,
supersimple.com,569,,,
thatpracticalmom.com,569,,,
highlandsranchfoodie.com,569,,,
busybudgeter.com,568,,,
mycrazygoodlife.com,568,,,
permaculturepractice.com,568,,,
tulsa-health.org,568,,,
bestprojectideas.com,568,,,
ipaintyousip.com,568,,,
colemanconcierge.com,567,,,
hostthetoast.com,567,,,
foodprepguide.com,567,,,
startathomedecor.com,567,,,
gurlgonegreen.com,567,,,
oliviascuisine.com,567,,,
insights.workwave.com,566,,,
sumogardener.com,566,,,
justaddglam.com,565,,,
bestosrsguides.com,565,,,
organizingmoms.com,565,,,
fishkeepingworld.com,564,,,
safetymanualosha.com,564,,,
simplifygardening.com,563,,,
theabilitytoolbox.com,563,,,
greenoceanpropertymanagement.com,563,,,
worksheethero.com,563,,,
giangiskitchen.com,563,,,
ramber.com,562,,,
thesaltedpepper.com,562,,,
fabfood4all.co.uk,561,,,
ageful.com,561,,,
vtfurnitureworks.com,561,,,
homemakerssociety.com,561,,,
regendus.com,560,,,
breathebetterair.org,560,,,
moralfibres.co.uk,560,,,
mobilehomesell.com,559,,,
hbs.net,559,,,
1001patterns.com,558,,,
mealprepmap.com,558,,,
olivetomato.com,558,,,
messyvegancook.com,558,,,
thesavvycouple.com,558,,,
creatingmaryshome.com,557,,,
realfoodwithjessica.com,557,,,
tracyssewingstudio.com,556,,,
add.org,556,,,
goodliife.com,556,,,
attainable-sustainable.net,556,,,
thelittlefrugalhouse.com,556,,,
sleepeducation.org,555,,,
mouseearmemories.com,555,,,
thefirstmess.com,555,,,
wholenewmom.com,555,,,
thelittlekitchen.net,555,,,
homeguidecorner.com,554,,,
themindfool.com,553,,,
ciaprochef.com,553,,,
itsallyouboo.com,552,,,
hartz.com,551,,,
thefitnessphantom.com,551,,,
bitglint.com,551,,,
themost10.com,551,,,
mealswithmaria.site,550,,,
getmysleep.com,550,,,
polishedhabitat.com,550,,,
presmada.com,550,,,
cucicucicoo.com,549,,,
earthreminder.com,549,,,
healthyhelperkaila.com,549,,,
ordinarytraveler.com,549,,,
officedynamics.com,548,,,
trilliummontessori.org,547,,,
motherofhealth.com,546,,,
cleananddelicious.com,546,,,
successlearned.com,546,,,
simple-veganista.com,545,,,
zoebakes.com,544,,,
mattsfitchef.com,543,,,
theprocesshacker.com,543,,,
innerspace.org.uk,543,,,
healingtomato.com,543,,,
cultivatinggreenspaces.com,542,,,
sweetpotatosoul.com,542,,,
swhr.org,541,,,
simplelifemom.com,541,,,
ecomstart.io,541,,,
urbakibeauty.com,541,,,
alisonsnotebook.com,541,,,
tpd.edu.au,540,,,
reformationacres.com,540,,,
ourhomemadeeasy.com,540,,,
woodworkingtoolkit.com,540,,,
esfi.org,540,,,
saltinourhair.com,540,,,
indoorvegetablegrower.com,539,,,
reinventeddelaware.com,539,,,
ladyandpups.com,539,,,
mrmoneymustache.com,539,,,
mamagourmand.com,539,,,
eightforestlane.com,539,,,
eatplant-based.com,539,,,
bestofkorea.com,538,,,
kitchensanity.com,538,,,
segeriusbrucephotography.com,538,,,
orilea.com,538,,,
90daykorean.com,537,,,
seniorliving.org,537,,,
durmonski.com,537,,,
grandcollector.com,537,,,
naturalbeautyobsesseed.com,536,,,
technologiideas.com,536,,,
suburbansimplicity.com,535,,,
crabbyhousewife.com,535,,,
texasview.org,535,,,
sustainability-success.com,534,,,
unbottleyourtea.com,534,,,
californiagreekgirl.com,534,,,
tamingtwins.com,533,,,
blogpatagonia.australis.com,533,,,
installitdirect.com,533,,,
foodieandwine.com,533,,,
farmfitliving.com,533,,,
heartmybackpack.com,532,,,
juicingmadeeasy.com,532,,,
hot-thai-kitchen.com,532,,,
thestudyjournal.com,532,,,
altasea.org,532,,,
thepaleodiet.com,532,,,
ancientherbswisdom.com,530,,,
diy-project-advice.co.uk,530,,,
thedairydish.com,530,,,
sustainablereview.com,530,,,
savingandsimplicity.com,529,,,
pacificneuroscienceinstitute.org,529,,,
blog.dynamofitness.com.au,528,,,
nicsnutrition.com,527,,,
thetravelerbd.com,527,,,
interviewquestions.guru,527,,,
workingtheflame.com,527,,,
thsc.org,526,,,
cwcrecovery.com,526,,,
lovelyetc.com,526,,,
royalbambino.com,525,,,
hairmdindia.com,525,,,
nourishedbynic.com,525,,,
ypf.com.pk,525,,,
calmerry.com,525,,,
bakingmischief.com,524,,,
veganavenue.com,524,,,
thegadgetoffice.com,524,,,
bloomyheaven.com,524,,,
healthsciencesforum.com,523,,,
dancingthroughtherain.com,523,,,
shaneandsimple.com,523,,,
cookstowndental.com,523,,,
maryswholelife.com,523,,,
karalydon.com,523,,,
nourishedkitchen.com,522,,,
woodworkly.com,522,,,
drmache.com,522,,,
home-appliance-hub.com,522,,,
fishkeepingadventure.com,521,,,
happyorganizedlife.com,521,,,
lickmyspoon.com,521,,,
campersmarts.com,521,,,
printableshub.com,520,,,
lemonblossoms.com,520,,,
cameocollege.com,520,,,
newmanwebsolutions.com,519,,,
owixiwo.com,518,,,
firstaidvideos.com,518,,,
moriahbehavioralhealth.com,518,,,
pillarboxblue.com,517,,,
lydioutloud.com,517,,,
purgula.com,517,,,
livinginatiny.com,517,,,
beyondkimchee.com,517,,,
eathealthyisgood.com,517,,,
saltinmycoffee.com,516,,,
anikasdiylife.com,516,,,
fluentfilipino.com,516,,,
news.ultrasignup.com,516,,,
louskitchencorner.freybors.com,515,,,
whattheforkfoodblog.com,515,,,
simplemadepretty.com,514,,,
annaeverywhere.com,514,,,
myfrenchtwist.com,514,,,
beesandroses.com,514,,,
psimadethis.com,514,,,
officelibations.com,513,,,
littlesugarsnaps.com,513,,,
itsnotcomplicatedrecipes.com,513,,,
simplehomeedit.com,512,,,
repaircafe.org,512,,,
fitgag.com,512,,,
nowcookthis.com,512,,,
designmorsels.com,512,,,
wildjunket.com,511,,,
wearesovegan.com,511,,,
hungertaskforce.org,510,,,
blog.dearsundays.com,510,,,
pastrieslikeapro.com,510,,,
prettyfluffy.com,509,,,
therecycleguide.org,509,,,
bridgesandballoons.com,509,,,
uncorneredmarket.com,509,,,
freezermeals101.com,508,,,
homesteadgardener.com,507,,,
drinkssweetly.com,505,,,
avirtuouswoman.org,505,,,
foxandbriar.com,505,,,
dirobots.com,505,,,
bakeschool.com,504,,,
weshare.net,504,,,
elavegan.com,503,,,
listinspired.com,503,,,
geeksonsite.com,503,,,
fluentforms.com,503,,,
burgoscleaning.com,503,,,
mydarlingvegan.com,502,,,
areinventedmom.com,502,,,
whole30.com,502,,,
bsmhft.nhs.uk,502,,,
sunrisespecialty.com,502,,,
craftylittlegnome.com,501,,,
emilyluxton.co.uk,501,,,
thepetitecook.com,501,,,
mindfulnessmama.com,501,,,
themandagies.com,500,,,
peaceloveandlowcarb.com,500,,,
giverecipe.com,500,,,
starttech.vc,499,,,
mypacklove.com,499,,,
greensmoothiegourmet.com,499,,,
recycling-revolution.com,498,,,
everydayhealthyrecipes.com,498,,,
inspiringsavings.com,497,,,
telescopeguides.com,497,,,
web-hobbies.com,497,,,
girlinthegarage.net,497,,,
customany.com,497,,,
decorguider.com,497,,,
ministryofcurry.com,497,,,
wholesome-cook.com,497,,,
abbylangernutrition.com,496,,,
lucyskitchenofrecipes.com,496,,,
joyfullymad.com,496,,,
mommyonpurpose.com,495,,,
cookingcurries.com,494,,,
krechexteriors.com,494,,,
allremedies.com,494,,,
thelifejolie.com,494,,,
dermcollective.com,493,,,
anxietyguru.net,493,,,
easychickenrecipes.com,493,,,
ipaintmymind.org,492,,,
flowerpatchfarmhouse.com,492,,,
twokooksinthekitchen.com,492,,,
thesoughtafter.com,491,,,
petscribbles.com,491,,,
myquietkitchen.com,491,,,
911appliance.com,490,,,
dadisfire.com,490,,,
thegardening.org,490,,,
gardenseason.com,490,,,
jamilghar.com,490,,,
wellvegan.com,490,,,
simplelifeofacountrywife.com,490,,,
strongeru.com,490,,,
socialbee.com,489,,,
bunsenburnerbakery.com,489,,,
jkmoving.com,488,,,
onegirlwholeworld.com,488,,,
healthpages.org,488,,,
growforagecookferment.com,488,,,
redbooth.com,487,,,
impactteachers.com,486,,,
laughingkidslearn.com,486,,,
frugalfamilytimes.com,486,,,
printabulls.com,486,,,
addalittleadventure.com,486,,,
momjunky.com,486,,,
perudelights.com,486,,,
thecoffeeguru.net,486,,,
nicolaslawn.com,485,,,
thegentlealbum.com,485,,,
prominentpainting.com,485,,,
socialbuzzhive.com,485,,,
sammyapproves.com,485,,,
nutriciously.com,484,,,
chefallieskitchen.com,484,,,
greenheal.net,484,,,
midwestlifeandstyle.com,484,,,
hearmefolks.com,484,,,
thetoolcupboard.com,484,,,
herhealthytable.com,484,,,
seasidesundays.com,483,,,
thethoughtfulgamer.com,483,,,
frugalreality.com,483,,,
ablossominglife.com,482,,,
masalachilli.com,482,,,
projecthotmess.com,482,,,
southernlivingplants.com,481,,,
cooktoria.com,481,,,
adhdonline.com,481,,,
mymoneychronicles.com,481,,,
hisoair.com,481,,,
freshleafrecipes.com,481,,,
bestbakingtips.com,480,,,
bakingwit.com,480,,,
urbantastebud.com,480,,,
healthyfamilyproject.com,480,,,
simplybeyondherbs.com,480,,,
latinofoodie.com,479,,,
simpleveganblog.com,479,,,
applegreencottage.com,479,,,
afullliving.com,479,,,
joypetproducts.com,479,,,
wholekitchensink.com,479,,,
thebudgetmom.com,479,,,
blog.edu123.in,478,,,
travelness.com,478,,,
research.ecomakery.com,478,,,
beautymone.com,477,,,
ohhowcivilized.com,477,,,
wildbroomcleaning.com,477,,,
evincodesign.com,476,,,
zardyplants.com,476,,,
sweetsavoryandsteph.com,476,,,
theminimalistmom.com,476,,,
homebasedpinoy.com,476,,,
homanathome.com,476,,,
brewedleaflove.com,476,,,
thehungryhutch.com,476,,,
toytheater.com,476,,,
thevietvegan.com,475,,,
blog.couchsurfing.com,475,,,
couponclippingcook.com,475,,,
silkymahajan.com,475,,,
101planners.com,475,,,
olivesfordinner.com,475,,,
healthcarereaders.com,474,,,
writingforward.com,474,,,
e2mfitness.com,474,,,
attention-getting.com,473,,,
ihackeddiabetes.com,473,,,
thehandymansdaughter.com,473,,,
scientificallysweet.com,473,,,
umami.site,473,,,
girlwiththepassport.com,473,,,
pets4life.com.au,473,,,
jimkwik.com,472,,,
organicaromas.com,472,,,
footloosedev.com,472,,,
redandhoney.com,472,,,
themakerista.com,471,,,
practicaloffgridliving.com,471,,,
americanbehavioralclinics.com,471,,,
prepperspriority.com,470,,,
frugalnutrition.com,470,,,
cuisineatlas.com,470,,,
newportacademy.com,470,,,
tripswithtykes.com,470,,,
edwardgeorgelondon.com,469,,,
searchversity.com,469,,,
monadnockcommunityhospital.com,469,,,
mytidycorner.com,469,,,
livingletterhome.com,468,,,
greedygirlgourmet.com,468,,,
simmertoslimmer.com,468,,,
spaghettitraveller.com,468,,,
styleyouroccasion.com,468,,,
sparklingandbeyond.com,468,,,
whamwomen.com,468,,,
erinpalinski.com,468,,,
everythingmom.com,467,,,
bakedbyclo.com,467,,,
learnincolor.com,467,,,
nationalguitaracademy.com,467,,,
zicail.com,466,,,
twospoons.ca,465,,,
gdiengdesign.com,465,,,
ketoaholics.com,465,,,
apocalypseguys.com,465,,,
crochetforyoublog.com,465,,,
gardeninsider.org,465,,,
hardworkingmom.com,464,,,
wildlandtrekking.com,464,,,
simplegreensmoothies.com,464,,,
2thesunnyside.com,464,,,
driversdrift.com,464,,,
jonathanmpham.com,464,,,
ntaskmanager.com,463,,,
adventuretravelfamily.com,463,,,
maidthis.com,463,,,
woodworkingplanshq.com,463,,,
cedarsquarehomes.com,462,,,
theattitudeadvantage.com,462,,,
repaintnow.com,462,,,
theabsolutefoodie.com,462,,,
oralhealth.knowledgehub.wiley.com,462,,,
cleanerstalk.com,461,,,
lunchbox.healthyfood.com,461,,,
lovenotions.com,460,,,
missmanypennies.com,460,,,
simplifycreateinspire.com,460,,,
maddenguides.com,460,,,
breadtopia.com,460,,,
nikkianneluxuryliving.com,459,,,
biorestorehealth.com,459,,,
christiansweightsuccess.net,458,,,
towards-sustainability.com,458,,,
gardenfunction.com,458,,,
chefjeanpierre.com,458,,,
eatyourselfskinny.com,458,,,
inspiremystyle.com,458,,,
magicguides.com,457,,,
302properties.com,457,,,
designtobuildblog.com,457,,,
pennycallingpenny.com,456,,,
farmtojar.com,456,,,
anytimefitness.com,456,,,
geeksdigit.com,456,,,
anthuriuminfo.com,456,,,
theultimatehomestead.com,455,,,
clenta.com,455,,,
strbehavioralhealth.com,455,,,
best-home-remedies.com,455,,,
restonic.com,455,,,
atlaneandhigh.com,455,,,
craft-art.com,454,,,
vickypham.com,454,,,
facesfromthewall.com,453,,,
cnps.org,453,,,
help.peacedoorball.blog,453,,,
jcpeats.com,452,,,
westlandhvac.com,452,,,
plantshospital.com,452,,,
grumpygreen.cricket,452,,,
veganuary.com,452,,,
truevalue.com,452,,,
nccer.org,452,,,
frugallyblonde.com,451,,,
casacostello.com,451,,,
organicbeautylover.com,451,,,
childandfamilyblog.com,451,,,
operatorcoffeeco.com,450,,,
therefined.co,450,,,
noted.collectivevoice.com,450,,,
closetandbeyond.com,450,,,
seattlewire.com,450,,,
thefedupfoodie.com,449,,,
kaluhiskitchen.com,449,,,
climatecontrolkc.com,449,,,
lillieeatsandtells.com,448,,,
hedgecombers.com,448,,,
sawsonskates.com,448,,,
apieceofrainbow.com,447,,,
blog.cheyenneweil.com,447,,,
cookingwithmykids.co.uk,447,,,
discuskeeper.com,447,,,
greenhealthycooking.com,447,,,
taleof2backpackers.com,447,,,
realmomnutrition.com,447,,,
whatisgreenliving.com,446,,,
anoffgridlife.com,446,,,
myhomedwelling.com,446,,,
hormonesbalance.com,446,,,
digicrusader.com,446,,,
christinacooks.com,445,,,
dollarsprout.com,445,,,
aimdelicious.com,445,,,
greaterbostonbehavioralhealth.com,445,,,
diy-crush.com,444,,,
americandairy.com,444,,,
thesavvymama.com,444,,,
penniesintopearls.com,444,,,
eatlittlebird.com,443,,,
aquaintlife.com,443,,,
thequotehive.com,443,,,
2blissofbaking.com,443,,,
garagecabinets.com,443,,,
michelletomczak.com,442,,,
christinadaves.com,442,,,
hellonest.co,442,,,
mailshake.com,442,,,
worldofdentistry.org,442,,,
youdidwhatwithyourweiner.com,442,,,
helengriffin.co.uk,442,,,
catownerguide.com,442,,,
letslearntosew.com,442,,,
leftbraincraftbrain.com,442,,,
frugalconfessions.com,442,,,
joaoleitao.com,441,,,
ggrhomeinspections.com,441,,,
neatex.co.uk,440,,,
ninjapromo.io,440,,,
bakingqueen74.co.uk,440,,,
jaywaytravel.com,440,,,
joyusgarden.com,440,,,
omgchocolatedesserts.com,439,,,
vbriudaipur.org,439,,,
thefoodietakesflight.com,438,,,
collectinsure.com,438,,,
sewing.com,438,,,
drivenbydecor.com,438,,,
keechicreekbuilders.com,437,,,
curiosidades.com,437,,,
myseniorhealthplan.com,437,,,
ecoleglobale.com,436,,,
thehappycatsite.com,436,,,
harkraft.com,435,,,
positiveparentingconnection.net,435,,,
worksmartlivesmart.com,435,,,
makedrinks.org,435,,,
therapygroupdc.com,434,,,
cleverwoodprojects.org,434,,,
futuresrecoveryhealthcare.com,434,,,
daringtolivefully.com,434,,,
holistichealthherbalist.com,433,,,
southdenver.com,433,,,
aprettyfix.com,433,,,
simpleandsavory.com,433,,,
mymydiy.com,432,,,
hungryinthailand.com,432,,,
tuppennysfireplace.com,432,,,
lifenreflection.com,432,,,
diy.repairclinic.com,432,,,
cookprimalgourmet.com,431,,,
treadingmyownpath.com,431,,,
recreateddesigns.com,430,,,
decorwitheva.com,430,,,
jonesinfortaste.com,430,,,
christeneholderhome.com,430,,,
sarafinaskitchen.com,429,,,
fillingthejars.com,429,,,
bubblyliving.com,429,,,
stemilt.com,429,,,
online.jwu.edu,428,,,
sehbac.com,428,,,
cookingbride.com,428,,,
jennarainey.com,428,,,
allure.ph,428,,,
picklestravel.com,427,,,
ideaflight.com,427,,,
elder.org,427,,,
designertrapped.com,426,,,
dliflc.edu,426,,,
cravingsomecreativity.com,426,,,
askthescientists.com,426,,,
craftyourhappyplace.com,426,,,
improvewood.com,426,,,
vegan.com,425,,,
thismamablogs.com,425,,,
shelfcooking.com,425,,,
loaids.com,424,,,
rainbowplantlife.com,424,,,
alekasgettogether.com,424,,,
manhattan-nest.com,424,,,
theecohub.com,424,,,
pindersnursery.com,424,,,
belleofthekitchen.com,424,,,
abbikirstencollections.com,424,,,
operationfoodsearch.org,423,,,
budgettraveller.org,423,,,
thediyvillage.com,423,,,
mealprep.com.au,423,,,
fashionablefoods.com,423,,,
vdh.virginia.gov,422,,,
goodfoodbaddie.com,422,,,
eileenanddogs.com,422,,,
thegourmetrecipes.com,422,,,
flavourpalate.com,422,,,
sinfullyspicy.com,421,,,
homebasedmommie.com,421,,,
windows-guru.de,420,,,
artandhome.net,420,,,
kathleenbarnes.com,420,,,
growinginthegarden.com,420,,,
kaplanpathways.com,419,,,
wastedtalentinc.com,419,,,
homesteadandchill.com,419,,,
airconexperts.ph,419,,,
melissaknorris.com,419,,,
noboundaries.marketing,419,,,
frugallysustainable.com,419,,,
hungryhuy.com,419,,,
txm.com,419,,,
mypureplants.com,419,,,
gomedica.org,418,,,
ourkindofcrazy.com,418,,,
dataquest.io,418,,,
allbetterapp.com,418,,,
fitgirlsdiary.com,418,,,
builderboy.com,418,,,
educationcorner.com,418,,,
momonpurpose.com,417,,,
thiswaytoitaly.com,417,,,
protoolguide.com,417,,,
cookcritics.com,417,,,
edunation.co,417,,,
lauraconteuse.com,416,,,
vanillaandbean.com,416,,,
thefiltery.com,416,,,
helpguide.org,416,,,
easyinstantrecipes.com,416,,,
americanachoice.com,415,,,
rusticwise.com,415,,,
startupwise.com,415,,,
ahha.org,415,,,
craftitdiy.com,414,,,
bobels.org,414,,,
earthava.com,414,,,
rhythmsofplay.com,414,,,
leafscore.com,414,,,
holisticwellness.ca,414,,,
ourplantbasedworld.com,414,,,
homeshowradio.com,414,,,
balancethroughsimplicity.com,413,,,
fontanarchitecture.com,413,,,
petfoodreviews.com.au,413,,,
theatlasheart.com,413,,,
lifeasastrawberry.com,413,,,
handymanhowto.com,413,,,
theintrepidguide.com,413,,,
prodigifirm.com,413,,,
climatebiz.com,412,,,
wellnessed.com,412,,,
childcaresuccess.com,412,,,
tekacleaning.co.uk,412,,,
combinegoodflavors.com,412,,,
thebalancednutritionist.com,411,,,
ecoheven.com,411,,,
christieathome.com,411,,,
germanyfootsteps.com,411,,,
beautywithhollie.com,410,,,
simplenursing.com,410,,,
brainmatterslearning.com,410,,,
houseplantauthority.com,410,,,
appkartstudio.com,410,,,
homemadelovely.com,409,,,
tastesofhomemade.com,409,,,
gentlewit.com,409,,,
e-student.org,409,,,
everfumed.com,409,,,
sneb.org,408,,,
tinyhouseuniverse.com,408,,,
techiehomeschoolmom.com,408,,,
resultstc.com,407,,,
citizensustainable.com,407,,,
cooking-therapy.com,407,,,
tips.simplygoodstuff.com,406,,,
thedizzycook.com,406,,,
kidactivities.net,406,,,
millennialboss.com,406,,,
4cornerresources.com,405,,,
thesustainablebrandsjournal.com,405,,,
thestoriedrecipe.com,405,,,
yellowhead.com,405,,,
ccyd.co.uk,405,,,
enviro-master.com,405,,,
cookeatpaleo.com,404,,,
wilkerdos.com,404,,,
thethriftyapartment.com,404,,,
plantpowercouple.com,404,,,
mytherapynyc.com,404,,,
decoradventures.com,404,,,
welcome-to-greece.com,403,,,
thecraftingnook.com,403,,,
stylishlyme.com,403,,,
indoorbreathing.com,403,,,
newgenliving.com,403,,,
pressurecookrecipes.com,403,,,
lingualift.com,403,,,
mennohenselmans.com,403,,,
thehappylovedlife.com,403,,,
cookathomemom.com,403,,,
howtocook.recipes,403,,,
nobunplease.com,402,,,
dreamhousetm.com,402,,,
envynature.org,402,,,
changemanagementinsight.com,402,,,
cookingwithjanica.com,402,,,
greenify-me.com,402,,,
leanwhisper.com,402,,,
coolhomehacks.com,402,,,
morflora.com,402,,,
nomoredebts.org,401,,,
shannontorrens.com,401,,,
cassandrarhill.com,401,,,
homemadeforelle.com,401,,,
dailyinspiredlife.com,401,,,
healthycanning.com,401,,,
greencitizen.com,400,,,
johntheplumber.ca,400,,,
latinoliteracy.com,400,,,
greenkitchenstories.com,400,,,
greenterracleaning.com,400,,,
hpgconsulting.com,400,,,
skincancer.org,400,,,
bradberens.com,399,,,
thewaystowealth.com,399,,,
localvietnam.com,399,,,
twodrifters.us,399,,,
bilingualkidspot.com,399,,,
digitaldigest.com,398,,,
wealthywomanfinance.com,398,,,
fermentingforfoodies.com,398,,,
bakinglikeachef.com,398,,,
mapofseattle.com,398,,,
safehometestkits.com,397,,,
motherrisingbirth.com,397,,,
oneteamtv.com,397,,,
freshoffthegrid.com,397,,,
zenandhoney.com,396,,,
leecompany.com,396,,,
asterra.com.ph,395,,,
iluveit.com,395,,,
limblecmms.com,395,,,
lostintheozarks.com,395,,,
planetmeditate.com,395,,,
raisingveggielovers.com,395,,,
cookeatlivelove.com,394,,,
99acorns.com,393,,,
allweeat.com,393,,,
foodbymars.com,393,,,
carrocel.com,393,,,
hobbyhelp.com,392,,,
plumhealthyfine.com,392,,,
humanfitproject.com,392,,,
eleanorrosehome.com,392,,,
healthyians.com,392,,,
globalmomsmagazine.com,392,,,
ohclary.com,392,,,
back2college.com,391,,,
airpurifiers.com,391,,,
kippiathome.com,391,,,
gardeningelsa.com,391,,,
restopros.com,391,,,
104homestead.com,390,,,
cultivatedculture.com,390,,,
beautyisboring.com,389,,,
whatyourbossthinks.com,389,,,
mind-monia.com,389,,,
leatheradvice.com,389,,,
foodporn.co,389,,,
brightlanegardens.com,389,,,
airfryerfanatics.com,388,,,
conceptartempire.com,388,,,
ourhandmadehome.com,388,,,
fishtankadvisor.com,388,,,
foodsofny.com,387,,,
kimchimari.com,387,,,
onepotrecipes.com,387,,,
montanahappy.com,387,,,
debt.com,387,,,
becauseibelieveblog.com,387,,,
inspiremindjourney.com,386,,,
insightweeds.com,386,,,
theenglishwoodworker.com,386,,,
mygreenmattress.com,386,,,
healthyguide.com,386,,,
earthfriendlytips.com,386,,,
stylendesigns.com,386,,,
136home.com,386,,,
mymealrecipes.com,386,,,
excesslogic.com,385,,,
pineandprospecthome.com,385,,,
timetackle.com,385,,,
aislesoflife.com,385,,,
ambersnaturalnutrition.com,385,,,
vegancocotte.com,385,,,
wholepeople.com,384,,,
theroundup.org,384,,,
foxylabny.com,384,,,
bintheredumpthat.com,384,,,
housefulofhandmade.com,384,,,
allergyawesomeness.com,384,,,
budgetingforbliss.com,384,,,
advice.jobs2careers.com,383,,,
ecohealthway.com,383,,,
skillabilly.com,383,,,
sustainablykindliving.com,383,,,
theantiquedjourney.com,383,,,
monkeysandmountains.com,383,,,
thesustainable.life,383,,,
healthysubstitute.com,383,,,
goodwillncw.org,382,,,
reicheltplumbing.com,382,,,
bellewoodcottage.com,382,,,
joytothefood.com,382,,,
mygoldenthimble.com,382,,,
farrellymitchell.com,381,,,
giveagradago.com,381,,,
laidbacklit.com,381,,,
adamtasty.com,381,,,
howtohome.com,381,,,
golayer.io,381,,,
lovelygreens.com,381,,,
askforay.com,380,,,
growthmentor.com,380,,,
restartcbd.com,380,,,
peerbie.com,380,,,
cookingmydreams.com,380,,,
stresslessbehealthy.com,380,,,
cookitrealgood.com,380,,,
mymoneycoach.ca,379,,,
urbangardeningspace.com,379,,,
fridabemighty.com,379,,,
inforeasyhome.com,379,,,
offgridhub.com,379,,,
iaahpc.org,379,,,
ciretravel.com,378,,,
cft.edu.au,378,,,
gentlemanwithin.com,377,,,
torontoshinecleaning.ca,377,,,
thenessykitchen.com,377,,,
silvermistrecovery.com,376,,,
airpurifierfirst.com,376,,,
decorat.org,376,,,
fashionwanderer.com,376,,,
gardenerguidance.com,376,,,
bakeandsavor.com,376,,,
sheholdsdearly.com,376,,,
jaejohns.com,376,,,
dianfarmer.com,376,,,
thriftyfrugalmom.com,376,,,
ashcroftfamilytable.com,375,,,
kezzabeth.co.uk,375,,,
sewwoodsy.com,375,,,
songbirdblog.com,375,,,
monkshomeimprovements.com,375,,,
early.app,375,,,
queenofthehousehold.com,375,,,
familieswithgrace.com,375,,,
thekitchentimes.com,375,,,
homesteadandprepper.com,375,,,
foodtravelist.com,374,,,
theicn.org,374,,,
bootsandhooveshomestead.com,374,,,
coffeeblog.co.uk,373,,,
goldilockskitchen.com,373,,,
glebekitchen.com,373,,,
themamamanual.com,373,,,
poetryofspices.com,373,,,
loveourreallife.com,373,,,
iaq.works,373,,,
bhma.org,372,,,
optilingo.com,372,,,
clankitchen.com,372,,,
whiletheyplay.com,372,,,
diy-100ideas.com,371,,,
theworktop.com,371,,,
growtherapy.com,371,,,
mykoreankitchen.com,371,,,
yupitsvegan.com,371,,,
thesummeryumbrella.com,371,,,
creativesimpleliving.com,371,,,
clearbehavioralhealth.com,371,,,
themamapirate.com,371,,,
foundationalconcepts.com,371,,,
afternoonteareads.com,371,,,
texas-truckaccidentlawyer.com,371,,,
mynewroots.org,371,,,
mentalhealthfirstaid.org,370,,,
blog.justfoodfordogs.com,370,,,
mexicanplease.com,370,,,
scrummylane.com,370,,,
breathedreamgo.com,370,,,
mhfa.org,370,,,
noshtastic.com,369,,,
dododsondesigns.com,369,,,
luminli.com,369,,,
asiccal.com,369,,,
streetsmartnutrition.com,369,,,
aboveaveragecoffee.com,368,,,
mychemicalfreehouse.net,368,,,
livegusto.com,368,,,
themerrymomma.com,368,,,
rootwholebody.com,368,,,
vibrantskinbar.com,368,,,
healthynatured.com,368,,,
billionbricks.org,368,,,
techrockstars.com,368,,,
rtwin30days.com,367,,,
jennakateathome.com,367,,,
gwens-nest.com,367,,,
gentsways.com,367,,,
belletag.com,367,,,
greenevi.com,367,,,
mensflair.com,366,,,
toplinemd.com,366,,,
healthcoachinstitute.com,366,,,
climatesort.com,366,,,
hellobrazen.com,365,,,
stemandspoon.com,365,,,
roomcrush.com,364,,,
femniqe.com,364,,,
cleancurious.com,364,,,
thatspicychick.com,364,,,
acraftylife.com,363,,,
bornfitness.com,363,,,
moneyfit.org,363,,,
carpetandrugworld.com,363,,,
sewcraftyme.com,363,,,
platinumstarcleaning.com,363,,,
aswellyoushould.com,363,,,
positivephil.com,363,,,
homeremodelingexpert.com,363,,,
madeleineolivia.co.uk,362,,,
national.edu,362,,,
careerimpressions.ca,362,,,
feelgoodlife.com,361,,,
donpedrobrooklyn.com,361,,,
romerohardwoodfloor.com,361,,,
insulationinstitute.org,361,,,
creativefashionblog.com,360,,,
snoopviews.com,360,,,
nextmashup.com,360,,,
biologyreader.com,360,,,
reviews.com,360,,,
kateable.com,360,,,
chopstickchronicles.com,360,,,
napo-gpc.org,360,,,
sixsigmastudyguide.com,360,,,
shebokusiyo.com,360,,,
wildsimplejoy.com,359,,,
studiobotanica.com,359,,,
paleostressmanagement.com,359,,,
sunriserecoverycare.com,359,,,
fromhousetohome.com,359,,,
emmaeatsandexplores.com,359,,,
rabbitfoodformybunnyteeth.com,358,,,
craftydaily.com,358,,,
woodcritique.com,358,,,
knowyourbuilding.com,357,,,
cakemehometonight.com,357,,,
wholefoodfor7.com,357,,,
bloomingexpert.com,357,,,
healthfulhack.com,357,,,
electraradioti.com,356,,,
psychuniverse.com,356,,,
therusticelk.com,356,,,
mangiabedda.com,356,,,
hometraininghero.com,356,,,
kerncodesigns.com,355,,,
lowcarb-ology.com,355,,,
slurrp.com,355,,,
sweatguy.com,354,,,
sewingtimes.net,354,,,
thehouseplantguru.com,354,,,
kindbody.com,354,,,
lifestyle.org,354,,,
nyssaskitchen.com,353,,,
sous-vide.cooking,353,,,
keepupcooking.com,353,,,
hinzcooking.com,353,,,
theriagames.com,353,,,
crosscountrymortgage.com,353,,,
sanitydaily.com,352,,,
faithfulplateful.com,352,,,
growfinancial.org,352,,,
reversekidneydiseasenaturally.com,352,,,
enviroklenz.com,352,,,
thecheekychickpea.com,352,,,
cleancookingcaitlin.com,352,,,
easypeasy-lemonsqueezy.co.uk,352,,,
allaboutparrots.com,352,,,
nourishingminimalism.com,352,,,
realgreekrecipes.com,352,,,
threesnackateers.com,351,,,
glutenfreeglobetrotter.com,351,,,
woodworkwizardry.com,351,,,
sandinmysuitcase.com,351,,,
livingrichlyonabudget.com,351,,,
mrplanter.com,350,,,
loriballen.com,350,,,
jenniferskitchen.com,350,,,
agendacreativa.com,350,,,
parkersproperties.co.uk,350,,,
gatheringdreams.com,350,,,
brendid.com,350,,,
blog.canvaslot.com,350,,,
idealme.com,349,,,
floridatravel.blog,349,,,
cocktailscafe.com,348,,,
tennesseemonthly.com,348,,,
cocosteaparty.com,348,,,
hulaglobal.com,348,,,
handykeen.com,348,,,
etown.org,348,,,
sofy.in,348,,,
yourguardianchef.com,348,,,
venteny.com,348,,,
angiesweb.com,348,,,
thekitchenbuzzz.com,347,,,
dabblinganddecorating.com,347,,,
modelhomeimprovement.com,347,,,
talentlogic.com,347,,,
explorepsychology.com,347,,,
sammibrondo.com,346,,,
thepaintedhive.net,346,,,
lifetimeadoption.com,346,,,
gubbahomestead.com,346,,,
flavcity.com,346,,,
platedcravings.com,346,,,
annadkornick.com,345,,,
rootsaid.com,345,,,
golfinsideruk.com,345,,,
zdschemical.com,345,,,
designradiance.com,345,,,
houstonfoodbank.org,345,,,
thehawaiivacationguide.com,345,,,
healthymonday.com,345,,,
theinspirationboard.com,344,,,
emsaok.gov,344,,,
blog.purehealthresearch.com,344,,,
homediy.co,344,,,
zengreen.net,344,,,
thrivewithjanie.com,344,,,
thinkingsustainably.com,343,,,
daniellegervino.com,343,,,
freefromfairy.com,343,,,
immaculateclean.com,342,,,
moldblogger.com,342,,,
resinobsession.com,342,,,
samdoesherbest.com,342,,,
blog.remoovit.com,342,,,
girlandthekitchen.com,341,,,
barklikemeow.com,341,,,
wellbalancednutrition.com,341,,,
realfoodwithsarah.com,340,,,
beyourownbrandofsexy.com,340,,,
ninjafoodtech.com,340,,,
mhnrc.org,340,,,
getfogmachine.com,339,,,
chimneysaversolutions.com,339,,,
nomadswithapurpose.com,339,,,
tysonsgynecology.com,339,,,
featherflagnation.com,339,,,
heidibillottofood.com,339,,,
scottmcgillivray.com,338,,,
zhangcatherine.com,338,,,
counselingwellnesspgh.com,338,,,
thegardenglove.com,338,,,
biofusionnest.com,338,,,
hummingbird-acres.com,338,,,
four19properties.com,338,,,
alorahealth.com,337,,,
outliyr.com,337,,,
insideofhappiness.com,337,,,
timbersill.com,337,,,
pawleaks.com,337,,,
dtelandscape.com,337,,,
howewelive.com,337,,,
earthkind.com,337,,,
thenerdyfarmwife.com,337,,,
markovate.com,337,,,
nadinefloors.com,337,,,
northwestclinic.org,337,,,
yummydrool.com,336,,,
financialbinder.com,336,,,
mamasnowcooks.com,336,,,
mindfulzen.co,336,,,
forkknifeswoon.com,336,,,
jaxmed.com,335,,,
opportunitymarketing.co.uk,335,,,
consciouslifeandstyle.com,335,,,
nowandpast.com,335,,,
bacolviral.shop,335,,,
80twentynutrition.com,335,,,
dontmesswithmama.com,334,,,
thegreenloot.com,334,,,
thesleepsavvy.com,334,,,
rabbit.org,334,,,
logicaldollar.com,334,,,
abakingjourney.com,334,,,
closetandstorageconcepts.com,333,,,
fitnessprogramer.com,333,,,
theworldtravelguy.com,333,,,
medikeeper.com,332,,,
student.com,332,,,
thecuriouschickpea.com,332,,,
sustainablecorvallis.org,332,,,
flippindelicious.com,332,,,
sekamoving.com,331,,,
foodandnutrition.com,331,,,
khazairugcleaning.com,331,,,
riviamind.com,331,,,
thefinancialgeek.com,331,,,
printablesforlife.com,331,,,
theshabbycreekcottage.com,331,,,
mamashire.com,331,,,
foodbankiowa.org,330,,,
leoncechenal.com,330,,,
hearthackersclub.com,330,,,
cookingwithmammac.com,330,,,
nassp.org,330,,,
sprintkitchen.com,330,,,
insights.vaizle.com,330,,,
rogersenpai.com,330,,,
ngb.org,330,,,
travelfreak.com,330,,,
clotheslyne.com,330,,,
vidhyanjaliacademy.com,329,,,
keepingupchangs.com,329,,,
theeverydayfarmhouse.com,329,,,
lauraradniecki.com,329,,,
homlydesign.com,329,,,
mommyrunsit.com,329,,,
betterwithgoodlife.com,329,,,
onewholesomelife.com,329,,,
naturalhealingguides.com,328,,,
momafterbaby.com,328,,,
cleanerwiki.com,328,,,
thegrocerystoreguy.com,328,,,
thecomputerbasics.com,328,,,
greencoast.org,328,,,
thefastveganbrand.com,327,,,
invisionhardwooddecor.com,327,,,
imbusybeingawesome.com,327,,,
smoothiegains.com,327,,,
cookilicious.com,327,,,
buildingbluebird.com,327,,,
realbeautyschool.com,327,,,
the-bella-vita.com,327,,,
txhomesrealty.com,326,,,
nchh.org,326,,,
drecampbell.com,326,,,
changeinseconds.com,326,,,
sumhr.com,325,,,
redhousespice.com,325,,,
thecoolingco.com,325,,,
daddysimply.com,325,,,
portraitflip.com,325,,,
listotic.com,325,,,
thetexmexmom.com,324,,,
thefreerangelife.com,324,,,
yourbakingbestie.com,324,,,
sassyfeeds.com,324,,,
sunshinevalleywv.com,324,,,
blog.lafco.com,324,,,
hub.techoneglobal.com,323,,,
naturemed.org,323,,,
gutnow.com,323,,,
afcurgentcare.com,323,,,
org4life.com,323,,,
lostwithpurpose.com,322,,,
craftwithsarah.com,322,,,
finsavvypanda.com,322,,,
nybabysteps.com,322,,,
ezehow.com,322,,,
thehelpfulgf.com,322,,,
thegreenfields.org,322,,,
myopencountry.com,322,,,
ironandgrit.com,322,,,
teamhood.com,321,,,
mymoneywizard.com,321,,,
thoughtfulparent.com,321,,,
workweeklunch.com,321,,,
wethreeshanes.com,321,,,
novascotiaspca.ca,321,,,
airlucent.com,321,,,
autobodyrepairs.net,320,,,
simplyhomeandhealth.com,320,,,
sterling-exteriors.com,320,,,
foodandjourneys.net,320,,,
cookingwithelo.com,320,,,
ugreen.io,320,,,
ecofriendlyhomehub.com,320,,,
electronicsandyou.com,320,,,
diyhuntress.com,319,,,
runawayrice.com,319,,,
dharmawisdom.org,319,,,
netcurtains.org,319,,,
sweeterthanoats.com,319,,,
simplyrootedfamily.com,319,,,
salimaskitchen.com,319,,,
freshfarms.com,319,,,
paperheartfamily.com,319,,,
mysweetketo.com,319,,,
corewellfit.com,319,,,
healthygreensavvy.com,318,,,
nancyshome.com,318,,,
care4sugar.com,318,,,
decorcabinets.com,318,,,
lifestylemedicine.stanford.edu,318,,,
stuarttan.com,318,,,
thefoodsafetydad.com,317,,,
simplestylings.com,317,,,
gazette.blogs.rice.edu,317,,,
carpetsmatter.com,317,,,
souvlakiforthesoul.com,317,,,
slotspod.com,316,,,
practicalcooks.com,316,,,
yorlenyscleaningservice.com,316,,,
sprucedup.com,316,,,
believeinabudget.com,316,,,
organicallybecca.com,316,,,
delcohvac.com,315,,,
melbellewestern.blog,315,,,
helpmegrowutah.org,315,,,
cognitiontoday.com,315,,,
dominguezfirm.com,315,,,
greenbuildingsolutions.org,315,,,
instantloss.com,314,,,
proactivecreative.com,314,,,
schoolhabits.com,314,,,
bodyactivesportsnutrition.com,314,,,
craftering.com,314,,,
bellastyleliving.com,314,,,
thehealthsciencesacademy.org,314,,,
psdentalservices.com,314,,,
mullenhealth.com.au,313,,,
happyhiller.com,313,,,
sustainablyforward.com,313,,,
cpd.utoronto.ca,313,,,
nihaoma-mandarin.com,313,,,
foodcuisinehub.com,313,,,
ethnicspoon.com,313,,,
plantbasedfolk.com,313,,,
thecarpentersdaughter.co.uk,313,,,
mmbites.com,313,,,
storyteller.travel,313,,,
fouraroundtheworld.com,312,,,
slayathomemother.com,312,,,
engoplanet.com,312,,,
ronalyntalston.com,312,,,
computerrepair-onsite.com,312,,,
youreverydaystyle.com,312,,,
skillscouter.com,311,,,
imerikamarie.com,311,,,
lisatannerwriting.com,311,,,
bethebudget.com,311,,,
dugiguides.com,311,,,
pacificsandsrecovery.com,311,,,
pixolabo.com,311,,,
upmetrics.co,310,,,
thetidylady.co.nz,310,,,
celebratednest.com,310,,,
holisticfoods.com,310,,,
desertnaturals.me,310,,,
topflightapps.com,309,,,
iscreamforbuttercream.com,309,,,
nutfreewok.com,309,,,
endometriosis.org,309,,,
cookeatworld.com,309,,,
thehomesapiens.com,309,,,
ecothes.com,308,,,
theallergychef.com,308,,,
optionsmedicalweightloss.com,308,,,
rvownerhq.com,308,,,
thesoulfoodpot.com,308,,,
drinksworld.com,307,,,
buildingmoxie.com,307,,,
lowhistamineeats.com,307,,,
buytostyle.com,307,,,
moderatelymessyrd.com,307,,,
hexapm.com,307,,,
skilledsurvival.com,307,,,
wisdomquotes.com,306,,,
sworkit.com,306,,,
soothingspices.com,306,,,
thegardengrazer.com,306,,,
prosper.com,306,,,
thebiggreenk.com,306,,,
absolutemgmt.com,305,,,
declutterinminutes.com,305,,,
sewingmachinefun.com,305,,,
theherbexchange.com,305,,,
builtwithscience.com,305,,,
mindoverclutter.ca,305,,,
thissimplebalance.com,304,,,
lifehack-solution.com,304,,,
theartyteacher.com,304,,,
foodiesterminal.com,304,,,
bigincomeparadise.com,304,,,
keepfloridaworking.com,304,,,
pabloespinal.net,303,,,
pancakerecipes.com,303,,,
indonesiacoconutcharcoal.net,303,,,
karissasvegankitchen.com,303,,,
abbottsathome.com,303,,,
theblogsocial.com,302,,,
abeautyedit.com,302,,,
grandmastricks.com,301,,,
hospitality-school.com,301,,,
wellfacets.com,301,,,
gradepowerlearning.com,301,,,
thevacationer.com,301,,,
kidzoot.com,301,,,
cleangreensimple.com,300,,,
fabulesslyfrugal.com,300,,,
giyplants.com,300,,,
thehikingadventure.com,300,,,
gardeningbaron.com,300,,,
dudethatcookz.com,300,,,
helloranker.com,300,,,
themoldassassins.com,300,,,
courses.turkishcouncil.org,300,,,
declutteringsolutions.com,300,,,
amish-heritage.org,300,,,
skillscompetencescanada.com,299,,,
muydelish.com,299,,,
theorganisedmum.com,299,,,
sparrowrefashion.com,299,,,
goteaworld.com,298,,,
studycli.org,297,,,
alltastesgerman.com,297,,,
etapwss.com,297,,,
dietaryhabit.com,297,,,
plantoorganize.com,297,,,
simplycanning.com,297,,,
bitenburn.com,297,,,
allrecipesdishes.com,297,,,
simplelionheartlife.com,297,,,
hutterarchitects.com,296,,,
jandlmarketing.com,296,,,
littleglassjar.com,296,,,
ialwayspickthethimble.com,296,,,
theminimalistvegan.com,296,,,
weljii.com,295,,,
recibeauty.com,295,,,
simplyholisticwc.com,295,,,
swhd.org,295,,,
moodymixologist.com,295,,,
artdex.com,295,,,
ventureharbour.com,294,,,
kindness-compassion-and-coaching.com,294,,,
mcnultycounseling.com,294,,,
theivlounge.com,294,,,
blog.storage.com,294,,,
sweetsandthankyou.com,294,,,
vishakablone.com,294,,,
momrewritten.com,294,,,
heytherehome.com,293,,,
crispyfoodidea.com,293,,,
thediyplan.com,292,,,
circlesquareoval.com,292,,,
simply-well-balanced.com,292,,,
emailanalytics.com,292,,,
outdoorgoodness.com,292,,,
thefigtreeblog.com,292,,,
iliveforgreens.com,292,,,
blog.reliancehomecomfort.com,292,,,
heirloomsathome.com,292,,,
recipesbyzara.com,291,,,
ronvil.com,291,,,
oizom.com,291,,,
gentechscientific.com,291,,,
usenaturalstone.org,291,,,
craftydiyers.com,290,,,
nushoeinspectandcorrect.com,290,,,
simplyfiercely.com,290,,,
mydiasporakitchen.com,290,,,
hobbywomen.com,290,,,
ohgardener.com,290,,,
makinwellness.com,290,,,
bogoten.com,289,,,
wildlifeartstore.com,289,,,
homeschool.com,289,,,
geekompc.com,289,,,
rodaleinstitute.org,289,,,
mindbodycomplete.com,289,,,
whiskeyandwhit.com,289,,,
firstdayofhome.com,288,,,
envirolineblog.com,288,,,
brainflow.co,288,,,
tangyhouse.com,288,,,
teabrands.org,288,,,
flawlessfood.co.uk,288,,,
meno-me.com,288,,,
healthyhouseontheblock.com,287,,,
sweetgrasstradingco.com,287,,,
northwestautocollision.com,287,,,
totalhomehandbook.com,287,,,
explorewithlora.com,287,,,
thefarmerslamp.com,287,,,
melissaambrosini.com,287,,,
classicmetalroofingsystems.com,287,,,
idlehandsawake.com,287,,,
empoweredparents.co,287,,,
tinyeco.com,287,,,
animalfoundation.com,286,,,
adaptyourdollars.com,286,,,
mindfulnomadics.com,286,,,
diyprojectsforteens.com,286,,,
companionsforseniors.com,286,,,
yourhomemadehealthy.com,286,,,
mintnotion.com,286,,,
myketoplate.com,286,,,
prettydeliciouslife.com,285,,,
sproutinue.com,285,,,
beadsandpieces.com,285,,,
eppconcrete.com,285,,,
sewdirect.com,285,,,
thelastfoodblog.com,285,,,
healthylivingjames.co.uk,285,,,
gardenforbeginners.com,285,,,
carveyourcraving.com,285,,,
veggiesabroad.com,284,,,
letslearnirish.com,284,,,
rvinspiration.com,283,,,
chefonabike.com,283,,,
simplepurebeauty.com,283,,,
changingsocial.com,283,,,
greenletes.com,283,,,
madeintheusamatters.com,282,,,
lifeandabudget.com,282,,,
diyideas.org,282,,,
amazeme.pl,282,,,
fs-pcba.com,282,,,
auto-repair-help.com,282,,,
packhacker.com,282,,,
jamesclear.com,282,,,
ohthatsgood.com,282,,,
vanitywellnesscenter.com,281,,,
floridahomesandliving.com,281,,,
bradsugars.com,281,,,
lawnchick.com,281,,,
portugalist.com,281,,,
ease.com,281,,,
lovelyimpact.com,281,,,
browndlp.org,281,,,
fashion-inspo.com,281,,,
homebaking.org,280,,,
diypaintingtips.com,280,,,
icebreakerideas.com,280,,,
adldata.org,280,,,
joyfulthroughitall.com,280,,,
hackspirit.com,280,,,
thestrugglingwarrior.com,280,,,
dysphagiacafe.com,280,,,
thepetinstitute.com,280,,,
thevanabondtales.com,279,,,
resumespice.com,279,,,
remoteworkrebels.com,279,,,
diyhomewizard.com,279,,,
woodthrive.com,279,,,
markmanson.net,279,,,
schoolofnaturalskincare.com,278,,,
tinyworkshops.com,278,,,
easymommylife.com,278,,,
learningwithangie.com,277,,,
lifetreeplanner.com,277,,,
dontfrigwithmyfood.co.uk,277,,,
therepurposinglife.com,277,,,
homemademastery.com,276,,,
styledegree.sg,276,,,
reluctantfrugalist.com,276,,,
anitashousekeeping.com,276,,,
ireadlabelsforyou.com,276,,,
worldtravelconnector.com,276,,,
valueyourwatch.com,276,,,
paperscissorscraft.com,275,,,
myhomeweekly.com,275,,,
eternalrecipes.com,275,,,
stoneheatair.com,275,,,
butteredveg.com,275,,,
wonderingescapes.com,275,,,
johnstalkerinstitute.org,275,,,
vekge.com,275,,,
putthekettleon.ca,275,,,
ecocation.org,275,,,
delightfulplate.com,275,,,
thedailysew.com,274,,,
thecrownchoice.com,274,,,
workonpeak.org,274,,,
doncorgi.com,274,,,
paoleschi.it,274,,,
educationwalkthrough.com,274,,,
trustedhouseplantguide.com,274,,,
dryeffect.com,274,,,
trainest.com,273,,,
cheapskatecook.com,273,,,
theresumeclinic.com,273,,,
homecleaningforyou.com,273,,,
artzyfartzycreations.com,273,,,
flourishingmama.com,273,,,
ruth-ellen.com,272,,,
parambodyfitmind.com,272,,,
thekelliekitchen.com,272,,,
dinnerbysix.com,272,,,
learningforapurpose.com,272,,,
sobrietycentersofnh.com,272,,,
holistic-momma.com,272,,,
newburysmiles.com,271,,,
neilkelly.com,271,,,
happymomhacks.com,271,,,
blundersinbabyland.com,271,,,
thehvacservice.ca,271,,,
opeha.com,271,,,
pilatesequipment.fitness,270,,,
holleewoodhair.com,270,,,
graceandlightness.com,270,,,
heartyhomerecipes.com,270,,,
pierres.com,270,,,
npiweb.com,270,,,
johnlincoln.marketing,269,,,
milkfreemom.com,269,,,
americancollectors.com,269,,,
lambertslately.com,269,,,
theunlikelyhostess.com,269,,,
altituderecovery.com,269,,,
qualitycarecarpetcleaningtx.com,268,,,
soyummyrecipes.com,268,,,
jcvpm.com,268,,,
retirementtipsandtricks.com,268,,,
thepreppingguide.com,268,,,
everydaypie.com,268,,,
twinscience.com,268,,,
eatwithcarmen.com,267,,,
jane-athome.com,267,,,
improvedrawing.com,267,,,
xochristine.com,267,,,
thehappiestblogonearth.com,267,,,
mycleaningangel.com,267,,,
thebehavioralscientist.com,267,,,
reflipper.net,266,,,
cookingtheglobe.com,266,,,
thirstpals.com,266,,,
anniec.org,266,,,
prenohq.com,266,,,
mindfulmomma.com,266,,,
parenttrust.org,266,,,
imperfectidealist.com,266,,,
roaffee.com,266,,,
sewingsociety.com,266,,,
breakthetwitch.com,265,,,
cookingmadehealthy.com,265,,,
firstpage.com.au,265,,,
longevitycareclinic.com,265,,,
eatthistown.ca,265,,,
thehouseholdblog.com,265,,,
compoundingpennies.com,264,,,
healthynaturaldiet.com,264,,,
march.health,264,,,
brosix.com,264,,,
echelon.health,264,,,
awhonn.org,264,,,
oxfordonlineenglish.com,264,,,
onmycanvas.com,264,,,
ryanzofay.com,264,,,
homedude.co,263,,,
careskillstraining.org,263,,,
eatingeuropean.com,263,,,
seasonedcitizenprepper.com,263,,,
theupcycledfamily.com,263,,,
staygreengarden.com,263,,,
homesteadingwhereyouare.com,262,,,
sexualabuseclaimsblog.com,262,,,
fluxingwell.com,262,,,
thevegspace.co.uk,262,,,
viterecipe.com,262,,,
flavorfulife.com,262,,,
lanternlanedesigns.com,262,,,
joannabel.com,262,,,
healthysmoothiehq.com,262,,,
thebusinessdive.com,261,,,
thedaleydose.com,261,,,
jillcomesclean.com,261,,,
airpurifierfaqs.com,261,,,
likewhereyouregoing.com,260,,,
veganonboard.com,260,,,
oursimplehomestead.com,260,,,
eatwellspendsmart.com,260,,,
goodbeginnings.net.au,260,,,
airfryeryum.com,260,,,
synergyhomesfl.com,260,,,
medmunch.com,260,,,
kenh14.com,260,,,
keystoneclosing.com,260,,,
maidsailors.com,259,,,
houseneedy.com,259,,,
elizabethmadethis.com,259,,,
countrylivinginacariboovalley.com,259,,,
angelarosehome.com,259,,,
mentalhealthactivity.com,259,,,
lakesidemilam.com,259,,,
lovefoodnotcooking.com,258,,,
paintthekitchenred.com,258,,,
createtodonate.org,258,,,
iheartfrugal.com,258,,,
slowcookerfromscratch.com,258,,,
simple.money,258,,,
mantechpublications.com,258,,,
bakealish.com,258,,,
floramood.com,258,,,
mytriptocolombia.com,258,,,
oishya.com,257,,,
rainbowdelicious.com,257,,,
ffxivguild.com,257,,,
skinsimpletrue.com,257,,,
drgreenmom.com,257,,,
airfryanytime.com,257,,,
dug.org,257,,,
ycpt.org,257,,,
moneymindedmom.com,257,,,
easyfreshhome.com,256,,,
vepoclean.com,256,,,
healthyeaton.com,256,,,
sustainablehomemag.com,256,,,
franceadventurer.com,256,,,
dabblesandbabbles.com,256,,,
befunbekind.com,256,,,
healthychristianhome.com,256,,,
notesfromtheporch.com,256,,,
sandiegodetox.com,256,,,
garagetransformed.com,255,,,
chaylorandmads.com,255,,,
smartnextup.com,255,,,
thewalletmoth.com,255,,,
icohs.edu,255,,,
blog.indieherbalist.com,255,,,
kevinian.com,255,,,
mumsmoney.co.nz,255,,,
msshiandmrhe.com,255,,,
mulberryscleaners.com,255,,,
greenwithless.com,254,,,
ourfamilycode.com,254,,,
17ddblog.com,254,,,
sprucebath.com,254,,,
cook.me,254,,,
foundersmag.com,253,,,
essentialdata.com,253,,,
cheerfulchoices.com,253,,,
theroamingfork.com,253,,,
acrylicpaintingschool.com,252,,,
bookmag.com,252,,,
wholemadehomestead.com,252,,,
harmonyhome-design.com,252,,,
rhymbahillstea.com,252,,,
upcyclely.com,252,,,
reneenicoleskitchen.com,251,,,
theselfsufficientliving.com,251,,,
dreasdaintykitchen.com,251,,,
growing-minds.org,251,,,
designersjunction.com,251,,,
snippetsthroughthewindow.com,251,,,
bebraveandbloom.com,251,,,
saniprofessional.com,251,,,
thebekindpeopleproject.org,251,,,
healthyadhd.com,250,,,
goldsgym.com,250,,,
whatawonderfulworld.guide,250,,,
littlechefwithin.com,250,,,
arishtam.com,250,,,
lovelifebefit.com,250,,,
bellflowerlifestyle.com,250,,,
mallorynikolaus.com,249,,,
comefromtheheart.com,249,,,
craftingwithkids.net,249,,,
woodworknation.com,249,,,
undoubtedgrace.com,249,,,
pro-ne.org,248,,,
homezillo.com,248,,,
backyarddigs.com,248,,,
damnspicy.com,248,,,
styleglamor.com,248,,,
lemonslavenderandlaundry.com,247,,,
bowencollege.com,247,,,
extrawellness.net,247,,,
servicemasterbyzaba.com,247,,,
mansewing.com,247,,,
prettysimpleideas.com,247,,,
basichomediy.com,246,,,
kowalskimountain.com,246,,,
thinkhealthcare.org,245,,,
bsdi-bd.org,245,,,
nacoa.org,245,,,
jesselebeau.com,244,,,
dietitiandirectory.com,244,,,
wellnessbells.com,244,,,
hi.edu,244,,,
deenrecipes.com,244,,,
solelyrecipes.com,244,,,
gmb.io,244,,,
inventariostotal.com,244,,,
goldenglutenfree.com,244,,,
behindthescenesmakeup.com,244,,,
neathousesweethome.com,243,,,
rachnas-kitchen.com,243,,,
powerliving.com.au,243,,,
siempreexcel.com,243,,,
stylinbysarita.com,243,,,
mommanagingchaos.com,243,,,
hip2keto.com,243,,,
ecocart.io,243,,,
thehappyturtlestraw.com,242,,,
ketomillenial.com,242,,,
pupswithchopsticks.com,242,,,
eco365store.com,241,,,
jenniferreisyoga.com,241,,,
craftyforhome.com,241,,,
purepoollife.com,241,,,
lunginstitute.com,240,,,
petmag.com,240,,,
tedwoodplans.com,240,,,
getassist.com,240,,,
birtheatlove.com,240,,,
plantbasedandbroke.com,240,,,
smartlittlecookie.net,240,,,
chickencheck.in,240,,,
thearcnw.org,240,,,
acoupledaystravel.com,240,,,
vectorsleepclinic.com,239,,,
simplehealthykitchen.com,239,,,
buildingpractice.biz,239,,,
mommatogo.com,239,,,
lyricflair.com,239,,,
rippleeffectmartialarts.com,239,,,
liverfoundation.org,239,,,
homedecoric.com,239,,,
mchd.org,238,,,
doablesimplicity.com,238,,,
rockstarrandmoon.com,238,,,
solvingdad.com,238,,,
homerepairtutor.com,238,,,
goalsandprogress.com,238,,,
christarzanclemens.com,238,,,
portugalresidencyadvisors.com,238,,,
encapsulationsdownunder.com,238,,,
simplymarla.com,237,,,
teamredbyte.com,237,,,
archfoundation.org,237,,,
usherbals.com,237,,,
feelgoodfoodie.net,237,,,
careergirlmeets.com,237,,,
nourishnutritionblog.com,237,,,
blog.screendesk.io,237,,,
thehobbywife.com,237,,,
simplegraytshirt.com,237,,,
studiopilates.com,236,,,
queenmind.com,236,,,
theblissfulmind.com,236,,,
blog.fluent-forever.com,236,,,
nestichomes.com,236,,,
empoweredsinglemoms.com,236,,,
extension.umaine.edu,236,,,
feelinfabulouswithkayla.com,235,,,
authenticallydel.com,235,,,
recipesforhome.com,235,,,
bloomingreen.com,235,,,
thegreekfoodie.com,235,,,
balancedkitchen.com,235,,,
easypoolcleaning.com,234,,,
homebuyerwallet.com,234,,,
ccitraining.edu,234,,,
immago.com,234,,,
brokebybooks.com,234,,,
childpsy.org,233,,,
ideasforstudents.com,233,,,
oildiffuserexpert.com,233,,,
cbtprofessionals.com.au,233,,,
theballeronabudget.com,233,,,
unlockedpotentials.com,233,,,
typicallysimple.com,233,,,
frugalmomguide.com,233,,,
themindfulsteward.com,233,,,
builders-surplus.com,233,,,
counsellingcollective.net,233,,,
patisseriemakesperfect.co.uk,233,,,
heritagemom.com,232,,,
about.easil.com,232,,,
thesustainablelivingguide.com,232,,,
americanfarmsteadhers.com,232,,,
mobile-pc-medics.com,232,,,
beauty-tips.net,232,,,
smarthomemuse.com,232,,,
essentialoilhaven.com,232,,,
ilovevegan.com,232,,,
theflattopking.com,231,,,
techdhome.com,231,,,
theactherapist.com,231,,,
thekoreanvegan.com,230,,,
seedsavers.org,230,,,
growingteas.com,230,,,
modernpreschool.com,230,,,
whatthecraft.com,230,,,
confidecoaching.com,230,,,
eco-stylist.com,230,,,
thenetworkinstallers.com,230,,,
boondockorbust.com,230,,,
tableo.com,229,,,
digitalnaturopath.com,229,,,
paceframing.com,229,,,
prettypurpledoor.com,229,,,
japanswitch.com,229,,,
closetcachete.com,229,,,
wildenherbals.com,229,,,
dorastable.com,229,,,
thebudgetdecorator.com,229,,,
aplusairconditioning.com,228,,,
mytbr.co,228,,,
infinitytxair.com,228,,,
threadsmonthly.com,228,,,
novascotia.com,228,,,
modandmint.com,228,,,
petscanada.org,228,,,
jtserviceco.com,228,,,
focusme.com,228,,,
snazzylittlethings.com,227,,,
thepurposefulpantry.com,227,,,
naturalmerchants.com,227,,,
ninesliving.com,227,,,
blog.fame.edu.my,227,,,
craftinvaders.co.uk,227,,,
essentialhomeandgarden.com,227,,,
homebuildingandrepairnews.com,226,,,
dairy-milk.co.jp,226,,,
vlhhealth.com,226,,,
christofix.com,226,,,
firstlendingonline.com,226,,,
remexusa.com,226,,,
cookingday.net,226,,,
stockingmypantry.com,226,,,
thecoastaloak.com,225,,,
healthytasteoflife.com,225,,,
unclutteredsimplicity.com,225,,,
comfortfoodathome.com,225,,,
sunitsolutions.ca,225,,,
theadultspeechtherapyworkbook.com,225,,,
welbehealth.com,225,,,
petittigardencenter.com,225,,,
sleepresearchfoundation.com,225,,,
swimuniversity.com,225,,,
homedeviser.com,224,,,
amishrules.com,224,,,
greenrodentrestoration.com,224,,,
rootsy.org,224,,,
mamaonthehomestead.com,224,,,
pilotlightchefs.org,224,,,
rednightconsulting.com,224,,,
plantbasedrecipe.com,224,,,
unlock.com,224,,,
thewebimpact.com,224,,,
breesveganlife.com,224,,,
mikeswoodworkingprojects.com,223,,,
ecotsy.com,223,,,
brendasuter.com,223,,,
learntherussianlanguage.com,223,,,
digitaldefynd.com,223,,,
makefoodlovely.com,223,,,
joyce.edu,223,,,
masteryourmoneyplan.com,223,,,
dennis7dees.com,222,,,
nowthaticando.com,222,,,
nourishedbynutrition.com,222,,,
mobilecellphonerepairing.com,222,,,
jamesandcatrin.com,222,,,
mentalhealthmn.org,222,,,
anyclean.co.uk,222,,,
yoursustainableguide.com,221,,,
doujindesu.co.uk,221,,,
crochetitcreations.com,221,,,
happyhomehappyheart.com,221,,,
thefrugalsouth.com,221,,,
kidsrelaxation.com,221,,,
smartparentguides.com,221,,,
aaastl.com,221,,,
foe.tips,221,,,
planreadygo.com,221,,,
wokandkin.com,220,,,
budgetlivingtips.com,220,,,
livinglowkey.com,220,,,
therestfulhome.com,220,,,
keeptoddlersbusy.com,220,,,
minecraft-guides.com,220,,,
practicalmechanic.com,220,,,
hookedonheat.com,220,,,
cafcoservices.com,220,,,
acrylgiessen.com,220,,,
gpapac.com,220,,,
stylewithingrace.com,220,,,
ofhousesandtrees.com,220,,,
animalwellnessguide.com,219,,,
excelshe.com,219,,,
lavisliving.com,219,,,
plussizebirth.com,219,,,
cherishedagency.com,219,,,
vikingcustomhomes.com,219,,,
nfil.net,219,,,
dentalhygieneassociation.com,219,,,
wellspringprevention.org,219,,,
sourdough.co.uk,219,,,
theheartfulparent.com,219,,,
mycupcakeaddictionblog.com,219,,,
thehouseandhomestead.com,219,,,
cityhealth.com,219,,,
homesteadingalliance.com,218,,,
gochangeyourself.com,218,,,
myburntorange.com,218,,,
dinosaurmama.com,218,,,
lilyardor.com,218,,,
feedthepudge.com,218,,,
homedecorideas.eu,218,,,
biocylab.blog,218,,,
thenakeddiabetic.com,218,,,
aworkoutroutine.com,217,,,
cookingdude.com,217,,,
houseplantsexpert.com,217,,,
south-craft.com,217,,,
theaspireclub.com,217,,,
wiseowlmarketing.com,217,,,
tasteitwithtia.com,216,,,
myveganminimalist.com,216,,,
bushcraftuk.com,216,,,
beyonddentalcare.com,216,,,
beholdphilippines.com,216,,,
cookingwithkatiecross.com,216,,,
suddenlunch.com,216,,,
flexcollegeprep.com,216,,,
geartrench.com,216,,,
vibrantlygfree.com,216,,,
skinnyfitmama.com,216,,,
homecookedroots.com,215,,,
popularbrands.org,215,,,
strivemag.com,215,,,
fromscratchfarmstead.com,215,,,
welcometohoustontx.us,215,,,
lifewithrumie.com,215,,,
claimsmate.com,215,,,
theitalyedit.com,215,,,
journeytorecovery.com,215,,,
outintherealworld.com,214,,,
agirlbeingfrugal.com,214,,,
mdhomedetox.com,214,,,
boatdriving.org,214,,,
wpzoom.com,214,,,
how-tasty.com,214,,,
bestteacrafter.com,214,,,
scratchtobasics.com,214,,,
thelifehand.com,214,,,
santaair.com,213,,,
aheartfilledhome.com,213,,,
gorillakleen.com,212,,,
moneywisesteward.com,212,,,
horderly.com,212,,,
chinamarketadvisor.com,212,,,
mind.help,212,,,
ecocasalife.com,212,,,
goneminimal.com,212,,,
bodybarmd.com,211,,,
sagefamily.com,211,,,
markjohnsonplumbing.com,211,,,
vegaspergola.com,211,,,
thehealthyconsultant.com,211,,,
shannonssewandsew.com,211,,,
workwellremote.com,211,,,
fleurishcollective.com,211,,,
mode.style,211,,,
ehomeremedies.com,211,,,
kristenlevine.com,211,,,
talltimbersonline.com,210,,,
thekreativelife.com,210,,,
abundanceorganizing.com,210,,,
therootedfarmhouse.com,210,,,
musingsbymadison.com,210,,,
thevgnway.com,210,,,
gotinyspace.com,210,,,
easydailythings.com,210,,,
beyondtmrw.org,210,,,
almostzerowaste.com,210,,,
earnsmartonlineclass.com,210,,,
upcyclemystuff.com,210,,,
agcu.org,210,,,
woodworkboss.com,210,,,
teamjapanese.com,210,,,
cloudely.com,209,,,
makerindustry.com,209,,,
afrovitalityeats.com,209,,,
binghomepageweeklyquiz.com,209,,,
modernfrugality.com,209,,,
ninamagon.com,209,,,
hungrypaprikas.com,209,,,
rethinkfood.co.uk,209,,,
bylisafonde.com,209,,,
culinaryclassroom.com,209,,,
farrellpediatrics.com,208,,,
cmshomesllc.com,208,,,
thetalesofatraveler.com,208,,,
retireetoday.com,208,,,
travelswithtalek.com,208,,,
meredithallard.com,208,,,
southridingpediatrics.com,208,,,
perinton.org,208,,,
everydayoldhouse.com,208,,,
ambitiouslyalexa.com,208,,,
theivykitchen.com,208,,,
expertvagabond.com,208,,,
pastrywishes.com,207,,,
happysimplemom.com,207,,,
thenationalcouncil.org,207,,,
ericaballstyle.com,207,,,
techyboys.com,207,,,
thygesenapparel.com,207,,,
mindfulnessinschools.org,207,,,
thecleaningmommy.com,207,,,
offtheeatenpathblog.com,207,,,
vigour-group.com,206,,,
novicecook.com,206,,,
intentionaltoday.com,206,,,
guitarcraft.com,206,,,
petitechefs.com,206,,,
crabstreetjournal.org,206,,,
ourlifehomeschooling.com,205,,,
craftgalleryusa.com,205,,,
wholeisticliving.com,205,,,
mychefsapron.com,205,,,
youshouldgrow.com,205,,,
einatkessler.com,205,,,
pragyanam.school,205,,,
thrivingcenterofpsych.com,205,,,
thestingyvegan.com,204,,,
elloeducar.com.br,204,,,
nerdy-tech.com,204,,,
woodsmithspirit.com,204,,,
nextlevelchess.com,204,,,
superiorrestore.com,204,,,
eatsomethingvegan.com,204,,,
bitlifedaily.com,204,,,
rythmoftheworld.com,203,,,
beautystylemag.com,203,,,
beyondthebutter.com,203,,,
plantbasedcooking.com,203,,,
japanesepathway.com,203,,,
morethanmainstreet.com,203,,,
moldfreeliving.com,203,,,
whytile.com,203,,,
simplylifebybri.com,203,,,
thedrinkdiaries.com,203,,,
examstudyexpert.com,203,,,
thewholepack.com,203,,,
blog.goalsontrack.com,202,,,
goglutenfreely.com,202,,,
lixtle.com,202,,,
aromatherapyanywhere.com,202,,,
ugandatravelblog.com,202,,,
theneonteaparty.com,202,,,
davidaltmejd.com,202,,,
concretequestions.com,202,,,
soulfoodcooking101.com,202,,,
quilterscandy.com,202,,,
star-recipes.com,202,,,
thesagesaver.com,202,,,
afiyamagazine.com,202,,,
thedayzofdavid.com,201,,,
travelandoo.com,201,,,
alwaysdry247.com,201,,,
savebly.com,201,,,
healthandwellnessonline.org,201,,,
scratchandstitch.com,201,,,
gilp.co.in,201,,,
oneessentialcommunity.com,201,,,
dyinghardcooking.com,200,,,
artsandbudgets.com,200,,,
mindful-ideas.com,200,,,
altar.io,200,,,
themom100.com,200,,,
productivityshift.com,200,,,
thetastynest.com,200,,,
kitchenliker.com,200,,,
goodinthesimple.com,200,,,
mindbodyspiritcare.com,200,,,
theincrementalmama.com,200,,,
carolinabehaviorandbeyond.com,200,,,
frenchcreekfarmhouse.com,200,,,
timewatch.com,199,,,
tactical.com,199,,,
elisetriestocook.com,199,,,
letsdrinktea.com,198,,,
bestuptoeveryday.com,198,,,
downshiftology.com,198,,,
nosweatvegan.com,198,,,
theflavorvortex.com,198,,,
positiveparentingsolutions.com,198,,,
myhomierhome.com,198,,,
sunlightliving.com,198,,,
beginwithbutter.com,198,,,
littlelosttravel.com,197,,,
handmadeweekly.com,197,,,
renovatedfaith.com,197,,,
cal-star.com,197,,,
click2interior.com,197,,,
world-ratings.com,197,,,
360clean.com,197,,,
audiobookaddicts.com,197,,,
forcreativejuice.com,197,,,
nhcps.com,197,,,
rheumatologistoncall.com,196,,,
wandabrunstetter.com,196,,,
homeairadvisor.com,196,,,
moldbgonega.com,196,,,
thetriviaquizsite.com,196,,,
newhopehealth.com,196,,,
cocktailsandshots.com,196,,,
bigcontacts.com,196,,,
greensmarteco.com,196,,,
prohikecamp.com,196,,,
verywellmindset.com,196,,,
thefoodieeats.com,195,,,
cathydiep.com,195,,,
smiledesigndentistry.com,195,,,
onlyglutenfreerecipes.com,195,,,
stylebysavina.com,195,,,
traditionalgardening.com,195,,,
jimajackson.com,195,,,
makingmommas.com,195,,,
poppies.co.uk,195,,,
lovetofrugal.com,195,,,
withthewoodruffs.com,194,,,
bestphilippinestravelguide.com,194,,,
holistictherapistmagazine.com,194,,,
storamericastorage.com,194,,,
blenderhappy.com,194,,,
eslfriend.com,194,,,
sheneedscoffee.com,194,,,
spicetraveller.com,194,,,
quinntechco.com,194,,,
kingheating.com,194,,,
powerfulspeak.com,193,,,
marrsmarketing.com,193,,,
yourlifewellorganized.com,193,,,
celiacmama.com,193,,,
homeimprovementzine.com,193,,,
budgetsmadeeasy.com,193,,,
qdpowerful.com,192,,,
gardendownsouth.com,192,,,
nationalallergyandent.com,192,,,
mamaknowsnutrition.com,192,,,
gonegreenish.com,192,,,
italian-connection.com,192,,,
inspiredbudget.com,192,,,
trees.com,192,,,
wjcs.com,192,,,
queenofclean.blog,192,,,
poshpennies.com,192,,,
bfranklincrafts.com,192,,,
takehomesmile.com,191,,,
woodworkcentral.org,191,,,
lawndoctor.com,191,,,
dadgoesvegan.com,191,,,
decorsnob.com,191,,,
legallyhealthyblonde.com,191,,,
girljustdiy.com,191,,,
upcyclethisdiythat.com,191,,,
emilylightly.com,191,,,
americanhealthtraining.com,190,,,
srhs.org,190,,,
techyv.com,190,,,
vtgardens.org,190,,,
kitchenauthority.net,190,,,
clutterhealing.com,190,,,
artycraftycrew.com,190,,,
oakloghome.com,190,,,
firstprintable.com,190,,,
bransheets.com,190,,,
goodmakertales.com,190,,,
readerhaven.com,189,,,
theperfectloaf.com,189,,,
cleverlaundry.com,189,,,
lifehackmethod.com,189,,,
montgomerycountycleaningservices.com,189,,,
ourhappyhive.com,189,,,
clothingbrands.org,189,,,
safeorexpired.com,189,,,
oniusavenezia.com,189,,,
healthjuices.net,189,,,
ourheritageofhealth.com,189,,,
shapiroe.com,188,,,
moneyforthemamas.com,188,,,
careandrepair.com,188,,,
tlcgarden.com,188,,,
hiddenspringshomestead.com,188,,,
treefrogmarketing.com,188,,,
fixthisbuildthat.com,188,,,
techreviewly.com,188,,,
yourglutenfreerecipes.com,187,,,
hvacrcareerconnectny.com,187,,,
bonnibakery.com,187,,,
mycareerdna.org,187,,,
theallergyfriendlykitchen.com,187,,,
modern-maids.com,186,,,
kinetikwellbeing.com,186,,,
thegoodnesswell.com,186,,,
beadclublounge.com,186,,,
carolebamford.com,186,,,
work2bewell.org,186,,,
currentlypopular.com,185,,,
bosssinglemama.com,185,,,
menubly.com,185,,,
sewingfromhome.com,185,,,
obfocus.com,185,,,
theskincarewhisperer.com,185,,,
i-ville.com,185,,,
allnutribulletrecipes.com,185,,,
housereimagined.com,185,,,
toxicfreechoice.com,185,,,
simplyclearly.com,185,,,
glutenfreestories.com,184,,,
ecoactions.homedepot.com,184,,,
texicureans.com,184,,,
beginnersewingprojects.com,184,,,
bvintagestyle.com,184,,,
nenaswellnesscorner.com,184,,,
fcdrycleaners.com,184,,,
oregonsbdc.org,184,,,
diypete.com,183,,,
zerowastememoirs.com,183,,,
jo-annegray.com,183,,,
wecleanyourhouse.com,183,,,
mmorpgtips.com,183,,,
goodfoodtoeat.com,183,,,
margaretbourne.com,183,,,
clutterkeeper.com,183,,,
ontrackfishing.com,183,,,
momlovesbest.com,183,,,
mapleleaffoods.com,183,,,
heartlyrecipes.com,183,,,
jordanbates.life,182,,,
livetheminimalistlifestyle.com,182,,,
buildbetterhouse.com,182,,,
homevibed.com,182,,,
diy-tips.co.uk,182,,,
officetutorial.net,182,,,
sarahsvegankitchen.com,181,,,
lookinfinite.com,181,,,
italfarad.com,181,,,
environet.com.ph,181,,,
instrupix.com,181,,,
mydegreeguide.com,181,,,
thebobs.com,181,,,
longevityreview.com,181,,,
heavenlyhouseplants.com,181,,,
parentsasteachers.org,181,,,
authoritycamper.com,181,,,
lyndicohen.com,181,,,
statisticalaid.com,181,,,
nyimc.org,181,,,
milkandpop.com,181,,,
greatlakescountry.com,180,,,
aminimalhome.com,180,,,
savorrecipes.com,180,,,
citynaturopathic.ca,180,,,
everydayrecycler.com,180,,,
thereislifeafterwheat.com,180,,,
ahit.com,180,,,
veggums.com,180,,,
journeytoconsciousliving.com,180,,,
healthygreenathlete.com,180,,,
iawaketechnologies.com,180,,,
deliberatelyhere.com,180,,,
mommysplaybook.com,180,,,
learning-ninja.com,179,,,
opaye.com,179,,,
mealpreparationideas.com,179,,,
cncsourced.com,179,,,
homecookingcollective.com,179,,,
homefreshideas.com,179,,,
robpowellbizblog.com,179,,,
keepthetailwagging.com,179,,,
thewalkingmermaid.com,179,,,
impruver.com,179,,,
notesbythalia.com,179,,,
gabberdashery.com,179,,,
engnovate.com,179,,,
brightcolormom.com,179,,,
creativestylefurniture.com,179,,,
ourdailyhomestead.com,178,,,
carboncostume.com,178,,,
mommoneymap.com,178,,,
forbusybees.com,178,,,
cooking-the-world.com,178,,,
ameriside.com,178,,,
realestatespice.com,178,,,
wholesoystory.com,178,,,
twogalsandabroomkc.com,178,,,
thediynuts.com,177,,,
gomcdaniels.com,177,,,
lucalampariello.com,177,,,
bkvenergy.com,177,,,
indianambrosia.com,177,,,
strugglingwithaddiction.com,177,,,
awonderfullyimperfectlife.com,177,,,
craftsbliss.com,177,,,
goalscalling.com,177,,,
juicingwithg.com,177,,,
taskbeat.com,176,,,
alifedelicious.com,176,,,
geeks2you.com,176,,,
btsa.com,176,,,
worldwidecare.net,176,,,
teachgogreen.com,176,,,
planetpristine.com,176,,,
staceyhomemaker.com,176,,,
spicetheplate.com,176,,,
mamaandmoney.com,176,,,
survivalstoic.com,176,,,
simplelivingdaily.com,176,,,
solitude.net,175,,,
foodindian.org,175,,,
sloancreekdental.com,175,,,
hobbyknowhow.com,175,,,
htsinteriors.com,175,,,
allisajacobs.com,175,,,
gohealthyeverafter.com,175,,,
cocktailsmoothierecipes.com,174,,,
pheelpretty.com,174,,,
beautyspace.com.au,174,,,
organizationobsessed.com,174,,,
worldofblenders.com,174,,,
moldguy.ca,174,,,
zanniee.com,174,,,
simpleholisticgirl.com,174,,,
construct101.com,174,,,
assemblysmart.com,173,,,
artmakespeople.com,173,,,
midcenturymodernmommy.com,173,,,
gfjules.com,173,,,
learningenglishwithoxford.com,173,,,
lghomecomfort.ca,173,,,
premierwomenshealthmn.com,173,,,
awakemindful.com,173,,,
weavinggirl.com,173,,,
totkay.com,173,,,
canadianhomestyle.com,172,,,
thekitchenchalkboard.com,172,,,
thecraftcorner.ca,172,,,
sciph.info,172,,,
thensf.org,172,,,
shakeguys.com,172,,,
buckblack.com,172,,,
vibranthappyhealthy.com,172,,,
davewigstone.com,171,,,
ce.edu.dental,171,,,
craftaholique.com,171,,,
bloomscape.com,171,,,
bernadettelance.com,171,,,
thesageapron.com,171,,,
keanelandscaping.com,171,,,
nomorechores.com,171,,,
carpettech.com,171,,,
sleepfit101.com,171,,,
gwynsfoxynest.com,171,,,
holisticchefacademy.com,170,,,
theraingauge.com,170,,,
usvintagewood.com,170,,,
madhansart.com,170,,,
booksummaryreview.com,170,,,
trendsetteralist.com,169,,,
hone.gg,169,,,
dietitianlive.com,169,,,
simplemocktailrecipes.com,169,,,
womenself.com,169,,,
annainthekitchen.com,169,,,
kinggalleries.com,169,,,
onbudgetmoms.com,169,,,
skillsaustralia.edu.au,169,,,
leagueofdressmakers.com,169,,,
justmeasuringup.com,168,,,
daileyfoods.com,168,,,
anybabycan.org,168,,,
gardenersandplants.com,168,,,
eeziecleaning.com,168,,,
happyhoneykitchen.com,168,,,
kids.earth.org,168,,,
blog.canadianloghomes.com,168,,,
esevel.com,168,,,
corestaurant.org,168,,,
raynor.com,168,,,
kellysdrycleaners.com,168,,,
familyplanting.com,167,,,
annuity.org,167,,,
themealprepninja.com,167,,,
theplainsimplelife.com,167,,,
sproutsschools.com,167,,,
diycruiseports.com,167,,,
tantrumsandtools.com,167,,,
homeblogzone.com,167,,,
prashantji.com,167,,,
myminichefs.com,167,,,
legalsupportworld.com,167,,,
indiegetup.com,167,,,
diyhipchicks.com,167,,,
purplecare.com,167,,,
tinytreedecor.com,166,,,
evokewellnesstx.com,166,,,
mooringsatlewes.org,166,,,
alwayseatdessert.com,166,,,
wellbeingscounselling.ca,166,,,
satisfysingrecipes.com,166,,,
bootstrapped.ventures,166,,,
uncommonlywell.co,166,,,
animeoutline.com,166,,,
cookhealthystayfit.com,166,,,
meetyourhome.com,166,,,
thestreetblogger.com,165,,,
everythingcountryliving.com,165,,,
bloomslandcare.com,165,,,
elementor.com,165,,,
quels-sont.fr,165,,,
blog.experientialtools.com,165,,,
kclonline.com,165,,,
winchestergardens.com,165,,,
pennypolly.com,164,,,
greenenergyhub.com,164,,,
enticinglysimple.com,164,,,
hireinfluence.com,164,,,
zerotoskill.com,164,,,
thebuslifekitchen.com,164,,,
mystorage.ca,163,,,
alittleinsanity.com,163,,,
minimalistjourneys.com,163,,,
boredombusted.com,163,,,
moldsolutions.com,163,,,
guitarrepairbench.com,163,,,
upcycledaroundtown.com,163,,,
casaschools.com,163,,,
thehomesteadchallenge.com,163,,,
thehappyhousecleaning.co.uk,163,,,
thermomixdivarecipes.com,163,,,
erinzubotdesign.com,163,,,
blackfoodie.co,163,,,
vasindux.com,163,,,
cadence-education.com,163,,,
cherylmoreo.com,162,,,
earthtoveg.com,162,,,
fashioninsideres.com,162,,,
bakingnook.com,162,,,
thesprucetools.com,162,,,
gospinxpress.com,162,,,
theconsciousinsider.com,162,,,
thehome.blog,161,,,
navigatemindfully.com,161,,,
plantedinthekitchen.com,161,,,
plantedwell.com,161,,,
shopinroom.com,161,,,
exemplar.care,161,,,
avisewellness.com,160,,,
traditionalhomebaking.com,160,,,
androidally.com,160,,,
missionconnectionhealthcare.com,160,,,
primestorage.com,160,,,
theplantbaseddiet.com,160,,,
allergyspot.com.au,160,,,
blenderauthority.com,160,,,
thehomeintent.com,160,,,
abundanceofflavor.com,160,,,
schisandraandbergamot.com,159,,,
michealadianedesigns.com,159,,,
daniel-wong.com,159,,,
visualartspassage.com,159,,,
toptrendsguide.com,159,,,
scottishscran.com,159,,,
stellanspice.com,159,,,
hellamaid.com,159,,,
chicanoeats.com,159,,,
jacobsheating.com,159,,,
dlionline.org,159,,,
fitnigerian.com,158,,,
karynhaley.com,158,,,
wartonwoodworks.com,158,,,
shetravelschic.com,158,,,
myindianstove.com,158,,,
dailydishfresh.com,158,,,
careandcream.com,158,,,
ilovecookin.com,158,,,
nasamibeverage.com,158,,,
garden.com,157,,,
salvilaw.com,157,,,
dash.co,157,,,
aactofloveadoptions.com,157,,,
teamtomeducation.com,157,,,
healthyfami.com,157,,,
carpet-rug.org,157,,,
joyberrystudios.com,157,,,
greenworksllc.com,156,,,
thesimpleparadise.com,156,,,
emmairenecavanagh.com,156,,,
steakschool.com,156,,,
prepandrally.com,156,,,
holisticwellnessquest.com,156,,,
laguiadebuenosaires.com,156,,,
bookmypainting.com,156,,,
typicallytopical.com,156,,,
deanbokhari.com,156,,,
uvcarmel.org,156,,,
balancingeverything.com,156,,,
homeownersresourcesforbetterliving.com,156,,,
kidsbeautyexpert.com,156,,,
citizensenergy.com,156,,,
euromentravel.com,156,,,
whatisshewearing.com,156,,,
timeshood.com,155,,,
centerforparentingeducation.org,155,,,
wecookrecipes.com,155,,,
feelingnifty.com,155,,,
internationaldessertsblog.com,155,,,
homescentify.com,155,,,
mindremakeproject.org,155,,,
mastergardenersd.org,155,,,
americancontingency.com,155,,,
woodrichbrand.com,155,,,
homelyhens.com,155,,,
staydryroofing.com,154,,,
rixincosmetics.com,154,,,
johnandersonservice.com,154,,,
globetrottinkids.com,154,,,
homecamp.com.au,154,,,
gethealthywealthy.com,154,,,
savorysweetspoon.com,154,,,
livingsmall.com,154,,,
hort.extension.wisc.edu,154,,,
livingandeducation.com,154,,,
ohwellyes.com,154,,,
us.moodmedia.com,154,,,
herkare.com,154,,,
ottumwadentist.com,154,,,
recipesmind.com,154,,,
housepractical.com,154,,,
nutritionresolution.com,153,,,
smoothiesandshakes.com,153,,,
jessicathiefels.com,153,,,
project.co,153,,,
littletennesseehome.com,153,,,
crownlinen.net,153,,,
tidymalism.com,153,,,
homeyguide.com,152,,,
usarmybasic.com,152,,,
ppsthane.com,152,,,
thekitchenandalatte.com,152,,,
findwunder.com,152,,,
thispixiecreates.com,152,,,
sarahblooms.com,152,,,
talesfromthekitchenshed.com,152,,,
atozenlife.com,152,,,
everydayhomerepairs.com,152,,,
bloomstea.net,151,,,
zipzapdiy.com,151,,,
anglerlawn.com,151,,,
atlanticendomd.com,151,,,
achology.com,151,,,
southernfoodjunkie.com,151,,,
ninahendrick.com,151,,,
cvtslandscape.com,151,,,
madetosustain.com,150,,,
urc-chs.com,150,,,
mindfulmocktail.com,150,,,
piquetrealty.com,150,,,
woodcraftingideas.com,150,,,
healthfirstmag.com,150,,,
secretlifeofhomesteaders.com,150,,,
almonddental.com,150,,,
settingpoints.com,150,,,
blog.americanbookwriting.com,150,,,
dreamycup.com,150,,,
shetriedwhat.com,149,,,
cleaningexperts.co.uk,149,,,
elliementalhealth.com,149,,,
healthygfasian.com,149,,,
maidluxe.com,149,,,
thezerowastelife.com,149,,,
dressdreamers.com,149,,,
athomeontheprairie.com,149,,,
masterofmocktails.com,149,,,
mothertobaby.org,149,,,
thedailydiy.net,149,,,
thedeclutteringco.com.au,148,,,
theecoedit.co,148,,,
azrust.com,148,,,
anexpertresume.com,148,,,
theminifigurestore.uk,148,,,
faircado.com,148,,,
safetysection.com,148,,,
teablendguide.com,148,,,
lessinvest.com,148,,,
nomatia.com,148,,,
totalcleanz.com,147,,,
resolve.org,147,,,
healthyhabitspeak.com,147,,,
aparthotel.com,147,,,
fashioninform.co.uk,147,,,
gladtobemama.com,147,,,
acleanvision.com,147,,,
theholisticmama.com,147,,,
radiantlydressed.com,146,,,
facs.com,146,,,
isabelledias.com,146,,,
cleanandtidyliving.com,146,,,
yourpropertybasics.com,146,,,
taiarts.com,146,,,
muslimaguide.com,146,,,
thelifestyleofus.com,146,,,
bonvoyagewithkids.com,145,,,
bytephase.com,145,,,
mapleplanners.com,145,,,
thesimpledad.com,145,,,
wheelofbaking.com,145,,,
howjoyful.com,145,,,
executive-clean.com,145,,,
bemobile.com,145,,,
sewingers.com,145,,,
eatdrinkpure.com,145,,,
at-my-table.com,145,,,
healthinsightglobal.com,145,,,
tundraland.com,145,,,
emoneylover.com,144,,,
blog.affinitycellular.com,144,,,
raincitymaids.com,144,,,
chestnutherbs.com,144,,,
aaheating.com,144,,,
notsomodern.com,144,,,
sipsipsmoothie.com,143,,,
vellaclean.com,143,,,
teainabstraction.com,143,,,
aaafoodhandler.com,143,,,
bohemianvegankitchen.com,143,,,
herfinland.com,142,,,
mundo-excel.com,142,,,
thesimpleliferevival.com,142,,,
lessismore.org,142,,,
mblexguide.com,142,,,
sincerelysaturday.com,142,,,
becomingunbusy.com,142,,,
jacofallthings.com,142,,,
intentionalwellnessinc.com,142,,,
ahtcs.org.np,142,,,
lgbtqiacounseling.com,142,,,
digitalgyd.com,142,,,
sustainabledaisy.com,142,,,
tomakeamommy.com,142,,,
salesworksgroup.com,141,,,
householdexec.com,141,,,
realestatemarketingblog.org,141,,,
retrorecipebook.com,141,,,
beadworks.com,141,,,
thebuzzedartist.com,141,,,
blackhillrestoration.com,141,,,
artmefree.com,141,,,
yourmomvillage.com,141,,,
makersnook.com,140,,,
foreignlanguagecollective.com,140,,,
ashleygrenon.com,140,,,
throughthephases.com,140,,,
nataliesetareh.com,140,,,
everydayeasyeats.com,140,,,
tastyairfryerrecipes.com,140,,,
greentechnologyinfo.com,140,,,
theyogacollective.com,140,,,
pcmechanicfl.com,140,,,
backroadbloom.com,140,,,
rugcare.com,140,,,
teahow.com,139,,,
techserviceguru.com,139,,,
thefullheartedhome.com,139,,,
compleatfood.com,139,,,
vanburencd.org,139,,,
anitaliandish.com,139,,,
healthypsych.com,139,,,
hometainable.com,139,,,
explorenowornever.com,138,,,
feastforafraction.com,138,,,
myhomemaderoots.com,138,,,
bearplate.com,138,,,
artfulljourney.com,138,,,
redthomes.com,138,,,
qualitycleanservice.com,138,,,
laundrycare.biz,138,,,
yourlittleasia.com,138,,,
fixmold.com,138,,,
theoklahomahomesteader.com,138,,,
rikeneville.com,137,,,
mommyoverwork.com,137,,,
botanyculture.com,137,,,
eduww.net,137,,,
wellnessville.ph,137,,,
lili.co,137,,,
festfoods.com,137,,,
beautybrainsblush.com,137,,,
rgv-directcare.com,137,,,
lovelymomhood.com,137,,,
forentrepreneurs.com,137,,,
becomeyourmost.com,137,,,
courageousleadership.com,137,,,
loveahh.com,137,,,
teajoy.com,137,,,
theofflinekid.com,137,,,
clockdiary.com,137,,,
justaskjennp.com,137,,,
luxelifemama.com,136,,,
eatperu.com,136,,,
novelonmymind.com,136,,,
quickeasycook.com,136,,,
drsamanthamorel.com,136,,,
constantlyhealthycounseling.com,136,,,
empoweryourwellness.online,136,,,
momminfromscratch.com,136,,,
fussaboutfood.com,136,,,
smallspacesgreatlife.com,136,,,
agnnestreasures.com,135,,,
naturesnurture.co,135,,,
graciouslynourished.com,135,,,
xesiding.com,135,,,
namastehomecooking.com,135,,,
greenchoicelifestyle.com,135,,,
ccm.edu.au,135,,,
katieskottage.com,135,,,
thelazydish.com,135,,,
drsonneveld.com,135,,,
travis-tx.tamu.edu,135,,,
vipcleanersdelivery.com,134,,,
smarthealthclubs.com,134,,,
cupcakeblog.com,134,,,
traumaresearchuk.org,134,,,
houselogic.com,134,,,
candlemakingfun.com,134,,,
scrubnbubbles.com,134,,,
thedetanglednest.com,134,,,
cookingchops.com,134,,,
keeperscleanusa.com,134,,,
wisefrontierliving.com,134,,,
spicescooking.com,134,,,
layoutsparks.com,134,,,
acookscompanion.com,134,,,
fluentindeutsch.com,133,,,
somewhatsimpleliving.com,133,,,
gbpsr.org,133,,,
jonasmuthoni.com,133,,,
myohab.com,133,,,
homeartplan.com,133,,,
jacobgrant.com,133,,,
whiskbakesmile.com,133,,,
gardeninghobbies.com,133,,,
websterfirst.com,133,,,
newmouth.com,133,,,
mechtrician.com,133,,,
floritica.com,133,,,
marialuceydietitian.com,132,,,
dogguidereviews.com,132,,,
therealmealdeal.com,132,,,
fosterpandh.com,132,,,
campbell-hvac.com,132,,,
urbangreenlab.org,132,,,
insidebodybuilding.com,132,,,
ymcasouthflorida.org,132,,,
hobbybiker.com,132,,,
crystalcleanvents.com,132,,,
clovisautocare.com,131,,,
carelink.org,131,,,
fairfaxhearing.com,131,,,
avidcollectibles.com,131,,,
sagapens.com,131,,,
alrightgotit.com,131,,,
chiropractic.org,131,,,
brillpack.com,131,,,
breadmachinediva.com,130,,,
resolutionsofpalmbeach.com,130,,,
sandersfamilydental.com,130,,,
successformulalab.com,130,,,
epicjuicers.com,130,,,
teasingtea.com,130,,,
concretechiropractor.com,130,,,
peaceofmind4wellness.com,130,,,
behealthynyc.com,130,,,
togethertoeat.com,130,,,
thebeautydeeplife.com,130,,,
techova.co.uk,129,,,
samanthacassetty.com,129,,,
myplaceishome.com,129,,,
westernyouthservices.org,129,,,
missnutritiouseats.com,129,,,
nytdr.com,129,,,
thishyggehome.com,129,,,
amecopress.net,129,,,
learningenglishwithoxford.oup.com,129,,,
resumeway.com,129,,,
hoccprograms.org,129,,,
elearningart.com,129,,,
communityhometrust.org,129,,,
ezrsgold.com,128,,,
tinymindsworld.com,128,,,
highspeedoptions.com,128,,,
view-hobby.com,128,,,
handlblogs.com,128,,,
advancedintegratedhealth.com,128,,,
bloomingtoncarpetmn.com,128,,,
foodandroad.com,128,,,
sugarfreesprinkles.com,128,,,
greenthatlife.com,128,,,
goodcirclemarketing.com,127,,,
thekitchensnob.com,127,,,
kitchenhim.com,127,,,
madeleinekitchen.com,127,,,
thecoffeefiles.com,127,,,
thebusyllama.com,126,,,
survivorsnetwork.org.uk,126,,,
byoilydesign.com,126,,,
washguides.com,126,,,
eatingwithfoodallergies.com,126,,,
urbangardeningideas.com,125,,,
meadowsfarms.com,125,,,
everytastes.com,125,,,
thehomesteadingrd.com,125,,,
littera24.com,125,,,
keepitsimplelovely.com,125,,,
malekservice.com,125,,,
foodsmartcolorado.colostate.edu,125,,,
lifeisbetterwithtea.com,125,,,
nakedsustainability.com,125,,,
blog.yemparts.com,125,,,
resplendentkitchen.com,124,,,
recipesmeat.net,124,,,
brewthatcoffee.com,124,,,
warehousewanderer.com,124,,,
commonthreads.org,124,,,
poki.co.com,124,,,
ourrelationship.com,124,,,
247calculator.com,124,,,
legendarycasual.com,124,,,
youhadmeatgardening.com,123,,,
thegetawayz.com,123,,,
stradaservices.com,123,,,
thebms.org.uk,123,,,
recipetaken.com,123,,,
outfitformulas.com,123,,,
preserveandpickle.com,123,,,
simpleneathome.com,123,,,
makingthishome.com,123,,,
sosimpleideas.com,123,,,
engineershorizon.com,123,,,
declutteringyourlife.com,123,,,
kurahome.com,123,,,
gnomadhome.com,122,,,
peacefulwarriorswellness.com,122,,,
tasteofmaroc.com,122,,,
libtitle.com,122,,,
1training.org,122,,,
trashbackwards.com,122,,,
millenialstyle.com,122,,,
nutrareviews.org,122,,,
acamporainteriors.com,122,,,
allthatscrapbook.com,122,,,
veggievisa.com,121,,,
thegirlwithashovel.com,121,,,
mypureenvironment.com,121,,,
catorecipes.com,121,,,
theglossynest.com,121,,,
earthship.com,121,,,
ecologyskincare.com,121,,,
totalstoragesolutions.com,121,,,
maricopa-sbdc.com,121,,,
momhacks101.com,121,,,
gsexteriorexperts.com,121,,,
tncomputermedics.com,121,,,
ultimatemoldcrew.ca,120,,,
thetnhempcompany.com,120,,,
freerangecottage.com,120,,,
susanburkholder.com,120,,,
nutritionconsabor.com,120,,,
stitchpiecenpurl.com,120,,,
homeworkshawaii.com,120,,,
fieldcontrols.com,120,,,
worldtravelchef.com,120,,,
topmopscleaning.com,120,,,
myboardgameguides.com,120,,,
paseattle.com,120,,,
alternahealthsolutions.com,120,,,
projectorsewing.com,119,,,
goasher.com,119,,,
renuityhome.com,119,,,
pathtosurvival.com,119,,,
camperscircle.com,119,,,
theacademyofpetcareers.com,119,,,
indoorplantcare.org,119,,,
minimalism.co,119,,,
tiltedmap.com,119,,,
adultingstartshere.com,119,,,
reepgreen.ca,119,,,
zedchef.com,119,,,
wfmnyc.com,119,,,
everydaythrifty.com,119,,,
monroestreetmarket.com,119,,,
henrybeaver.com,119,,,
poki.ac,119,,,
kidsmoney.org,118,,,
crawlspacemakeover.com,118,,,
dr-kelley.com,118,,,
livingwildandgreen.com,118,,,
cookingstates.com,118,,,
scruffandsteph.com,118,,,
kidsusamontessori.org,118,,,
colorfulcraftcorner.com,118,,,
esafety.com,118,,,
cheatsheetlife.com,118,,,
cprcourseonline.com,118,,,
chefpanko.com,118,,,
cookplates.com,118,,,
k12.com,118,,,
yarbroughandsons.com,118,,,
intimatehygine.com,118,,,
languageconservancy.org,118,,,
stmarysmaine.com,118,,,
localdentalsa.com,118,,,
outdoorsynomad.com,118,,,
outfitonpoint.com,118,,,
welllivingideas.com,118,,,
keshart.in,118,,,
baby360.com,118,,,
plantedwithkatie.com,117,,,
dailydogfoodrecipes.com,117,,,
dailydaddydose.com,117,,,
surviveready.com,117,,,
balancingmidlife.com,117,,,
weramblers.com,117,,,
hendrixair.com,117,,,
theorganizedfamilyblog.com,117,,,
healingbreaths.org,116,,,
stylisteer.com,116,,,
urdailyrecipes.com,116,,,
shalanicely.com,116,,,
bizplanr.ai,116,,,
youhavestyle.com,116,,,
homedecorideass.com,116,,,
centerpointlandscaping.com,116,,,
purelivingforlife.com,116,,,
juicerdiary.com,116,,,
yourguitarbrain.com,116,,,
seebykelly.com,116,,,
livebetterlifestyle.com,116,,,
houseofmahalo.com,115,,,
greenvalleykitchen.com,115,,,
dixieshowerdoors.com,115,,,
wolfhomeproducts.com,115,,,
collegevaluesonline.com,115,,,
theliterarycompass.com,115,,,
thehomesteadingway.com,115,,,
sweettoothteaching.com,115,,,
simpleandsoulful.blog,115,,,
thestylecycle.com,115,,,
thebrowngirlbeautyguide.com,114,,,
mrfixitdiy.com,114,,,
reclaimdesign.org,114,,,
glutenfreeheroes.com,114,,,
parentswithconfidence.com,114,,,
crossroadshealth.org,114,,,
ohmysander.com,114,,,
becomeselfsufficient.com,114,,,
ecolifepath.com,114,,,
emailmonday.com,114,,,
artofimprovement.co.uk,114,,,
thesmoothiebird.com,114,,,
ductdoctorbirmingham.com,114,,,
productivitypatrol.com,114,,,
hackslifestyle.com,113,,,
yeswriting.com,113,,,
middleclassdadmoney.com,113,,,
soloappliancerepair.com,113,,,
sammsheatingandair.com,113,,,
sageandsirius.com,113,,,
turbomode.ai,113,,,
blog.seattleproductsllc.com,113,,,
sleepinginstitute.org,113,,,
allthenoodles.com,113,,,
preservingguide.com,113,,,
academiabees.com,113,,,
caiteyjay.com,113,,,
carpetgurus.com,113,,,
ourlittlehandmadehome.com,113,,,
lifestylemedicine.org,113,,,
craftylikegranny.com,113,,,
sidingpro.co,113,,,
usaclub.us,113,,,
crowncleaners.org.uk,113,,,
wishbonekitchen.com,113,,,
curlybunmom.com,113,,,
amycakesbakes.com,112,,,
bsbcon.com,112,,,
planetideal.com,112,,,
my.aarpfoundation.org,112,,,
fantasyfulfillers.com,112,,,
ecowworld.com,112,,,
theintentionhabit.com,112,,,
relationshipsincorporated.com,112,,,
organizationaltoast.com,112,,,
pcssnow.org,112,,,
taylorfarms.com,112,,,
wash.com,112,,,
thecaninehealthnut.com,112,,,
dustandmop.com,112,,,
culinarycrossover.com,111,,,
thresholds.org,111,,,
omemade.com,111,,,
survivalpreppersupply.com,111,,,
theecofriend.net,111,,,
mamareflections.com,111,,,
teachmehowtobake.com,111,,,
tsfitnessnyc.com,111,,,
americancourseacademy.com,111,,,
afhh.org,111,,,
indianjunction.nl,111,,,
austinallergist.com,111,,,
cardscommunity.com,110,,,
rentchamber.com,110,,,
greenerinsights.com,110,,,
squarehvac.com,110,,,
findingneverlandtravelblog.com,110,,,
thefuturisticminds.com,110,,,
roofmasterconstruction.com,110,,,
housecleaningsf.com,110,,,
squeakycleaning.com,110,,,
unitedtinyhomes.com,110,,,
artfulhaven.com,110,,,
jacquelinehogan.com,110,,,
americonrestoration.com,110,,,
betterandhealthy.com,110,,,
jasperandwillow.com,110,,,
enchantedaromatics.com,110,,,
eatlikeanitalian.com,109,,,
squirrelsofafeather.com,109,,,
guidedbyelements.com,109,,,
thebestofculinary.com,109,,,
figure1.com,109,,,
franklincovey.com,109,,,
lifetransitionskills.org,109,,,
mamagoesbeyond.com,109,,,
rozaliee.com,109,,,
cleanhealthymeals.com,109,,,
ikonrecoverycenters.org,109,,,
theanaghaedit.com,108,,,
rematch.in,108,,,
birchtreeorganizing.ca,108,,,
totalhealthandfitness.com,108,,,
myfoodpassion.com,108,,,
northstarrestorationservices.com,108,,,
thinkimpact.com,108,,,
grosseasy.com,108,,,
discoveroverthere.com,108,,,
lookgoodfeelbetter.org,108,,,
spiceitupp.com,108,,,
nelda.org.in,107,,,
naturaldentistassociates.com,107,,,
masakali.co.uk,107,,,
cleanairgardening.com,107,,,
thewellbeingdiary.com,107,,,
capsuleclosetstylist.com,107,,,
merryformoney.com,107,,,
abcservertraining.com,107,,,
slowcookerfoodie.com,106,,,
jaxfurniturerefinishingandupholstering.com,106,,,
freeandunfettered.com,106,,,
storage-solutions.org,106,,,
thetwordtravel.com,106,,,
careersurvey.sg,106,,,
cretelligent.com,106,,,
onsiteadjusting.com,106,,,
24hourfloodpros.com,106,,,
happybellyfish.com,106,,,
diy-recipe.com,106,,,
monakirstein.com,106,,,
mocoplumbingmd.com,106,,,
prettyfrugal.com,106,,,
beautaza.com,106,,,
thedailylifemagazine.com,106,,,
psychologyoftravel.com,106,,,
lauraunveiled.com,106,,,
weiss-johnson.com,106,,,
toilettravels.com,106,,,
therecipebuffet.com,106,,,
ehscompliance.com,106,,,
mystartup365.com,105,,,
loveasfood.com,105,,,
spartancapitalgroup.com,105,,,
contemporaryfamilydentistry.com,105,,,
thebakersalmanac.com,105,,,
thebite2night.com,105,,,
airpurifiermaster.com,105,,,
sparkleandshine.today,105,,,
asanaathome.com,105,,,
moldinspect.org,105,,,
buildacozyhome.com,105,,,
wintergreenbotanicals.com,105,,,
flgardening.com,105,,,
thirstpriority.com,105,,,
holistic-health.com,105,,,
get-green-now.com,105,,,
themamahandbook.com,104,,,
becomingtraditional.com,104,,,
wagnergreenhouses.com,104,,,
thehubcoworks.com,104,,,
alignhealthcoaching.com,104,,,
drvijayantgovinda.com,104,,,
balancehormonecenter.com,104,,,
pureplanetrecycling.co.uk,104,,,
springfieldrenaissanceschool.com,104,,,
castironrecipes.com,104,,,
moldhelpforyou.com,104,,,
beginagaindecon.com,103,,,
mittelstandinnovativ.de,103,,,
houseandhome.com,103,,,
carlcheo.com,103,,,
organizenvy.com,103,,,
kemhospitalpune.org,103,,,
lifeimprovement.co.uk,103,,,
dessertbaking.com,103,,,
qandacountry.com,103,,,
medicoworlds.com,103,,,
tilt.colostate.edu,103,,,
mindfulslowlife.com,103,,,
bakewhatyoulove.com,103,,,
outbythedoor.com,102,,,
hunaskin.com,102,,,
cuernakitchen.com,102,,,
letscleanthatup.com,102,,,
fmccebucateringservice.com,102,,,
thrivingwonders.com,102,,,
agriculturegrowing.com,102,,,
fowlerallergy.com,102,,,
groutcleaner.com,102,,,
aboutaustralia.com,102,,,
thegardenersworld.com,102,,,
saratogafarmersmarket.org,102,,,
wealthview.co.in,102,,,
housewifesurvival.com,102,,,
dietitiangagan.com,102,,,
givingkitchen.org,102,,,
mercyassistedcare.org,101,,,
snallergy.com,101,,,
superbee.me,101,,,
teamassurance.com,101,,,
calibrecleaning.com.au,101,,,
mensplayroom.com,101,,,
foodindustryhub.com,101,,,
positivelysustainable.com,101,,,
exploreandindulge.org,100,,,
crawfordsautoservice.com,100,,,
memorymattersutah.org,100,,,
slofoodbank.org,100,,,
radiashealth.org,100,,,
apptread.com,100,,,
woodenfurniturehub.com,100,,,
maa2mom.com,100,,,
cultivatorphytolab.com,100,,,
gacservices.com,100,,,
eztouregypt.com,100,,,
allyouneedisbrunch.com,100,,,
threephrase.com,100,,,
homecarecontractors.com,100,,,
shivanilovesfood.com,100,,,
newhobbying.com,100,,,
josephbulfamanteandson.com,99,,,
sleepstation.org.uk,99,,,
thepowertoolwebsite.com,99,,,
thedutchmanslaundry.com,99,,,
flavoursinmykitchen.com,99,,,
sundayrainday.com,99,,,
whatsgoodonline.co.uk,99,,,
pittsfordfamilydental.com,99,,,
getcarpetcleaningorlando.com,99,,,
georgia4h.org,99,,,
claytonsleep.com,98,,,
adoncps.com,98,,,
homemadeourway.com,98,,,
rswellness.org,98,,,
thesimpledaisy.com,98,,,
coursmos.com,98,,,
everydaycleaningtips.com,98,,,
staydeco.com,98,,,
ktloghomes.com,98,,,
ccs.kitchen,98,,,
griddlesizzle.com,98,,,
lovetofinance.com,97,,,
nyworkerslaw.com,97,,,
healthyeatingresearch.org,97,,,
mybarc.org,97,,,
gravelisting.com,97,,,
greensliceoflife.com,97,,,
susanbringsdessert.com,97,,,
nurtureandthriveblog.com,97,,,
zenandzaatar.com,97,,,
homecookbasics.com,97,,,
homebyseason.com,97,,,
econtrolsystems.com,97,,,
fathercraft.com,97,,,
thesavvydreamer.com,97,,,
alohaintegrativehealth.com,97,,,
matthewcornell.com.au,97,,,
luxuryhomestuff.com,97,,,
realmomnation.com,97,,,
airconditionerlab.com,97,,,
themakinglife.com,97,,,
jobinterviewtools.com,96,,,
pureoneservices.com,96,,,
cleanersland.com,96,,,
plantillasexcelgratis.com,96,,,
houseandhammer.com,96,,,
harmfreefashion.com,96,,,
mypuremd.com,96,,,
homeimprovementideas.com,96,,,
garagetested.com,96,,,
theeleganceedit.com,96,,,
epa.guam.gov,96,,,
lawrenceparkgardencare.com,96,,,
tjhandymanservicesllc.com,96,,,
quirkypineapples.com,95,,,
mariocastilloelectric.com,95,,,
asubra.com,95,,,
blog.shrivra.com,95,,,
holfamily.com,95,,,
fashionsuggest.in,95,,,
timthepcassistant.com,95,,,
greengoldlandscapinginc.com,95,,,
vintagelifestyle.com,95,,,
teadelight.net,95,,,
hsl.uw.edu,95,,,
moldzero.com,95,,,
thecocktailnovice.com,95,,,
summitbrands.com,95,,,
riseandblend.com,94,,,
iveals.com,94,,,
cookthistoday.com,94,,,
hartandcooleyinc.com,94,,,
edsheatingandcooling.com,94,,,
sowsmallgarden.com,94,,,
therainbowplanner.com,94,,,
haileystitches.com,94,,,
foodandbeverageknowledge.com,94,,,
dessertdonelight.com,94,,,
tidylifehappywife.com,94,,,
braintherapytms.com,94,,,
atticplus.com,93,,,
thegreenthumbler.com,93,,,
woodlogger.com,93,,,
certifiedonthefly.com,93,,,
balancedhealthymeals.com,93,,,
nepaleveresttrekking.com,93,,,
coolmisthumidifier.org,93,,,
certifiedrestorationinc.com,93,,,
beinganadultishard.com,93,,,
globalcognition.org,93,,,
thebetterfish.com,93,,,
turkeyguzel.com,93,,,
mykitchensage.com,93,,,
band-saw.com,93,,,
thecharmingdancer.com,93,,,
mintandmallowkitchen.com,92,,,
massschoolwellness.org,92,,,
moneyfitmoms.com,92,,,
blog.stampinup.com,92,,,
iloveit.net,92,,,
twodogzoo.com,92,,,
brunascleaningservice.com,92,,,
fressclean.com,91,,,
bakedabundance.com,91,,,
thriveinthailand.com,91,,,
woodworkinghobbyshop.com,91,,,
bensonhenryinstitute.org,91,,,
bestrecipesofindia.com,91,,,
homeplainandsimple.com,91,,,
cloverleafpropertymanagement.com,91,,,
cleansejoy.com,91,,,
investing-aid.com,91,,,
symega.com,91,,,
reachingself.com,91,,,
declutteringdiva.com.au,91,,,
amwomenmag.com,91,,,
hobbyslave.com,90,,,
themenopausecharity.org,90,,,
myprimalcoach.com,90,,,
consciousmed.co,90,,,
ecoengineeringhub.com,90,,,
exerciseismedicine.org,90,,,
pasen.org,90,,,
mystudylife.com,90,,,
learntostudy.net,90,,,
asleepycreative.com,90,,,
modernzen.org,90,,,
letthyfood.com,90,,,
oliviabudgen.com,90,,,
edencleaning.net,90,,,
alyssafontaine.com,89,,,
stripodor.com,89,,,
triptomotherhood.com,89,,,
theprettyplaneteer.com,89,,,
actuallyeasyblogging.com,89,,,
diabetesfixer.com,89,,,
yummymedley.com,89,,,
englishempowermentcenter.org,89,,,
mindfulnessbox.com,89,,,
nancyshousekeepingservice.com,89,,,
sustainable-usa.org,89,,,
backpackerstrip.com,89,,,
uspm.com,89,,,
simpltea.com,89,,,
caffeinatedminimalist.com,89,,,
carboeurope.org,89,,,
wp.nyu.edu,89,,,
danabehavioralhealth.org,88,,,
indianschoolofimage.com,88,,,
rantaustudio.com,88,,,
thecommoncentsclub.com,88,,,
quantifysleep.com,88,,,
grandviewcamp.com,88,,,
shop5thavenuecakes.com,88,,,
furnitureflippa.com,88,,,
simplestructuredmama.com,88,,,
fundingcloudnine.com,88,,,
lasrydentalclinic.com,88,,,
kowalske.com,88,,,
blog.interfreshmarket.com,88,,,
kiatlay.com.sg,88,,,
greencompostables.com,88,,,
anthonyarms.com,88,,,
littlevoicebigmatter.com,88,,,
clevermamalifehacks.com,88,,,
sarsas.org.uk,88,,,
effectivestudents.com,87,,,
joemc.com,87,,,
betterhealthdecision.com,87,,,
greenlife123.com,87,,,
biteblend.com,87,,,
everydaymomideas.com,87,,,
translatorsjournal.com,87,,,
apws.edu.in,87,,,
anonna.net,87,,,
mindfulnessmeditationinstitute.org,87,,,
aromadesigners.com,87,,,
couples-counseling-now.com,87,,,
greensweepnm.com,87,,,
trembelingart.com,87,,,
duramaxbp.com,87,,,
importaco.com,86,,,
perfectioncleanresults.com,86,,,
greenhomesolutions.com,86,,,
elephantenergy.com,86,,,
cleaningday.co.uk,86,,,
cleanclubcalgary.com,86,,,
ecoredux.com,86,,,
creteform.com,86,,,
justmyplate.com,86,,,
newmomlife.net,86,,,
aroundtheworldclub.com,86,,,
sandiegohomecaregivers.com,86,,,
simple-life.com,86,,,
nyc.cce.cornell.edu,86,,,
air-quality-eng.com,85,,,
chaunceyallpro.com,85,,,
woodworkingplansnow.com,85,,,
geniusmomhacks.com,85,,,
dragonflyfun.com,85,,,
premiumclean.au,85,,,
collaborateforhealthyweight.org,85,,,
nycintegrative.com,85,,,
simpleliving.com,85,,,
algorithmman.com,85,,,
themodernwomanly.com,85,,,
michelelian.com,85,,,
bloggerteck.com,85,,,
gshomeservices.com,85,,,
citythrift.org,84,,,
petodorsolution.com,84,,,
zerowastehomestead.com,84,,,
go-go-eco.com,84,,,
familywiseservices.org,84,,,
askthehomegeek.com,84,,,
christianhvac.com,84,,,
khccares.com,84,,,
sosrestoration.com,84,,,
paintingandartists.com,84,,,
soundproofsandiego.com,84,,,
skillschool.co.in,84,,,
ecocouple.blog,84,,,
hellobc.com,84,,,
salesconnector.com,84,,,
veganhealth.org,84,,,
cleanup.expert,83,,,
bloomandboughs.com,83,,,
nibll.com,83,,,
kitchenbarrels.com,83,,,
blog.sendwork.com,83,,,
juliety.com,83,,,
cottageinn.com,83,,,
protectearth.foundation,83,,,
sourceofsources.com,83,,,
trendreflect.com,83,,,
dumpstermaxx.com,83,,,
classichomeopath.com,83,,,
justlivewell.com,83,,,
flourishingkitchen.com,83,,,
dbtselfhelp.com,83,,,
metroformen.com,82,,,
deepaliohri.com,82,,,
juicer360.com,82,,,
illinoismarathon.com,82,,,
rcabc.org,82,,,
thrivingsustainably.com,82,,,
tech.sites.ucsc.edu,82,,,
healthitamin.com,82,,,
wildabundance.net,82,,,
rakeshinani.com,81,,,
gittaskitchen.com,81,,,
paccert.org,81,,,
natural-alternative-therapies.com,81,,,
foodatworld.com,81,,,
mobilityathlete.com,81,,,
ultra-guard.com,81,,,
seasoncontrolhvac.com,81,,,
oakandgrainrefinishing.com,81,,,
greatpassiveincomeideas.com,81,,,
techypak.com,81,,,
morefulfilled.com,81,,,
silvermaple.com,81,,,
planttagg.com,80,,,
designideasguide.com,80,,,
vacationpointers.com,80,,,
unstoppablerise.com,80,,,
learningtobesustainable.com,80,,,
diyhomegenius.com,80,,,
clarisdesignbuild.com,80,,,
globalfoodconsumers.org,80,,,
bambooexplore.com,80,,,
pbsbooks.org,80,,,
thegoodalliance.org,80,,,
discover.purediymagic.com,80,,,
helloglimmer.com,80,,,
arizonamilk.org,80,,,
theblendery.com,79,,,
healthyvivacity.com,79,,,
leopardgecko.care,79,,,
infinityparkeventcenter.com,79,,,
recycling.com,79,,,
rennersupply.com,79,,,
muffettahousekeeping.com,79,,,
momsprintables.com,79,,,
themountainfarmhouse.com,79,,,
physioprospt.com,79,,,
dadlifelessons.com,79,,,
zzplants.com,79,,,
totallymaintained.com,79,,,
aikagi-jpn.com,79,,,
hailekitchen.com,78,,,
holistichealthpractice.net,78,,,
ayurvedawithrebecca.com,78,,,
patchproflorida.com,78,,,
integrityaq.com,78,,,
structuraliving.com,78,,,
makinggoodcoffee.com,78,,,
primegeniusinc.com,78,,,
mealplanningblueprints.com,78,,,
wellnessgaps.com,78,,,
mmopatchnotes.com,78,,,
thefamilypartnership.org,78,,,
nourishedwithnatalie.com,78,,,
lanphanfreezedrying.com,78,,,
busymomsmartmom.com,77,,,
getleanertoday.com,77,,,
robynmariecoaching.com,77,,,
beaufortairconditioning.com,77,,,
bridgetolife.com,77,,,
autismhousingnetwork.org,77,,,
uptownreservations.com,77,,,
adultingonthespectrum.com,77,,,
everydaycleaningideas.com,77,,,
centralhealthclinic.com.au,77,,,
esthetician.org,77,,,
crystaldawnculinary.com,77,,,
atomicsmash.co.uk,77,,,
shulman-hill.com,77,,,
daysmart.com,77,,,
onecoastdesign.com,76,,,
blog.buyerselect.com,76,,,
mysundaytools.com,76,,,
shelooksgooddaily.com,76,,,
sortingwithstyle.com,76,,,
simplecleanhome.com,76,,,
livingouradventures.com,76,,,
harmonyhomeconcepts.com,76,,,
catalystkids.org,76,,,
designhounds.com,76,,,
bondmeout.com,76,,,
immaculatecarpetcare.com,76,,,
pumpitupparty.com,75,,,
positivitysparkles.com,75,,,
mindherway.com,75,,,
bestofbrewing.com,75,,,
ourecofriendlylife.com,75,,,
artenet.it,75,,,
fmbespokerestoration.com,75,,,
neuraleffects.com,75,,,
merrickholm.com,75,,,
mexicancookingonabudget.com,75,,,
thehdprogram.com,75,,,
breatheology.com,75,,,
wholeandhappyliving.com,75,,,
smartkiddoslearning.com,74,,,
topcleaningfl.com,74,,,
mottherless.net,74,,,
queenanneupholstery.com,74,,,
mindfulofthehome.com,74,,,
gogreenpedia.com,74,,,
blog.stemless.co,74,,,
heywellness.com,74,,,
sanjosementalhealth.org,74,,,
wecareearth.com,74,,,
mindfulmeggie.com,73,,,
newlifefertility.com,73,,,
interiorsbyabbey.com,73,,,
heavenlyspiced.com,73,,,
penndutchstructures.com,73,,,
gimmeconfetti.com,73,,,
familyinceptions.com,73,,,
amyinthekitchen.com,73,,,
philosophyofyum.com,73,,,
health-ft.com,73,,,
crystalhealthandbeauty.co.uk,73,,,
theshakencocktail.com,72,,,
daxinglassbottles.com,72,,,
organicmartz.com,72,,,
protechcarpetcare.com,72,,,
insidedecors.com,72,,,
rugdoctor.com,72,,,
adc-us.com,72,,,
2ulaundry.com,72,,,
younglionsyouth.org,72,,,
yarnellschool.com,72,,,
safetynotes.net,72,,,
calanbreckon.com,72,,,
zerowasteinitiative.com,72,,,
firstcallnc.com,72,,,
sewingforaliving.com,72,,,
wowpregnancy.com,71,,,
cookdelights.com,71,,,
speedyprep.com,71,,,
buyclarksvillehomes.com,71,,,
theteacupattic.com,71,,,
blog.ahsuite.com,71,,,
thegatsbycraft.com,71,,,
tervene.com,71,,,
echousecleaning.com,71,,,
organicallywell.com,71,,,
nationalcprfoundation.com,71,,,
trubahamianfoodtours.com,71,,,
flyrise.io,71,,,
greenorchardgroup.com,71,,,
vanillapapers.net,71,,,
onmaplelane.com,71,,,
thedecorvault.blog,71,,,
green360solutions.com,71,,,
mygreentoddler.com,71,,,
theclothingmanufacturers.com,71,,,
spandexsimplified.com,70,,,
thesolospoon.com,70,,,
craftingpulse.com,70,,,
inspiredplum.com,70,,,
theschooloflife.com,70,,,
heartfulhusle.com,70,,,
cullinarycharmers.com,70,,,
fitnessweaver.com,70,,,
homecleaningandrepairs.com,70,,,
statclimate.ca,70,,,
magicdetox.com,70,,,
simplylivingnc.com,70,,,
gardeningstuffs.com,70,,,
laundryassociation.org,70,,,
homeishandmade.com,70,,,
buddhify.com,70,,,
workandfamilybalance.com,70,,,
gran.luchito.com,69,,,
hausandhand.com,69,,,
positivelyfrugal.com,69,,,
papedental.ca,69,,,
recipchef.com,69,,,
comfortaire.biz,69,,,
bingedrawing.com,69,,,
modernminimalism.com,69,,,
garden-guy.com,69,,,
courierbeauty.com,69,,,
mindfullhive.com,69,,,
essenmacherdental.com,69,,,
hygienefoodsafety.org,69,,,
blissfulfoodsplus.com,69,,,
heralignedself.com,69,,,
realmefoods.com,68,,,
tidydiary.com,68,,,
mentalwellbeing.net,68,,,
storylikeself.com,68,,,
simplyhomedecorating.com,68,,,
dlcteams.com,68,,,
hillriverhomestead.com,68,,,
fosterreprohealth.org,68,,,
godetail.com,68,,,
awcbehavioralhealth.com,68,,,
foodallergyparents.com,67,,,
welcometoable.co.uk,67,,,
cardinalcarpetcleaner.com,67,,,
mccagues.com,67,,,
moodandmindcentre.com,67,,,
blog.pearlandcreek.com,67,,,
abeautifullyfitsoul.com,67,,,
diaryofmyspirit.com,67,,,
satspapershub.co.uk,67,,,
itsmelissacarroll.com,67,,,
oxfordinternationalenglish.com,67,,,
naturalskincare.com,67,,,
healingjourneyessentials.com,67,,,
essentialhouseplants.com,67,,,
helloshift.com,67,,,
downtothewire.net.au,66,,,
unfuckyourhabitat.com,66,,,
theimpactfulco.com,66,,,
differenthobbies.com,66,,,
enjoyretirementlife.com,66,,,
joannarahier.com,66,,,
metrobathandtile.com,66,,,
safetypedia.com,66,,,
connect.manageminds.com,66,,,
houseplantadvisor.com,66,,,
beadage.net,66,,,
safelyio.com,66,,,
jcdesignbuild.com,66,,,
oralcarejournal.com,66,,,
forethouse.com,65,,,
help.gadgetmates.com,65,,,
cookingwithfudge.com,65,,,
smoothbellies.com,65,,,
rocnkitchen.com,65,,,
housekeepup.com,65,,,
lionaircooling.com,65,,,
daretobeawildflower.com,65,,,
successfullysustainable.com,65,,,
minimalismbasics.com,65,,,
fresnofamilydentist.com,65,,,
importantenough.com,65,,,
menshealthnetwork.org,65,,,
organizeeveryroom.com,65,,,
knottsfamilyagency.org,65,,,
skinnycomfort.com,65,,,
hopefulholistic.com,65,,,
calisthenics.com,65,,,
moneymisfit.com,65,,,
thehealthyeatingguide.com,65,,,
theacdr.com,65,,,
littlenorthernbakehouse.com,65,,,
polkadotted.com,65,,,
handlinghomelife.com,65,,,
seekingthyme.com,64,,,
blog.fantasticcleaners.com,64,,,
mykitchenspices.co.uk,64,,,
prototype.fashion,64,,,
uef.org,64,,,
therovingfoodie.com,64,,,
homeairauthority.com,64,,,
lowimpactlove.com,64,,,
kitchenfreak.com,64,,,
hublabels.com,64,,,
completefoodcompany.com,64,,,
masterteckrepair.com,64,,,
contempospace.com,64,,,
farmads.ie,64,,,
bluecollarmastery.com,64,,,
sdocpa.com,64,,,
neurospicynonsense.com,64,,,
bracegaming.com,64,,,
enrichedaesthetics.com,63,,,
soapmate.eu,63,,,
designsbynajia.com,63,,,
cardinalcleaning.com,63,,,
softflow.jp,63,,,
hscwarranty.com,63,,,
nextdaycleaning.com,63,,,
theceliacdiva.com,63,,,
hiehelpcenter.org,63,,,
jacobsandrhodes.com,63,,,
morzepcollegecoaching.com,63,,,
mlahvet.com,63,,,
odorzx.com,62,,,
herbivoremuscle.com,62,,,
purplecraftdiva.com,62,,,
welinku.com,62,,,
majesticpulse.com,62,,,
themodernlife.com,62,,,
onthespotrepairs.com,62,,,
herbal9remedies.com,62,,,
mommycantaffordthat.com,62,,,
sashashairopshub.com,62,,,
edcprofessionalhomeinspections.com,62,,,
thenovicehomestead.com,62,,,
theavtub.com,62,,,
happycozyhouse.com,62,,,
vintageboothpro.com,61,,,
tips-around.me,61,,,
candlecrowd.com,61,,,
elevationhandmade.com,61,,,
wisemanfamilypractice.com,61,,,
voyagenic.com,61,,,
naptimecrafters.com,61,,,
coralvita.co,61,,,
mold-heal.com,61,,,
breadflavors.com,61,,,
pregnancybydesign.com,61,,,
eco-friendly-products.shop,61,,,
crownclinic.com.au,61,,,
bella-angel.com,61,,,
psdf.org.pk,61,,,
hobbyzeal.com,61,,,
sealy.co.nz,61,,,
thrivingthroughitall.com,61,,,
feezilo.com,60,,,
lefurniturerepair.com,60,,,
sustainlify.com,60,,,
sustainablesundays.com,60,,,
frugallifeproject.com,60,,,
onecapitalsolutions.com,60,,,
staceyssimplemeals.com,60,,,
appliancerecovery.com,60,,,
somarawellness.com,60,,,
modethesis.com,60,,,
nogluten.com,60,,,
timehackz.com,60,,,
imademycake.com,60,,,
chronicdisease.org,60,,,
carokocht.com,60,,,
thefemmena.com,60,,,
teethwisdom.org,60,,,
bigeasydemolition.com,60,,,
eltonyoga.com,60,,,
doctorfehmida.com,60,,,
brisbanehousecleaners.net.au,60,,,
woodworkingplansman.com,60,,,
yumytasty.com,59,,,
eggsallways.com,59,,,
plantingcoach.com,59,,,
savvyfrugalmom.com,59,,,
thewiredhomeschool.com,59,,,
mamamadesimple.com,59,,,
nativeclinics.com,59,,,
theartofhandtools.com,59,,,
hvacangel.com,58,,,
ttp-hard-drills.com,58,,,
acs-advancedcooling.com,58,,,
gogreenzero.com,58,,,
rainbootsandapronstrings.com,58,,,
bikeride.com,58,,,
theadventuresabound.com,58,,,
simplelivingonrepeat.com,58,,,
outdoorsdiy.com,58,,,
truvaga.com,58,,,
yeahfoodie.com,58,,,
ramdon.com,58,,,
upstairsdownstairscleaning.com,58,,,
familymoneyadventure.com,58,,,
thegolfacademy.org,58,,,
appetitejourney.com,57,,,
thenookon32.com,57,,,
jean-prescott.com,57,,,
petstylistacademy.com.au,57,,,
luminouselfcare.com,57,,,
artofcraps.com,57,,,
askdads.com,57,,,
thehomemenders.com,57,,,
quadrawellness.com,57,,,
icieducation.ie,57,,,
yourorganizedlife.org,56,,,
industrydiy.com,56,,,
minimalisthomeblog.com,56,,,
guidedinnature.com,56,,,
pictoclub.com,56,,,
makefoodstay.com,56,,,
recoveryhomepa.com,56,,,
101artists.com,56,,,
moldstarremediation.com,56,,,
tastetarka.com,56,,,
purenvironmental.com,56,,,
allaboardstorage.com,56,,,
sobrietyandwellbeing.com,56,,,
strengthafter50.com,56,,,
ecoharvesthome.com,56,,,
studeospaces.com,56,,,
lifeunflaked.com,55,,,
revealedrecipe.com,55,,,
habitatgwinnett.org,55,,,
airfryers.net,55,,,
thewellco.co,55,,,
cornerstonehomes.com,55,,,
admiresimple.com,55,,,
displaycaseart.com,55,,,
makebeautifulcards.com,55,,,
mylittle-kitchen.com,55,,,
udderlyfit.com,55,,,
pomodorofoodsset.com,55,,,
foodsniff.com,55,,,
sunriselandscape.com,55,,,
thekitchenapothecary.com,55,,,
strongeryoufit.com,54,,,
mindhealth.com.au,54,,,
gvaat.com,54,,,
satyamevajayate.co.in,54,,,
atmox.com,54,,,
thiswellness.com,54,,,
startupguide.hbs.edu,54,,,
verywellhealth.us,54,,,
maidsonamissionus.com,54,,,
blog.mealsbymel.co,54,,,
bubblerelief.com,54,,,
unitedrestorationfl.com,54,,,
wellnessgaze.com,54,,,
hammerandhandsaw.com,54,,,
diyhomesteading101.com,54,,,
thriftyintrovert.com,54,,,
eatliftmom.com,54,,,
knottednest.com,54,,,
domylaundry.ca,54,,,
smoothiediet.com,54,,,
nativenatures.com,53,,,
sanitationspecialists.com,53,,,
therealspectrum.com,53,,,
festivalturf.com,53,,,
elephantbeans.de,53,,,
7brew-menus.com,53,,,
minimalistroad.com,53,,,
homesteadliving.com,53,,,
petsmopolitan.com,53,,,
besthomearoma.com,53,,,
estatecare.us,53,,,
sleephealth.org,53,,,
confessionsofacleaninglady.com,52,,,
plantbasedsynergy.com,52,,,
bestfoodrecipe.com,52,,,
thebeautyinstitute.edu,52,,,
rootswingsandwellness.com,52,,,
vacuumjudge.com,52,,,
onedegreeorganics.com,52,,,
healthuprisingnow.com,52,,,
rancherinsights.com,52,,,
studyskillup.com,52,,,
theselfstoragecompany.co,52,,,
mindful.health,52,,,
afrenet.org,52,,,
fortheloveofsimple.com,52,,,
gardenhealth.com,52,,,
eatinghealthy4life.com,52,,,
ifocushealth.com,52,,,
acentsationallife.com,52,,,
nationalwellnessgroup.com,51,,,
simplebathohio.net,51,,,
saliwell.com,51,,,
airaceheatingandcooling.com,51,,,
fabspin.com,51,,,
houseplantjournal.com,51,,,
psychiatristpleasantonsanramonca.com,51,,,
substituteegg.com,51,,,
keymarketingstrategies.com,51,,,
gritandgraceful.com,51,,,
heartgallerytexas.org,51,,,
thesurvivalsummit.com,51,,,
neworigins.org,51,,,
idahomedicalacademy.com,51,,,
serenityloghomes.com,51,,,
universalcoachinstitute.com,51,,,
highendbarbershop.com,51,,,
amandaweldon.com,51,,,
illinoishealthcareers.com,51,,,
brightfuturespsychiatry.com,51,,,
mommyempower.com,51,,,
loveshoppingandfashionblog.com,50,,,
biteswithblair.com,50,,,
lifesahmazing.com,50,,,
thechilddevelopment.com,50,,,
culverslandscape.com,50,,,
cleaningtipstoday.com,50,,,
morningcoffeeshopblog.com,50,,,
travelcroop.com,50,,,
essential-step.com,50,,,
idailyblog.com,50,,,
flavourandvitality.com,50,,,
landscaping.com.sg,50,,,
allsortsofsimple.com,50,,,
oregonworkforcepartnership.org,50,,,
gotwoodcarpentryinc.com,50,,,
abchomecare.com,50,,,
plainandsimplehome.com,50,,,
yashpalgroup.com,50,,,
stevethompsoncoaching.com,49,,,
gohomepoint.com,49,,,
foodbankonline.org,49,,,
kotaku.com.au,49,,,
tarkettsportsindoor.com,49,,,
brennanclean.com,49,,,
britishrecipesbook.co.uk,49,,,
well-polished.com,49,,,
honestlyadhd.com,49,,,
myparenting.org,49,,,
referredroofcleaning.com,49,,,
12taste.com,49,,,
learntogrowgardens.com,49,,,
kitchen.kidneyfund.org,49,,,
increaseyourspace.com,49,,,
collectorsabode.com,49,,,
thehomesteadguide.com,49,,,
themommylabs.com,48,,,
theartofmastery.com,48,,,
parsonshouseaustin.com,48,,,
jmenvironmental.net,48,,,
zestaceylontea.com,48,,,
healthyandhygiene.com,48,,,
lightingcraze.com,48,,,
sochgreen.com,48,,,
nshcoa.com,48,,,
ranchroofing.com,48,,,
offgridblog.com,48,,,
woodbenddental.com,48,,,
justincanvas.com,48,,,
kidscraftsbythreesisters.com,48,,,
cambridgeculinary.com,48,,,
ctrc.com,48,,,
qappsonline.com,48,,,
mindfulbnb.com,48,,,
smarteatslab.com,47,,,
acelaundry.com,47,,,
eastlandmovers.com,47,,,
gosunbolt.com,47,,,
findmoreindoors.com,47,,,
costimates.com,47,,,
airpurifyzone.com,47,,,
sunriseandgrind.com,47,,,
permaculture.org,47,,,
healthtriangle.org,47,,,
mobilehomefriend.com,47,,,
myvoda.com,47,,,
craftyhobbyideas.com,47,,,
mynsha.com,47,,,
marchbranding.com,47,,,
alfreyandpruittcounseling.com,47,,,
stackingcents.com,47,,,
villagiowoodfloors.com,46,,,
hagengrowth.com,46,,,
fixitsmartly.com,46,,,
modernfoodideas.com,46,,,
greenofficemovement.org,46,,,
kaiyahellard.com,46,,,
twinkleandtassles.com,46,,,
environmentblog.net,46,,,
thebrewingmind.com,45,,,
homecookingforkids.com,45,,,
codespaces.com,45,,,
1stopwash.com,45,,,
chear.ucsd.edu,45,,,
hiddengemguide.com,45,,,
waysidekitchens.com,45,,,
carencia.com,45,,,
emergencyfirstresponse.com,45,,,
dentaly.org,45,,,
ktjmalaysia.com,45,,,
wellkeptclutter.com,45,,,
applianceguru.com,45,,,
lanstepapls.com,45,,,
fbla.org,45,,,
rolleatusa.com,45,,,
e360hospitality.com,45,,,
plantiexcel.com,44,,,
learn.educify.org,44,,,
foodserviceindia.com,44,,,
mygoodsmith.com,44,,,
namimaine.org,44,,,
precisionscalesinc.com,44,,,
nexirova.com,44,,,
woodadvisor.net,44,,,
buildblueprint.com,44,,,
merzkecustomwoodworking.com,44,,,
sarahsfitfood.com,44,,,
it-maniacs.com,44,,,
hoaic.com,44,,,
somewheresierra.com,44,,,
eyesmata.com,44,,,
infectionpreventioncontrol.co.uk,44,,,
midtowndentalcare.org,43,,,
foodieegee.com,43,,,
ecoglowcleaning.com,43,,,
foodsensenow.com,43,,,
fitnessbomba.com,43,,,
refrigeratorguide.net,43,,,
breeandstephen.com,43,,,
aspenridgelandscaping.com,43,,,
canastarules.org,43,,,
emsnutfreeeats.com,43,,,
sleephealthnetwork.com,43,,,
workoutlunatic.com,43,,,
indiankhana.net,42,,,
responsiblebudget.org,42,,,
beaujedesigns.com,42,,,
fleurfoodie.com,42,,,
austinfurniturerepair.org,42,,,
hotelarbois.fr,42,,,
recipetogo.com,42,,,
drseeds.ca,42,,,
deliciouslyallergyfree.com,42,,,
ofdc-inc.com,41,,,
yogaworks.com,41,,,
theyashgoyal.com,41,,,
routine-ready.com,41,,,
atlfamilylawgroup.com,41,,,
gastrotourseoul.com,41,,,
guidetrend.com,41,,,
amarauche.com,41,,,
fashionstyle.guru,41,,,
creativehomecrafts.com,41,,,
artpluscraft.com,41,,,
gourmetcoreco.com,41,,,
touaregtrails.com,40,,,
carpetprocleaners.com,40,,,
odorcontrolnetwork.com,40,,,
visitkc.com,40,,,
drswetech.com,40,,,
cairncommunities.com,40,,,
aquatic.vetmed.ufl.edu,40,,,
freshenyournestcleaning.com,40,,,
iapcollege.com,40,,,
ultimate-cosmetics.com,40,,,
greaterbostonpm.com,39,,,
tgguide.com,39,,,
ourhomeonpurpose.com,39,,,
plantempoweredkitchen.com,39,,,
homesforheroes.com,39,,,
sustainablethrive.com,39,,,
hearthandhomepros.com,39,,,
momentass.com,39,,,
cookorablog.com,39,,,
oasismindandbody.com,39,,,
organizewithadhd.com,39,,,
mentalwellnesscenter.org,39,,,
tastykitchenpro.com,39,,,
yourdentistryguide.com,39,,,
newagainpatiofurniture.com,39,,,
simpleintentional.com,38,,,
soft-launch.com,38,,,
wilderpilates.com,38,,,
simplyhouseplants.com,38,,,
everspruceapp.com,38,,,
junglehugger.com,38,,,
joybauer.com,38,,,
blog.vocabvoyage.com,38,,,
housetohomediy.com,38,,,
fragrancegrove.com,38,,,
gardenluminoustales.com,38,,,
fitliciousmealprep.com,38,,,
cutthegrime.com,38,,,
rfsadermatology.com,37,,,
tradebe.com,37,,,
textmei.com,37,,,
sals.co.nz,37,,,
jrtinteriors.com,37,,,
ginareneedesigns.com,37,,,
thriveyard.com,37,,,
classicdrycleaner.com,37,,,
idealhome.com.pk,37,,,
homelifeboss.com,37,,,
thehealthclubs.com,37,,,
totalhumanhealth.com,36,,,
igdistribution.net,36,,,
parkcitiesathome.com,36,,,
accuratetechservices.com,36,,,
tricorehealth.com,36,,,
adamsacademy.com,36,,,
golifehealthy.com,36,,,
bluesign.com,36,,,
tastefullyminimalist.com,36,,,
realcajunrecipes.com,36,,,
ziphomerepair.com,36,,,
safekitchens.com,35,,,
palatable.app,35,,,
snyderpsychology.com,35,,,
kowme.com,35,,,
bond-ship.com,35,,,
servicealliancegroup.com,35,,,
thefoodtrust.org,35,,,
myalldry.com,35,,,
elotesisters.com,35,,,
alicatstudios.com,35,,,
doyleloghomeservices.com,35,,,
recipecard.io,35,,,
slowmotionmama.com,35,,,
simplehouseholdhacks.com,35,,,
winesofgreece.org,35,,,
orchardcottagedental.co.uk,35,,,
mylittleapartment.com,35,,,
guthealthfromscratch.com,35,,,
pinoycooks.com,35,,,
resiliencyclinic.com,35,,,
familythrivehub.com,35,,,
thestyledabode.com,35,,,
ultimatemealplans.com,34,,,
fromleaftotea.com,34,,,
dghandy.com,34,,,
cocoonhomeservices.com,34,,,
montessoripulse.com,34,,,
theblindfactoryohio.com,34,,,
30daychallengedude.com,34,,,
allsaintsresort.com,34,,,
infobooks.org,34,,,
talesrecipes.com,34,,,
adepco.com.sg,34,,,
pureairsupply.com,34,,,
usagardeningguide.com,34,,,
handymanhomesolution.com,34,,,
sewingcrafters.com,34,,,
getzhandyman.com,34,,,
delishbymich.com,34,,,
cleaningpanda.net,34,,,
filteredelements.com,33,,,
prostatecancernutrition.com,33,,,
blackspotguitars.com,33,,,
thereluctantfoodie.com,33,,,
detroit-appliance.com,33,,,
mydriversedge.com,33,,,
blessthismess.com.au,33,,,
sophiamavridi.com,33,,,
diycozyhome.com,33,,,
creativemealplanning.com,33,,,
ecocleaning-nyc.com,33,,,
healthyeatstoday.com,33,,,
simplehomelife.com.au,33,,,
swagcycle.net,33,,,
thesmartestsprout.com,33,,,
todays-dates.com,33,,,
lifepathscounseling.com,33,,,
bohuntfarnborough.com,33,,,
homeremedyexpert.com,33,,,
minimaliststylealley.com,33,,,
pethealthhospital.com,33,,,
idreamoffirstgrade.com,33,,,
waggingright.com,32,,,
guaranteedmoldprevention.com,32,,,
strategyguideshq.com,32,,,
courses4kids.com,32,,,
consciouslychicliving.com,32,,,
cafe-brew.com,32,,,
detailed.com,32,,,
theadultingguideline.com,32,,,
sustainablelifeideas.com,32,,,
greenmaids.com,32,,,
australianairsafaris.com.au,32,,,
utterlyallergic.com,32,,,
newtechrecycling.com,32,,,
pureandnaturalbody.com,32,,,
shelleywipper.com,32,,,
ahsgardening.org,31,,,
simplediyhomestead.com,31,,,
simplysustainablelifestyle.com,31,,,
idcfireandwater.com,31,,,
hemsltd.com,31,,,
robertsgaragedoors.com,31,,,
nextleveltint.com,31,,,
ifdh.org,31,,,
naturadip.com,31,,,
vjseomarketing.com,31,,,
inlovewithtea.com,31,,,
thecleaninggurus.co.uk,31,,,
discoverhappyhabits.com,31,,,
joeyhodesign.com,31,,,
loveatfirstfight.com,31,,,
serveitupsafe.com,31,,,
energydrinkratings.com,31,,,
airfryerbaking.com,31,,,
questinate.com,31,,,
dukesinitiative.com,31,,,
greenlivinginsider.com,31,,,
busybutcooking.com,31,,,
twobarrels.com,30,,,
armandlee.com,30,,,
skillmastertc.com,30,,,
ecostarters.com,30,,,
betterhouselife.com,30,,,
cdsoncall.com,30,,,
dauntlesscounseling.com,30,,,
cubep.com,30,,,
protegrityrestoration.com,30,,,
bothalone.com,30,,,
briandownard.com,30,,,
planandsimplify.com,30,,,
capturedbeautyphotos.com,30,,,
voguetidings.com,30,,,
hellominimalism.com,30,,,
kraycustomrefinish.com,30,,,
sewndesign.com.au,30,,,
time-management.org,30,,,
veganeatsmap.com,30,,,
lifewithkrich.com,30,,,
orangecleaning.com.au,30,,,
med.unc.edu,30,,,
southwestcleaners.co.uk,30,,,
foodandbeverageserviceknowledge.com,30,,,
japan-insider.com,30,,,
bestairfryer.net,30,,,
scentsandinspiration.com,30,,,
coryschneiderpsychotherapy.com,30,,,
instantpotme.com,29,,,
glutenfreecottage.com,29,,,
chameleonwoodcrafting.com,29,,,
hecomfortservices.com,29,,,
theartistoutpost.com,29,,,
maddair.com,29,,,
bluetowertech.com,29,,,
fairfitstudio.com,29,,,
mrswages.com,29,,,
purplemomblog.com,29,,,
hometipster.com,29,,,
veganfriendly.org.uk,29,,,
agrilifeextension.tamu.edu,29,,,
healoopedia.com,29,,,
myhomewizard.com,29,,,
viralhealthrecipes.com,29,,,
westhartfordcarpetcleaners.com,28,,,
blog.meaningme.com,28,,,
uniquelawn.com,28,,,
u.osu.edu,28,,,
blog.highviewpoint.com,28,,,
homekeep.com,28,,,
teachstone.com,28,,,
closetslasvegas.com,28,,,
garagehobbyist.com,28,,,
neurotree.io,28,,,
recyclingedu.org,28,,,
alignedmedicalgroup.com,27,,,
plant-basedpantry.com,27,,,
letsgogreen.com,27,,,
allclimate.net,27,,,
thhnw.org,27,,,
academiasquare.com,27,,,
lifenextlevel.com,27,,,
cayacare.com,27,,,
purpleimp.com,27,,,
sixsistersstuff.com,27,,,
mamaworksfromhome.com,27,,,
ontargetfloorcare.com,27,,,
thefrugalbite.com,27,,,
pathtopro.com,27,,,
completestoragesolutions.com.au,27,,,
bueskenart.com,27,,,
hackmylifenow.com,27,,,
wellhaven.com,26,,,
druidsgardenteacompany.com,26,,,
bcpaletteart.com,26,,,
efforthard.com,26,,,
ackermans.com,26,,,
ifallsjournal.com,26,,,
mabababycare.com,26,,,
moldfight.com,26,,,
yogapaper.com,26,,,
mongolianlanguage.mn,26,,,
homesteadingworld.com,26,,,
cahillscarpetcleaning.com,26,,,
banglacraft.org,26,,,
fivesenses.com,26,,,
counselinghope.com,26,,,
horizonlandscapeinc.com,26,,,
academicresourcecenter.harvard.edu,26,,,
midwestlifeshots.com,25,,,
theanimalcare.org,25,,,
inspiredbyneighbour.com,25,,,
infovra.com,25,,,
creativehomeimprovementllc.com,25,,,
cornmagazine.com,25,,,
odha.on.ca,25,,,
travelbeginning.com,25,,,
blog.amiyaa.com,25,,,
scottish-recipes.com,25,,,
creativenest.org,25,,,
yetirestoration.com,25,,,
minimalistproducts.com,24,,,
simplysimplecooking.net,24,,,
journalinghabit.com,24,,,
whats4eats.com,24,,,
homechisel.com,24,,,
nexrep.com,24,,,
naturalmadesimple.com,24,,,
dalesac.com,24,,,
mollyroseclothing.com,24,,,
raisingandrelating.com,24,,,
comehomewithbonniejean.com,24,,,
growownplants.com,24,,,
dottorfiocchi.com,24,,,
letsaddbeauty.com,23,,,
swcommercialcleaning.com,23,,,
parlourproject.com,23,,,
irenedumateachesart.com,23,,,
newagebeauty.com,23,,,
sncleaninginc.com,23,,,
chickenfestival.com,23,,,
cleanertoday.com,23,,,
expocenternorte.com.br,23,,,
sanfranciscomeditation.org,23,,,
maisacademy.com,23,,,
thesmoothieguy.com,23,,,
texasairrepair.com,23,,,
dolphinfamilytours.com,23,,,
escapewaste.com,23,,,
lafeber.com,23,,,
ahmfurniture.com,23,,,
europassitalian.com,23,,,
simplifyelegance.com,22,,,
thebalancedlife.com,22,,,
zenzify.com,22,,,
americanhomemsr.com,22,,,
multiplecleaning.com.au,22,,,
chicagoconcreteresurfacing.com,22,,,
hrsbham.com,22,,,
cleanfreakoc.com,22,,,
genderconfirmation.com,22,,,
midyna.com,22,,,
bornsuperhuman.com,22,,,
yourspacebylucie.com,22,,,
thesmileacademy.com,22,,,
lovepetrescue.org,22,,,
gardeningwithskip.com,22,,,
vitadigest.com,22,,,
starcrestcleaners.com,22,,,
kepstencleaningservices.com,22,,,
lifeonthegulfstream.com,22,,,
lapuentehome.org,22,,,
emeraldhillcollective.com,21,,,
adhdgoat.com,21,,,
annearundelfire.org,21,,,
baywise.org,21,,,
makeoverfurniture.com,21,,,
thinker.net.au,21,,,
dailylifetips.pro,21,,,
techtec.com.br,21,,,
dollartreecraft.org,21,,,
aelieve.com,21,,,
vmh.org,21,,,
bestlearningways.com,21,,,
teachsprout.com,21,,,
right-impact.com,21,,,
growmyybusiness.com,21,,,
nacatraining.org,21,,,
bizwarriors.com,21,,,
drhomefixer.com,20,,,
mhacf.org,20,,,
nuvkriti.com,20,,,
lostlife.blog,20,,,
scentedpromo.com,20,,,
tailorscouture.com,20,,,
ivi-air.com,20,,,
nyeditor.com,20,,,
vet-grade.com,20,,,
cuny.edu,20,,,
odor-pros.com,19,,,
phoenixim.com,19,,,
cda.org,19,,,
urbanmop.ca,19,,,
designingalifefantastic.com,19,,,
wanderlyworld.com,19,,,
easypapercrafts.com,19,,,
terrariumquest.com,19,,,
myzumbabody.com,19,,,
singingdogvanilla.com,19,,,
adcampbellhvac.com,19,,,
holisticwomenswellness.com,19,,,
clevelandwaterandfire.com,19,,,
hoffmannbros.com,19,,,
simplesustainablehome.com,19,,,
mycardiologist.com,18,,,
thediyandcrafts.com,18,,,
denverdecon.com,18,,,
elementalhealth.group,18,,,
holisticlifecorner.com,18,,,
usgbcnf.org,18,,,
guidetovegan.com,18,,,
teatips101.com,18,,,
thetastefulkitchen.com,18,,,
stuartslandscaping.com,18,,,
foolproofbaking.com,18,,,
teaoflifeapothecary.com,17,,,
frugallivings.com,17,,,
kazmagazine.com,17,,,
lehmanningredients.co.uk,17,,,
jryze.me,17,,,
topmoneytips.com,17,,,
routine.is,17,,,
serescodehumidifiers.com,17,,,
selfmanagementresource.com,17,,,
healthycheaprecipes.com,17,,,
greenandhealthyhomes.org,17,,,
gadgetreview.com,17,,,
downtoearthfertilizer.com,17,,,
mindfulnessworks.com,17,,,
junipercares.com,17,,,
wisewaystostudy.com,17,,,
millhollowworks.org,16,,,
ilovehouseplant.com,16,,,
closetmusthaves.com,16,,,
seymourlawnmaint.com,16,,,
globalradar360.com,16,,,
centumre.co.ke,16,,,
kulicksfrenchtoastrecipes.com,16,,,
immixtus.com,16,,,
diyhvac.org,16,,,
timbertime.uk,16,,,
en.waverine.marketing,16,,,
getinspiredeveryday.com,16,,,
procareclean.com,16,,,
cordouan-tech.com,16,,,
poppycross.co.uk,16,,,
cnc-uae.com,16,,,
zone7gardener.com,16,,,
uploadcommunication.com,15,,,
landcaregardencenter.com,15,,,
earthlust.com,15,,,
campuspress.yale.edu,15,,,
askwellhealth.com,15,,,
cleanstateofmind.com,15,,,
studyabroadassociation.com,15,,,
growthsummary.com,15,,,
terravitaidaho.com,15,,,
organizesimply.com,15,,,
smashingclean.com,15,,,
gpswaste.com,15,,,
siegeuniversity.com,15,,,
aiellolandscape.com,15,,,
hobbycondos.com,15,,,
craftbasics.net,15,,,
artofproductivity.com,15,,,
marthealthtips.com,15,,,
retrosusie.com,14,,,
odahcenter.com,14,,,
modernparentslife.com,14,,,
dadspotlight.com,14,,,
infinite-craft.net,14,,,
scvairsolutions.com,14,,,
standardpetcompany.com,14,,,
needitation.com,14,,,
serigreen.com,14,,,
wellwithtiff.com,14,,,
ecocompass.org,14,,,
belongingnetwork.com,14,,,
sarfatycomms.com,14,,,
thekiwivegan.com,14,,,
communitygardensofsantaclarita.org,14,,,
realfoodwholelife.com,14,,,
shinecarpetcleaning.ca,14,,,
justwood.it,14,,,
ezgogolfcartguide.com,14,,,
tasty-indonesian-food.com,13,,,
sydneyloveskitchen.com,13,,,
xyzcleaningservices.com,13,,,
expertprepper.co,13,,,
montclareschool.org,13,,,
inspectrum.com,13,,,
thekidsguide.com,13,,,
ryan0c9f7f8d7e3-wxcgu.wpcomstaging.com,13,,,
spcnonline.org,13,,,
virtuallanguagecenter.com,13,,,
prestoncrafts.com,13,,,
konnant.com,13,,,
holisticsandiego.com,13,,,
jellycatcollectordatabase.com,13,,,
milestonepa.org,13,,,
fabulusfashion.com,13,,,
ecomaids.com,13,,,
russellbranchdental.com,13,,,
marcumsnursery.com,13,,,
chaircare.com,13,,,
summitcleaningco.com,13,,,
slurpculinaryacademy.com,12,,,
sustaia.com,12,,,
wcsu.edu,12,,,
scissorsandspatulas.com,12,,,
maximaitalia.com,12,,,
spaldinghandyman.co.uk,12,,,
nursing.stkate.edu,12,,,
topcarelandscapes.com,12,,,
betweensessions.com,12,,,
exhaleathome.com,12,,,
compliancetrainingpartners.com,12,,,
sensityapp.com,12,,,
excel.shop,12,,,
thenashvillehandyman.com,12,,,
infographicsite.com,12,,,
beatthebudget.com,12,,,
bingnewsquiz.net,12,,,
trulyboho.com,12,,,
strangeideascomics.ca,12,,,
770coolair.com,12,,,
c-difficile-treatment.com,12,,,
gvslv.com,12,,,
tampanails.com,11,,,
mylingo101.com,11,,,
jacksonsewingacademy.com,11,,,
littlemultilingualminds.com,11,,,
sagecleaner.com,11,,,
henrystaiwankitchen.com,11,,,
theforgottenchef.com,11,,,
movewith.com,11,,,
alienfusiongenerator.com,11,,,
onelifejourneys.com,11,,,
heartmoorfarm.org,11,,,
sewnadaptive.com,11,,,
themouldmen.com,11,,,
ecogardeners.com,11,,,
thecraftofcopywriting.com,11,,,
canadianwoodworking.com,11,,,
vippetcare.com,11,,,
abrighterhome.co.uk,11,,,
mamainthetrenches.com,10,,,
feathersfins.com,10,,,
premierhce.com,10,,,
madisonearthcare.com,10,,,
tricksntravel.com,10,,,
peaklinehealth.com,10,,,
distribuidorafiscal.com,10,,,
techyshub.com,10,,,
furnituretouchupseattle.com,10,,,
bzak.com,10,,,
drkaursdentalranchi.com,10,,,
getsustainablyorganized.com,10,,,
mymoneynotes.com,10,,,
squaredawaylife.com,10,,,
verywelhome.com,10,,,
destinationinsider.net,10,,,
cookwithmichelle.com,10,,,
luxuryindiatours.com,10,,,
livingwell.org.au,10,,,
elitedetailedcleaning.com,10,,,
eu-startups.com,10,,,
skillsinthekitchen.com,10,,,
greatbarrierreef.org,10,,,
bustmold.com,10,,,
daretogrowrich.com,10,,,
renodry.us,9,,,
eddielewis.com,9,,,
haysfoodbank.org,9,,,
distinctivedesignstoragesolutions.com,9,,,
rukycooks.com,9,,,
tri-countyfurniture.com,9,,,
ccf.ny.gov,9,,,
adamrosner.com,9,,,
goinggreenrecycle.com,9,,,
freefromfavourites.com,9,,,
iisdt.in,9,,,
pinksha.com,9,,,
kidswithfoodallergies.org,9,,,
1stoplaundry.com,9,,,
miraclemaidpersonnel.com,9,,,
thekickboxing.com,9,,,
associatedequip.com,9,,,
repurposeproject.org,9,,,
foodsafetyworks.com,9,,,
janinegilarde.com,8,,,
soilscents.com,8,,,
fortworthhomerepair.com,8,,,
gobigoji.com,8,,,
roscoeleather.com,8,,,
awennatural.com,8,,,
bakingsmart.com,8,,,
happyearthcleaning.com,8,,,
thenestingchronicles.org,8,,,
premeditatedleftovers.com,8,,,
halhigdon.com,8,,,
coastal-dermatology.com,8,,,
oufcu.com,8,,,
tastyislandhawaii.com,8,,,
smartgardenhome.com,8,,,
writing.wisc.edu,8,,,
coach4healthyliving.com,8,,,
recreatedhomes.com,8,,,
kitchenshortcuts.net,8,,,
housecomforttips.com,8,,,
entunebh.com,8,,,
aislingkellynutrition.ie,8,,,
magtekmechanical.com,8,,,
parenting-ed.org,8,,,
gardencarelandscaping.com,8,,,
advance-recycling.com,8,,,
thewellnesssociety.org,7,,,
gomillionfurniture.com,7,,,
tra.extension.colostate.edu,7,,,
rosettamentalhealth.com,7,,,
skillsuccess.com,7,,,
blog.stashcook.com,7,,,
foodanddrinktechnology.com,7,,,
cleanlivingblog.com,7,,,
megfitt.com,7,,,
alovelylark.com,7,,,
prc-pa.net,7,,,
ajgwillfixit.com,7,,,
cthc.ucsf.edu,7,,,
jimmygsautomotive.com,7,,,
scaleits.com,7,,,
dynamicmomsimplified.com,7,,,
mindrecoverynet.org.uk,7,,,
sincebread.com,7,,,
livingminimalism.com,7,,,
katyperry.com,7,,,
drpitcairn.com,7,,,
hhhcenter.com,7,,,
jasauerco.com,6,,,
eldridgeusa.com,6,,,
carpenters30.org,6,,,
filtersales.com,6,,,
svthw.org,6,,,
phyts-usa.com,6,,,
chapvio.com,6,,,
letsmaketogether.com,6,,,
foodsafety.org,6,,,
kiddsservices.com,6,,,
guide.resumegemini.com,6,,,
thewerkscleaning.com,6,,,
the-daily-vibe.com,6,,,
doityourselfbyryan.com,6,,,
integrativehealthpractices.org,6,,,
7brewnutrition.store,6,,,
artventureoc.com,6,,,
careerhelp.resumegemini.com,6,,,
seafoodhealthfacts.org,6,,,
mikefurniturerestoration.com,6,,,
botswana-experience.com,6,,,
rakomariheshel.com,6,,,
bottledandjarred.com,6,,,
vindusfans.com,6,,,
styleconfidenceclub.com,6,,,
sweetlyclean.com,6,,,
essentialrepairs.com,6,,,
skillindiahub.com,6,,,
econewera.com,6,,,
andrewsrefinishing.com,6,,,
hardwaretree.com,6,,,
borderparkkitchen.com.au,6,,,
willproconstructionok.com,6,,,
idrycolumbus.com,6,,,
truecleanohio.com,6,,,
pettech.net,5,,,
kortschakcenter.usc.edu,5,,,
ecofriendlyguy.com,5,,,
haccp.com,5,,,
stitchnsew.com,5,,,
nytstrands.com,5,,,
markusfeldrestoration.com,5,,,
loveline.com,5,,,
storylinebooks.com,5,,,
pca-int.com,5,,,
healthylife.com,5,,,
diabetesselfmanagement.com,5,,,
penandinktechniques.com,5,,,
thegoodsidaho.com,5,,,
emetaction.org,5,,,
efficientherapist.com,5,,,
deepseek-ii.ru,5,,,
dottordentista.com,5,,,
awtc.aidt.edu,5,,,
artizendestudio.com,5,,,
kernowcoastcarpentry.com,5,,,
thewoodwhisperer.com,5,,,
handcraftsworld.com,5,,,
angelwoodrefinishing.com,4,,,
blogs.dickinson.edu,4,,,
speechtherapy.com,4,,,
healthyhousingsolutions.com,4,,,
philippinestravelguides.com,4,,,
fitfoodfresh.com,4,,,
txmg.org,4,,,
pesdc.org.pk,4,,,
thefurniturerepaircenter.com,4,,,
foodmasta.com,4,,,
wildwoodsmallenginerepair.com,4,,,
thepiddlerlife.com,4,,,
shansmart.store,4,,,
raphaelsantiques.com,4,,,
theherbalhub.com,4,,,
therecoveryvillage.com,4,,,
bodymaintenancefitness247.com,4,,,
chicanhelp.com,4,,,
biosolutionstn.com,4,,,
kidsfirstfund.org,4,,,
toddtechservices.com,4,,,
forums.intercede.com,4,,,
thekliners.kitchen,4,,,
traveldonesimple.com,4,,,
greencleanhub.com,4,,,
alenusa.com,4,,,
morganhandyman.com,4,,,
makeitright.ca,4,,,
therenaissanceshop.com,4,,,
moneypatrol.com,3,,,
texaspregnancy.org,3,,,
elixirhomecare.com,3,,,
amatofurniture.com,3,,,
tfninternational.com,3,,,
harvard.edu,3,,,
portraits-made-easy.com,3,,,
schmalzlandscaping.com,3,,,
trendingnowonbing.com,3,,,
lifeflight.org,3,,,
repairmyfurniture.com,3,,,
dekalbanimalservices.com,3,,,
kidswayclinic.com,3,,,
mhmyouth.org,3,,,
learningservices.gmu.edu,3,,,
yogasprites.com,3,,,
cookiescupcakesandcardio.com,3,,,
studyweg.com,3,,,
developingchild.harvard.edu,3,,,
cutestickers.world,3,,,
sobereastbourne.co.uk,3,,,
planetpilgrim.com,3,,,
mercadodasfloresp.com.br,3,,,
calanimalrehab.com,2,,,
carsonheatingairconditioning.com,2,,,
methodproducts.co.uk,2,,,
desertgardenguide.com,2,,,
eastsideidealhealth.com,2,,,
buildingbiologyinstitute.org,2,,,
adoption.com,2,,,
tedswoodworkingsplans.com,2,,,
boydwellness.com,2,,,
wearekashvi.com,2,,,
foodsafetyplatform.eu,2,,,
northwestacehardware.com,2,,,
sustainableecolife.com,2,,,
uark.pressbooks.pub,2,,,
teamjp.net,2,,,
beadworkersguild.com,2,,,
ww2.georgiasouthern.edu,2,,,
ingreland.com,2,,,
apexschool.com,2,,,
maxcomfortdiy.com,2,,,
creativehomeimprovements.org,2,,,
practicalpropertyimprovements.com,2,,,
gardening.cals.cornell.edu,1,,,
holisticreflexbalance.com,1,,,
onlineteachinghub.education.purdue.edu,1,,,
mentalhealthamerica.net,1,,,
alshotchicken.com,1,,,
personifyhealth.com,1,,,
gedminasfurniture.com,1,,,
gardensavvy.com,1,,,
robertshomerepairs.com,1,,,
manmadediy.com,1,,,
asl-resources.com,1,,,
themaintenanceexpertshuntsville.com,1,,,
windowsreport.com,1,,,
westernliving.ca,1,,,
furniturerestorations.us,1,,,
fnec.cornell.edu,1,,,
ndcpd.org,1,,,
floridafurnitureservices.com,1,,,
liztex.com,1,,,
westislandnursery.com,1,,,
ketofocus.com,1,,,
goldenplains.extension.colostate.edu,1,,,
horizonhouseworks.com,1,,,
glutenfreeda.com,1,,,
themaintenanceexpertslasvegas.com,1,,,
hondahandyman.com,1,,,
svach.lbl.gov,1,,,
monteverdechicago.com,1,,,
skillsetsonline.com,1,,,
whitelily.com,1,,,
gplandscapingandgarden.com,1,,,
benrose.org,1,,,
welcomecorps.org,1,,,
tonys-landscaping.com,1,,,
olympicclosets.com,1,,,
lahtaclinic.ru,1,,,
cmmonline.com,1,,,
creativehomerenovations.com,1,,,
plus39.com.au,1,,,
homesimprovement.com,1,,,
mikeshomerepairs.com,1,,,
plantdaddydallas.com,1,,,
healthymauichef.com,1,,,
homebridgenc.com,1,,,
mtbakerlodging.com,1,,,
themaintenanceexpertsvirginiabeach.com,1,,,
steamsolo.com,1,,,
themaintenanceexpertsmilwaukee.com,1,,,
doanrestorationoh.com,1,,,
globallearningcorner.com,1,,,
getemi.pk,1,,,
britishhomestyle.com,1,,,
wnytotalbodywellness.com,1,,,
startupadviceguy.com,1,,,
jandjscaping.com,1,,,
ijerjournal.com,1,,,
courses.lumenlearning.com,1,,,
themaintenanceexpertschicago.com,1,,,
maalibaba.pk,1,,,
themaintenanceexpertslosangeles.com,1,,,
loveisrespect.org,1,,,
englishgardencare.com,1,,,
debugspark.com,1,,,
teea.tamu.edu,1,,,
greenlivingtoolkit.org,1,,,
organigarden.ca,1,,,
gocleanco.com,1,,,
declutterstore.com,1,,,
pattersonvetacademy.com,1,,,
creativehomeimprove.com,1,,,
moneyandyouth.com,1,,,
mealplans.dontwastethecrumbs.com,1,,,
skellyskills.com,1,,,
storagesolutionsplus.com,1,,,
juicestoplincoln.com,1,,,
decoriety.com,1,,,
beersmith.com,1,,,
allfaithsfoodbank.org,1,,,
magicsew.co.uk,1,,,
silk.com,1,,,
restorationstationok.com,1,,,
homesteadinghandbooks.com,1,,,
sparshhospital.com,1,,,
thesimpledollar.com,1,,,
mhanational.org,1,,,
harchecleaningservice.co.uk,1,,,
creativehomeimprovementsllc.com,1,,,
marymoorfurniture.com,1,,,
thepoortraveler.net,0,,,
baltimore.org,0,,,
aarp.org,0,,,
earthtrekkers.com,0,,,
emmasdiary.co.uk,0,,,
andersonmagazine.com,0,,,
mangolanguages.com,0,,,
sleepiq.sleepnumber.com,0,,,
quora.com,0,,,
wea.org.uk,0,,,
gardeningmentor.com,0,,,
grovecityheatingandcooling.com,0,,,
dbsalliance.org,0,,,
greenlifelandscaping.ca,0,,,
osha.gov,0,,,
sabreheating.com,0,,,
cb2.com,0,,,
foyr.com,0,,,
furniturerestorationnj.com,0,,,
holisticcouncil.org,0,,,
mocktail.net,0,,,
revzilla.com,0,,,
realhomes.com,0,,,
theworkoutmama.com,0,,,
msf.org,0,,,
backyardhomesteadhq.com,0,,,
healthyhomeaquarium.com,0,,,
nchpad.org,0,,,
taste.com.au,0,,,
gartner.com,0,,,
es.gizmodo.com,0,,,
aaptiv.com,0,,,
petemergencyacademy.com,0,,,
palmerpletsch.com,0,,,
jonathanbailor.com,0,,,
enn.com,0,,,
chascrazycreations.com,0,,,
empoweringparents.com,0,,,
burpee.com,0,,,
planetfitness.com,0,,,
housekeepingchannel.com,0,,,
idealhome.co.uk,0,,,
cookfamilyfuneralhome.com,0,,,
neverendingfootsteps.com,0,,,
productivity.ac.uk,0,,,
poison.org,0,,,
camperoutdoor.com,0,,,
10web.io,0,,,
better-sleep-better-life.com,0,,,
bucketlistly.blog,0,,,
scitechdaily.com,0,,,
addicted2diy.com,0,,,
bu.edu,0,,,
shilpaahuja.com,0,,,
agreatertown.com,0,,,
theresidentially.com,0,,,
practicalmotorhome.com,0,,,
blogs.cdc.gov,0,,,
discover.hubpages.com,0,,,
efficiencypr.com,0,,,
pronaturalwellness.com,0,,,
canadianliving.com,0,,,
musclewiki.com,0,,,
dannysdelight.com,0,,,
heateradvisor.com,0,,,
en-tango.com,0,,,
psinergyhealth.com,0,,,
hgtv.com,0,,,
drgundry.com,0,,,
thegamersguides.com,0,,,
potterybarn.com,0,,,
thehealthyhomechef.com,0,,,
allnaturalideas.com,0,,,
medpagetoday.com,0,,,
learn4good.com,0,,,
formnutrition.com,0,,,
homeandtexture.com,0,,,
simplyclean.home.blog,0,,,
simplytaralynn.com,0,,,
sitbacklounge.com,0,,,
topwithcinnamon.com,0,,,
carnegielibrary.org,0,,,
renovationtherapy.com,0,,,
myfussyeater.com,0,,,
apinchofadventure.com,0,,,
indianexpress.com,0,,,
ascfg.org,0,,,
maangchi.com,0,,,
thesurvivaljournal.com,0,,,
craftychica.com,0,,,
thissillygirlskitchen.com,0,,,
academytraining.co.za,0,,,
palm.southbeachdiet.com,0,,,
homecleaningguide.com,0,,,
drworkout.fitness,0,,,
streeteasy.com,0,,,
healthinformatics.uic.edu,0,,,
lovetoknow.com,0,,,
uberartisan.com,0,,,
naturallyforpets.com,0,,,
creditkarma.com,0,,,
narcolepsynetwork.org,0,,,
veahero.com,0,,,
sustainablejungle.com,0,,,
mavenart.com,0,,,
homeopathycenter.org,0,,,
farmersgirlkitchen.co.uk,0,,,
mollymaid.com,0,,,
mrhandyman.com,0,,,
life-skills.middletownautism.com,0,,,
isarch.org,0,,,
maids.com,0,,,
hostadvice.com,0,,,
yourstory.com,0,,,
zocdoc.com,0,,,
nadiashealthykitchen.com,0,,,
thegardenstyle.com,0,,,
thehandmadehome.net,0,,,
teenlife.com,0,,,
mindfulnessteacher.com,0,,,
izzycooking.com,0,,,
madeday.com,0,,,
anxietycoach.mayoclinic.org,0,,,
learn.kregtool.com,0,,,
primermagazine.com,0,,,
protocoolac.com,0,,,
safehome.org,0,,,
cottagehillmagazine.com,0,,,
frommers.com,0,,,
bbcgoodfoodme.com,0,,,
onlinefirstaid.com,0,,,
rome2rio.com,0,,,
goodhealthrecipes.com,0,,,
onbetterliving.com,0,,,
gabriellearruda.com,0,,,
repurposerising.org,0,,,
fixitclub.com,0,,,
eatyourbooks.com,0,,,
artpainters.net,0,,,
georgia.kaiserpermanente.org,0,,,
theglowmemo.com,0,,,
evergreencareservice.com,0,,,
theloopywhisk.com,0,,,
restless.co.uk,0,,,
shiplapandshells.com,0,,,
naturalremedyideas.com,0,,,
restoredecorandmore.com,0,,,
healthcanal.net,0,,,
pelleshvac.com,0,,,
houseabsolutes.com,0,,,
new.organicfungusnuker.com,0,,,
phoenixnap.com,0,,,
enviromom.com,0,,,
commonwealthfund.org,0,,,
simplifyllc.com,0,,,
calm.com,0,,,
huemor.rocks,0,,,
lionden.com,0,,,
bennetts.co.uk,0,,,
qcmakeupacademy.com,0,,,
organizersincanada.com,0,,,
skinandhairmanufacturinghub.com,0,,,
jamanetwork.com,0,,,
toriavey.com,0,,,
drugs.com,0,,,
modularhomeblog.com,0,,,
trendhunter.com,0,,,
budgetyourtrip.com,0,,,
theeverymom.com,0,,,
scotsman.com,0,,,
ideas.hallmark.com,0,,,
healthday.com,0,,,
designrush.com,0,,,
vintagemakeupguide.com,0,,,
spectacularnwt.com,0,,,
hopkinsmedicine.org,0,,,
wanderlog.com,0,,,
warnerroofinginc.com,0,,,
prohousekeepers.com,0,,,
pocketfriendlyrecipes.com,0,,,
foodgawker.com,0,,,
restless-legs.org,0,,,
stateofwatourism.com,0,,,
candacelately.com,0,,,
diytrainingcenter.com,0,,,
gousto.co.uk,0,,,
empirehomes.com,0,,,
stepstone.de,0,,,
styleblueprint.com,0,,,
westelm.com,0,,,
eatordrink.net,0,,,
mutualmortgage.com,0,,,
choc.org,0,,,
grownative.org,0,,,
dengarden.com,0,,,
ezcomputersolutions.com,0,,,
lastingnames.com,0,,,
hungryfoodlove.com,0,,,
cupcakesandcashmere.com,0,,,
pcmag.com,0,,,
fetchfind.com,0,,,
experiencelife.lifetime.life,0,,,
graziamagazine.com,0,,,
myfinancialprograms.com,0,,,
screening.mhanational.org,0,,,
energydrinkhub.com,0,,,
oldhouseweb.com,0,,,
theblendergirl.com,0,,,
nhsinform.scot,0,,,
improvenet.com,0,,,
insighttimer.com,0,,,
bissell.com,0,,,
chatelaine.com,0,,,
grimesinteriors.com,0,,,
thedigitalprojectmanager.com,0,,,
finedininglovers.com,0,,,
bestphysicaltherapy.com,0,,,
authenticfoodquest.com,0,,,
pinchofnom.com,0,,,
mamavation.com,0,,,
thereadingresidence.com,0,,,
gardeninginside.com,0,,,
hygieneforhealth.org.au,0,,,
speedyfurniturerepair.com,0,,,
sleepfoundation.org,0,,,
happyhappyvegan.com,0,,,
startupsavant.com,0,,,
hownu.com,0,,,
sobha.com,0,,,
stress.org,0,,,
nutritiontwins.com,0,,,
marieclaire.com,0,,,
lifehack.org,0,,,
improving-your-english.com,0,,,
mowtivatedlandscaping.com,0,,,
pronatalfitness.com,0,,,
madeformakers.com,0,,,
recipecommunity.com.au,0,,,
thie-online.eu,0,,,
thriftdecor.com,0,,,
tipjunkie.com,0,,,
todyapp.com,0,,,
apnews.com,0,,,
education.asianart.org,0,,,
homebuilding.co.uk,0,,,
guide.thecooldown.com,0,,,
healinghouse.com,0,,,
hikingguy.com,0,,,
buymyhouse.app,0,,,
proscapeslawnandtreecare.com,0,,,
acleanbee.com,0,,,
mrfixmaster.com,0,,,
earlysteps.pediatrics.med.ufl.edu,0,,,
catster.com,0,,,
michaels.com,0,,,
countrylife.co.uk,0,,,
ecornell.cornell.edu,0,,,
laboratorytesting.com,0,,,
nourishandnestle.com,0,,,
simplespaces.net,0,,,
personaltrainerauthority.com,0,,,
himss.org,0,,,
minnesotamonthly.com,0,,,
saporie.com,0,,,
learningcenter.unc.edu,0,,,
gamblingsite.com,0,,,
fitbit.com,0,,,
smartcentsforlife.com,0,,,
plantpursuits.com,0,,,
paysagisterobertcaucci.com,0,,,
thereadingnook.com.au,0,,,
buddhistdoor.net,0,,,
valrc.org,0,,,
goatjournal.iamcountryside.com,0,,,
pokecardhq.com,0,,,
luxurylaunches.com,0,,,
mercola.com,0,,,
mindandlife.org,0,,,
lowes.com,0,,,
entnet.org,0,,,
elpaso.extension.colostate.edu,0,,,
intrepidtravel.com,0,,,
recipe4peace.com,0,,,
cleanipedia.com,0,,,
procarmanuals.com,0,,,
fitsmallbusiness.com,0,,,
homesandgardens.com,0,,,
makeyourbabylaugh.com,0,,,
frenchstyle.co,0,,,
valuepenguin.com,0,,,
restorationmasterfinder.com,0,,,
mind.org.uk,0,,,
ecosguide.com,0,,,
aereco.com,0,,,
gamespot.com,0,,,
evercare.org,0,,,
moderngentlemanmagazine.com,0,,,
recipes-for-life.com,0,,,
motonest.com,0,,,
paulfood.com,0,,,
learntable.org,0,,,
wehavekids.com,0,,,
laylita.com,0,,,
doodlersanonymous.com,0,,,
wasteremovalusa.com,0,,,
homedepot.com,0,,,
louis.pressbooks.pub,0,,,
rasnetwork.org,0,,,
bootstrap-cheatsheet.themeselection.com,0,,,
dallasarboretum.org,0,,,
aces.edu,0,,,
extension.wsu.edu,0,,,
secondtimearoundrefinishing.com,0,,,
rwjf.org,0,,,
sullyrestoration.com,0,,,
computercity.com,0,,,
birdwatch.com,0,,,
cookinghub.com,0,,,
furniturerepairandrestoration.com,0,,,
blogs.extension.iastate.edu,0,,,
recipesmadeeasy.co.uk,0,,,
drweil.com,0,,,
morebusiness.com,0,,,
bmwrepairguide.com,0,,,
eatsamazing.co.uk,0,,,
livewellsouthwest.co.uk,0,,,
charismanor.com,0,,,
ces.ncsu.edu,0,,,
startearly.org,0,,,
training.com.au,0,,,
tipnut.com,0,,,
belfor.com,0,,,
creativehomeimprovements.com.au,0,,,
goop.com,0,,,
shabbycreekcottage.com,0,,,
housework.com,0,,,
housekoala.com,0,,,
business.org,0,,,
sofi.com,0,,,
khanacademy.org,0,,,
fashionacy.com,0,,,
greenlifezen.com,0,,,
rchfh.org,0,,,
archeworks.org,0,,,
healthywealthyskinny.com,0,,,
minimalisthome.ca,0,,,
b2bmarketinginfo.com,0,,,
healthymummy.com,0,,,
maunikagowardhan.co.uk,0,,,
outsidemagazine.com,0,,,
tinyidahomes.com,0,,,
harvardonline.harvard.edu,0,,,
childcarecenter.us,0,,,
nflrc.org,0,,,
101cookbooks.com,0,,,
akc.org,0,,,
15worksheets.com,0,,,
frozenpennies.com,0,,,
asl.mit.edu,0,,,
salepepe.it,0,,,
newfoodmagazine.com,0,,,
gardeningknowhow.com,0,,,
thegrio.com,0,,,
crisis-support.org,0,,,
thehealthy.com,0,,,
pcaga.gsu.edu,0,,,
australiandoglover.com,0,,,
expertbeacon.com,0,,,
thelifeology.com,0,,,
rehab.com,0,,,
azlawns.com,0,,,
samhsa.gov,0,,,
millerfamilyhomes.com,0,,,
nypost.com,0,,,
sleepapnea.org,0,,,
retailshout.com,0,,,
healthyusa.us,0,,,
relate.org.uk,0,,,
adventurousmiriam.com,0,,,
kisses-for-breakfast.com,0,,,
aiu.edu,0,,,
epiccarry.com,0,,,
plannedparenthood.org,0,,,
pmc.ncbi.nlm.nih.gov,0,,,
recyclenewmexico.com,0,,,
craftwarehouse.com,0,,,
poweryogacanada.com,0,,,
busytoddler.com,0,,,
specialdiet.healthyfood.com,0,,,
precisionnutrition.com,0,,,
nutrition.org,0,,,
pickhvac.com,0,,,
stylerave.com,0,,,
successconsciousness.com,0,,,
compareinternet.com,0,,,
petemergencyeducation.com,0,,,
mentalhealth.com,0,,,
supernanny.co.uk,0,,,
mcpress.mayoclinic.org,0,,,
ai4beginners.com,0,,,
findingtheuniverse.com,0,,,
njfamily.com,0,,,
tripwire.com,0,,,
twinsmommy.com,0,,,
oprah.com,0,,,
freshome.com,0,,,
ufixit.com,0,,,
chron.com,0,,,
chipandjoannagaines.com,0,,,
uptodate.com,0,,,
talk2gether.nhs.uk,0,,,
chrisbailey.com,0,,,
vegkit.com,0,,,
vestinda.com,0,,,
techradar.com,0,,,
visitidaho.org,0,,,
royal.uk,0,,,
welikesewing.com,0,,,
recycleaway.com,0,,,
mindfulnessforliving.org,0,,,
wodwell.com,0,,,
lovelyindeed.com,0,,,
omnivatelehealth.com,0,,,
a2gardenguides.com,0,,,
minecraft.menu,0,,,
clutterbug.me,0,,,
myreliablerecipes.com,0,,,
siouxnationpetclinic.com,0,,,
familyeducation.com,0,,,
thehomesteady.com,0,,,
thehappinessindex.com,0,,,
simplycookingrecipes.com,0,,,
lluh.org,0,,,
localfloorcleaner.com,0,,,
cerebral.com,0,,,
frugalmap.com,0,,,
beachbody.com,0,,,
kitchencabinetkings.com,0,,,
calculatorshub.net,0,,,
scrapbook.com,0,,,
healthyfoodtribe.com,0,,,
vogue.com.au,0,,,
nilmeierhomerepair.com,0,,,
nutritionsource.hsph.harvard.edu,0,,,
askmen.com,0,,,
watch.magnolia.com,0,,,
mysteamcarpetsf.com,0,,,
andacademy.com,0,,,
monrovia.com,0,,,
gardenia.net,0,,,
duro-last.com,0,,,
thegastronomicbong.com,0,,,
atlantic.net,0,,,
thehappyhomebody.com,0,,,
whythisplace.com,0,,,
diymegastore.co.uk,0,,,
thehealthyfoodie.com,0,,,
theherbalacademy.com,0,,,
mrfood.com,0,,,
imagine5.com,0,,,
darebee.com,0,,,
americanmigrainefoundation.org,0,,,
cookwithfaiza.net,0,,,
goodto.com,0,,,
bigthink.com,0,,,
marchingnorth.com,0,,,
leaf.nutrisystem.com,0,,,
projectwhim.com,0,,,
foodbabe.com,0,,,
health.extension.wisc.edu,0,,,
stevepavlina.com,0,,,
lisasstampstudio.com,0,,,
airtasker.com,0,,,
farmprogress.com,0,,,
blog.poweredtemplate.com,0,,,
teachingexpertise.com,0,,,
mahjonggeek.com,0,,,
saarith.com,0,,,
faceyogamonna.com,0,,,
mentalhealthishealth.us,0,,,
healthengagement.kaiserpermanente.org,0,,,
allergicliving.com,0,,,
sagealphagal.com,0,,,
artscapegardens.com,0,,,
selectkitchendesign.com,0,,,
homepinballrepair.com,0,,,
pinchofdelicious.com,0,,,
happysimpleliving.com,0,,,
prathaminstitute.org,0,,,
livingetc.com,0,,,
domesticandgeneral.com,0,,,
getrichslowly.org,0,,,
mommyish.com,0,,,
greencarelandscapeservices.com,0,,,
essentialguru.org,0,,,
thelancet.com,0,,,
mysurvivalalliance.net,0,,,
foodcookingrecipe.com,0,,,
vogue.sg,0,,,
nycbirthandbaby.com,0,,,
charlesduhigg.com,0,,,
araven.com,0,,,
sleepassociation.org,0,,,
readingduck.com,0,,,
apetogentleman.com,0,,,
bhgwalmartoffer.com,0,,,
thisoldhouse.com,0,,,
thriftdiving.com,0,,,
smartgaragesolutions.com,0,,,
smartmoneyhabits.com,0,,,
expedia.com,0,,,
chrislovesjulia.com,0,,,
feastmagazine.com,0,,,
insightss.co,0,,,
osrsguide.com,0,,,
dinnerthendessert.com,0,,,
ukrainiancourse.com,0,,,
recipes.fandom.com,0,,,
metropediatrics.com,0,,,
stanleysteemer.com,0,,,
outback-tours.com,0,,,
midcitiespsychiatry.com,0,,,
easyhomemeals.com,0,,,
australia.com,0,,,
cubesmart.com,0,,,
decoist.com,0,,,
stylevanity.com,0,,,
wellness.carleton.ca,0,,,
parentingscience.com,0,,,
doxy.me,0,,,
kitchen.sayidaty.net,0,,,
alphagalinformation.org,0,,,
boostyourplay.com,0,,,
petboardingcertification.com,0,,,
therarewelshbit.com,0,,,
meilleurtest.fr,0,,,
frenchskincare.com,0,,,
yummly.com,0,,,
thebackyardbaron.com,0,,,
nt.org.uk,0,,,
britishmuseum.org,0,,,
almanac.com,0,,,
homefoodi.com,0,,,
myfermentedfoods.com,0,,,
hansons-running.com,0,,,
watercrestseniorliving.com,0,,,
arstechnica.com,0,,,
houseofhipsters.com,0,,,
farmhouseliving.com,0,,,
visitbrisbane.com.au,0,,,
outsourceaccelerator.com,0,,,
drrobart.com,0,,,
gardellagardening.com,0,,,
vegrecipesofindia.com,0,,,
openoregon.pressbooks.pub,0,,,
drizzlelemons.com,0,,,
expertinsights.com,0,,,
bengreenfieldlife.com,0,,,
study.com,0,,,
watchwired.com,0,,,
lifeat.io,0,,,
cyclingweekly.com,0,,,
foodnetwork.com,0,,,
ucook.com,0,,,
suggefy.com,0,,,
furniturecareoftexas.com,0,,,
cookingforengineers.com,0,,,
simplysimplestamping.com,0,,,
aircomfortheatingandair.com,0,,,
thehonoursystem.com,0,,,
skincareox.com,0,,,
doctorondemand.com,0,,,
pizzazzerie.com,0,,,
rhodeislandredfoodtours.com,0,,,
cookingwithdog.com,0,,,
thepennyhoarder.com,0,,,
psu.pb.unizin.org,0,,,
kirklees-talkingtherapies.nhs.uk,0,,,
bobsrepair.com,0,,,
justlovecooking.com,0,,,
berkeleyparentsnetwork.org,0,,,
lionsroar.com,0,,,
paradehomeandgarden.com,0,,,
craftbuds.com,0,,,
kyotodailytours.com,0,,,
floridanutritioned.org,0,,,
bostonholistichealth.com,0,,,
staysafe.org,0,,,
pixelcrayons.com,0,,,
diydeeds.com,0,,,
apps.nhslothian.scot,0,,,
fullymediterranean.com,0,,,
hrcacademy.com,0,,,
blogfulloftraveltales.com,0,,,
ecofriendlyhabits.com,0,,,
extension.umn.edu,0,,,
amishoakintexas.com,0,,,
summer.harvard.edu,0,,,
cybermagazine.com,0,,,
rainbowkids.com,0,,,
mergemedicalcenter.com,0,,,
editorialist.com,0,,,
extraspace.com,0,,,
hvactactician.com,0,,,
syndicode.com,0,,,
tailor-academy.com,0,,,
menards.com,0,,,
blog.trekaroo.com,0,,,
fivefortheroad.com,0,,,
rd.com,0,,,
shetlandnature.net,0,,,
mycvcreator.com,0,,,
grit.com,0,,,
ccl.org,0,,,
blog.catbandit.com,0,,,
crddesignbuild.com,0,,,
discoverchicopee.com,0,,,
telegraph.co.uk,0,,,
visitmelbourne.com,0,,,
apexcleanair.com,0,,,
greenlivinganswers.com,0,,,
theoldhouse.com,0,,,
stroke.org,0,,,
northumberlandparkmedicalgroup.nhs.uk,0,,,
fluentarabic.net,0,,,
motherearthnews.com,0,,,
garagejournal.com,0,,,
maxhealthliving.org,0,,,
petsradar.com,0,,,
cookingperfected.com,0,,,
campbells.com,0,,,
tiphero.com,0,,,
bwprentals.com,0,,,
copymethat.com,0,,,
bookingsforyou.com,0,,,
bbrfoundation.org,0,,,
coursejoiner.com,0,,,
authenticfeet.com,0,,,
onlineartlessons.com,0,,,
mdlive.com,0,,,
snugscent.co.uk,0,,,
ellipsismarketing.net,0,,,
hugedomains.com,0,,,
smarthomeliving.com,0,,,
govfacts.org,0,,,
sleepio.com,0,,,
diybikerepair.com,0,,,
luxesource.com,0,,,
mindbodyonline.com,0,,,
practicalperfectionut.com,0,,,
deepseekcom.ru,0,,,
ductheroes.com,0,,,
videoculinary.com,0,,,
retrorenovation.com,0,,,
refold.la,0,,,
allergictraveler.net,0,,,
healthcentral.com,0,,,
colgate.com,0,,,
church.org,0,,,
kentcommunitytraining.org,0,,,
homeserve.com,0,,,
handmadehome.net,0,,,
choosingtherapy.com,0,,,
rualengg.com,0,,,
draxe.com,0,,,
ultrawoodworking.com,0,,,
dogster.com,0,,,
marksjapanese-european.com,0,,,
epocrates.com,0,,,
veganfoodandliving.com,0,,,
hungrycookskitchen.com,0,,,
visitlondon.com,0,,,
waddleandcluck.com,0,,,
warcrafttavern.com,0,,,
legacy.com,0,,,
mypoppet.com.au,0,,,
kotaku.com,0,,,
pizzapizza.ca,0,,,
louisvilleantiquerestoration.com,0,,,
teladochealth.com,0,,,
tentoonerum.com,0,,,
academyofcompanionanimalnutrition.com,0,,,
carbontrail.net,0,,,
proflowers.com,0,,,
willtiptop.com,0,,,
curatedinterior.com,0,,,
doyogawithme.com,0,,,
thecortezkitchen.com,0,,,
jasonfintips.com,0,,,
woodreviver.com,0,,,
thedesignconfidential.com,0,,,
craftsbycourtney.com,0,,,
homebnc.com,0,,,
whowhatwear.com,0,,,
homecleaningtips.com,0,,,
swimswam.com,0,,,
ahomecrafter.com,0,,,
campingtourist.com,0,,,
pressbooks.oer.hawaii.edu,0,,,
vahrehvah.com,0,,,
empmonitor.com,0,,,
babble.com,0,,,
visitbritain.com,0,,,
humeshed.com,0,,,
sebiguide.com,0,,,
mealpro.net,0,,,
joyofbaking.com,0,,,
news-medical.net,0,,,
pleated-jeans.com,0,,,
amac.us,0,,,
deliciousmagazine.co.uk,0,,,
fit-pro.com,0,,,
gardeningetc.com,0,,,
naturopathic.org,0,,,
orbitz.com,0,,,
aspenwaste.com,0,,,
dailywritingtips.com,0,,,
inc.com,0,,,
scoophvac.com,0,,,
housewifehowtos.com,0,,,
smithsonianmag.com,0,,,
morningcreativity.com,0,,,
hfe.co.uk,0,,,
bmwinsights.com,0,,,
beyondceliac.org,0,,,
moneysavingmom.com,0,,,
therusticlife.com,0,,,
theskinnyconfidential.com,0,,,
naturalnews.com,0,,,
nestle-family.com,0,,,
hungrymonster.com,0,,,
thecraftaholicwitch.com,0,,,
wtcs.pressbooks.pub,0,,,
thebump.com,0,,,
travelocity.com,0,,,
craftingnook.com,0,,,
njholistichealingandwellness.com,0,,,
english-conversation-questions.com,0,,,
worldtravelguide.net,0,,,
woodworkersarchive.com,0,,,
foremangrillrecipes.com,0,,,
skiptomylou.org,0,,,
occupationalhealth.wustl.edu,0,,,
psychology.iresearchnet.com,0,,,
textmagic.com,0,,,
sagesure.com,0,,,
panmastery.com,0,,,
birdsandblooms.com,0,,,
holistichealth.com,0,,,
howtocleanthings.com,0,,,
mymenopausetransformation.com,0,,,
tangolearn.com,0,,,
creativehomeimprovements.net.au,0,,,
u-pull-it.com,0,,,
bodyandbeans.com,0,,,
trueactivist.com,0,,,
triphobo.com,0,,,
sustainableninja.com,0,,,
coffeeparadiso.com,0,,,
carefreelawncenter.com,0,,,
housebuyers.app,0,,,
sealed.com,0,,,
culinaryambition.com,0,,,
suicidepreventionlifeline.org,0,,,
mumsmoney.com,0,,,
dietdoctor.com,0,,,
crisistextline.org,0,,,
leafysouls.com,0,,,
hmlandscapingca.com,0,,,
butterwithasideofbread.com,0,,,
keelerfamily.com,0,,,
gardeningsolutions.ifas.ufl.edu,0,,,
boredpanda.com,0,,,
clinicaltrials.gov,0,,,
damprid.com,0,,,
busybeingjennifer.com,0,,,
portosbakery.com,0,,,
orangetheory.com,0,,,
breakthecycle.org,0,,,
todayshomeowner.com,0,,,
toolstroke.com,0,,,
foodbankrockies.org,0,,,
albanhandymanservices.com,0,,,
canyourefreeze.com,0,,,
consumerhealthdigest.com,0,,,
winners.webbyawards.com,0,,,
reddit.com,0,,,
money.com,0,,,
prostateconditions.org,0,,,
homeosource.org,0,,,
chrissservices.com,0,,,
ravelry.com,0,,,
pillsburybaking.com,0,,,
medicareadvocacy.org,0,,,
jamieolivercookeryschool.com,0,,,
artskills.com,0,,,
localfirstbank.com,0,,,
behealthypa.org,0,,,
nutritionix.com,0,,,
nytstrands.org,0,,,
physicalgold.com,0,,,
iccpp.org,0,,,
attitudeonfood.com,0,,,
ohjoy.com,0,,,
craftsposure.com,0,,,
simplepurposefulliving.com,0,,,
theeverygirl.com,0,,,
dinterventions.com,0,,,
resincraftsblog.com,0,,,
thefoodellers.com,0,,,
rachealcook.com,0,,,
roolandscaping.com,0,,,
tourism.australia.com,0,,,
daniscookings.com,0,,,
crazylittleprojects.com,0,,,
robeks.com,0,,,
aarogyasamhita.com,0,,,
nathab.com,0,,,
gaylea.com,0,,,
discoverwhr.nih.gov,0,,,
spanishboom.com,0,,,
craftysphere.com,0,,,
blogdigger.com,0,,,
airscenty.com,0,,,
themodernfarmhouse.com,0,,,
nomadflag.com,0,,,
greenmedinfo.com,0,,,
riverslawns.com,0,,,
grubbswoodworks.com,0,,,
fastcompany.com,0,,,
tipsbulletin.com,0,,,
perezlandscaping.llc,0,,,
studio-mcgee.com,0,,,
prlog.org,0,,,
heart.org,0,,,
myoutdoorplans.com,0,,,
traffictail.com,0,,,
sustainabilitycubed.com,0,,,
h2h.jobs,0,,,
turnerandschoel.com,0,,,
bsgtips.com,0,,,
veganlovlie.com,0,,,
vijayshanthibuilders.com,0,,,
wanderinghoofranch.com,0,,,
wellgood.com,0,,,
printblame.com,0,,,
pointman-money.com,0,,,
nuttyhiker.com,0,,,
repairwhatyouwear.com,0,,,
cartercenter.org,0,,,
insiderbits.com,0,,,
dgpatterns.com,0,,,
fundraisingexpert.com,0,,,
fightbac.org,0,,,
diybydesign.com,0,,,
buildingelements.com,0,,,
crossfit.com,0,,,
cairo360.com,0,,,
paleofoodcooking.com,0,,,
thefrugalgirls.com,0,,,
considerable.com,0,,,
shrm.org,0,,,
bakespace.com,0,,,
foodallergyqueen.com,0,,,
cleaninginstitute.org,0,,,
makeoverfitness.com,0,,,
landscapingsandpoint.com,0,,,
nutribullet.com,0,,,
fundable.com,0,,,
simplygrove.com,0,,,
ahdogboarding.com,0,,,
homecookingny.com,0,,,
jobscan.co,0,,,
mybrightwheel.com,0,,,
mind.family,0,,,
pennlandscaping.com,0,,,
mensfitness.com,0,,,
petsittercourse.com,0,,,
toolsweek.com,0,,,
ladylynnsfabrics.com,0,,,
bitesforfoodies.com,0,,,
topwoodplans.com,0,,,
guide.tooth-life.com,0,,,
randrmagonline.com,0,,,
twocityvegans.com,0,,,
risepeople.com,0,,,
food52.com,0,,,
uhc.com,0,,,
stylespot.com,0,,,
katherineheigldogfood.com,0,,,
mindpeacecincinnati.com,0,,,
mexicoinmykitchen.com,0,,,
learnleansigma.com,0,,,
asianinspirations.com.au,0,,,
atipt.com,0,,,
indietraveller.co,0,,,
jenwoodhouse.com,0,,,
talkbitz.com,0,,,
ethicalmadeeasy.com,0,,,
mensjournal.com,0,,,
webcookingclasses.com,0,,,
wellandgood.com,0,,,
notiondemy.com,0,,,
healthynewbornnetwork.org,0,,,
terrabellaseniorliving.com,0,,,
healthgrades.com,0,,,
destinationcanada.com,0,,,
coreskills.interviewgemini.com,0,,,
thegeriatricdietitian.com,0,,,
zumibeauty.com.au,0,,,
largerfamilies.study,0,,,
positivepsychology.com,0,,,
portage.extension.wisc.edu,0,,,
gardenpathlandscaping.com,0,,,
commongroundinternational.com,0,,,
betterthathome.com,0,,,
homestoragesolutions101.com,0,,,
pubmed.ncbi.nlm.nih.gov,0,,,
eatwheat.org,0,,,
bodycraft.com,0,,,
readersdigest.ca,0,,,
livingyourseniorlife.com,0,,,
getquicktech.com.au,0,,,
welovequizzes.com,0,,,
moneyandfinance.org,0,,,
healthsupphub.com,0,,,
thecollegeinvestor.com,0,,,
laundrytowear.com,0,,,
womanandhome.com,0,,,
bodybuilding.com,0,,,
tinandthyme.uk,0,,,
booksthatmakeyou.com,0,,,
katiecouric.com,0,,,
thedatascientist.com,0,,,
hometime.com,0,,,
dailyom.com,0,,,
worldwideintegrative.com,0,,,
qodeinteractive.com,0,,,
allseniors.org,0,,,
gardeningflow.com,0,,,
chefjar.com,0,,,
post.edu,0,,,
mentalhealth.gov,0,,,
wellhub.com,0,,,
walmart.com,0,,,
dreamalittlebigger.com,0,,,
parent.guide,0,,,
coit.com,0,,,
savvyhomemade.com,0,,,
bestinhood.com,0,,,
fitnessgoal4u.com,0,,,
food.com,0,,,
omnihomeideas.com,0,,,
healthyfood.com,0,,,
earth911.com,0,,,
bestcaregardeners.co.ke,0,,,
tallgrasskitchen.com,0,,,
mycookingmagazine.com,0,,,
homefirstagency.com,0,,,
naturefreshair.com,0,,,
greatsenioryears.com,0,,,
livestrong.com,0,,,
upswingpoker.com,0,,,
ukcleaningsupplies.co.uk,0,,,
uchealth.org,0,,,
sustainablelivingguide.org,0,,,
coachrallyrus.com,0,,,
galbraithsinc.com,0,,,
sleepaction.org,0,,,
allfurnitureservices.com,0,,,
megacentregroupe.com,0,,,
yabbawoodworking.com,0,,,
pcgamesn.com,0,,,
discoverbusiness.us,0,,,
Cooks.com,0,,,
growingfamilybenefits.com,0,,,
zhighley.com,0,,,
cleanriver.com,0,,,
resources.pepsicorecyclerally.com,0,,,
styleathome.com,0,,,
wsj.com,0,,,
deliciouslyella.com,0,,,
interiordesign.net,0,,,
bluestacks.com,0,,,
habitsandhome.com,0,,,
hillspet.com,0,,,
australiawidefirstaid.com.au,0,,,
furniturerestorationri.com,0,,,
ohsheglows.com,0,,,
garden.org,0,,,
cureus.com,0,,,
mamaknowsglutenfree.com,0,,,
berefinishing.com,0,,,
outsidesuburbia.com,0,,,
psychology.tips,0,,,
intecorept.com,0,,,
heyitsfree.net,0,,,
nintendowire.com,0,,,
howtostartanllc.com,0,,,
birdiebookwormblog.com,0,,,
franetic.com,0,,,
thewelcominghome.com,0,,,
angelicaangeli.com,0,,,
binghomepagequiz.online,0,,,
jov.arvojournals.org,0,,,
tablestl.com,0,,,
coalitionbrewing.com,0,,,
hintsofgreen.com,0,,,
tasmania.com,0,,,
myplannedcare.nhs.uk,0,,,
caffeineinformer.com,0,,,
taskrabbit.com,0,,,
oxifresh.com,0,,,
fivebooks.com,0,,,
growmylifestyle.com,0,,,
chefsnotes.com,0,,,
homecleaningexperts.com,0,,,
onegoodthingbyjillee.com,0,,,
foodgatherers.org,0,,,
topgamingtips.com,0,,,
textellent.com,0,,,
handcraftcool.com,0,,,
the-ethos.co,0,,,
littlehouseonthecorner.com,0,,,
bee-lieveacademy.com,0,,,
atlasobscura.com,0,,,
moneycrashers.com,0,,,
marksdailyapple.com,0,,,
schooloftraditionalskills.com,0,,,
travelyukon.com,0,,,
extension.colostate.edu,0,,,
makeslogan.com,0,,,
thechicagoschool.edu,0,,,
appetitemag.co.uk,0,,,
glorylivingdesign.com,0,,,
anywhereweroam.com,0,,,
lifelabs.com,0,,,
victra.com,0,,,
wanderingearl.com,0,,,
furnitureservices.com,0,,,
webbair.com,0,,,
pliability.com,0,,,
westernaustralia.com,0,,,
ilgiornaledelcibo.it,0,,,
greenbuildingelements.com,0,,,
seniorservicesofamerica.com,0,,,
oxfordhealth.nhs.uk,0,,,
pursueperformance.com,0,,,
blog.displate.com,0,,,
finearttutorials.com,0,,,
rockboxfitness.com,0,,,
livingbeyondallergies.com,0,,,
woodworkcenter.com,0,,,
holisticveterinaryinstitute.com,0,,,
zerotothree.org,0,,,
kachiskitchen.com,0,,,
zerowastecollective.com,0,,,
savorytooth.com,0,,,
lumiformapp.com,0,,,
north.newlifechurch.org,0,,,
thegrow.net,0,,,
embroker.com,0,,,
thekitchenknacks.com,0,,,
simplifylivelove.com,0,,,
phi.org,0,,,
homeimprovementanddecor.com,0,,,
antiquetreasures.us,0,,,
arspictoria.com,0,,,
themixer.com,0,,,
scoolinary.com,0,,,
mayoclinichealthsystem.org,0,,,
iastate.pressbooks.pub,0,,,
selfhelp.education,0,,,
theroot.com,0,,,
convene.com,0,,,
artlex.com,0,,,
citronhygiene.com,0,,,
discovernorthernireland.com,0,,,
refreshcamping.com,0,,,
matchbuilt.com,0,,,
tomsguide.com,0,,,
healthyholisticliving.com,0,,,
theholisticliving.org.in,0,,,
tripadvisor.com,0,,,
archive.nytimes.com,-1,,,
pharmacist.org,-1,,,
angi.com,-1,,,
squirrelandthehive.com,-1,,,
rankandstyle.com,-1,,,
socialfans4.me,-1,,,
kimmurton.blogspot.com,-1,,,
homeevaly.com,-1,,,
nootropicsplanet.com,-1,,,
efmdglobal.org,-1,,,
createdbydiane.com,-1,,,
thenest.com,-1,,,
getharvest.com,-1,,,
feedandfarm.org,-1,,,
sleep.ai,-1,,,
jivanopedia.com,-1,,,
goodhomes.com.au,-1,,,
cookpad.com,-1,,,
carlyritt.com,-1,,,
hari-ghotra.co.uk,-1,,,
awesomemarriage.com,-1,,,
smartslowcooker.com,-1,,,
recipeland.com,-1,,,
cookeatshare.com,-1,,,
simplyandfiercely.com,-1,,,
handmadewithloveblog.com,-1,,,
henryford.libguides.com,-1,,,
thedodo.com,-1,,,
bonappetit.com,-1,,,
signaturedesignskitchenbath.com,-1,,,
organizeyourlife.org,-1,,,
theglobeandmail.com,-1,,,
mentalhealth.org.uk,-1,,,
cooksrecipes.com,-1,,,
craftsy.com,-1,,,
nantucketfamilyresourcecenter.org,-1,,,
christmasdecorations.com,-1,,,
houzz.com,-1,,,
simplyspotless.com.au,-1,,,
realstylenetwork.com,-1,,,
beadinggem.com,-1,,,
podcasts.apple.com,-1,,,
simplesavvylife.com,-1,,,
householdhacker.com,-1,,,
fiftyandfab.co.uk,-1,,,
thehomeedit.com,-1,,,
cookstr.com,-1,,,
publicgoods.com,-1,,,
thekitchn.com,-1,,,
fitnessmagazine.com,-1,,,
fifimcgee.co.uk,-1,,,
makeuseof.com,-1,,,
rheumatoidarthritis.net,-1,,,
cozymeal.com,-1,,,
patiocoversohio.com,-1,,,
homekitchenary.com,-1,,,
nirandfar.com,-1,,,
animascorp.com,-1,,,
balancedbites.com,-1,,,
theplantlist.org,-1,,,
howstuffworks.com,-1,,,
bostonneurodynamics.com,-1,,,
aeroprecipe.com,-1,,,
spain-recipes.com,-1,,,
simplyfamilyrecipes.com,-1,,,
thespicehouse.com,-1,,,
branchbasics.com,-1,,,
mygreenterra.com,-1,,,
sologuides.com,-1,,,
ikea.com,-1,,,
recipegoldmine.com,-1,,,
nishamadhulika.com,-1,,,
eatdrinkmississippi.com,-1,,,
foodreference.com,-1,,,
firstresponsehealthcare.com,-1,,,
medicare.gov,-1,,,
physicaltherapy.com,-1,,,
pilotplans.com,-1,,,
countryhomes.co.uk,-1,,,
prohealthfunctionalmedicine.com,-1,,,
crunchycreamysweet.com,-1,,,
doobert.com,-1,,,
flipboard.com,-1,,,
eyecare.org,-1,,,
bitkeepblog.medium.com,-1,,,
goodcooking.com,-1,,,
ecofriendlybliss.com,-1,,,
puckarabia.com,-1,,,
eviltwinbrothers.com,-1,,,
kelliesfoodtoglow.com,-1,,,
davewigstone.com,-1,,,
dailymail.co.uk,-1,,,
surfandsunshine.com,-1,,,
unitehealth.com.au,-1,,,
pyramidcarpets.co.uk,-1,,,
intimatelivinginteriors.com,-1,,,
bearmountainbbq.com,-1,,,
justgreenorganic.co.uk,-1,,,
learn.filtered.com,-1,,,
mycookinghut.com,-1,,,
bathroomvanitytops.com,-1,,,
mypathtozero.com,-1,,,
teabrands.org,-1,,,
mummymishaps.co.uk,-1,,,
testicularcancerawareness.org,-1,,,
self.com,-1,,,
carrotsncake.com,-1,,,
walkinpets.com,-1,,,
cadw.gov.wales,-1,,,
wanderlustdiaries.com,-1,,,
massagetherapy.com,-1,,,
thecongolesecookbook.com,-1,,,
hellonanny.com,-1,,,
jamieoliver.com,-1,,,
foodandwine.com,-1,,,
english-heritage.org.uk,-1,,,
daddyanddad.co.uk,-1,,,
handy.com,-1,,,
theayurveda.org,-1,,,
wamsinc.com,-1,,,
pcossupport.org,-1,,,
allthingspaper.net,-1,,,
willowshealthcare.com,-1,,,
indiansimmer.com,-1,,,
nhs.uk,-1,,,
periodhomes.co.uk,-1,,,
poolpak.com,-1,,,
womansday.com,-1,,,
wonderhowto.com,-1,,,
cleanlittleleaf.com,-1,,,
elle.com,-1,,,
world.openfoodfacts.org,-1,,,
worldfoodwine.com,-1,,,
kayak.com,-1,,,
booking.com,-1,,,
handymanharrykc.com,-1,,,
boundlessjoy.ca,-1,,,
jojosstories.medium.com,-1,,,
yummymummyclub.ca,-1,,,
petplace.com,-1,,,
paperflare.com,-1,,,
yummyrecipe.co,-1,,,
imaculateru.com,-1,,,
simplysensationalfood.com,-1,,,
fromscratchlife.com,-1,,,
crafterhours.com,-1,,,
shanahanonliteracy.com,-1,,,
time-management-ninja.com,-1,,,
chefkoch.de,-1,,,
skillshare.com,-1,,,
artforgrace.com,-1,,,
slimmingworld.co.uk,-1,,,
slowdishtuesday.com,-1,,,
akramyoga.co.uk,-1,,,
imaginecraftsblog.com,-1,,,
gardenguides.com,-1,,,
mindioaten.com,-1,,,
oxiclean.com,-1,,,
medicalxpress.com,-1,,,
migraineagain.com,-1,,,
cutesycrafts.com,-1,,,
eatrightmich.org,-1,,,
aslteachingresources.com,-1,,,
indianfoodrecipes.in,-1,,,
triadfoodies.com,-1,,,
5spicecookery.com,-1,,,
provenwinners.com,-1,,,
cronometer.com,-1,,,
cooking.nytimes.com,-1,,,
aveggieventure.com,-1,,,
dbca.wa.gov.au,-1,,,
trendyfashionguide.com,-1,,,
equelle.com,-1,,,
madedaily.com,-1,,,
cocktailsaway.com,-1,,,
typesofartstyles.com,-1,,,
lefitchef.it,-1,,,
midlifemakeover.co.uk,-1,,,
stoxx.com,-1,,,
answers.com,-1,,,
newminimalism.com,-1,,,
recipesource.com,-1,,,
priceline.com,-1,,,
usahouselife.com,-1,,,
merckmanuals.com,-1,,,
culumnatu.com,-1,,,
thetrainline.com,-1,,,
ancestralpantryinnovations.com,-1,,,
clutter.com,-1,,,
supersupergirl-food.blogspot.com,-1,,,
noregretsgypsy.com,-1,,,
homeadvisor.com,-1,,,
whatfix.com,-1,,,
blog.zgrills.com,-1,,,
nlm.nih.gov,-1,,,
gq.com,-1,,,
rutlandnurseries.com,-1,,,
kitchenparade.com,-1,,,
glo.com,-1,,,
clemson.edu,-1,,,
wisebread.com,-1,,,
ediblelandscaping.com,-1,,,
wordpress.org,-1,,,
jungalow.com,-1,,,
gardeners.com,-1,,,
modernmomlife.com,-1,,,
yahoo.com,-1,,,
askgileadmedical.com,-1,,,
luxurytravelmagazine.com,-1,,,
ozozokegbe.blogspot.com,-1,,,
zepboo.com,-1,,,
patelbros.com,-1,,,
homewyse.com,-1,,,
chopra.com,-1,,,
thedomesticman.com,-1,,,
thecrazykitchen.co.uk,-1,,,
intoindiegames.com,-1,,,
cvdesigner.ai,-1,,,
flippingtheflip.com,-1,,,
kcfashionweek.com,-1,,,
angelaorecchio.com,-1,,,
relaxmelodies.com,-1,,,
thehouseofwood.com,-1,,,
sadieseasongoods.com,-1,,,
hotelscombined.com,-1,,,
seniorlivingdiscounts.com,-1,,,
thelittlegreendot.com,-1,,,
foodandfoto.com,-1,,,
foodwishes.blogspot.com,-1,,,
thelifesynthesis.com,-1,,,
scriptmag.com,-1,,,
amrapantics.com,-1,,,
thepointsguy.com,-1,,,
oureverydaylife.com,-1,,,
consumerreports.org,-1,,,
thereeledsister.com,-1,,,
recipeplace.com,-1,,,
thesill.com,-1,,,
foodsubs.com,-1,,,
jasper.travel,-1,,,
healthandfitness.org,-1,,,
prevention.com,-1,,,
hingehealth.com,-1,,,
craftandcreativity.com,-1,,,
ribit.net,-1,,,
lifewire.com,-1,,,
thrillist.com,-1,,,
tidylife.co.uk,-1,,,
tide.com,-1,,,
tinnedtomatoes.com,-1,,,
gardentags.com,-1,,,
gingercakeblog.com,-1,,,
niosh.cdc.gov,-1,,,
newmexico.org,-1,,,
southernliving.com,-1,,,
smartgardenist.com,-1,,,
giallozafferano.com,-1,,,
evaschicker2012.medium.com,-1,,,
foodallergy.org,-1,,,
casadivita.despar.it,-1,,,
recipesandreviews.co.uk,-1,,,
tripsavvy.com,-1,,,
neda.org,-1,,,
hobbycraft.co.uk,-1,,,
avma.org,-1,,,
ashleynestlermsw.medium.com,-1,,,
statesofmind.com,-1,,,
redplaidyellowthread.com,-1,,,
madisonking.com,-1,,,
livforsweetsbakery.com,-1,,,
ceotodaymagazine.com,-1,,,
cerijoneschef.com,-1,,,
realliving.com.au,-1,,,
onekingslane.com,-1,,,
road-trip-usa.com,-1,,,
americastestkitchen.com,-1,,,
veganchef.com,-1,,,
bestlifeonline.com,-1,,,
nuffieldhealth.com,-1,,,
vinmec.com,-1,,,
swansonsnursery.com,-1,,,
lonelyplanet.com,-1,,,
uppymama.com,-1,,,
tazachocolate.com,-1,,,
quebecoriginal.com,-1,,,
organizewithme.net,-1,,,
homerenovationsmag.ca,-1,,,
wellnessbeauty.com,-1,,,
allrecipes.com,-1,,,
the351project.com,-1,,,
haldiramuk.com,-1,,,
shop.bodybuilding.com,-1,,,
debtfreecharts.com,-1,,,
gluteninterrupted.com,-1,,,
maidintheburghpa.com,-1,,,
cityfarmhouse.com,-1,,,
thiskitchenlife.com,-1,,,
startupjungle.com,-1,,,
thoughtco.com,-1,,,
parisiennefarmgirl.com,-1,,,
home.howstuffworks.com,-1,,,
organizedinteriors.com,-1,,,
stylesatlife.com,-1,,,
medicinenet.com,-1,,,
medicalnewstoday.com,-1,,,
lannalife264520817.wordpress.com,-1,,,
rutherford.tennessee.edu,-1,,,
looready.com,-1,,,
trainerize.com,-1,,,
healthywomen.org,-1,,,
greataussiepatios.com.au,-1,,,
cloverleafpropertymanagement.com,-1,,,
organizeanddecorateeverything.com,-1,,,
nosugarlesscrystals.com,-1,,,
tastykitchen.com,-1,,,
ncoa.org,-1,,,
morethanreadingblog.com,-1,,,
trishulhomecare.com,-1,,,
seas4life.com,-1,,,
jeffnippard.com,-1,,,
modernism-in-architecture.org,-1,,,
rubbermaid.com,-1,,,
health.com,-1,,,
momontimeout.com,-1,,,
apsense.com,-1,,,
greatshine07.com,-1,,,
scandinaviandesigns.com,-1,,,
tes.com,-1,,,
occupationaltherapy.com,-1,,,
modernaustralian.com,-1,,,
latimes.com,-1,,,
gippslandunwrapped.com,-1,,,
thebodycoach.com,-1,,,
jannekes.eu,-1,,,
foodsaketokyo.com,-1,,,
iheartorganizing.com,-1,,,
johnnyseeds.com,-1,,,
raisingchildren.net.au,-1,,,
cajun-recipes.com,-1,,,
pathways.org,-1,,,
alphabetsoup.net.au,-1,,,
thechannel46.com,-1,,,
cooldiyideas.com,-1,,,
ourhomes.ca,-1,,,
bestbuy.com,-1,,,
eatthis.com,-1,,,
thediyschool.co.uk,-1,,,
pghevents.net,-1,,,
shabazzseafood.com,-1,,,
aborysenko.com,-1,,,
midcenturymodern.com,-1,,,
fatafeat.com,-1,,,
seriouseats.com,-1,,,
blog.techmastertools.net,-1,,,
organize365.com,-1,,,
menshealth.com,-1,,,
madeincanadastore.ca,-1,,,
biglivinglittlefootprint.com,-1,,,
mumsnet.com,-1,,,
eatright.org,-1,,,
marthastewart.com,-1,,,
betterhelp.com,-1,,,
fitfulfocus.com,-1,,,
kidshealth.org,-1,,,
riseandbakewithjulie.com,-1,,,
tea-for-turmeric.com,-1,,,
ordinaryandhappy.com,-1,,,
redcross.org,-1,,,
odorremovalnewmexico.com,-1,,,
organizedhome.com,-1,,,
inquirer.com,-1,,,
outdoorjournal.com,-1,,,
igeeksblog.com,-1,,,
insideout.com.au,-1,,,
zenhabits.net,-1,,,
zigzacmania.com,-1,,,
jhsmr.org,-1,,,
just-organized.com,-1,,,
opm.gov,-1,,,
lildutchuncle.com,-1,,,
all-creatures.org,-1,,,
diningdevon.com,-1,,,
great-marriages.org,-1,,,
nationaltrust.org.uk,-1,,,
pilates.com,-1,,,
rachaelhartleynutrition.com,-1,,,
hasfit.com,-1,,,
cuisinesnap.com,-1,,,
who.int,-1,,,
csa.gov.sg,-1,,,
wellnesstopics.net,-1,,,
paperandstitch.com,-1,,,
wellics.com,-1,,,
tetw.org,-1,,,
realsimple.com,-1,,,
watch-me-eat.blogspot.com,-1,,,
coastalliving.com,-1,,,
vogue.com,-1,,,
astray.com,-1,,,
contact-donsmathblog.medium.com,-1,,,
honesttoliving.com,-1,,,
kwikrecipe.com,-1,,,
naturalhandyman.com,-1,,,
kitchenambition.com,-1,,,
organizing.com,-1,,,
homify.co.uk,-1,,,
myrecipecupboard.com,-1,,,
drlanawellness.com,-1,,,
path.org,-1,,,
cheapflights.com,-1,,,
tallpinesdrywall.com,-1,,,
talkofthevillages.com,-1,,,
uluru.com,-1,,,
cucchiaio.it,-1,,,
financeformyself.com,-1,,,
migraine.com,-1,,,
refinery29.com,-1,,,
homeknows.net,-1,,,
lifehacker.com,-1,,,
parent.com,-1,,,
tres-bien.com,-1,,,
honestrenos.com,-1,,,
tourismcalgary.com,-1,,,
townandcountrymag.com,-1,,,
today.com,-1,,,
sustainablejungle.net,-1,,,
bindropdumpsters.com,-1,,,
doityourself.com,-1,,,
sumoftheirstories.com,-1,,,
diydiva.net,-1,,,
startquestion.com,-1,,,
forbes.com,-1,,,
thewinechef.com,-1,,,
carolinemakes.net,-1,,,
sophiekitchenuganda.com,-1,,,
thetakeout.com,-1,,,
arangrant.com,-1,,,
healthline.com,-1,,,
rightinbox.com,-1,,,
firstcoasthomepros.com,-1,,,
looksgoodtous.com,-1,,,
thespruceeats.com,-1,,,
cucinaallaprimaitaliana.it,-1,,,
greencleaningtips.com,-1,,,
febreze.com,-1,,,
coxkitchensandbaths.com,-1,,,
myfairladybway.com,-1,,,
outdoorguide.com,-1,,,
thepioneerwoman.com,-1,,,
chefsinafrica.org,-1,,,
theodysseyonline.com,-1,,,
brit.co,-1,,,
homereviewchannel.com,-1,,,
eymockup.com,-1,,,
blog.marleylilly.com,-1,,,
simplyrecipes.com,-1,,,
simplynaturallyhealthy.com,-1,,,
huronpointacupuncture.com,-1,,,
hunker.com,-1,,,
thefreedomadventure.com,-1,,,
byucougars.com,-1,,,
britishfoodhistory.com,-1,,,
legallyfit.net,-1,,,
thefashionfest.com,-1,,,
nimh.nih.gov,-1,,,
aimeesfitnessblog.blogspot.com,-1,,,
adventuretravelnews.com,-1,,,
foodie.com,-1,,,
luxemagazine.com,-1,,,
sagementalwellness.com,-1,,,
thefitfoodieblog.com,-1,,,
flowertotrashandbackagain.com,-1,,,
doityourselfdivas.com,-1,,,
femuscleblog.wordpress.com,-1,,,
thediydazzle.com,-1,,,
investopedia.com,-1,,,
montydon.com,-1,,,
joyoforganics.com,-1,,,
thecraftnest.com,-1,,,
medicalfuturist.com,-1,,,
headspace.com,-1,,,
runna.com,-1,,,
elfa.com,-1,,,
luxurycroatiaretreats.com,-1,,,
onlinemba.ku.edu,-1,,,
watchfix.com,-1,,,
inspiyrfitness.com,-1,,,
ecodiva.co.za,-1,,,
sewmuchcrafts.com,-1,,,
thecraftsmanblog.com,-1,,,
raan.com,-1,,,
stelmathebest.com,-1,,,
ready.gov,-1,,,
beachbummed.biz,-1,,,
scvairsolutions.com,-1,,,
houseandgarden.co.uk,-1,,,
geminithermohvac.com,-1,,,
diyhsh.com,-1,,,
lavignenaturals.com,-1,,,
hellobonafide.com,-1,,,
cherylregan.com,-1,,,
prettygreenhomes.com,-1,,,
ecoflip.org,-1,,,
atimprovements.com,-1,,,
autistica.org.uk,-1,,,
household-management-101.com,-1,,,
popularmechanics.com,-1,,,
simplysparklingsoda.com,-1,,,
mypeoplepatterns.com,-1,,,
drniveditapandey.com,-1,,,
showit.com,-1,,,
arthritis.org,-1,,,
miabites.com,-1,,,
pumpkinrot.blogspot.com,-1,,,
theorderexpert.com,-1,,,
petsworld.in,-1,,,
palousemindfulness.com,-1,,,
buzzfeed.com,-1,,,
menwhoblog.com,-1,,,
alicelanehome.com,-1,,,
my.toneitup.com,-1,,,
lupus.org,-1,,,
esquire.com,-1,,,
harpersbazaar.com,-1,,,
philosophyasawayoflife.medium.com,-1,,,
omventure.com,-1,,,
spicytreats.net,-1,,,
bostonglobe.com,-1,,,
cheesenbiscuits.blogspot.com,-1,,,
about.com,-1,,,
circularblogs.com,-1,,,
happierwithra.com,-1,,,
heatherrobertson.com,-1,,,
tourismnb.ca,-1,,,
loveproperty.com,-1,,,
pizzazzappliques.com,-1,,,
moodpath.com,-1,,,
dadbodsummer.com,-1,,,
gatesfoundation.org,-1,,,
ultrarunmd.com,-1,,,
sustainablelivingblog.com,-1,,,
embodydivinewellness.com,-1,,,
bosch-home.co.uk,-1,,,
cookbooks.com,-1,,,
sykescottages.co.uk,-1,,,
veganaturalmom.com,-1,,,
greenplanner.org,-1,,,
verywellmind.com,-1,,,
needleandnest.com,-1,,,
diydoctor.co.uk,-1,,,
ifthespoonfits.com,-1,,,
clevelandkitchen.com,-1,,,
archanaskitchen.com:443,-1,,,
chinesefood-recipes.com,-1,,,
animalcare.lacounty.gov,-1,,,
lovefood.com,-1,,,
wastefreeplanet.net,-1,,,
creatingsimplyhome.com,-1,,,
krokotak.com,-1,,,
bionicoldguy.home.blog,-1,,,
kraftrecipes.com,-1,,,
mobihealthnews.com,-1,,,
wewillfixit.com,-1,,,
hearthandmadeuk.com,-1,,,
recipes.robbiehaf.com,-1,,,
architecturaldigest.com,-1,,,
intothegloss.com,-1,,,
zerowasteliving.net,-1,,,
zen-liu87.medium.com,-1,,,
pureindianfoods.com,-1,,,
frugallivingnw.com,-1,,,
nytimes.com,-1,,,
heartzeena.blogspot.com,-1,,,
nbcnews.com,-1,,,
better-homes-and-gardens.com.au,-1,,,
sparktraffic.com,-1,,,
mynetdiary.com,-1,,,
cichlidlab.com,-1,,,
worldtrips.com,-1,,,
writersdigest.com,-1,,,
jharkhandreporter.com,-1,,,
workshopcompanion.com,-1,,,
themansonfamily-mtts.medium.com,-1,,,
armandhammer.com,-1,,,
livingfullblog.health.blog,-1,,,
thelazygeniuscollective.com,-1,,,
loghome.com,-1,,,
everydayhealth.com,-1,,,
householdtips101.com,-1,,,
wit-delight.com,-1,,,
breastcancer.org,-1,,,
bbc.co.uk,-1,,,
mouthhealthy.org,-1,,,
whattoexpect.com,-1,,,
westcoastliving.ca,-1,,,
runningdutchie.org,-1,,,
frontiersin.org,-1,,,
sagehealthwellness.com,-1,,,
theconversation.com,-1,,,
weekand.com,-1,,,
wearethehueys.com,-1,,,
atlasgames.io,-1,,,
vrg.org,-1,,,
onlinedegrees.bradley.edu,-1,,,
positivehealthwellness.com,-1,,,
mahalo.health,-1,,,
bicycling.com,-1,,,
inclusivetherapists.com,-1,,,
evanevanstours.com,-1,,,
midwestliving.com,-1,,,
vegankidsnutrition.com,-1,,,
organizedsimplicity.com,-1,,,
healthdigest.com,-1,,,
blog.theperfectweld.com,-1,,,
birminghamrestaurantraider.blogspot.com,-1,,,
the-recipe-exchange.com,-1,,,
plantscapes.com,-1,,,
tropicalacai.com,-1,,,
spotlesspot.com,-1,,,
cutoutandkeep.net,-1,,,
hmartrcipes.com,-1,,,
traumainformedny.org,-1,,,
babycenter.com,-1,,,
seriousfoodie.com,-1,,,
the15milefoodie.com,-1,,,
craftandnature.com,-1,,,
tourismpei.com,-1,,,
bnd.com,-1,,,
alltop.com,-1,,,
frugalnook.com,-1,,,
fooodlove.com,-1,,,
tidyhomeblog.com,-1,,,
thunderwoodhandyman.com,-1,,,
bellaonline.com,-1,,,
houseandgarden.co.za,-1,,,
lifeplustwins.wordpress.com,-1,,,
homelifeabroad.com,-1,,,
bhg.com,-1,,,
tasty.co,-1,,,
homeimprovementpages.ca,-1,,,
furnituremanor.com,-1,,,
bbpiratesradio.over-blog.com,-1,,,
tartanspoon.co.uk,-1,,,
designsponge.com,-1,,,
cocinavital.mx,-1,,,
sydney.com,-1,,,
familylives.org.uk,-1,,,
susanuneal.com,-1,,,
colorsandfood.com,-1,,,
couchsurfing.com,-1,,,
farmviewmarket.com,-1,,,
healthygallatin.org,-1,,,
banfflakelouise.com,-1,,,
edx.org,-1,,,
choosept.com,-1,,,
medium.com,-1,,,
edibleafricans.com,-1,,,
greenlivingblog.org.uk,-1,,,
ruffdetails.com,-1,,,
mrsfixituk.co.uk,-1,,,
beautifyoffsite.com,-1,,,
lacucinaitaliana.it,-1,,,
mindfulschools.org,-1,,,
pennykingcrystalsandenergyhealing.com,-1,,,
thebackpackcouple.com,-1,,,
organizedliving.com,-1,,,
babylist.com,-1,,,
city-data.com,-1,,,
cloudykitchen.com,-1,,,
goodhomesmagazine.com.au,-1,,,
seat61.com,-1,,,
thecraftaholic.co.uk,-1,,,
blog.youtube,-1,,,
dwell.com,-1,,,
thecraftycrow.net,-1,,,
etsy.com,-1,,,
omadahealth.com,-1,,,
sewcanimprove.com,-1,,,
instyle.com,-1,,,
sheerluxe.com,-1,,,
psychcentral.com,-1,,,
havenly.com,-1,,,
link.denverstylemagazine.com,-1,,,
lifelong.org,-1,,,
gardengatemagazine.com,-1,,,
magpiemoanings.com,-1,,,
vegweb.com,-1,,,
simplegreenlab.com,-1,,,
healthcare.gov,-1,,,
thelondonfoodie.co.uk,-1,,,
petworks.com,-1,,,
altenew.com,-1,,,
copdfoundation.org,-1,,,
intothemiddlekingdom.com,-1,,,
eurorich.ph,-1,,,
thesaucysitch.com,-1,,,
sleepbot.com,-1,,,
thesprucepets.com,-1,,,
housetweaking.com,-1,,,
maya.net,-1,,,
spca.org,-1,,,
hostelworld.com,-1,,,
blog.psychmoments.com,-1,,,
diynetwork.com,-1,,,
journeymansjournel.wordpress.com,-1,,,
ketointhecity.com,-1,,,
thriftyandchic.com,-1,,,
storefrontlife.com,-1,,,
blog.prf.org,-1,,,
tomtom.com,-1,,,
bismarckmandanblog.com,-1,,,
travelgirlyoga.com,-1,,,
theorganizedmom.net,-1,,,
ifixit.com,-1,,,
neathousesweethome.net,-1,,,
floretflower.com,-1,,,
travelmath.com,-1,,,
organizedbyjess.com,-1,,,
fluffyland.com,-1,,,
surefirelocal.com,-1,,,
urbanorganicgardener.com,-1,,,
sustainabledish.com,-1,,,
stylecraze.com,-1,,,
women.com,-1,,,
browsewellness.com,-1,,,
parents.com,-1,,,
ballhort.com,-1,,,
mashed.com,-1,,,
walkingbyways.com,-1,,,
hungrysofia.com,-1,,,
parenting.com,-1,,,
mattspoint.com,-1,,,
realfood.tesco.com,-1,,,
eater.com,-1,,,
selfsufficienthomesteading.com,-1,,,
mindbodygreen.com,-1,,,
sewdiy.com,-1,,,
intimina.com,-1,,,
shapeamerica.org,-1,,,
foodstufffinds.co.uk,-1,,,
jenniferbwelch.com,-1,,,
dailypaws.com,-1,,,
House-Improvements.com,-1,,,
mizecpas.com,-1,,,
lizbreygel.com,-1,,,
bidhya.com,-1,,,
henhouse1829.com,-1,,,
modernhealth.com,-1,,,
practigal.com,-1,,,
homesandantiques.com,-1,,,
healthit.gov,-1,,,
dailynutmeg.com,-1,,,
ecothings.io,-1,,,
theculturetrip.com,-1,,,
boody.co.nz,-1,,,
cookfood.net,-1,,,
simplywholefoods.com,-1,,,
mdanderson.org,-1,,,
theswitchpod.com,-1,,,
cnn.com,-1,,,
camplify.com.au,-1,,,
thetotalliving.medium.com,-1,,,
historicenvironment.scot,-1,,,
nothymetocook.com,-1,,,
goodereader.com,-1,,,
tinycanalcottage.com,-1,,,
houseandhomemagazine.ca,-1,,,
conservation.org,-1,,,
chicken.ca,-1,,,
holisticphysiowellness.ca,-1,,,
sofritoproject.com,-1,,,
organizewithtracy.com,-1,,,
souschef.co.uk,-1,,,
southaustralia.com,-1,,,
easeyourcooking.com,-1,,,
trivago.com,-1,,,
mamaneedsaproject.com,-1,,,
mymove.com,-1,,,
homemade-dessert-recipes.com,-1,,,
kentcommunitytraining.org,-1,,,
belfastlive.co.uk,-1,,,
navygrain.com,-1,,,
chemdry.com,-1,,,
health.harvard.edu,-1,,,
gynecologyguru.com,-1,,,
homereferencebook.com,-1,,,
verygoodtrade.com,-1,,,
veranda.com,-1,,,
vegnews.com,-1,,,
gocleaningmaids.com,-1,,,
healthtechmagazine.net,-1,,,
clinikally.com,-1,,,
asianonlinerecipes.com,-1,,,
4h.tennessee.edu,-1,,,
southernaccents.com,-1,,,
ft.com,-1,,,
chowhound.com,-1,,,
martinjenkinsblog2017.medium.com,-1,,,
gottman.com,-1,,,
icatcare.org,-1,,,
survival.news,-1,,,
homeremedyhacks.com,-1,,,
sustainabilityisfun.com,-1,,,
suunto.com,-1,,,
reliize.com,-1,,,
fultonfishmarket.com,-1,,,
homerenochannel.com,-1,,,
web.blackbirdskincare.com,-1,,,
growveg.com,-1,,,
encyclopedia.com,-1,,,
wired.com,-1,,,
ayurvedichealing.net,-1,,,
thebeadinggem.com,-1,,,
aprettycoollifestyle.com,-1,,,
thechoppingblock.com,-1,,,
yates.com.au,-1,,,
organizedish.com,-1,,,
inverse.com,-1,,,
environment.nsw.gov.au,-1,,,
thedailymeal.com,-1,,,
betterhomesandgardens.com.au,-1,,,
purelypatience.com,-1,,,
allergyamulet.com,-1,,,
jpost.com,-1,,,
allpeoplequilt.com,-1,,,
parentingveda.com,-1,,,
workplacementalhealth.org,-1,,,
petguide.com,-1,,,
bohoandhobo.ca,-1,,,
onlymyhealth.com,-1,,,
knockoffwood.com,-1,,,
healthinnowest.net,-1,,,
blog.mentoria.com,-1,,,
vietworldkitchen.com,-1,,,
target.com,-1,,,
whatsgood.vitaminshoppe.com,-1,,,
crossfitsantacruzcentral.com,-1,,,
juicermag.com,-1,,,
loseit.com,-1,,,
mumsintheknow.co.uk,-1,,,
edp24.co.uk,-1,,,
bbcgoodfood.com,-1,,,
tastyeasyfoodrecipe.com,-1,,,
yesyesyes.org,-1,,,
tastingtales.com,-1,,,
platopettreats.com,-1,,,
blog.contentgorilla.co,-1,,,
ajoyfulcottage.com,-1,,,
yardutopia.com,-1,,,
goonhammer.com,-1,,,
verywellhealth.com,-1,,,
containerstore.com,-1,,,
greenshoesandsparkles.com,-1,,,
builddirect.com,-1,,,
wiseguysbarbers.com,-1,,,
buzzfeednews.com,-1,,,
zluri.com,-1,,,
number6publishing.com,-1,,,
eslgold.com,-1,,,
washingtonpost.com,-1,,,
woksoflife.com,-1,,,
midwestblogging66.medium.com,-1,,,
row.facethefuture.store,-1,,,
wmagazine.com,-1,,,
allaboutcleanliness.com,-1,,,
cdc.gov,-1,,,
onebodystudio.net,-1,,,
karma-free-cooking.com,-1,,,
wellnesswithwendytraylor.com,-1,,,
orderlypnw.com,-1,,,
creativityinczenyoga.medium.com,-1,,,
cbsnews.com,-1,,,
cookinglight.com,-1,,,
britishlogcabins.com,-1,,,
webmd.com,-1,,,
glutenfreehope.blogspot.com,-1,,,
hairstylery.com,-1,,,
cleanthatup.com,-1,,,
juicernet.com,-1,,,
vogue.co.uk,-1,,,
visitokc.com,-1,,,
fairlywritten.co.uk,-1,,,
healthfitness.com,-1,,,
pranachy.store,-1,,,
countryliving.com,-1,,,
robjgreenfield.com,-1,,,
blogarama.com,-1,,,
blog.4sgm.com,-1,,,
tellingtailsandtails.com,-1,,,
uk.style.yahoo.com,-1,,,
gutenberg.org,-1,,,
uaex.edu,-1,,,
littlehouseoffour.com,-1,,,
transaware.net,-1,,,
scissortailstudio.com,-1,,,
sydneyoperahouse.com,-1,,,
simlocal.com,-1,,,
greensuggest.com,-1,,,
dansthefishman.com,-1,,,
remodr.com,-1,,,
greenunion.co.uk,-1,,,
fitnessblender.com,-1,,,
ayurvedaluxembourg.com,-1,,,
online-cookbook.com,-1,,,
livelovediy.com,-1,,,
tourismsaskatchewan.com,-1,,,
tourismtoronto.com,-1,,,
acefitness.org,-1,,,
thestyled.com,-1,,,
flooringamerica.com,-1,,,
afternic.com,-1,,,
readingmytea.com,-1,,,
liferebooted.net,-1,,,
mindfulleader.org,-1,,,
thekrazycouponlady.com,-1,,,
naturalhealthmag.com,-1,,,
nnlm.gov,-1,,,
kingarthurbaking.com,-1,,,
eternitymodern.ca,-1,,,
halloween.com,-1,,,
thatch.com,-1,,,
holisticwellnessmagazine.com,-1,,,
ana-white.com,-1,,,
mattioli1885journals.com,-1,,,
allinbrand.com,-1,,,
stackexchange.com,-1,,,
mentalfloss.com,-1,,,
thesweetestthingblog.com,-1,,,
pastrywiz.com,-1,,,
businessguru.co,-1,,,
nutrition.gov,-1,,,
healingwavechiro.com,-1,,,
npsr.qld.gov.au,-1,,,
thebalancemoney.com,-1,,,
zendelle.medium.com,-1,,,
jmir.org,-1,,,
myplate.gov,-1,,,
countyhealthrankings.org,-1,,,
teenvogue.com,-1,,,
alchemybread.com,-1,,,
simplefood.blog,-1,,,
bakedbyrochel.com,-1,,,
glasgowfoodelicious.com,-1,,,
berkeleyca.gov,-1,,,
embraceecoliving.com,-1,,,
livingthenourishedlife.com,-1,,,
overstock.com,-1,,,
nationalgallery.org.uk,-1,,,
tate.org.uk,-1,,,
rebath.com,-1,,,
tastingpage.com,-1,,,
doximity.com,-1,,,
swimtastic.com,-1,,,
bedbathandbeyond.com,-1,,,
swanstudy.org,-1,,,
parkavenuepartners.com,-1,,,
unifiedwomenshealthcare.com,-1,,,
sustainablyrooted.com,-1,,,
ricksteves.com,-1,,,
dietitiansuccesscenter.com,-1,,,
reptilinks.com,-1,,,
ricardocuisine.com,-1,,,
summerhealing.org,-1,,,
acupressureguide.com,-1,,,
centrichealth.ie,-1,,,
foodologie.com,-1,,,
strugglecare.com,-1,,,
streetfoodman.com,-1,,,
garmin.com,-1,,,
tinybatchcooking.com,-1,,,
tropicalmba.com,-1,,,
naeyc.org,-1,,,
backroads.com,-1,,,
travelwithbender.com,-1,,,
travelglutenfreepodcast.com,-1,,,
travelagewest.com,-1,,,
britishbirds.co.uk,-1,,,
ramblingrenovators.ca,-1,,,
haakmaarraak.nl,-1,,,
rpstrength.com,-1,,,
diynaturalcare.com,-1,,,
tomrostron.com,-1,,,
creativediy.andcrafting.com,-1,,,
littlewrenpottery.co.uk,-1,,,
gardensillustrated.com,-1,,,
flylady.net,-1,,,
electrolux.vn,-1,,,
groovystuffblog.com,-1,,,
personalitytraits.blog,-1,,,
ballmasonjars.com,-1,,,
dadfixeseverything.com,-1,,,
soundstrue.com,-1,,,
thriftydecorchick.com,-1,,,
realestatehomeward.com,-1,,,
homeworlddesign.com,-1,,,
glasgowlive.co.uk,-1,,,
fatfree.com,-1,,,
thevintagescene.com,-1,,,
skilltogrow.com,-1,,,
justcook.tv,-1,,,
peloton.com,-1,,,
thepinnaclelist.com,-1,,,
mykitchenstories.com.au,-1,,,
fatherly.com,-1,,,
freedomfitnessequipment.com,-1,,,
fashionforum.dk,-1,,,
angeladoptioninc.com,-1,,,
digitaltrends.com,-1,,,
decorilla.com,-1,,,
allthingspaperblog.com,-1,,,
francifoods.com,-1,,,
ncbi.nlm.nih.gov,-1,,,
gpattridge.com,-1,,,
chestofbooks.com,-1,,,
myrecipes.com,-1,,,
allure.com,-1,,,
postpartumnest.com,-1,,,
mobilebeautysociety.com,-1,,,
itsakeeper.com,-1,,,
reviewroller.com,-1,,,
hospitalitynet.org,-1,,,
medscape.com,-1,,,
roadscholar.org,-1,,,
simplywellbalanced.com,-1,,,
askannamorgan.com,-1,,,
animalcareacademy.com,-1,,,
cathealth.com,-1,,,
ctbites.com,-1,,,
ervinleo.com,-1,,,
thecleaningauthority.com,-1,,,
thecoffeemom.net,-1,,,
bettycrocker.com,-1,,,
apple.com,-1,,,
thebrickhouse.com,-1,,,
handimania.com,-1,,,
minimalizemymess.com,-1,,,
greenygardener.com,-1,,,
ptrehab.ucsf.edu,-1,,,
confectionerynews.com:443,-1,,,
meatchurch.com,-1,,,
plasticfreemovement.org,-1,,,
xtinestevens.medium.com,-1,,,
katia.com,-1,,,
t-nation.com,-1,,,
babazam.com,-1,,,
pastryaffair.com,-1,,,
techsafety.org,-1,,,
womenshealthmag.com,-1,,,
wolfandhoundmag.com,-1,,,
obesitymedicine.org,-1,,,
foodgeeks.com,-1,,,
docs.oracle.com,-1,,,
currymommy.com,-1,,,
technologynetworks.com,-1,,,
creategreatplaces.com,-1,,,
athenadiakos.com,-1,,,
visualmodo.com,-1,,,
epicurious.com,-1,,,
lungusa.org,-1,,,
wayfair.com,-1,,,
handbagmafia.com,-1,,,
healthdata.org,-1,,,
maidforyou.com,-1,,,
footprintseducation.in,-1,,,
visitcanberra.com.au,-1,,,
creativekitchenadventures.com,-1,,,
mindfulhealthy.life,-1,,,
bamboologytrends.com,-1,,,
cbs.de,-1,,,
sutterhealth.org,-1,,,
braisedandglazed.com,-1,,,
abc.net.au,-1,,,
usatoday.com,-1,,,
urbantasker.com,-1,,,
maisoncupcake.com,-1,,,
diyweek.net,-1,,,
blog.clickpointsoftware.com,-1,,,
ifitness.is,-1,,,
mentalxperts.com,-1,,,
ntask-appli-ax7ch68c6yko-1144939517.us-east-2.elb.amazonaws.com,-1,,,
dayatree.com,-1,,,
travelmanitoba.com,-1,,,
students.dartmouth.edu,-1,,,
eatingwell.com,-1,,,
mediterrasian.com,-1,,,
gainfitness.com,-1,,,
madeit.com.au,-1,,,
johnsonshomedecor.com,-1,,,
goats-on-the-road.com,-1,,,
luxurycoastalescapes.com,-1,,,
onnit.com,-1,,,
familydoctor.org,-1,,,
news.celebrity24h.com,-1,,,
homemadecrap.com,-1,,,
spicyworld.in,-1,,,
glowwithava.com,-1,,,
businessinsider.com,-1,,,
me-and-mccartney.com,-1,,,
sparkrecipes.com,-1,,,
pbs.org,-1,,,
kunalkapur.com,-1,,,
huffpost.com,-1,,,
timesonline.com,-1,,,
ed.ted.com,-1,,,
freemindfulness.org,-1,,,
kalosflorida.com,-1,,,
copd.net,-1,,,
pfizer.com,-1,,,
menopause-aid.blogspot.com,-1,,,
aglugofoil.com,-1,,,
appquipo.com,-1,,,
makeheadway.com,-1,,,
sjvc.edu,-1,,,
sitebuilderreport.com,-1,,,
blog.veganosaurus.com,-1,,,
noisli.com,-1,,,
thepaintedhome.co,-1,,,
theorganisedyou.com,-1,,,
hrp.org.uk,-1,,,
diffordsguide.com,-1,,,
dinnerdinnerfatman.com,-1,,,
cultbeauty.com,-1,,,
gennysyum.com,-1,,,
perennialresource.com,-1,,,
thejapanesepantry.com,-1,,,
californiahomedesign.com,-1,,,
shape.com,-1,,,
ellenbaker-33642.medium.com,-1,,,
sanvello.com,-1,,,
coolastro.com,-1,,,
npr.org,-1,,,
theglutenfreetravelers.com,-1,,,
bucketlisttravels.com,-1,,,
elledecor.com,-1,,,
carpetone.com,-1,,,
theearthywanderer.com,-1,,,
mommyslove-cakes.com,-1,,,
healthinaging.org,-1,,,
blueandgreentomorrow.com,-1,,,
eatnourishglow.com.au,-1,,,
driftervans.com,-1,,,
studypress.blog,-1,,,
sublimelife.in,-1,,,
blog.aramsco.com,-1,,,
jipbapmama.medium.com,-1,,,
crumbscarnivaltreats.com,-1,,,
caringseniorservice.com,-1,,,
sweetandsavorybyshinee.com,-1,,,
cincinnatirecyclingandreusehub.org,-1,,,
frankie.com.au,-1,,,
molekule.com,-1,,,
thriftyfun.com,-1,,,
ahaparenting.com,-1,,,
thumbtack.com,-1,,,
newsobserver.com,-1,,,
calpers.ca.gov,-1,,,
fitnessgenes.com,-1,,,
liquor.com,-1,,,
polar.com,-1,,,
nsmb.com,-1,,,
sarowly.me,-1,,,
magnolia.com,-1,,,
zerowastehome.com,-1,,,
dermstore.com,-1,,,
samsung.com,-1,,,
popsugar.com,-1,,,
fulllivingnutrition.com,-1,,,
trashisfortossers.com,-1,,,
rebekahgough.com,-1,,,
modoyogaonline.com,-1,,,
kristinacorbett.com,-1,,,
ahha.org,-1,,,
bestyouliving.com,-1,,,
techflog.com,-1,,,
ten-percent-happier.com,-1,,,
doctoroz.com,-1,,,
mindfullyalive.org,-1,,,
brianlagerstrom.com,-1,,,
bayhealth.org,-1,,,
pregnancybirthbaby.org.au,-1,,,
housesandhomesblog.com,-1,,,
nurses.org,-1,,,
doctorshealthpress.com,-1,,,
caswelllocalfoods.org,-1,,,
uptownwithchris.com,-1,,,
templafy.com,-1,,,
uspreventiveservicestaskforce.org,-1,,,
thecookinmama.com,-1,,,
vasantmasala.com,-1,,,
nal.usda.gov,-1,,,
eatbetter.com,-1,,,
nchfp.uga.edu,-1,,,
mayoclinic.org,-1,,,
virginactive.co.uk,-1,,,
bongcookbook.com,-1,,,
visitwales.com,-1,,,
cntraveler.com,-1,,,
asid.org,-1,,,
vivaglammagazine.com,-1,,,
g2.com,-1,,,
merakibakes.com,-1,,,
thefunktionalnutritionist.com,-1,,,
eatingsoupalone.tumblr.com,-1,,,
landolakes.com,-1,,,
70recipes.com,-1,,,
interiors.org,-1,,,
whattocook.substack.com,-1,,,
theguardian.com,-1,,,
samanka.xyz,-1,,,
naswdc.org,-1,,,
pzizz.com,-1,,,
wikihow.com,-1,,,
craftideas.info,-1,,,
spearhead-training.com,-1,,,
cookingwithsukhi.com,-1,,,
glamour.com,-1,,,
skyscanner.com,-1,,,
bohemianbrightblog.com,-1,,,
dogtrainingrevolution.com,-1,,,
raleighholistichealthcare.com,-1,,,
reclaimeddesignworks.com,-1,,,
similarweb.com,-1,,,
womaness.com,-1,,,
frusheronfood.co.uk,-1,,,
insidechicagowalkingtours.com,-1,,,
biteki.com,-1,,,
southernmadesimple.com,-1,,,
divinedishdelights.com,-1,,,
bbqguys.com,-1,,,
southernkitchen.com,-1,,,
solatubesouth.co.uk,-1,,,
thegoodhuman.com,-1,,,
coursera.org,-1,,,
indiandiy.blogspot.in,-1,,,
independent.ie,-1,,,
builtin.com,-1,,,
justea.net,-1,,,
limebricks.com,-1,,,
ranker.com,-1,,,
slumberland.com,-1,,,
delish.com,-1,,,
equinox.com,-1,,,
artignition.com,-1,,,
coparents.com,-1,,,
ahncc.org,-1,,,
barefootcontessa.com,-1,,,
oreilly.com,-1,,,
holisticgentlehealth.com,-1,,,
clariti.app,-1,,,
lowcountryfelicitylife.com,-1,,,
bbqislandinc.com,-1,,,
smh.com.au,-1,,,
themusejobs.com,-1,,,
greatist.com,-1,,,
interiordesignmagazine.com,-1,,,
highcountryfarmhouse.com,-1,,,
mydiyhomedesigns.com,-1,,,
everydaywellness.online,-1,,,
zero-wastehome.com,-1,,,
nunavuttourism.com,-1,,,
farmgirlfare.com,-1,,,
hometalk.com,-1,,,
thedailyspud.com,-1,,,
ejfcoaching.com,-1,,,
thedirt.georgiaorganics.org,-1,,,
wildyeastblog.com,-1,,,
adamssafety.com,-1,,,
fescooking.wordpress.com,-1,,,
theseasedhomemaker.com,-1,,,
ehow.com,-1,,,
beautify.tips,-1,,,
blog.nasm.org,-1,,,
functionalrustic.com,-1,,,
findawayabroad.com,-1,,,
ketodietapp.com,-1,,,
gaiam.com,-1,,,
petlog.org.uk,-1,,,
earthhero.com,-1,,,
sproutedkitchen.cc,-1,,,
myfavoritevegan.com,-1,,,
handmadekindness.com,-1,,,
gatheringbeauty.com,-1,,,
tourismnewfoundland.com,-1,,,
studie.jp,-1,,,
treehugger.com,-1,,,
trimfitnessstudio.com,-1,,,
laundrywala.in,-1,,,
californianclosets.com,-1,,,
greatitalianchefs.com,-1,,,
dentalfactor.it,-1,,,
housedigest.com,-1,,,
craftystacie.com,-1,,,
mixedmakeup.com,-1,,,
animalfriends.co.uk,-1,,,
uclahealth.org,-1,,,
northernterritory.com,-1,,,
number8cooking.com,-1,,,
dailyburn.com,-1,,,
phrma.org,-1,,,
soulcycle.com,-1,,,
shabbynestblog.com,-1,,,
hooverdirect.co.uk,-1,,,
scholistico.com,-1,,,
gautam-rangan.tumblr.com,-1,,,
browniesfordinner.com,-1,,,
thedesignedit.com.au,-1,,,
monsoonspice.com,-1,,,
decorsteals.com,-1,,,
ecohome.net,-1,,,
kingfishersnest.com,-1,,,
pickuplimes.com,-1,,,
modestmavenblog.com,-1,,,
omahafashionweek.com,-1,,,
betterhealth.vic.gov.au,-1,,,
imademywardrobe.com,-1,,,
peoplekeep.com,-1,,,
blacktailstudio.com,-1,,,
housebeautiful.com,-1,,,
home-storage-solutions-101.com,-1,,,
inforum.com,-1,,,
rhs.org.uk,-1,,,
clevelandclinic.org,-1,,,
mashable.com,-1,,,
roughguides.com,-1,,,
microlife.com,-1,,,
ethis.co.uk,-1,,,
logcabins.co.uk,-1,,,
oldbrandnew.com,-1,,,
instructables.com,-1,,,
bipolaralliance.org,-1,,,
anyreasonvegans.com,-1,,,
crunch.com,-1,,,
brookings.edu,-1,,,
lovecrafts.com,-1,,,
happyherbivore.com,-1,,,
themodernproper.com,-1,,,
dailystrength.org,-1,,,
beeorganized.com,-1,,,
thelatinkitchen.com,-1,,,
getyourtrimon.com,-1,,,
holistictherapytribe.com,-1,,,
handmandady.com,-1,,,
thesorrygirls.com,-1,,,
alifemoreorganised.co.uk,-1,,,
pc.gc.ca,-1,,,
closetome.com,-1,,,
salvagesisterandmister.com,-1,,,
robertsfamilyinsurance.net,-1,,,
drawman.blogspot.com,-1,,,
asthma.net,-1,,,
foodntours.com,-1,,,
thrively.co,-1,,,
cleanmama.net,-1,,,
doodlecraftblog.com,-1,,,
humnutrition.com,-1,,,
familycircle.com,-1,,,
sustainablelifestyle.org,-1,,,
travelalberta.com,-1,,,
inward.io,-1,,,
torbayandsouthdevon.nhs.uk,-1,,,
french-secrets.com,-1,,,
carolascuisine.com.au,-1,,,
mydomaine.com,-1,,,
neatmethod.com,-1,,,
saveur.com,-1,,,
ChildCare.gov,-1,,,
meatwave.com,-1,,,
minimalistvegan.com,-1,,,
taim.io,-1,,,
recipe-free.com,-1,,,
healthiermanchester.org,-1,,,
visitnyc.com,-1,,,
thanksfully.com,-1,,,
rxlist.com,-1,,,
ethnicfoodsrus.com,-1,,,
makeupandbeautyguides.com,-1,,,
crafttestdummies.com,-1,,,
pcrm.org,-1,,,
tripit.com,-1,,,
menolabs.com,-1,,,
beautyevergreen.com,-1,,,
medlineplus.gov,-1,,,
lifewithclottedcream.com,-1,,,
scarymommy.com,-1,,,
the-scientist.com,-1,,,
healthychildren.org,-1,,,
morelikehome.co,-1,,,
goodhousekeeping.com,-1,,,
computer.howstuffworks.com,-1,,,
hometransformation.ca,-1,,,
purdueglobal.edu,-1,,,
fisherpub.sjf.edu,-1,,,
thebalance.com,-1,,,
ynab.com,-1,,,
hair-affair.co.ukcrystalcleanhousekeepingservices.com,-1,,,
apartmenttherapy.com,-1,,,
lacoquette.com,-1,,,
orangetreeinteriors.com,-1,,,
people.com,-1,,,
verywellfamily.com,-1,,,
leahpetersfitness.com,-1,,,
pets4homes.co.uk,-1,,,
wellsteps.com,-1,,,
theceramicsblog.com,-1,,,
craftandneedle.com,-1,,,
ronhazelton.com,-1,,,
glutenfreegoddess.blogspot.com,-1,,,
flowerpotkitchen.blogspot.com,-1,,,
my.clevelandclinic.org,-1,,,
animalhealthcenterwichita.com,-1,,,
woodmagazine.com,-1,,,
ascookbook.com,-1,,,
mindfulliving.blog,-1,,,
chewy.com,-1,,,
sciencedaily.com,-1,,,
atozworldfood.com,-1,,,
menopausenaturalsolutions.com,-1,,,
foodista.com,-1,,,
rove.me,-1,,,
ndliving.com,-1,,,
apps.apple.com,-1,,,
cde.ca.gov,-1,,,
wtbaker.com,-1,,,
recipecircus.com,-1,,,
verbiton.com,-1,,,
homedesigning.com,-1,,,
diybeautify.com,-1,,,
goodtherapy.org,-1,,,
1000lifehacks.com,-1,,,
hotwire.com,-1,,,
theordinarylovely.com,-1,,,
citizen-finance.medium.com,-1,,,
azcentral.com,-1,,,
byrdie.com,-1,,,
iida.org,-1,,,
bioneurix.com,-1,,,
netcooks.com,-1,,,
theravive.com,-1,,,
flexhouse.org,-1,,,
aqualivingvillas.com,-1,,,
restaurantkitchen.org,-1,,,
thespruce.com,-1,,,
onefinedaychicago.com,-1,,,
citywidemoldmitigation.com,-1,,,
euronews.com,-1,,,
isleofmaynnr.wordpress.com,-1,,,
sustainablychic.com,-1,,,
mindfulness.com,-1,,,
nestedfi.medium.com,-1,,,
momondo.com,-1,,,
peterwalshdesign.com,-1,,,
belfasttelegraph.co.uk,-1,,,
nutrition-and-you.com,-1,,,
thistlegirl.com,-1,,,
tastingtable.com,-1,,,
blog.thatcleanlife.com,-1,,,
dailynest.com,-1,,,
healthifyme.com:443,-1,,,
bikingtoronto.com,-1,,,
designlovefest.com,-1,,,
english-online.at,-1,,,
artofmanliness.com,-1,,,
botanical.com,-1,,,
enmococinahoy.com,-1,,,
findingnature.org.uk,-1,,,
tourismvancouver.com,-1,,,
moneydigest.com,-1,,,
travelandleisure.com,-1,,,
thebeautybarn.com,-1,,,
foodsforbetterhealth.com,-1,,,
dailycookingquest.com,-1,,,
justapinch.com,-1,,,
petmd.com,-1,,,
thankfulhomemaker.com,-1,,,
savingadvice.com,-1,,,
organizeit.com,-1,,,
trundless.com,-1,,,
diylivingspace.net,-1,,,
diyanu.com,-1,,,
montanafarmhouse.co,-1,,,
progressiveplantpower.com,-1,,,
katnsatoshiinjapan.blogspot.com,-1,,,
createfashionbrand.com,-1,,,
coohom.com,-1,,,
standard.co.uk,-1,,,
homeandgardentvblog.com,-1,,,
urologyhealth.org,-1,,,
beglobalii.com,-1,,,
homeanddecor.co.uk,-1,,,
unclutterer.com,-1,,,
patientadvocate.org,-1,,,
simplycook.com:443,-1,,,
verywellfit.com,-1,,,
craftgawker.com,-1,,,
eduwiseup.com,-1,,,
utia.tennessee.edu,-1,,,
visitscotland.com,-1,,,
practo.com,-1,,,
learnlanguagesfast.com,-1,,,
foodrepublic.com,-1,,,
greatdealsforshoppers.com,-1,,,
hortmag.com,-1,,,
organizeadhd.com,-1,,,
landscapingnetwork.com,-1,,,
owlovertheworld.com,-1,,,
latoyah.co.uk,-1,,,
recipes-plus.com,-1,,,
edition.cnn.com,-1,,,
momadvice.com,-1,,,
lovehandles.uk.com,-1,,,
realestate.usnews.com,-1,,,
diablocrossfit.com,-1,,,
rgare.com,-1,,,
backyardboss.net,-1,,,
elliegreenwood.blogspot.com,-1,,,
network-guides.com,-1,,,
mappcraft.com,-1,,,
thehomemakery.co.uk,-1,,,
mychicobsession.com,-1,,,
themakerette.net,-1,,,
mindfulness-based-wellness.com,-1,,,
diy.daniellekepple.com,-1,,,
simplysarah.ca,-1,,,
levelup-hq.com,-1,,,
prettyorganizedpalace.com,-1,,,
