[2025-11-05 06:30:01] Success: 10web.io -> 0 posts
[2025-11-05 06:30:01] WordPress but restricted: 101cookbooks.com (HTTP 403)
[2025-11-05 06:30:02] Success: 15worksheets.com -> 0 posts
[2025-11-05 06:30:02] Success: 1001patterns.com -> 558 posts
[2025-11-05 06:30:02] Success: 101artists.com -> 56 posts
[2025-11-05 06:30:02] Success: 1millionideas.com -> 3992 posts
[2025-11-05 06:30:02] Success: 12wbt.com -> 1098 posts
[2025-11-05 06:30:02] Success: 17ddblog.com -> 254 posts
[2025-11-05 06:30:02] Success: 15andmeowing.com -> 4104 posts
[2025-11-05 06:30:03] Not WordPress or API disabled: 1000lifehacks.com
[2025-11-05 06:30:03] Success: 1stchoiceplumbingsd.com -> 797 posts
[2025-11-05 06:30:03] Success: 1gamerdash.com -> 695 posts
[2025-11-05 06:30:03] Success: 1stopwash.com -> 45 posts
[2025-11-05 06:30:03] Success: 104homestead.com -> 390 posts
[2025-11-05 06:30:03] Success: 24hourfloodpros.com -> 106 posts
[2025-11-05 06:30:04] Success: 2blissofbaking.com -> 443 posts
[2025-11-05 06:30:04] Success: 1stpersonaldevelopment.com -> 729 posts
[2025-11-05 06:30:04] Success: 24hourfloodpros.com -> 106 posts
[2025-11-05 06:30:04] Success: 100daysofrealfood.com -> 1377 posts
[2025-11-05 06:30:04] Success: 136home.com -> 386 posts
[2025-11-05 06:30:04] Success: 12taste.com -> 49 posts
[2025-11-05 06:30:04] Success: 2-10.com -> 1127 posts
[2025-11-05 06:30:04] Success: 302properties.com -> 457 posts
[2025-11-05 06:30:04] Success: 136home.com -> 386 posts
[2025-11-05 06:30:05] Success: 30minutecrafts.com -> 1152 posts
[2025-11-05 06:30:05] Success: 196flavors.com -> 1807 posts
[2025-11-05 06:30:05] Success: 1training.org -> 122 posts
[2025-11-05 06:30:05] Success: 247calculator.com -> 124 posts
[2025-11-05 06:30:05] Success: 40aprons.com -> 1559 posts
[2025-11-05 06:30:05] Success: 3040english.info -> 2602 posts
[2025-11-05 06:30:05] Success: 6q.io -> 921 posts
[2025-11-05 06:30:05] Success: 2ulaundry.com -> 72 posts
[2025-11-05 06:30:05] Success: 2thesunnyside.com -> 464 posts
[2025-11-05 06:30:05] Success: 4cornerresources.com -> 405 posts
[2025-11-05 06:30:06] Success: 40plusstyle.com -> 1070 posts
[2025-11-05 06:30:06] Connection error: 70recipes.com
[2025-11-05 06:30:06] Success: 30daychallengedude.com -> 34 posts
[2025-11-05 06:30:06] Success: 3boysandadog.com -> 5032 posts
[2025-11-05 06:30:06] Not WordPress or API disabled: 5spicecookery.com
[2025-11-05 06:30:06] Success: 770coolair.com -> 12 posts
[2025-11-05 06:30:06] Success: 1stoplaundry.com -> 9 posts
[2025-11-05 06:30:06] Success: 5minutesformom.com -> 8386 posts
[2025-11-05 06:30:06] Success: 9to5chic.com -> 2842 posts
[2025-11-05 06:30:06] Success: 5dollardinners.com -> 3075 posts
[2025-11-05 06:30:07] Success: 52perfectdays.com -> 918 posts
[2025-11-05 06:30:07] Success: 360clean.com -> 197 posts
[2025-11-05 06:30:07] Not WordPress or API disabled: ChildCare.gov
[2025-11-05 06:30:07] Success: a10yoob.com -> 650 posts
[2025-11-05 06:30:07] Success: a2gardenguides.com -> 0 posts
[2025-11-05 06:30:08] Success: 90daykorean.com -> 537 posts
[2025-11-05 06:30:08] Not WordPress or API disabled: House-Improvements.com
[2025-11-05 06:30:08] Success: 7brew-menus.com -> 53 posts
[2025-11-05 06:30:08] Success: 80twentynutrition.com -> 335 posts
[2025-11-05 06:30:08] Success: aactofloveadoptions.com -> 157 posts
[2025-11-05 06:30:08] WordPress but no count header: Cooks.com
[2025-11-05 06:30:08] Success: aarogyasamhita.com -> 0 posts
[2025-11-05 06:30:08] Success: a10yoob.com -> 650 posts
[2025-11-05 06:30:08] Success: aaastl.com -> 221 posts
[2025-11-05 06:30:09] Success: aaastl.com -> 221 posts
[2025-11-05 06:30:09] Success: a7la-home.com -> 15437 posts
[2025-11-05 06:30:09] Success: 9to5google.com -> 58519 posts
[2025-11-05 06:30:09] Success: aaptiv.com -> 0 posts
[2025-11-05 06:30:09] Success: a4fitness.com -> 31605 posts
[2025-11-05 06:30:09] Not WordPress or API disabled: abc.net.au
[2025-11-05 06:30:10] Success: 911appliance.com -> 490 posts
[2025-11-05 06:30:10] WordPress but no count header: aarp.org
[2025-11-05 06:30:10] Success: aanmc.org -> 923 posts
[2025-11-05 06:30:10] Success: abeautifullyfitsoul.com -> 67 posts
[2025-11-05 06:30:10] Success: abcservertraining.com -> 107 posts
[2025-11-05 06:30:10] Success: abeautifullyfitsoul.com -> 67 posts
[2025-11-05 06:30:10] Success: abbylangernutrition.com -> 496 posts
[2025-11-05 06:30:11] Success: abakingjourney.com -> 334 posts
[2025-11-05 06:30:11] Success: abbottsathome.com -> 303 posts
[2025-11-05 06:30:11] Success: abeautifulmess.com -> 3904 posts
[2025-11-05 06:30:11] Unknown status: about.com (HTTP 460)
[2025-11-05 06:30:11] Success: abigailalbers.com -> 680 posts
[2025-11-05 06:30:12] Success: ablissfulnest.com -> 1529 posts
[2025-11-05 06:30:12] Success: abbeyskitchen.com -> 896 posts
[2025-11-05 06:30:12] Success: about.easil.com -> 232 posts
[2025-11-05 06:30:12] Success: about.easil.com -> 232 posts
[2025-11-05 06:30:12] Success: abbikirstencollections.com -> 424 posts
[2025-11-05 06:30:12] Success: abmeyerwood.com -> 3008 posts
[2025-11-05 06:30:12] Success: 101planners.com -> 475 posts
[2025-11-05 06:30:13] Success: abeautyedit.com -> 302 posts
[2025-11-05 06:30:13] Success: abowlfulloflemons.net -> 1240 posts
[2025-11-05 06:30:14] Success: aboveaveragecoffee.com -> 368 posts
[2025-11-05 06:30:14] Success: aboveaveragecoffee.com -> 368 posts
[2025-11-05 06:30:14] Success: 101planners.com -> 475 posts
[2025-11-05 06:30:14] Success: academiabees.com -> 113 posts
[2025-11-05 06:30:14] Success: abchomecare.com -> 50 posts
[2025-11-05 06:30:14] Success: absolutemgmt.com -> 305 posts
[2025-11-05 06:30:15] Success: ablossominglife.com -> 482 posts
[2025-11-05 06:30:15] Success: aaafoodhandler.com -> 143 posts
[2025-11-05 06:30:15] Success: academyofcompanionanimalnutrition.com -> 0 posts
[2025-11-05 06:30:15] Success: abundanceofflavor.com -> 160 posts
[2025-11-05 06:30:15] Success: 100directions.com -> 1157 posts
[2025-11-05 06:30:16] Success: aaheating.com -> 144 posts
[2025-11-05 06:30:16] Success: abundanceorganizing.com -> 210 posts
[2025-11-05 06:30:16] Success: academicresourcecenter.harvard.edu -> 26 posts
[2025-11-05 06:30:16] Success: acamporainteriors.com -> 122 posts
[2025-11-05 06:30:16] Success: accuratetechservices.com -> 36 posts
[2025-11-05 06:30:17] WordPress but no count header: acleanbee.com
[2025-11-05 06:30:17] Success: aboutaustralia.com -> 102 posts
[2025-11-05 06:30:17] Success: academytraining.co.za -> 0 posts
[2025-11-05 06:30:17] Success: accentondesign.net -> 651 posts
[2025-11-05 06:30:17] Success: acemannjr.com -> 612 posts
[2025-11-05 06:30:17] Success: acelaundry.com -> 47 posts
[2025-11-05 06:30:17] Success: accountingforeveryone.com -> 2450 posts
[2025-11-05 06:30:18] Success: aconsciousrethink.com -> 4522 posts
[2025-11-05 06:30:18] Success: accessbathroom.com -> 877 posts
[2025-11-05 06:30:19] Success: aces.edu -> 0 posts
[2025-11-05 06:30:19] Success: acontecimiento.com -> 4507 posts
[2025-11-05 06:30:19] Success: acentsationallife.com -> 52 posts
[2025-11-05 06:30:19] Success: ackermans.com -> 26 posts
[2025-11-05 06:30:19] Success: acozykitchen.com -> 691 posts
[2025-11-05 06:30:20] Success: achology.com -> 151 posts
[2025-11-05 06:30:20] Success: acraftylife.com -> 363 posts
[2025-11-05 06:30:20] Success: acraftylife.com -> 363 posts
[2025-11-05 06:30:20] Connection error: acupressureguide.com
[2025-11-05 06:30:21] Success: acouplecooks.com -> 3965 posts
[2025-11-05 06:30:21] Success: acrylgiessen.com -> 220 posts
[2025-11-05 06:30:21] Success: acultivatednest.com -> 2397 posts
[2025-11-05 06:30:21] Success: acs-advancedcooling.com -> 58 posts
[2025-11-05 06:30:21] Connection error: adamssafety.com
[2025-11-05 06:30:22] Success: acookscompanion.com -> 134 posts
[2025-11-05 06:30:22] Success: acrylicpaintingschool.com -> 252 posts
[2025-11-05 06:30:22] Success: adamcleaning.uk -> 10019 posts
[2025-11-05 06:30:22] Not WordPress or API disabled: acefitness.org
[2025-11-05 06:30:22] Success: adamtasty.com -> 381 posts
[2025-11-05 06:30:22] Success: adamsacademy.com -> 36 posts
[2025-11-05 06:30:22] Success: adamrosner.com -> 9 posts
[2025-11-05 06:30:22] Success: abrighterhome.co.uk -> 11 posts
[2025-11-05 06:30:23] Success: acoupledaystravel.com -> 240 posts
[2025-11-05 06:30:23] Connection error: adamssafety.com
[2025-11-05 06:30:23] Success: adayinourshoes.com -> 940 posts
[2025-11-05 06:30:23] Success: adayinourshoes.com -> 940 posts
[2025-11-05 06:30:23] Success: adaringadventure.com -> 721 posts
[2025-11-05 06:30:24] Success: addapinch.com -> 1705 posts
[2025-11-05 06:30:24] Success: academiasquare.com -> 27 posts
[2025-11-05 06:30:24] Success: adc-us.com -> 72 posts
[2025-11-05 06:30:24] Success: addalittleadventure.com -> 486 posts
[2025-11-05 06:30:24] Success: adcampbellhvac.com -> 19 posts
[2025-11-05 06:30:24] Success: adhdonline.com -> 481 posts
[2025-11-05 06:30:24] Success: adebtfreestressfreelife.com -> 720 posts
[2025-11-05 06:30:25] Success: adhd-workbook.com -> 1146 posts
[2025-11-05 06:30:25] Success: addicted2decorating.com -> 3219 posts
[2025-11-05 06:30:25] Success: additudemag.com -> 8160 posts
[2025-11-05 06:30:25] Success: add.org -> 556 posts
[2025-11-05 06:30:25] Success: adoption.com -> 2 posts
[2025-11-05 06:30:25] Success: adimesaved.com -> 3622 posts
[2025-11-05 06:30:25] Success: adorno.design -> 612 posts
[2025-11-05 06:30:26] Success: adhdgoat.com -> 21 posts
[2025-11-05 06:30:26] Success: adirondackgirlatheart.com -> 783 posts
[2025-11-05 06:30:26] Success: adoncps.com -> 98 posts
[2025-11-05 06:30:26] Success: adldata.org -> 280 posts
[2025-11-05 06:30:26] Success: adishofdailylife.com -> 844 posts
[2025-11-05 06:30:26] Success: advance-recycling.com -> 8 posts
[2025-11-05 06:30:26] Connection error: 4h.tennessee.edu
[2025-11-05 06:30:27] Success: adepco.com.sg -> 34 posts
[2025-11-05 06:30:27] Success: 99acorns.com -> 393 posts
[2025-11-05 06:30:27] Success: adaptyourdollars.com -> 286 posts
[2025-11-05 06:30:27] Success: adventurefaktory.com -> 700 posts
[2025-11-05 06:30:27] WordPress but no count header: addicted2diy.com
[2025-11-05 06:30:27] Success: advancedintegratedhealth.com -> 128 posts
[2025-11-05 06:30:27] WordPress but restricted: adventurousmiriam.com (HTTP 403)
[2025-11-05 06:30:27] Success: advice.jobs2careers.com -> 383 posts
[2025-11-05 06:30:28] Success: adultingstartshere.com -> 119 posts
[2025-11-05 06:30:28] Success: adultingonthespectrum.com -> 77 posts
[2025-11-05 06:30:28] Not WordPress or API disabled: adventuretravelnews.com
[2025-11-05 06:30:29] Success: adventuretravelfamily.com -> 463 posts
[2025-11-05 06:30:29] Success: admin.findatopdoc.com -> 25375 posts
[2025-11-05 06:30:29] Success: afcurgentcare.com -> 323 posts
[2025-11-05 06:30:29] Success: aereco.com -> 0 posts
[2025-11-05 06:30:29] Success: affordanything.com -> 946 posts
[2025-11-05 06:30:29] Success: adventureinyou.com -> 1202 posts
[2025-11-05 06:30:29] Success: actuallyeasyblogging.com -> 89 posts
[2025-11-05 06:30:29] Success: addall.com -> 43363 posts
[2025-11-05 06:30:29] Success: afarmgirlsdabbles.com -> 1023 posts
[2025-11-05 06:30:30] Success: advicescout.com -> 1482 posts
[2025-11-05 06:30:30] Success: afiyamagazine.com -> 202 posts
[2025-11-05 06:30:30] Success: afamilyfeast.com -> 2027 posts
[2025-11-05 06:30:30] Success: afrocosmopolitan.com -> 3010 posts
[2025-11-05 06:30:31] Success: africanbites.com -> 1567 posts
[2025-11-05 06:30:31] Success: afoodloverskitchen.com -> 1039 posts
[2025-11-05 06:30:31] Success: admiresimple.com -> 55 posts
[2025-11-05 06:30:31] Success: afrogistmedia.com -> 1245 posts
[2025-11-05 06:30:31] Success: afamuche.com -> 661 posts
[2025-11-05 06:30:31] Success: afrovitalityeats.com -> 209 posts
[2025-11-05 06:30:32] Success: afhh.org -> 111 posts
[2025-11-05 06:30:33] Success: afternoonteareads.com -> 371 posts
[2025-11-05 06:30:33] Connection error: aborysenko.com
[2025-11-05 06:30:33] Connection error: aborysenko.com
[2025-11-05 06:30:33] Success: agirlandagluegun.com -> 1697 posts
[2025-11-05 06:30:33] Success: agnnestreasures.com -> 135 posts
[2025-11-05 06:30:33] WordPress but restricted: agreatertown.com (HTTP 403)
[2025-11-05 06:30:33] Success: ageful.com -> 561 posts
[2025-11-05 06:30:33] Success: agendacreativa.com -> 350 posts
[2025-11-05 06:30:33] Success: ageful.com -> 561 posts
[2025-11-05 06:30:33] Success: agcu.org -> 210 posts
[2025-11-05 06:30:33] Success: aelieve.com -> 21 posts
[2025-11-05 06:30:33] Success: afrifoodnetwork.com -> 1103 posts
[2025-11-05 06:30:34] Success: agrilifeextension.tamu.edu -> 29 posts
[2025-11-05 06:30:34] Not WordPress or API disabled: aglugofoil.com
[2025-11-05 06:30:34] Success: afullliving.com -> 479 posts
[2025-11-05 06:30:34] Success: afth.org -> 1077 posts
[2025-11-05 06:30:34] Success: affordablemealprep.com -> 8302 posts
[2025-11-05 06:30:34] Success: agrifarming.in -> 3114 posts
[2025-11-05 06:30:34] Success: agriculture.institute -> 6774 posts
[2025-11-05 06:30:35] Success: ahdogboarding.com -> 0 posts
[2025-11-05 06:30:35] Success: agriculturegrowing.com -> 102 posts
[2025-11-05 06:30:35] Success: afullliving.com -> 479 posts
[2025-11-05 06:30:35] Success: agrolearner.com -> 1292 posts
[2025-11-05 06:30:35] Success: agricultureinindia.net -> 1319 posts
[2025-11-05 06:30:35] Not WordPress or API disabled: afternic.com
[2025-11-05 06:30:35] Success: agricultureinindia.net -> 1319 posts
[2025-11-05 06:30:35] Success: agriculturegrowing.com -> 102 posts
[2025-11-05 06:30:36] WordPress but no count header: ahomecrafter.com
[2025-11-05 06:30:36] Success: aheadofthyme.com -> 1649 posts
[2025-11-05 06:30:36] Success: ahsgardening.org -> 31 posts
[2025-11-05 06:30:36] Success: ahouseinthehills.com -> 5544 posts
[2025-11-05 06:30:36] Success: ahtcs.org.np -> 142 posts
[2025-11-05 06:30:36] Success: ahealthysliceoflife.com -> 2705 posts
[2025-11-05 06:30:36] Success: ahmfurniture.com -> 23 posts
[2025-11-05 06:30:37] Success: ahha.org -> 415 posts
[2025-11-05 06:30:37] Not WordPress or API disabled: aimeesfitnessblog.blogspot.com
[2025-11-05 06:30:37] Success: aiellolandscape.com -> 15 posts
[2025-11-05 06:30:38] WordPress but no count header: ai4beginners.com
[2025-11-05 06:30:38] Not WordPress or API disabled: ahaparenting.com
[2025-11-05 06:30:38] Success: ahundredaffections.com -> 600 posts
[2025-11-05 06:30:38] Success: ahundredaffections.com -> 600 posts
[2025-11-05 06:30:38] Success: aimdelicious.com -> 445 posts
[2025-11-05 06:30:38] Success: aimdelicious.com -> 445 posts
[2025-11-05 06:30:38] Success: ahit.com -> 180 posts
[2025-11-05 06:30:38] Success: airaceheatingandcooling.com -> 51 posts
[2025-11-05 06:30:39] Success: aimultiprompter.com -> 981 posts
[2025-11-05 06:30:39] Success: aheartfilledhome.com -> 213 posts
[2025-11-05 06:30:39] Success: air-quality-eng.com -> 85 posts
[2025-11-05 06:30:39] Success: aikagi-jpn.com -> 79 posts
[2025-11-05 06:30:40] Success: airconexperts.ph -> 419 posts
[2025-11-05 06:30:40] Success: airfryers.net -> 55 posts
[2025-11-05 06:30:40] Success: airfryerbaking.com -> 31 posts
[2025-11-05 06:30:40] Success: airfryerfanatics.com -> 388 posts
[2025-11-05 06:30:40] Success: airconexperts.ph -> 419 posts
[2025-11-05 06:30:40] Success: agirlbeingfrugal.com -> 214 posts
[2025-11-05 06:30:40] Success: airfryanytime.com -> 257 posts
[2025-11-05 06:30:41] Success: afrenet.org -> 52 posts
[2025-11-05 06:30:41] Success: airfryeryum.com -> 260 posts
[2025-11-05 06:30:41] Success: airpurey.com -> 2017 posts
[2025-11-05 06:30:41] Success: airconditionerlab.com -> 97 posts
[2025-11-05 06:30:41] WordPress but restricted: airscenty.com (HTTP 403)
[2025-11-05 06:30:41] Success: aircomfortheatingandair.com -> 0 posts
[2025-11-05 06:30:41] Success: airlucent.com -> 321 posts
[2025-11-05 06:30:41] WordPress but restricted: aiu.edu (HTTP 403)
[2025-11-05 06:30:42] Success: airpurifierfirst.com -> 376 posts
[2025-11-05 06:30:42] Success: airpurifierissues.com -> 999 posts
[2025-11-05 06:30:42] Success: akc.org -> 0 posts
[2025-11-05 06:30:42] Not WordPress or API disabled: ajoyfulcottage.com
[2025-11-05 06:30:42] Success: alcasthq.com -> 1135 posts
[2025-11-05 06:30:43] Success: 7brewnutrition.store -> 6 posts
[2025-11-05 06:30:43] Not WordPress or API disabled: alchemybread.com
[2025-11-05 06:30:43] Success: airtasker.com -> 0 posts
[2025-11-05 06:30:43] Success: airtasker.com -> 0 posts
[2025-11-05 06:30:43] Success: albanhandymanservices.com -> 0 posts
[2025-11-05 06:30:43] Success: airpurifyzone.com -> 47 posts
[2025-11-05 06:30:43] Not WordPress or API disabled: akramyoga.co.uk
[2025-11-05 06:30:43] Success: aislingkellynutrition.ie -> 8 posts
[2025-11-05 06:30:43] Success: alicatstudios.com -> 35 posts
[2025-11-05 06:30:43] Success: acleanvision.com -> 147 posts
[2025-11-05 06:30:43] Success: airpurifyzone.com -> 47 posts
[2025-11-05 06:30:43] Success: ajgwillfixit.com -> 7 posts
[2025-11-05 06:30:43] Success: aislesoflife.com -> 385 posts
[2025-11-05 06:30:43] Success: alifedelicious.com -> 176 posts
[2025-11-05 06:30:43] Not WordPress or API disabled: alicelanehome.com
[2025-11-05 06:30:44] Success: alienfusiongenerator.com -> 11 posts
[2025-11-05 06:30:44] Success: aislingkellynutrition.ie -> 8 posts
[2025-11-05 06:30:44] Success: alekasgettogether.com -> 424 posts
[2025-11-05 06:30:44] Not WordPress or API disabled: alifemoreorganised.co.uk
[2025-11-05 06:30:44] Success: alexandracooks.com -> 1074 posts
[2025-11-05 06:30:44] Success: airpurifiermaster.com -> 105 posts
[2025-11-05 06:30:44] Success: alignedmedicalgroup.com -> 27 posts
[2025-11-05 06:30:45] Success: allaboutcats.com -> 2038 posts
[2025-11-05 06:30:45] Not WordPress or API disabled: all-creatures.org
[2025-11-05 06:30:45] Success: algorithmman.com -> 85 posts
[2025-11-05 06:30:45] Success: alignhealthcoaching.com -> 104 posts
[2025-11-05 06:30:45] Not WordPress or API disabled: allaboutcleanliness.com
[2025-11-05 06:30:45] Success: alfreyandpruittcounseling.com -> 47 posts
[2025-11-05 06:30:46] WordPress but restricted: allergicliving.com (HTTP 403)
[2025-11-05 06:30:46] Success: alittleinsanity.com -> 163 posts
[2025-11-05 06:30:46] Not WordPress or API disabled: aeroprecipe.com
[2025-11-05 06:30:46] Success: alicedias.com -> 665 posts
[2025-11-05 06:30:46] Success: alisbh.com -> 836 posts
[2025-11-05 06:30:46] Not WordPress or API disabled: allergyamulet.com
[2025-11-05 06:30:46] Success: alisbh.com -> 836 posts
[2025-11-05 06:30:46] Success: alldayidreamaboutfood.com -> 1240 posts
[2025-11-05 06:30:46] Success: allclimate.net -> 27 posts
[2025-11-05 06:30:46] Success: allaboardstorage.com -> 56 posts
[2025-11-05 06:30:46] Success: airpurifiers.com -> 391 posts
[2025-11-05 06:30:47] Success: allergyasthmanetwork.org -> 569 posts
[2025-11-05 06:30:47] Success: allaboutparrots.com -> 352 posts
[2025-11-05 06:30:47] Success: allfaithsfoodbank.org -> 1 posts
[2025-11-05 06:30:47] Success: allfaithsfoodbank.org -> 1 posts
[2025-11-05 06:30:47] Success: alleycat.org -> 1777 posts
[2025-11-05 06:30:47] WordPress but restricted: allergictraveler.net (HTTP 401)
[2025-11-05 06:30:47] Success: allbetterapp.com -> 418 posts
[2025-11-05 06:30:47] Success: allchickenrecipes.com -> 1711 posts
[2025-11-05 06:30:48] Success: alenusa.com -> 4 posts
[2025-11-05 06:30:48] Success: alisonsnotebook.com -> 541 posts
[2025-11-05 06:30:48] Unknown status: allpeoplequilt.com (HTTP 460)
[2025-11-05 06:30:48] Success: allergyawesomeness.com -> 384 posts
[2025-11-05 06:30:48] Unknown status: allrecipes.com (HTTP 460)
[2025-11-05 06:30:48] Success: allmychildrendaycare.com -> 1171 posts
[2025-11-05 06:30:48] Success: allinthedifference.com -> 6218 posts
[2025-11-05 06:30:48] Success: allisajacobs.com -> 175 posts
[2025-11-05 06:30:48] Success: allrecipesbeginner.com -> 9601 posts
[2025-11-05 06:30:48] Success: allfurnitureservices.com -> 0 posts
[2025-11-05 06:30:49] Success: aliciatenise.com -> 1362 posts
[2025-11-05 06:30:49] WordPress but no count header: allnaturalideas.com
[2025-11-05 06:30:49] Success: allrecipesecret.com -> 842 posts
[2025-11-05 06:30:49] Success: allergyadviceatoz.com -> 755 posts
[2025-11-05 06:30:49] Success: allseniors.org -> 0 posts
[2025-11-05 06:30:49] Success: allthenoodles.com -> 113 posts
[2025-11-05 06:30:50] Success: allrecipesdishes.com -> 297 posts
[2025-11-05 06:30:50] Success: allrecipesdishes.com -> 297 posts
[2025-11-05 06:30:50] Success: allnutritious.com -> 953 posts
[2025-11-05 06:30:50] Connection error: allthingspaperblog.com
[2025-11-05 06:30:50] Success: allsortsofsimple.com -> 50 posts
[2025-11-05 06:30:50] Success: allremedies.com -> 494 posts
[2025-11-05 06:30:50] Success: allthatscrapbook.com -> 122 posts
[2025-11-05 06:30:50] Not WordPress or API disabled: allthingspaper.net
[2025-11-05 06:30:50] Not WordPress or API disabled: alltop.com
[2025-11-05 06:30:50] Success: alltimedesign.com -> 771 posts
[2025-11-05 06:30:50] Success: alliancesolidaire.org -> 2504 posts
[2025-11-05 06:30:51] Success: airpurifierfaqs.com -> 261 posts
[2025-11-05 06:30:51] Success: allthehealthythings.com -> 813 posts
[2025-11-05 06:30:51] Success: allthingsdogs.com -> 571 posts
[2025-11-05 06:30:51] Not WordPress or API disabled: allure.com
[2025-11-05 06:30:51] Success: allthingsthrifty.com -> 1560 posts
[2025-11-05 06:30:51] Success: alltastesgerman.com -> 297 posts
[2025-11-05 06:30:51] Success: allure.ph -> 428 posts
[2025-11-05 06:30:51] Success: almostmakesperfect.com -> 1751 posts
[2025-11-05 06:30:52] Success: allnutribulletrecipes.com -> 185 posts
[2025-11-05 06:30:52] Success: allfreecrafts.com -> 1282 posts
[2025-11-05 06:30:52] Not WordPress or API disabled: alphabetsoup.net.au
[2025-11-05 06:30:53] Success: almostzerowaste.com -> 210 posts
[2025-11-05 06:30:53] Success: alphagalinformation.org -> 0 posts
[2025-11-05 06:30:53] Success: alohaintegrativehealth.com -> 97 posts
[2025-11-05 06:30:53] Success: allsaintsresort.com -> 34 posts
[2025-11-05 06:30:53] Success: allyouneedisbrunch.com -> 100 posts
[2025-11-05 06:30:53] Not WordPress or API disabled: altenew.com
[2025-11-05 06:30:53] WordPress but restricted: almanac.com (HTTP 403)
[2025-11-05 06:30:54] Success: allergyspot.com.au -> 160 posts
[2025-11-05 06:30:54] Success: alorahealth.com -> 337 posts
[2025-11-05 06:30:54] Success: alphafoodie.com -> 1280 posts
[2025-11-05 06:30:54] Success: almonddental.com -> 150 posts
[2025-11-05 06:30:54] Success: altasea.org -> 532 posts
[2025-11-05 06:30:54] Success: alovelylark.com -> 7 posts
[2025-11-05 06:30:54] Success: alvcoaching.com -> 585 posts
[2025-11-05 06:30:54] WordPress but restricted: amac.us (HTTP 403)
[2025-11-05 06:30:54] Success: alrightgotit.com -> 131 posts
[2025-11-05 06:30:54] Success: allweeat.com -> 393 posts
[2025-11-05 06:30:55] Success: altar.io -> 200 posts
[2025-11-05 06:30:55] Success: aluxurytravelblog.com -> 12987 posts
[2025-11-05 06:30:55] Success: alternahealthsolutions.com -> 120 posts
[2025-11-05 06:30:55] Success: alwaysusebutter.com -> 2800 posts
[2025-11-05 06:30:55] Success: altarofgaming.com -> 968 posts
[2025-11-05 06:30:55] Connection error: ahha.org
[2025-11-05 06:30:55] Success: alyssafontaine.com -> 89 posts
[2025-11-05 06:30:56] Success: alwaysreadyhq.com -> 1758 posts
[2025-11-05 06:30:56] Success: amatofurniture.com -> 3 posts
[2025-11-05 06:30:56] Success: alsothecrumbsplease.com -> 745 posts
[2025-11-05 06:30:56] Success: alwayseatdessert.com -> 166 posts
[2025-11-05 06:30:56] Success: amandascookin.com -> 2034 posts
[2025-11-05 06:30:56] Connection error: ahncc.org
[2025-11-05 06:30:56] Connection error: ahncc.org
[2025-11-05 06:30:56] Success: alshotchicken.com -> 1 posts
[2025-11-05 06:30:56] Success: amazingribs.com -> 838 posts
[2025-11-05 06:30:56] Success: americancollectors.com -> 269 posts
[2025-11-05 06:30:56] Success: amazingmemovement.com -> 794 posts
[2025-11-05 06:30:57] Success: amazeme.pl -> 282 posts
[2025-11-05 06:30:57] Success: ambitiouskitchen.com -> 1806 posts
[2025-11-05 06:30:57] Success: amecopress.net -> 129 posts
[2025-11-05 06:30:57] Success: altituderecovery.com -> 269 posts
[2025-11-05 06:30:57] Success: americandairy.com -> 444 posts
[2025-11-05 06:30:57] Success: americancourseacademy.com -> 111 posts
[2025-11-05 06:30:57] Success: amazingfoodanddrink.com -> 1814 posts
[2025-11-05 06:30:57] Success: alwaysdry247.com -> 201 posts
[2025-11-05 06:30:57] Success: americanhomemsr.com -> 22 posts
[2025-11-05 06:30:57] Success: americanbehavioralclinics.com -> 471 posts
[2025-11-05 06:30:58] Success: americanfarmsteadhers.com -> 232 posts
[2025-11-05 06:30:58] Success: aminimalhome.com -> 180 posts
[2025-11-05 06:30:58] Success: ambersnaturalnutrition.com -> 385 posts
[2025-11-05 06:30:58] Success: americanmigrainefoundation.org -> 0 posts
[2025-11-05 06:30:58] Success: americanfarmsteadhers.com -> 232 posts
[2025-11-05 06:30:58] Success: amarauche.com -> 41 posts
[2025-11-05 06:30:58] Success: aminimalhome.com -> 180 posts
[2025-11-05 06:30:58] WordPress but restricted: amishoakintexas.com (HTTP 403)
[2025-11-05 06:30:58] Success: amandaweldon.com -> 51 posts
[2025-11-05 06:30:59] Success: americanachoice.com -> 415 posts
[2025-11-05 06:30:59] Success: americanprofessionguide.com -> 15228 posts
[2025-11-05 06:30:59] Success: americanhealthtraining.com -> 190 posts
[2025-11-05 06:30:59] Success: americanpregnancy.org -> 688 posts
[2025-11-05 06:30:59] Success: amothersrandomthoughts.com -> 842 posts
[2025-11-05 06:30:59] Success: americancontingency.com -> 155 posts
[2025-11-05 06:30:59] Success: anaddwoman.com -> 1208 posts
[2025-11-05 06:30:59] Not WordPress or API disabled: americastestkitchen.com
[2025-11-05 06:30:59] Success: amourvert.com -> 736 posts
[2025-11-05 06:30:59] Success: ambitiouslyalexa.com -> 208 posts
[2025-11-05 06:30:59] Success: ameriside.com -> 178 posts
[2025-11-05 06:30:59] Success: amish-heritage.org -> 300 posts
[2025-11-05 06:31:00] Success: americanentrepreneurship.com -> 3371 posts
[2025-11-05 06:31:00] Success: amyinthekitchen.com -> 73 posts
[2025-11-05 06:31:00] Not WordPress or API disabled: ana-white.com
[2025-11-05 06:31:00] Success: americonrestoration.com -> 110 posts
[2025-11-05 06:31:00] Success: amycakesbakes.com -> 112 posts
[2025-11-05 06:31:00] Success: ancientcivs.blog -> 5818 posts
[2025-11-05 06:31:01] Success: amishrules.com -> 224 posts
[2025-11-05 06:31:01] Not WordPress or API disabled: amrapantics.com
[2025-11-05 06:31:01] Success: americanspcc.org -> 1149 posts
[2025-11-05 06:31:01] WordPress but restricted: andersonmagazine.com (HTTP 403)
[2025-11-05 06:31:01] Success: androidguys.com -> 16383 posts
[2025-11-05 06:31:01] Success: amummytoo.co.uk -> 864 posts
[2025-11-05 06:31:01] Success: andacademy.com -> 0 posts
[2025-11-05 06:31:01] Success: amumreviews.co.uk -> 6023 posts
[2025-11-05 06:31:01] Success: andrewskurka.com -> 952 posts
[2025-11-05 06:31:02] Success: andianne.com -> 727 posts
[2025-11-05 06:31:02] Success: ancientherbswisdom.com -> 530 posts
[2025-11-05 06:31:02] Success: andrewzimmern.com -> 1309 posts
[2025-11-05 06:31:02] Success: ancientherbswisdom.com -> 530 posts
[2025-11-05 06:31:02] Success: angelarosehome.com -> 259 posts
[2025-11-05 06:31:02] Success: anediblemosaic.com -> 1600 posts
[2025-11-05 06:31:02] Success: anastasiablogger.com -> 1437 posts
[2025-11-05 06:31:03] Success: angiesweb.com -> 348 posts
[2025-11-05 06:31:03] Success: anastasiablogger.com -> 1437 posts
[2025-11-05 06:31:03] Not WordPress or API disabled: angi.com
[2025-11-05 06:31:03] Success: andrewsrefinishing.com -> 6 posts
[2025-11-05 06:31:03] Success: androidally.com -> 160 posts
[2025-11-05 06:31:03] Success: amwomenmag.com -> 91 posts
[2025-11-05 06:31:03] Success: animalfoundation.com -> 286 posts
[2025-11-05 06:31:03] Connection error: animalcareacademy.com
[2025-11-05 06:31:04] Success: andreadekker.com -> 2534 posts
[2025-11-05 06:31:04] Success: androidheadlines.com -> 138148 posts
[2025-11-05 06:31:04] Success: ampainsoc.org -> 948 posts
[2025-11-05 06:31:04] Not WordPress or API disabled: angelaorecchio.com
[2025-11-05 06:31:04] WordPress but no count header: angelicaangeli.com
[2025-11-05 06:31:04] Connection error: animalcare.lacounty.gov
[2025-11-05 06:31:04] Success: anitaliandish.com -> 139 posts
[2025-11-05 06:31:04] Not WordPress or API disabled: animalfriends.co.uk
[2025-11-05 06:31:04] Success: angelaskitchen.com -> 1159 posts
[2025-11-05 06:31:05] Not WordPress or API disabled: angeladoptioninc.com
[2025-11-05 06:31:05] Success: anglerlawn.com -> 151 posts
[2025-11-05 06:31:05] Success: anexpertresume.com -> 148 posts
[2025-11-05 06:31:05] Success: anikasdiylife.com -> 516 posts
[2025-11-05 06:31:05] Success: animalhealthnewsandviews.com -> 1506 posts
[2025-11-05 06:31:05] Success: animalbehaviorcollege.com -> 1125 posts
[2025-11-05 06:31:05] Success: anitashousekeeping.com -> 276 posts
[2025-11-05 06:31:06] Success: angelwoodrefinishing.com -> 4 posts
[2025-11-05 06:31:06] Success: annadkornick.com -> 345 posts
[2025-11-05 06:31:06] Success: andreasnotebook.com -> 692 posts
[2025-11-05 06:31:06] Success: animalwellnessacademy.org -> 5533 posts
[2025-11-05 06:31:06] Success: annaeverywhere.com -> 514 posts
[2025-11-05 06:31:06] Success: annainthekitchen.com -> 169 posts
[2025-11-05 06:31:06] Success: annehutchinson.com -> 1011 posts
[2025-11-05 06:31:07] Success: annwoodhandmade.com -> 1226 posts
[2025-11-05 06:31:07] Success: annearundelfire.org -> 21 posts
[2025-11-05 06:31:07] Success: annmariegianni.com -> 1330 posts
[2025-11-05 06:31:08] Connection error: allinbrand.com
[2025-11-05 06:31:08] Not WordPress or API disabled: answers.com
[2025-11-05 06:31:08] Success: antimaximalist.com -> 738 posts
[2025-11-05 06:31:08] Success: animeoutline.com -> 166 posts
[2025-11-05 06:31:08] Success: anoregoncottage.com -> 1261 posts
[2025-11-05 06:31:08] Success: anoffgridlife.com -> 446 posts
[2025-11-05 06:31:08] Success: annmariejohn.com -> 6352 posts
[2025-11-05 06:31:09] Success: anxietycoach.mayoclinic.org -> 0 posts
[2025-11-05 06:31:09] Success: anthonyarms.com -> 88 posts
[2025-11-05 06:31:09] Success: anyclean.co.uk -> 222 posts
[2025-11-05 06:31:09] Success: anonna.net -> 87 posts
[2025-11-05 06:31:09] Success: anybabycan.org -> 168 posts
[2025-11-05 06:31:10] Success: anonna.net -> 87 posts
[2025-11-05 06:31:11] Success: anniec.org -> 266 posts
[2025-11-05 06:31:11] Success: apacentrepreneur.com -> 654 posts
[2025-11-05 06:31:11] Success: anthuriuminfo.com -> 456 posts
[2025-11-05 06:31:11] Not WordPress or API disabled: apartmenttherapy.com
[2025-11-05 06:31:11] WordPress but no count header: apetogentleman.com
[2025-11-05 06:31:11] WordPress but restricted: anywhereweroam.com (HTTP 401)
[2025-11-05 06:31:11] Success: anxietyguru.net -> 493 posts
[2025-11-05 06:31:11] Success: aparthotel.com -> 147 posts
[2025-11-05 06:31:12] Success: anitalianinmykitchen.com -> 1207 posts
[2025-11-05 06:31:12] Success: anitalianinmykitchen.com -> 1207 posts
[2025-11-05 06:31:12] WordPress but restricted: apnews.com (HTTP 403)
[2025-11-05 06:31:12] Success: apersonalorganizer.com -> 576 posts
[2025-11-05 06:31:12] WordPress but no count header: apinchofadventure.com
[2025-11-05 06:31:12] WordPress but no count header: apexcleanair.com
[2025-11-05 06:31:12] Success: anniec.org -> 266 posts
[2025-11-05 06:31:12] Success: antiquetreasures.us -> 0 posts
[2025-11-05 06:31:12] Success: applavia.com -> 696 posts
[2025-11-05 06:31:12] Success: animalwellnessguide.com -> 219 posts
[2025-11-05 06:31:13] Success: appletoolbox.com -> 3550 posts
[2025-11-05 06:31:13] Not WordPress or API disabled: apple.com
[2025-11-05 06:31:13] WordPress but no count header: appetitemag.co.uk
[2025-11-05 06:31:13] Success: apocalypseguys.com -> 465 posts
[2025-11-05 06:31:13] Success: anytimefitness.co.in -> 94 posts
[2025-11-05 06:31:14] Success: appkartstudio.com -> 410 posts
[2025-11-05 06:31:14] Success: appliancemastery.com -> 12781 posts
[2025-11-05 06:31:14] Success: apartmentapothecary.co.uk -> 602 posts
[2025-11-05 06:31:14] Success: appliancesfirst.com -> 24990 posts
[2025-11-05 06:31:14] Success: aplusairconditioning.com -> 228 posts
[2025-11-05 06:31:14] Success: appliancesfirst.com -> 24990 posts
[2025-11-05 06:31:14] Success: aplaceforanimals.com -> 3680 posts
[2025-11-05 06:31:15] Not WordPress or API disabled: apps.apple.com
[2025-11-05 06:31:15] Success: apexschool.com -> 2 posts
[2025-11-05 06:31:15] Success: applianceupdate.com -> 35423 posts
[2025-11-05 06:31:15] Success: applianceupdate.com -> 35423 posts
[2025-11-05 06:31:15] Success: appuals.com -> 12430 posts
[2025-11-05 06:31:15] Connection error: aprettycoollifestyle.com
[2025-11-05 06:31:15] Success: apptread.com -> 100 posts
[2025-11-05 06:31:15] Success: applegreencottage.com -> 479 posts
[2025-11-05 06:31:15] Success: appliancemind.com -> 28783 posts
[2025-11-05 06:31:15] Success: appliancemind.com -> 28783 posts
[2025-11-05 06:31:15] Success: appuals.com -> 12430 posts
[2025-11-05 06:31:15] Success: appetitejourney.com -> 57 posts
[2025-11-05 06:31:15] Success: apieceofrainbow.com -> 447 posts
[2025-11-05 06:31:15] Success: apps.nhslothian.scot -> 0 posts
[2025-11-05 06:31:16] Success: applianceguru.com -> 45 posts
[2025-11-05 06:31:16] Success: aprettyfix.com -> 433 posts
[2025-11-05 06:31:17] Success: aquaintlife.com -> 443 posts
[2025-11-05 06:31:17] Success: apt613.ca -> 10324 posts
[2025-11-05 06:31:17] Success: aquatic.vetmed.ufl.edu -> 40 posts
[2025-11-05 06:31:17] Success: appliancerecovery.com -> 60 posts
[2025-11-05 06:31:17] Success: ar.jugomobile.com -> 82337 posts
[2025-11-05 06:31:17] Not WordPress or API disabled: archanaskitchen.com:443
[2025-11-05 06:31:17] Success: apriljharris.com -> 673 posts
[2025-11-05 06:31:17] Success: aprettylifeinthesuburbs.com -> 1950 posts
[2025-11-05 06:31:17] Success: architecturaldigest.in -> 6090 posts
[2025-11-05 06:31:17] Success: anytimefitness.com -> 456 posts
[2025-11-05 06:31:17] Success: archeworks.org -> 0 posts
[2025-11-05 06:31:18] Success: apws.edu.in -> 87 posts
[2025-11-05 06:31:18] Not WordPress or API disabled: architecturaldigest.com
[2025-11-05 06:31:18] Not WordPress or API disabled: apsense.com
[2025-11-05 06:31:18] Success: araven.com -> 0 posts
[2025-11-05 06:31:18] Success: arabmls.org -> 9015 posts
[2025-11-05 06:31:18] Success: architecturendesign.net -> 2083 posts
[2025-11-05 06:31:18] Success: archfoundation.org -> 237 posts
[2025-11-05 06:31:18] Success: architectureartdesigns.com -> 14806 posts
[2025-11-05 06:31:19] Unknown status: appquipo.com (HTTP 502)
[2025-11-05 06:31:19] Not WordPress or API disabled: aqualivingvillas.com
[2025-11-05 06:31:19] Success: architecturelab.net -> 3758 posts
[2025-11-05 06:31:19] Success: archute.com -> 2308 posts
[2025-11-05 06:31:19] Success: arinsolangeathome.com -> 739 posts
[2025-11-05 06:31:19] Not WordPress or API disabled: archive.nytimes.com
[2025-11-05 06:31:19] Success: archovavisuals.com -> 6630 posts
[2025-11-05 06:31:19] Success: arishtam.com -> 250 posts
[2025-11-05 06:31:20] Success: alllanguageresources.com -> 897 posts
[2025-11-05 06:31:20] Success: aromaoildiffusersblog.com -> 1240 posts
[2025-11-05 06:31:20] Success: armelleblog.com -> 1518 posts
[2025-11-05 06:31:20] Not WordPress or API disabled: armandhammer.com
[2025-11-05 06:31:20] Connection error: ancestralpantryinnovations.com
[2025-11-05 06:31:20] Success: areinventedmom.com -> 502 posts
[2025-11-05 06:31:21] Success: artandhome.net -> 420 posts
[2025-11-05 06:31:21] Success: arinsolangeathome.com -> 739 posts
[2025-11-05 06:31:21] Success: armandlee.com -> 30 posts
[2025-11-05 06:31:21] Success: aroundmyfamilytable.com -> 1264 posts
[2025-11-05 06:31:21] Success: aromadesigners.com -> 87 posts
[2025-11-05 06:31:21] WordPress but restricted: arstechnica.com (HTTP 403)
[2025-11-05 06:31:22] Success: arspictoria.com -> 0 posts
[2025-11-05 06:31:22] Success: artdex.com -> 295 posts
[2025-11-05 06:31:22] Success: arosetintedworld.co.uk -> 601 posts
[2025-11-05 06:31:22] Success: artandcraftdiy.com -> 933 posts
[2025-11-05 06:31:23] Not WordPress or API disabled: arthritis.org
[2025-11-05 06:31:23] Success: annuity.org -> 167 posts
[2025-11-05 06:31:23] Success: artfulhaven.com -> 110 posts
[2025-11-05 06:31:23] Success: artfulljourney.com -> 138 posts
[2025-11-05 06:31:23] Success: aroundtheworldclub.com -> 86 posts
[2025-11-05 06:31:24] Success: arthouseonlinegallery.com -> 917 posts
[2025-11-05 06:31:24] Connection error: artforgrace.com
[2025-11-05 06:31:24] Success: artfulhomemaking.com -> 1214 posts
[2025-11-05 06:31:24] Success: artchive.com -> 84224 posts
[2025-11-05 06:31:24] Success: artincontext.org -> 3003 posts
[2025-11-05 06:31:25] WordPress but no count header: artlex.com
[2025-11-05 06:31:25] Not WordPress or API disabled: artofmanliness.com
[2025-11-05 06:31:25] Success: arizonamilk.org -> 80 posts
[2025-11-05 06:31:25] Success: arizonamilk.org -> 80 posts
[2025-11-05 06:31:25] Success: artmakespeople.com -> 173 posts
[2025-11-05 06:31:25] Success: artofimprovement.co.uk -> 114 posts
[2025-11-05 06:31:25] Connection error: animalhealthcenterwichita.com
[2025-11-05 06:31:26] Success: artistsnetwork.com -> 4441 posts
[2025-11-05 06:31:26] Success: artofhealthyliving.com -> 5632 posts
[2025-11-05 06:31:27] Success: artpluscraft.com -> 41 posts
[2025-11-05 06:31:27] Success: artscapegardens.com -> 0 posts
[2025-11-05 06:31:27] Success: artventureoc.com -> 6 posts
[2025-11-05 06:31:27] Success: aromatherapyanywhere.com -> 202 posts
[2025-11-05 06:31:27] Success: artsychicksrule.com -> 1018 posts
[2025-11-05 06:31:27] Success: artzyfartzycreations.com -> 273 posts
[2025-11-05 06:31:27] Success: artofcraps.com -> 57 posts
[2025-11-05 06:31:28] Unknown status: artignition.com (HTTP 500)
[2025-11-05 06:31:28] Unknown status: ascookbook.com (HTTP 500)
[2025-11-05 06:31:28] Success: artofproductivity.com -> 15 posts
[2025-11-05 06:31:28] Success: artsandbudgets.com -> 200 posts
[2025-11-05 06:31:29] Success: ascfg.org -> 0 posts
[2025-11-05 06:31:29] Success: artsyhome.com -> 593 posts
[2025-11-05 06:31:29] WordPress but restricted: artpainters.net (HTTP 403)
[2025-11-05 06:31:29] Success: artizendestudio.com -> 5 posts
[2025-11-05 06:31:29] Success: artycraftycrew.com -> 190 posts
[2025-11-05 06:31:30] Success: ashleybrooke.com -> 4205 posts
[2025-11-05 06:31:30] Connection error: anyreasonvegans.com
[2025-11-05 06:31:30] Not WordPress or API disabled: ashleynestlermsw.medium.com
[2025-11-05 06:31:30] Success: ask.com -> 53827 posts
[2025-11-05 06:31:30] Connection error: askannamorgan.com
[2025-11-05 06:31:30] Success: asiccal.com -> 369 posts
[2025-11-05 06:31:30] Success: artvilla.com -> 1668 posts
[2025-11-05 06:31:30] Success: asanaathome.com -> 105 posts
[2025-11-05 06:31:30] Success: askatechteacher.com -> 2860 posts
[2025-11-05 06:31:30] Success: asianinspirations.com.au -> 0 posts
[2025-11-05 06:31:30] Success: ashcroftfamilytable.com -> 375 posts
[2025-11-05 06:31:30] Success: artinstructionblog.com -> 790 posts
[2025-11-05 06:31:30] Success: askbart.org -> 1642 posts
[2025-11-05 06:31:31] Success: askthebuilder.com -> 5701 posts
[2025-11-05 06:31:31] Success: asian-recipe.com -> 1601 posts
[2025-11-05 06:31:31] Success: artenet.it -> 75 posts
[2025-11-05 06:31:31] Success: askforay.com -> 380 posts
[2025-11-05 06:31:32] Success: askdifference.com -> 39371 posts
[2025-11-05 06:31:32] Success: artsydee.com -> 672 posts
[2025-11-05 06:31:32] Success: arzyelbuilds.com -> 1155 posts
[2025-11-05 06:31:32] Success: askthehomegeek.com -> 84 posts
[2025-11-05 06:31:32] Not WordPress or API disabled: asianonlinerecipes.com
[2025-11-05 06:31:32] Success: ashleygrenon.com -> 140 posts
[2025-11-05 06:31:32] Success: askwellhealth.com -> 15 posts
[2025-11-05 06:31:32] Success: artmefree.com -> 141 posts
[2025-11-05 06:31:32] Success: aspenridgelandscaping.com -> 43 posts
[2025-11-05 06:31:32] Success: askaprepper.com -> 2318 posts
[2025-11-05 06:31:33] Success: askthemoneycoach.com -> 2614 posts
[2025-11-05 06:31:33] Success: asl.mit.edu -> 0 posts
[2025-11-05 06:31:33] Success: askdads.com -> 57 posts
[2025-11-05 06:31:33] WordPress but restricted: aspenwaste.com (HTTP 403)
[2025-11-05 06:31:33] Unknown status: aslteachingresources.com (HTTP 503)
[2025-11-05 06:31:33] Success: aspirantsg.com -> 5462 posts
[2025-11-05 06:31:33] WordPress but no count header: askmen.com
[2025-11-05 06:31:33] Not WordPress or API disabled: askgileadmedical.com
[2025-11-05 06:31:33] Success: askchefdennis.com -> 985 posts
[2025-11-05 06:31:33] Success: aspicyperspective.com -> 1239 posts
[2025-11-05 06:31:34] Success: asl-resources.com -> 1 posts
[2025-11-05 06:31:34] Unknown status: asthma.net (HTTP 202)
[2025-11-05 06:31:34] Success: aspireatlas.com -> 1748 posts
[2025-11-05 06:31:34] Success: assemblysmart.com -> 173 posts
[2025-11-05 06:31:34] Not WordPress or API disabled: astray.com
[2025-11-05 06:31:34] Success: askthescientists.com -> 426 posts
[2025-11-05 06:31:34] Success: aslobcomesclean.com -> 2690 posts
[2025-11-05 06:31:34] Success: asterra.com.ph -> 395 posts
[2025-11-05 06:31:34] Success: asterra.com.ph -> 395 posts
[2025-11-05 06:31:35] Success: asouthernsoul.com -> 785 posts
[2025-11-05 06:31:35] WordPress but restricted: atipt.com (HTTP 403)
[2025-11-05 06:31:35] Success: athomeontheprairie.com -> 149 posts
[2025-11-05 06:31:35] Success: asleepycreative.com -> 90 posts
[2025-11-05 06:31:35] Success: asubra.com -> 95 posts
[2025-11-05 06:31:35] Success: athomeontheprairie.com -> 149 posts
[2025-11-05 06:31:35] Success: asubra.com -> 95 posts
[2025-11-05 06:31:35] Success: associatedequip.com -> 9 posts
[2025-11-05 06:31:35] Success: assemblee-afe.fr -> 1023 posts
[2025-11-05 06:31:35] WordPress but restricted: atlantic.net (HTTP 403)
[2025-11-05 06:31:35] Success: atlanticendomd.com -> 151 posts
[2025-11-05 06:31:35] Success: astrollthrulife.net -> 4104 posts
[2025-11-05 06:31:36] Success: at-my-table.com -> 145 posts
[2025-11-05 06:31:36] Success: atlanticendomd.com -> 151 posts
[2025-11-05 06:31:36] WordPress but restricted: atlasobscura.com (HTTP 403)
[2025-11-05 06:31:36] Success: aswellyoushould.com -> 363 posts
[2025-11-05 06:31:36] Success: atidymind.co.uk -> 1476 posts
[2025-11-05 06:31:37] Not WordPress or API disabled: asid.org
[2025-11-05 06:31:37] Success: atmox.com -> 54 posts
[2025-11-05 06:31:37] Success: atlaneandhigh.com -> 455 posts
[2025-11-05 06:31:37] Success: atomicsmash.co.uk -> 77 posts
[2025-11-05 06:31:37] Success: atmox.com -> 54 posts
[2025-11-05 06:31:37] Success: atlfamilylawgroup.com -> 41 posts
[2025-11-05 06:31:37] Success: atouchofbusiness.com -> 1347 posts
[2025-11-05 06:31:37] Not WordPress or API disabled: atozworldfood.com
[2025-11-05 06:31:38] Success: atlantahomesmag.com -> 593 posts
[2025-11-05 06:31:38] Success: atlasandboots.com -> 702 posts
[2025-11-05 06:31:38] Success: asweetpeachef.com -> 697 posts
[2025-11-05 06:31:38] Success: aromatherapynaturals.com -> 6400 posts
[2025-11-05 06:31:38] Success: attainablehome.com -> 1045 posts
[2025-11-05 06:31:38] Success: atozenlife.com -> 152 posts
[2025-11-05 06:31:38] Success: attitudeonfood.com -> 0 posts
[2025-11-05 06:31:38] WordPress but restricted: australia.com (HTTP 403)
[2025-11-05 06:31:39] Success: attainable-sustainable.net -> 556 posts
[2025-11-05 06:31:39] Success: australianairsafaris.com.au -> 32 posts
[2025-11-05 06:31:39] Success: atticplus.com -> 93 posts
[2025-11-05 06:31:39] Success: atticplus.com -> 93 posts
[2025-11-05 06:31:39] Success: atsresume.ai -> 3887 posts
[2025-11-05 06:31:39] Success: audiobookaddicts.com -> 197 posts
[2025-11-05 06:31:39] WordPress but restricted: authenticfoodquest.com (HTTP 403)
[2025-11-05 06:31:39] Success: austinot.com -> 2293 posts
[2025-11-05 06:31:40] WordPress but no count header: australiandoglover.com
[2025-11-05 06:31:40] WordPress but no count header: authenticfeet.com
[2025-11-05 06:31:40] Success: austinallergist.com -> 111 posts
[2025-11-05 06:31:41] Success: authenticallydel.com -> 235 posts
[2025-11-05 06:31:41] Success: australiawidefirstaid.com.au -> 0 posts
[2025-11-05 06:31:41] Success: australiawidefirstaid.com.au -> 0 posts
[2025-11-05 06:31:41] Success: austinfurniturerepair.org -> 42 posts
[2025-11-05 06:31:41] Success: aussiecareerinsights.com -> 1820 posts
[2025-11-05 06:31:42] Success: avahr.com -> 2375 posts
[2025-11-05 06:31:42] Success: autobodyrepairs.net -> 320 posts
[2025-11-05 06:31:42] Success: authoritycamper.com -> 181 posts
[2025-11-05 06:31:42] Not WordPress or API disabled: autistica.org.uk
[2025-11-05 06:31:42] Success: avisewellness.com -> 160 posts
[2025-11-05 06:31:42] Success: avisewellness.com -> 160 posts
[2025-11-05 06:31:42] Success: auto-repair-help.com -> 282 posts
[2025-11-05 06:31:42] Success: attention-getting.com -> 473 posts
[2025-11-05 06:31:42] Success: avirtuouswoman.org -> 505 posts
[2025-11-05 06:31:43] Success: avidcollectibles.com -> 131 posts
[2025-11-05 06:31:43] Success: awesomeinventions.com -> 11758 posts
[2025-11-05 06:31:43] Success: autaski.com -> 16752 posts
[2025-11-05 06:31:43] Success: autismhousingnetwork.org -> 77 posts
[2025-11-05 06:31:43] Success: averiecooks.com -> 2712 posts
[2025-11-05 06:31:43] Success: awennatural.com -> 8 posts
[2025-11-05 06:31:43] Success: atthepicketfence.com -> 1336 posts
[2025-11-05 06:31:43] Not WordPress or API disabled: awesomemarriage.com
[2025-11-05 06:31:44] Success: aworkoutroutine.com -> 217 posts
[2025-11-05 06:31:44] Success: awennatural.com -> 8 posts
[2025-11-05 06:31:44] Success: awedeco.com -> 1210 posts
[2025-11-05 06:31:44] Not WordPress or API disabled: aveggieventure.com
[2025-11-05 06:31:44] Success: awakemindful.com -> 173 posts
[2025-11-05 06:31:44] Not WordPress or API disabled: ayurvedaluxembourg.com
[2025-11-05 06:31:44] Success: awesomecuisine.com -> 5602 posts
[2025-11-05 06:31:45] Success: avvl.pt -> 3732 posts
[2025-11-05 06:31:45] WordPress but no count header: azlawns.com
[2025-11-05 06:31:45] Success: awcbehavioralhealth.com -> 68 posts
[2025-11-05 06:31:45] Not WordPress or API disabled: azcentral.com
[2025-11-05 06:31:45] Not WordPress or API disabled: ayurvedichealing.net
[2025-11-05 06:31:46] Success: b02.417.myftpupload.com -> 1127 posts
[2025-11-05 06:31:46] Success: awhonn.org -> 264 posts
[2025-11-05 06:31:46] Success: babame.com -> 622 posts
[2025-11-05 06:31:46] Not WordPress or API disabled: avma.org
[2025-11-05 06:31:46] Success: aziza.com.ng -> 909 posts
[2025-11-05 06:31:46] Success: azplantlady.com -> 1067 posts
[2025-11-05 06:31:47] Success: awtc.aidt.edu -> 5 posts
[2025-11-05 06:31:47] Success: awtc.aidt.edu -> 5 posts
[2025-11-05 06:31:48] Success: baby-chick.com -> 2713 posts
[2025-11-05 06:31:48] Success: azrust.com -> 148 posts
[2025-11-05 06:31:48] Success: back2college.com -> 391 posts
[2025-11-05 06:31:48] Success: ayurvedawithrebecca.com -> 78 posts
[2025-11-05 06:31:48] Not WordPress or API disabled: babylist.com
[2025-11-05 06:31:49] Success: b-inspiredmama.com -> 1248 posts
[2025-11-05 06:31:49] Success: babyology.com.au -> 1524 posts
[2025-11-05 06:31:49] WordPress but restricted: b2bmarketinginfo.com (HTTP 403)
[2025-11-05 06:31:50] Success: back2gaming.com -> 9656 posts
[2025-11-05 06:31:50] Success: backpackingguys.com -> 3738 posts
[2025-11-05 06:31:50] Success: backpackerstrip.com -> 89 posts
[2025-11-05 06:31:50] Success: backpackingguys.com -> 3738 posts
[2025-11-05 06:31:51] Success: babycaremag.com -> 984 posts
[2025-11-05 06:31:51] Success: backroadbloom.com -> 140 posts
[2025-11-05 06:31:51] Success: backdoorsurvival.com -> 1191 posts
[2025-11-05 06:31:51] Success: backdoorsurvival.com -> 1191 posts
[2025-11-05 06:31:51] Success: backpacker.com -> 16939 posts
[2025-11-05 06:31:51] Success: backyardgardener.com -> 33361 posts
[2025-11-05 06:31:51] Success: backroadbloom.com -> 140 posts
[2025-11-05 06:31:52] WordPress but no count header: backyardhomesteadhq.com
[2025-11-05 06:31:52] Success: bakeandsavor.com -> 376 posts
[2025-11-05 06:31:52] Connection error: bakedbyrochel.com
[2025-11-05 06:31:52] Success: bakealish.com -> 258 posts
[2025-11-05 06:31:53] Success: backyardgardenlover.com -> 2108 posts
[2025-11-05 06:31:53] Success: backyarddigs.com -> 248 posts
[2025-11-05 06:31:53] Success: bacolviral.shop -> 335 posts
[2025-11-05 06:31:53] WordPress but restricted: babble.com (HTTP 403)
[2025-11-05 06:31:53] Success: bakedbyclo.com -> 467 posts
[2025-11-05 06:31:53] Success: bakedabundance.com -> 91 posts
[2025-11-05 06:31:53] WordPress but no count header: artskills.com
[2025-11-05 06:31:53] Success: bakerbynature.com -> 1351 posts
[2025-11-05 06:31:54] Success: bakeitwithlove.com -> 2998 posts
[2025-11-05 06:31:54] Success: bakeplaysmile.com -> 808 posts
[2025-11-05 06:31:54] Success: bakefromscratch.com -> 2656 posts
[2025-11-05 06:31:54] Success: bakerella.com -> 669 posts
[2025-11-05 06:31:54] Success: baby360.com -> 118 posts
[2025-11-05 06:31:54] Not WordPress or API disabled: backroads.com
[2025-11-05 06:31:55] Success: bakingbar.co.uk -> 816 posts
[2025-11-05 06:31:55] Success: bakerita.com -> 921 posts
[2025-11-05 06:31:55] Success: baking-sense.com -> 646 posts
[2025-11-05 06:31:55] Success: bakeschool.com -> 504 posts
[2025-11-05 06:31:55] Connection error: athenadiakos.com
[2025-11-05 06:31:55] Connection error: atimprovements.com
[2025-11-05 06:31:55] Success: bakingnook.com -> 162 posts
[2025-11-05 06:31:56] Success: bakingkneads.com -> 1316 posts
[2025-11-05 06:31:56] WordPress but no count header: bakespace.com
[2025-11-05 06:31:56] Success: bakeorbreak.com -> 1407 posts
[2025-11-05 06:31:56] Not WordPress or API disabled: balancedbites.com
[2025-11-05 06:31:56] Connection error: atlasgames.io
[2025-11-05 06:31:56] Success: bakingmischief.com -> 524 posts
[2025-11-05 06:31:57] Success: bakinghow.com -> 676 posts
[2025-11-05 06:31:57] Success: balancingeverything.com -> 156 posts
[2025-11-05 06:31:57] Not WordPress or API disabled: backyardboss.net
[2025-11-05 06:31:57] Success: bakingbites.com -> 6057 posts
[2025-11-05 06:31:57] Success: bakingwit.com -> 480 posts
[2025-11-05 06:31:57] Success: bakinglikeachef.com -> 398 posts
[2025-11-05 06:31:57] Success: awonderfullyimperfectlife.com -> 177 posts
[2025-11-05 06:31:58] Success: balancethroughsimplicity.com -> 413 posts
[2025-11-05 06:31:58] Success: balancedhealthymeals.com -> 93 posts
[2025-11-05 06:31:58] Unknown status: ballmasonjars.com (HTTP 410)
[2025-11-05 06:31:58] Success: balancehormonecenter.com -> 104 posts
[2025-11-05 06:31:58] Success: bakingsmart.com -> 8 posts
[2025-11-05 06:31:58] Success: balconygardenweb.com -> 4955 posts
[2025-11-05 06:31:58] Not WordPress or API disabled: bamboologytrends.com
[2025-11-05 06:31:58] Success: bakewithshivesh.com -> 1311 posts
[2025-11-05 06:31:58] Not WordPress or API disabled: ballhort.com
[2025-11-05 06:31:58] Success: ballenblogger.com -> 771 posts
[2025-11-05 06:31:58] Success: balancedkitchen.com -> 235 posts
[2025-11-05 06:31:58] Success: barbecuebros.co -> 1703 posts
[2025-11-05 06:31:59] Not WordPress or API disabled: banfflakelouise.com
[2025-11-05 06:31:59] Success: bakingqueen74.co.uk -> 440 posts
[2025-11-05 06:31:59] Success: baltimore.org -> 0 posts
[2025-11-05 06:31:59] Success: bakingamoment.com -> 1040 posts
[2025-11-05 06:31:59] Success: band-saw.com -> 93 posts
[2025-11-05 06:32:00] Success: bamboodu.com -> 1068 posts
[2025-11-05 06:32:00] Success: barbarabakes.com -> 947 posts
[2025-11-05 06:32:00] Connection error: bathroomvanitytops.com
[2025-11-05 06:32:00] Success: barbend.com -> 11483 posts
[2025-11-05 06:32:00] Success: baltimoresun.com -> 2431625 posts
[2025-11-05 06:32:00] Success: basicexceltutorial.com -> 844 posts
[2025-11-05 06:32:00] Not WordPress or API disabled: babycenter.com
[2025-11-05 06:32:00] Not WordPress or API disabled: bbc.co.uk
[2025-11-05 06:32:01] Not WordPress or API disabled: bbcgoodfood.com
[2025-11-05 06:32:01] Success: barnorama.com -> 61497 posts
[2025-11-05 06:32:01] Success: baremarriage.com -> 1564 posts
[2025-11-05 06:32:01] Success: barbecuebible.com -> 1827 posts
[2025-11-05 06:32:01] WordPress but restricted: bbrfoundation.org (HTTP 403)
[2025-11-05 06:32:01] Not WordPress or API disabled: bbpiratesradio.over-blog.com
[2025-11-05 06:32:01] Success: balancingmidlife.com -> 117 posts
[2025-11-05 06:32:01] Success: banglacraft.org -> 26 posts
[2025-11-05 06:32:02] Not WordPress or API disabled: bbqislandinc.com
[2025-11-05 06:32:02] Success: bakewhatyoulove.com -> 103 posts
[2025-11-05 06:32:02] Success: bbcgoodfoodme.com -> 0 posts
[2025-11-05 06:32:02] Success: baytmagazine.com -> 1382 posts
[2025-11-05 06:32:02] Success: bcpaletteart.com -> 26 posts
[2025-11-05 06:32:02] Connection error: beachbummed.biz
[2025-11-05 06:32:02] Success: beadage.net -> 66 posts
[2025-11-05 06:32:03] Connection error: beadinggem.com
[2025-11-05 06:32:03] Success: beads.co -> 6357 posts
[2025-11-05 06:32:03] Success: basichomediy.com -> 246 posts
[2025-11-05 06:32:03] Not WordPress or API disabled: bayhealth.org
[2025-11-05 06:32:04] Success: beadworks.com -> 141 posts
[2025-11-05 06:32:04] Success: baywise.org -> 21 posts
[2025-11-05 06:32:04] Success: bambooexplore.com -> 80 posts
[2025-11-05 06:32:04] Not WordPress or API disabled: bearmountainbbq.com
[2025-11-05 06:32:04] Success: beadclublounge.com -> 186 posts
[2025-11-05 06:32:04] Success: beagooddog.com -> 8123 posts
[2025-11-05 06:32:04] Success: beadworkersguild.com -> 2 posts
[2025-11-05 06:32:05] Success: beamingbaker.com -> 879 posts
[2025-11-05 06:32:05] WordPress but no count header: beachbody.com
[2025-11-05 06:32:05] Success: beauticate.com -> 1684 posts
[2025-11-05 06:32:05] Connection error: beautifyoffsite.com
[2025-11-05 06:32:05] Success: beanleafcup.com -> 1671 posts
[2025-11-05 06:32:05] Success: beanleafcup.com -> 1671 posts
[2025-11-05 06:32:05] Success: beardandteeth.com -> 581 posts
[2025-11-05 06:32:06] Success: beatthebudget.com -> 12 posts
[2025-11-05 06:32:06] Success: bearplate.com -> 138 posts
[2025-11-05 06:32:06] Success: beautyaficionado.com -> 1414 posts
[2025-11-05 06:32:06] Success: beaufortairconditioning.com -> 77 posts
[2025-11-05 06:32:06] Success: barklikemeow.com -> 341 posts
[2025-11-05 06:32:07] Connection error: babazam.com
[2025-11-05 06:32:07] Success: beautyisboring.com -> 389 posts
[2025-11-05 06:32:07] Success: beadsandpieces.com -> 285 posts
[2025-11-05 06:32:07] Success: beautymag.com -> 572 posts
[2025-11-05 06:32:07] Unknown status: animascorp.com (HTTP 503)
[2025-11-05 06:32:07] Success: beautaza.com -> 106 posts
[2025-11-05 06:32:07] Success: beauty-forum.com.pl -> 2369 posts
[2025-11-05 06:32:08] Success: beautyspace.com.au -> 174 posts
[2025-11-05 06:32:08] Success: bebraveandbloom.com -> 251 posts
[2025-11-05 06:32:08] Success: beautywithhollie.com -> 410 posts
[2025-11-05 06:32:08] Success: becentsational.com -> 769 posts
[2025-11-05 06:32:08] Success: beaujedesigns.com -> 42 posts
[2025-11-05 06:32:09] Success: beautystylemag.com -> 203 posts
[2025-11-05 06:32:09] Success: beauty-tips.net -> 232 posts
[2025-11-05 06:32:09] Success: becauseibelieveblog.com -> 387 posts
[2025-11-05 06:32:09] Success: beautymone.com -> 477 posts
[2025-11-05 06:32:09] Success: becomingunbusy.com -> 142 posts
[2025-11-05 06:32:09] Success: beautybrainsblush.com -> 137 posts
[2025-11-05 06:32:09] Success: becomingminimalist.com -> 1732 posts
[2025-11-05 06:32:09] Success: becomeyourmost.com -> 137 posts
[2025-11-05 06:32:10] WordPress but no count header: bee-lieveacademy.com
[2025-11-05 06:32:10] Not WordPress or API disabled: beeorganized.com
[2025-11-05 06:32:10] Success: beebom.com -> 45690 posts
[2025-11-05 06:32:10] Success: barndominiumlife.com -> 1246 posts
[2025-11-05 06:32:10] Success: barndominiumlife.com -> 1246 posts
[2025-11-05 06:32:10] Success: beginnersewingprojects.com -> 184 posts
[2025-11-05 06:32:11] Success: beersmith.com -> 1 posts
[2025-11-05 06:32:11] Success: beesandroses.com -> 514 posts
[2025-11-05 06:32:11] Not WordPress or API disabled: beglobalii.com
[2025-11-05 06:32:11] Success: beersmith.com -> 1 posts
[2025-11-05 06:32:11] Success: becomingtraditional.com -> 104 posts
[2025-11-05 06:32:11] Success: behealthynyc.com -> 130 posts
[2025-11-05 06:32:11] Not WordPress or API disabled: belfasttelegraph.co.uk
[2025-11-05 06:32:11] Success: befunbekind.com -> 256 posts
[2025-11-05 06:32:12] Success: behindthescenesmakeup.com -> 244 posts
[2025-11-05 06:32:12] Success: bella-angel.com -> 61 posts
[2025-11-05 06:32:12] Success: beginagaindecon.com -> 103 posts
[2025-11-05 06:32:12] Connection error: bellaonline.com
[2025-11-05 06:32:13] Success: believeinabudget.com -> 316 posts
[2025-11-05 06:32:13] Success: beholdphilippines.com -> 216 posts
[2025-11-05 06:32:13] Success: believeinmind.com -> 1071 posts
[2025-11-05 06:32:13] Success: beinganadultishard.com -> 93 posts
[2025-11-05 06:32:13] Success: bellastyleliving.com -> 314 posts
[2025-11-05 06:32:13] Success: belfor.com -> 0 posts
[2025-11-05 06:32:14] Success: beginwithbutter.com -> 198 posts
[2025-11-05 06:32:14] Not WordPress or API disabled: beautyevergreen.com
[2025-11-05 06:32:14] Success: behealthypa.org -> 0 posts
[2025-11-05 06:32:14] Success: bemobile.com -> 145 posts
[2025-11-05 06:32:14] Success: bellethemagazine.com -> 2549 posts
[2025-11-05 06:32:14] WordPress but no count header: bengreenfieldlife.com
[2025-11-05 06:32:14] Unknown status: belfastlive.co.uk (HTTP 410)
[2025-11-05 06:32:14] Success: bemorewithless.com -> 780 posts
[2025-11-05 06:32:14] Success: bellflowerlifestyle.com -> 250 posts
[2025-11-05 06:32:15] Success: benzinga.com -> 8358 posts
[2025-11-05 06:32:15] WordPress but restricted: berkeleyparentsnetwork.org (HTTP 403)
[2025-11-05 06:32:15] Success: belleofthekitchen.com -> 424 posts
[2025-11-05 06:32:15] WordPress but restricted: bennetts.co.uk (HTTP 403)
[2025-11-05 06:32:15] Success: belletag.com -> 367 posts
[2025-11-05 06:32:15] Success: benrose.org -> 1 posts
[2025-11-05 06:32:15] Success: becomeselfsufficient.com -> 114 posts
[2025-11-05 06:32:15] Success: belongingnetwork.com -> 14 posts
[2025-11-05 06:32:15] Success: bellewoodcottage.com -> 382 posts
[2025-11-05 06:32:15] Success: beadsmagic.com -> 1019 posts
[2025-11-05 06:32:16] Success: benjaminfranklinplumbingfortworth.com -> 2634 posts
[2025-11-05 06:32:16] Success: benjaminfranklinplumbingfortworth.com -> 2634 posts
[2025-11-05 06:32:16] Success: berefinishing.com -> 0 posts
[2025-11-05 06:32:16] Success: bestcleaneating.com -> 882 posts
[2025-11-05 06:32:17] Success: bestbuyguidebook.com -> 578 posts
[2025-11-05 06:32:17] Success: bernadettelance.com -> 171 posts
[2025-11-05 06:32:17] Success: bestbakingtips.com -> 480 posts
[2025-11-05 06:32:17] Success: bestetipps.de -> 6499 posts
[2025-11-05 06:32:17] WordPress but no count header: bestinhood.com
[2025-11-05 06:32:17] Not WordPress or API disabled: berkeleyca.gov
[2025-11-05 06:32:18] Success: bestofbrewing.com -> 75 posts
[2025-11-05 06:32:18] Success: bemytravelmuse.com -> 1128 posts
[2025-11-05 06:32:18] Success: bestforpets.org -> 646 posts
[2025-11-05 06:32:18] Not WordPress or API disabled: bestlifeonline.com
[2025-11-05 06:32:18] Success: bestpetfacts.com -> 35925 posts
[2025-11-05 06:32:18] Success: best-home-remedies.com -> 455 posts
[2025-11-05 06:32:18] Success: best-home-remedies.com -> 455 posts
[2025-11-05 06:32:18] Success: bestofthislife.com -> 990 posts
[2025-11-05 06:32:18] Success: bestphilippinestravelguide.com -> 194 posts
[2025-11-05 06:32:19] Success: bestairfryer.net -> 30 posts
[2025-11-05 06:32:19] WordPress but restricted: bestphysicaltherapy.com (HTTP 403)
[2025-11-05 06:32:19] Success: bestteacrafter.com -> 214 posts
[2025-11-05 06:32:19] Success: bestteacrafter.com -> 214 posts
[2025-11-05 06:32:19] Success: besthomearoma.com -> 53 posts
[2025-11-05 06:32:19] Connection error: better-homes-and-gardens.com.au
[2025-11-05 06:32:19] Success: bestcaregardeners.co.ke -> 0 posts
[2025-11-05 06:32:19] Connection error: barefootcontessa.com
[2025-11-05 06:32:20] Success: bestofkorea.com -> 538 posts
[2025-11-05 06:32:20] Not WordPress or API disabled: bestyouliving.com
[2025-11-05 06:32:20] Success: bensonhenryinstitute.org -> 91 posts
[2025-11-05 06:32:20] Success: bestuptoeveryday.com -> 198 posts
[2025-11-05 06:32:20] Connection error: arangrant.com
[2025-11-05 06:32:20] Success: bestrecipesofindia.com -> 91 posts
[2025-11-05 06:32:21] Not WordPress or API disabled: betterhealth.vic.gov.au
[2025-11-05 06:32:21] Unknown status: betterhelp.com (HTTP 202)
[2025-11-05 06:32:21] Success: bethebudget.com -> 311 posts
[2025-11-05 06:32:21] Success: betterhealthdecision.com -> 87 posts
[2025-11-05 06:32:21] Success: bestprojectideas.com -> 568 posts
[2025-11-05 06:32:21] WordPress but no count header: betterthathome.com
[2025-11-05 06:32:21] Success: betterwithgoodlife.com -> 329 posts
[2025-11-05 06:32:21] Success: bestosrsguides.com -> 565 posts
[2025-11-05 06:32:21] Success: betterwithgoodlife.com -> 329 posts
[2025-11-05 06:32:22] Success: betterhouselife.com -> 30 posts
[2025-11-05 06:32:22] Success: bestofvegan.com -> 875 posts
[2025-11-05 06:32:22] Success: bestlearningways.com -> 21 posts
[2025-11-05 06:32:22] Success: bestratedhealth.com -> 597 posts
[2025-11-05 06:32:22] Connection error: bbqguys.com
[2025-11-05 06:32:22] Success: better-sleep-better-life.com -> 0 posts
[2025-11-05 06:32:22] Success: betteryou.ai -> 1311 posts
[2025-11-05 06:32:22] Success: beyondceliac.org -> 0 posts
[2025-11-05 06:32:22] Success: beyondceliac.org -> 0 posts
[2025-11-05 06:32:23] Not WordPress or API disabled: bettycrocker.com
[2025-11-05 06:32:23] Unknown status: bhg.com (HTTP 460)
[2025-11-05 06:32:23] Success: beyonddentalcare.com -> 216 posts
[2025-11-05 06:32:23] Success: bestfoodrecipe.com -> 52 posts
[2025-11-05 06:32:23] Success: beyondtmrw.org -> 210 posts
[2025-11-05 06:32:23] Success: beyondfrosting.com -> 791 posts
[2025-11-05 06:32:23] Success: betweenusparents.com -> 807 posts
[2025-11-05 06:32:23] Success: betweensessions.com -> 12 posts
[2025-11-05 06:32:23] Success: beyondwellhomecare.com -> 767 posts
[2025-11-05 06:32:24] Success: beyondkimchee.com -> 517 posts
[2025-11-05 06:32:24] Success: beyourownbrandofsexy.com -> 340 posts
[2025-11-05 06:32:24] Success: betweensessions.com -> 12 posts
[2025-11-05 06:32:24] Success: beyondwellhomecare.com -> 767 posts
[2025-11-05 06:32:24] Not WordPress or API disabled: bicycling.com
[2025-11-05 06:32:24] Success: betterandhealthy.com -> 110 posts
[2025-11-05 06:32:24] Success: beyondthebutter.com -> 203 posts
[2025-11-05 06:32:25] Success: bigdiyideas.com -> 1127 posts
[2025-11-05 06:32:25] Success: bighomeprojects.com -> 7888 posts
[2025-11-05 06:32:25] Success: betterandhealthy.com -> 110 posts
[2025-11-05 06:32:25] Success: bigbearswife.com -> 2102 posts
[2025-11-05 06:32:25] Connection error: biglivinglittlefootprint.com
[2025-11-05 06:32:25] Success: bhma.org -> 372 posts
[2025-11-05 06:32:25] Success: bhma.org -> 372 posts
[2025-11-05 06:32:26] Success: biggerbolderbaking.com -> 1729 posts
[2025-11-05 06:32:26] Not WordPress or API disabled: bikingtoronto.com
[2025-11-05 06:32:26] Success: bigthink.com -> 0 posts
[2025-11-05 06:32:26] Success: bikeride.com -> 58 posts
[2025-11-05 06:32:26] Success: bikeride.com -> 58 posts
[2025-11-05 06:32:26] Success: biancazapatka.com -> 1667 posts
[2025-11-05 06:32:27] Success: bfranklincrafts.com -> 192 posts
[2025-11-05 06:32:27] Success: bigincomeparadise.com -> 304 posts
[2025-11-05 06:32:27] Success: biketips.com -> 638 posts
[2025-11-05 06:32:27] Success: bing.weeklyquiz.net -> 849 posts
[2025-11-05 06:32:27] Not WordPress or API disabled: bindropdumpsters.com
[2025-11-05 06:32:27] Success: bilingualkidspot.com -> 399 posts
[2025-11-05 06:32:27] Connection error: beautify.tips
[2025-11-05 06:32:27] Success: billionbricks.org -> 368 posts
[2025-11-05 06:32:27] Success: bingnewsquiz.net -> 12 posts
[2025-11-05 06:32:27] Success: biblejournalingdigitally.com -> 989 posts
[2025-11-05 06:32:27] Success: bigeasydemolition.com -> 60 posts
[2025-11-05 06:32:27] Success: billboard.com -> 317802 posts
[2025-11-05 06:32:27] Success: bintheredumpthat.com -> 384 posts
[2025-11-05 06:32:27] Success: billfury.com -> 571 posts
[2025-11-05 06:32:28] Success: bigcontacts.com -> 196 posts
[2025-11-05 06:32:28] Connection error: bipolaralliance.org
[2025-11-05 06:32:28] Not WordPress or API disabled: bionicoldguy.home.blog
[2025-11-05 06:32:28] Not WordPress or API disabled: bioneurix.com
[2025-11-05 06:32:28] WordPress but no count header: birdiebookwormblog.com
[2025-11-05 06:32:28] Success: biosolutionstn.com -> 4 posts
[2025-11-05 06:32:28] Success: binghomepageweeklyquiz.com -> 209 posts
[2025-11-05 06:32:28] WordPress but restricted: birdsandblooms.com (HTTP 403)
[2025-11-05 06:32:28] Success: bingedrawing.com -> 69 posts
[2025-11-05 06:32:28] Success: biocycle.net -> 3738 posts
[2025-11-05 06:32:29] Success: bhg.com.au -> 9439 posts
[2025-11-05 06:32:29] Success: biologyreader.com -> 360 posts
[2025-11-05 06:32:29] Success: binghomepagequiz.online -> 0 posts
[2025-11-05 06:32:29] Success: birchtreeorganizing.ca -> 108 posts
[2025-11-05 06:32:29] Connection error: biteki.com
[2025-11-05 06:32:29] Success: biofusionnest.com -> 338 posts
[2025-11-05 06:32:29] Success: birthwithoutfearblog.com -> 1312 posts
[2025-11-05 06:32:29] WordPress but no count header: bhgwalmartoffer.com
[2025-11-05 06:32:30] Not WordPress or API disabled: birminghamrestaurantraider.blogspot.com
[2025-11-05 06:32:30] Success: biologyease.com -> 583 posts
[2025-11-05 06:32:30] Success: birdwatch.com -> 0 posts
[2025-11-05 06:32:30] Success: bitesofwellness.com -> 569 posts
[2025-11-05 06:32:30] WordPress but no count header: bissell.com
[2025-11-05 06:32:30] Success: bitenburn.com -> 297 posts
[2025-11-05 06:32:30] Success: birtheatlove.com -> 240 posts
[2025-11-05 06:32:30] Not WordPress or API disabled: bitkeepblog.medium.com
[2025-11-05 06:32:30] Not WordPress or API disabled: bismarckmandanblog.com
[2025-11-05 06:32:31] Success: biocylab.blog -> 218 posts
[2025-11-05 06:32:31] Success: bitpinas.com -> 5625 posts
[2025-11-05 06:32:31] Success: biorestorehealth.com -> 459 posts
[2025-11-05 06:32:31] Success: bkvenergy.com -> 177 posts
[2025-11-05 06:32:31] Success: blackandmarriedwithkids.com -> 10177 posts
[2025-11-05 06:32:31] Success: bizplanr.ai -> 116 posts
[2025-11-05 06:32:31] Success: bitesforfoodies.com -> 0 posts
[2025-11-05 06:32:31] Success: bizepic.com -> 2384 posts
[2025-11-05 06:32:32] Not WordPress or API disabled: blacktailstudio.com
[2025-11-05 06:32:32] Success: bitespeak.com -> 3905 posts
[2025-11-05 06:32:32] Success: bizwarriors.com -> 21 posts
[2025-11-05 06:32:32] Success: bitlifedaily.com -> 204 posts
[2025-11-05 06:32:32] Success: blackhillrestoration.com -> 141 posts
[2025-11-05 06:32:32] Success: biteswithblair.com -> 50 posts
[2025-11-05 06:32:32] Success: bizinsure.com -> 591 posts
[2025-11-05 06:32:32] Success: bitlifedaily.com -> 204 posts
[2025-11-05 06:32:34] Success: blackweightlosssuccess.com -> 6010 posts
[2025-11-05 06:32:34] Success: blenderhappy.com -> 194 posts
[2025-11-05 06:32:34] Success: bizsugar.com -> 4056 posts
[2025-11-05 06:32:34] Success: blissfulfoodsplus.com -> 69 posts
[2025-11-05 06:32:34] Success: blesserhouse.com -> 868 posts
[2025-11-05 06:32:34] Success: biteblend.com -> 87 posts
[2025-11-05 06:32:34] Success: blitsy.com -> 1148 posts
[2025-11-05 06:32:34] Success: blhc.org -> 644 posts
[2025-11-05 06:32:34] Success: blhc.org -> 644 posts
[2025-11-05 06:32:35] Success: blissjuicesmoothieself.com -> 6632 posts
[2025-11-05 06:32:35] Success: blackspotguitars.com -> 33 posts
[2025-11-05 06:32:35] Success: blendwithspices.com -> 1096 posts
[2025-11-05 06:32:35] Success: blissjuicesmoothieself.com -> 6632 posts
[2025-11-05 06:32:35] Success: blog.acma-association.com -> 1915 posts
[2025-11-05 06:32:36] Success: blackfoodie.co -> 163 posts
[2025-11-05 06:32:36] Success: bitglint.com -> 551 posts
[2025-11-05 06:32:36] Success: blog.amiyaa.com -> 25 posts
[2025-11-05 06:32:36] Success: blix.gg -> 4740 posts
[2025-11-05 06:32:36] Success: blog.ahsuite.com -> 71 posts
[2025-11-05 06:32:36] Not WordPress or API disabled: blog.aramsco.com
[2025-11-05 06:32:36] Success: blog.americanbookwriting.com -> 150 posts
[2025-11-05 06:32:36] Success: blessthismess.com.au -> 33 posts
[2025-11-05 06:32:36] Success: blog.altenew.com -> 4013 posts
[2025-11-05 06:32:36] Success: blockapps.net -> 1061 posts
[2025-11-05 06:32:37] WordPress but no count header: blog.catbandit.com
[2025-11-05 06:32:37] Success: blog.boon.so -> 22166 posts
[2025-11-05 06:32:37] Success: blenderauthority.com -> 160 posts
[2025-11-05 06:32:37] Success: blog.cheyenneweil.com -> 447 posts
[2025-11-05 06:32:37] Success: bitglint.com -> 551 posts
[2025-11-05 06:32:37] Success: blenderauthority.com -> 160 posts
[2025-11-05 06:32:38] Success: blog.apartminty.com -> 640 posts
[2025-11-05 06:32:38] Connection error: blog.contentgorilla.co
[2025-11-05 06:32:38] WordPress but restricted: blog.displate.com (HTTP 403)
[2025-11-05 06:32:38] Success: blog.affinitycellular.com -> 144 posts
[2025-11-05 06:32:38] Success: blisterreview.com -> 7082 posts
[2025-11-05 06:32:38] Success: blog.canadianloghomes.com -> 168 posts
[2025-11-05 06:32:38] Success: blog.cityfloorsupply.com -> 687 posts
[2025-11-05 06:32:38] Success: blog.embracehomeloans.com -> 1551 posts
[2025-11-05 06:32:38] Success: blog.canvaslot.com -> 350 posts
[2025-11-05 06:32:38] Success: blog.dynamofitness.com.au -> 528 posts
[2025-11-05 06:32:39] Not WordPress or API disabled: blog.clickpointsoftware.com
[2025-11-05 06:32:39] Success: blog.coursera.org -> 1543 posts
[2025-11-05 06:32:39] Success: blog.eternal3d.com -> 1123 posts
[2025-11-05 06:32:39] Success: blog.cuw.edu -> 3216 posts
[2025-11-05 06:32:39] Success: blog.amigofoods.com -> 965 posts
[2025-11-05 06:32:39] Success: blog.experientialtools.com -> 165 posts
[2025-11-05 06:32:39] Success: blog.alembika.com -> 821 posts
[2025-11-05 06:32:40] Success: blog.justfoodfordogs.com -> 370 posts
[2025-11-05 06:32:40] Success: blog.couchsurfing.com -> 475 posts
[2025-11-05 06:32:40] Success: blog.fluent-forever.com -> 236 posts
[2025-11-05 06:32:40] Success: blog.fame.edu.my -> 227 posts
[2025-11-05 06:32:40] Success: blog.goalsontrack.com -> 202 posts
[2025-11-05 06:32:40] Not WordPress or API disabled: blog.marleylilly.com
[2025-11-05 06:32:41] Success: blog.dearsundays.com -> 510 posts
[2025-11-05 06:32:41] Success: blog.infs.com -> 649 posts
[2025-11-05 06:32:41] Success: blog.laemmle.com -> 2191 posts
[2025-11-05 06:32:41] Success: blog.indieherbalist.com -> 255 posts
[2025-11-05 06:32:41] Success: blog.mavigadget.com -> 4992 posts
[2025-11-05 06:32:41] Success: blog.lafco.com -> 324 posts
[2025-11-05 06:32:42] Success: blog.interfreshmarket.com -> 88 posts
[2025-11-05 06:32:42] Success: blog.mindvalley.com -> 1854 posts
[2025-11-05 06:32:42] Success: blog.martechs.io -> 4046 posts
[2025-11-05 06:32:42] Success: blog.highviewpoint.com -> 28 posts
[2025-11-05 06:32:42] Not WordPress or API disabled: blog.nasm.org
[2025-11-05 06:32:42] Success: blog.fabrics-store.com -> 1572 posts
[2025-11-05 06:32:42] Success: blog.misfitsmarket.com -> 960 posts
[2025-11-05 06:32:42] WordPress but restricted: blog.poweredtemplate.com (HTTP 403)
[2025-11-05 06:32:43] Success: blog.myfitnesspal.com -> 6974 posts
[2025-11-05 06:32:43] Success: blog.meaningme.com -> 28 posts
[2025-11-05 06:32:43] Success: blog.mealsbymel.co -> 54 posts
[2025-11-05 06:32:43] Success: blog.remoovit.com -> 342 posts
[2025-11-05 06:32:43] Success: blog.nationwide.com -> 654 posts
[2025-11-05 06:32:43] Success: blog.ohiohealth.com -> 926 posts
[2025-11-05 06:32:43] Success: billfury.com -> 571 posts
[2025-11-05 06:32:43] Success: blog.paleohacks.com -> 3240 posts
[2025-11-05 06:32:44] Success: blog.purehealthresearch.com -> 344 posts
[2025-11-05 06:32:44] Success: blog.pearlandcreek.com -> 67 posts
[2025-11-05 06:32:44] Success: blog.reliancehomecomfort.com -> 292 posts
[2025-11-05 06:32:44] Success: blog.openforhomes.com -> 3309 posts
[2025-11-05 06:32:45] Success: blog.smokecampcrafts.com -> 2185 posts
[2025-11-05 06:32:45] Success: blog.resy.com -> 5185 posts
[2025-11-05 06:32:45] Success: blog.storage.com -> 294 posts
[2025-11-05 06:32:45] Success: blog.sendwork.com -> 83 posts
[2025-11-05 06:32:46] Connection error: bidhya.com
[2025-11-05 06:32:46] Success: blog.fantasticcleaners.com -> 64 posts
[2025-11-05 06:32:46] Not WordPress or API disabled: blog.prf.org
[2025-11-05 06:32:46] Not WordPress or API disabled: blog.thatcleanlife.com
[2025-11-05 06:32:46] Success: blog.stashcook.com -> 7 posts
[2025-11-05 06:32:46] Not WordPress or API disabled: blog.theperfectweld.com
[2025-11-05 06:32:46] WordPress but restricted: blog.trekaroo.com (HTTP 403)
[2025-11-05 06:32:46] Success: blog.screendesk.io -> 237 posts
[2025-11-05 06:32:46] Success: blog.ted.com -> 6662 posts
[2025-11-05 06:32:47] Success: blog.shrivra.com -> 95 posts
[2025-11-05 06:32:47] Not WordPress or API disabled: blog.veganosaurus.com
[2025-11-05 06:32:47] Connection error: blog.techmastertools.net
[2025-11-05 06:32:47] Success: blog.totalgymdirect.com -> 1474 posts
[2025-11-05 06:32:47] Success: blog.stampinup.com -> 92 posts
[2025-11-05 06:32:48] Success: blog.stemless.co -> 74 posts
[2025-11-05 06:32:48] Success: blog.theinterviewguys.com -> 722 posts
[2025-11-05 06:32:48] Success: blog.woodworkingtooltips.com -> 1557 posts
[2025-11-05 06:32:48] Success: blog.vocabvoyage.com -> 38 posts
[2025-11-05 06:32:48] Success: blog.txfb-ins.com -> 2076 posts
[2025-11-05 06:32:48] Not WordPress or API disabled: blog.youtube
[2025-11-05 06:32:48] Success: blog.smokecampcrafts.com -> 2185 posts
[2025-11-05 06:32:48] WordPress but no count header: blog.catbandit.com
[2025-11-05 06:32:48] Success: blog.yemparts.com -> 125 posts
[2025-11-05 06:32:48] Success: blog.dynamofitness.com.au -> 528 posts
[2025-11-05 06:32:49] Success: blog.reliancehomecomfort.com -> 292 posts
[2025-11-05 06:32:49] Success: blog.altenew.com -> 4013 posts
[2025-11-05 06:32:49] WordPress but restricted: blogdigger.com (HTTP 401)
[2025-11-05 06:32:49] Success: blog.seattleproductsllc.com -> 113 posts
[2025-11-05 06:32:49] Not WordPress or API disabled: blogarama.com
[2025-11-05 06:32:49] Success: blogcritics.org -> 41626 posts
[2025-11-05 06:32:50] Success: blog.mealsbymel.co -> 54 posts
[2025-11-05 06:32:50] Success: blogs.cdc.gov -> 0 posts
[2025-11-05 06:32:50] Success: blog.edu123.in -> 478 posts
[2025-11-05 06:32:50] Success: blog.buyerselect.com -> 76 posts
[2025-11-05 06:32:50] Success: blog.fantasticcleaners.com -> 64 posts
[2025-11-05 06:32:50] Success: bloggeratlarge.com -> 897 posts
[2025-11-05 06:32:51] WordPress but no count header: blogfulloftraveltales.com
[2025-11-05 06:32:51] Success: blogs.dickinson.edu -> 4 posts
[2025-11-05 06:32:51] Success: blogs.extension.iastate.edu -> 0 posts
[2025-11-05 06:32:51] Success: bloggizmo.com -> 1848 posts
[2025-11-05 06:32:51] Success: blog.skin-beauty.com -> 828 posts
[2025-11-05 06:32:51] Success: bloomscape.com -> 171 posts
[2025-11-05 06:32:52] Success: bloomingreen.com -> 235 posts
[2025-11-05 06:32:52] Success: bloomingreen.com -> 235 posts
[2025-11-05 06:32:52] Success: bloomingtoncarpetmn.com -> 128 posts
[2025-11-05 06:32:52] Success: bloomingtoncarpetmn.com -> 128 posts
[2025-11-05 06:32:52] Success: blogilates.com -> 2521 posts
[2025-11-05 06:32:53] Success: bloggerteck.com -> 85 posts
[2025-11-05 06:32:53] Success: bloomslandcare.com -> 165 posts
[2025-11-05 06:32:53] Success: blogs.yoroflow.com -> 1171 posts
[2025-11-05 06:32:53] Success: bloomingexpert.com -> 357 posts
[2025-11-05 06:32:53] Success: bluestacks.com -> 0 posts
[2025-11-05 06:32:53] Success: bluestacks.com -> 0 posts
[2025-11-05 06:32:53] Success: bloomyheaven.com -> 524 posts
[2025-11-05 06:32:53] Success: bluecollarmastery.com -> 64 posts
[2025-11-05 06:32:54] Success: blossomheartquilts.com -> 1322 posts
[2025-11-05 06:32:54] Success: bluecollarmastery.com -> 64 posts
[2025-11-05 06:32:54] Success: bloomandboughs.com -> 83 posts
[2025-11-05 06:32:54] WordPress but no count header: bmwinsights.com
[2025-11-05 06:32:54] Success: bloomstea.net -> 151 posts
[2025-11-05 06:32:55] Success: blueskyathome.com -> 908 posts
[2025-11-05 06:32:55] Success: blundersinbabyland.com -> 271 posts
[2025-11-05 06:32:55] WordPress but no count header: bobsrepair.com
[2025-11-05 06:32:55] Success: blogpatagonia.australis.com -> 533 posts
[2025-11-05 06:32:56] Success: boberickson.com -> 681 posts
[2025-11-05 06:32:56] Success: bluesign.com -> 36 posts
[2025-11-05 06:32:56] Success: bobvila.com -> 7367 posts
[2025-11-05 06:32:56] Success: bobels.org -> 414 posts
[2025-11-05 06:32:56] Success: boatdriving.org -> 214 posts
[2025-11-05 06:32:57] Success: bns.institute -> 1492 posts
[2025-11-05 06:32:57] WordPress but no count header: bodyandbeans.com
[2025-11-05 06:32:57] WordPress but no count header: bodyandbeans.com
[2025-11-05 06:32:57] Success: bluetowertech.com -> 29 posts
[2025-11-05 06:32:58] Success: bodybanker.com -> 4119 posts
[2025-11-05 06:32:58] Success: bodyartguru.com -> 2493 posts
[2025-11-05 06:32:58] Success: bodyactivesportsnutrition.com -> 314 posts
[2025-11-05 06:32:58] WordPress but restricted: bodybuilding.com (HTTP 403)
[2025-11-05 06:32:58] Not WordPress or API disabled: bohemianbrightblog.com
[2025-11-05 06:32:58] Success: blog.tokyoroomfinder.com -> 744 posts
[2025-11-05 06:32:59] Success: bodymaintenancefitness247.com -> 4 posts
[2025-11-05 06:32:59] WordPress but no count header: bodycraft.com
[2025-11-05 06:33:00] Success: bohemianvegankitchen.com -> 143 posts
[2025-11-05 06:33:00] Success: bogoten.com -> 289 posts
[2025-11-05 06:33:00] WordPress but no count header: bmwrepairguide.com
[2025-11-05 06:33:00] Success: bodybarmd.com -> 211 posts
[2025-11-05 06:33:00] Success: bohemianvegankitchen.com -> 143 posts
[2025-11-05 06:33:00] Success: bodymind.com -> 1566 posts
[2025-11-05 06:33:00] Success: boho-weddings.com -> 11160 posts
[2025-11-05 06:33:00] Not WordPress or API disabled: bohoandhobo.ca
[2025-11-05 06:33:01] Not WordPress or API disabled: bonappetit.com
[2025-11-05 06:33:02] Success: bond-ship.com -> 35 posts
[2025-11-05 06:33:02] Success: bond-ship.com -> 35 posts
[2025-11-05 06:33:02] Success: bogoten.com -> 289 posts
[2025-11-05 06:33:02] Connection error: betterhomesandgardens.com.au
[2025-11-05 06:33:03] Success: bonus.com -> 2076 posts
[2025-11-05 06:33:03] Success: bonnibakery.com -> 187 posts
[2025-11-05 06:33:03] Success: bookmypainting.com -> 156 posts
[2025-11-05 06:33:03] Success: bookloverbookreviews.com -> 973 posts
[2025-11-05 06:33:03] Not WordPress or API disabled: boody.co.nz
[2025-11-05 06:33:03] Not WordPress or API disabled: booking.com
[2025-11-05 06:33:03] Success: bohuntfarnborough.com -> 33 posts
[2025-11-05 06:33:03] Success: bonvoyagewithkids.com -> 145 posts
[2025-11-05 06:33:04] Connection error: blog.psychmoments.com
[2025-11-05 06:33:04] Success: bonobology.com -> 4639 posts
[2025-11-05 06:33:04] Success: bookmag.com -> 252 posts
[2025-11-05 06:33:04] Success: bondmeout.com -> 76 posts
[2025-11-05 06:33:04] WordPress but no count header: boostyourplay.com
[2025-11-05 06:33:04] WordPress but restricted: bootstrap-cheatsheet.themeselection.com (HTTP 403)
[2025-11-05 06:33:04] Success: bookrecommendationgenerator.com -> 4727 posts
[2025-11-05 06:33:05] Success: boondockingrecipes.com -> 1631 posts
[2025-11-05 06:33:05] Success: bookoffoods.com -> 871 posts
[2025-11-05 06:33:05] Success: bondmeout.com -> 76 posts
[2025-11-05 06:33:05] Success: bookingsforyou.com -> 0 posts
[2025-11-05 06:33:06] Success: bornsuperhuman.com -> 22 posts
[2025-11-05 06:33:06] Unknown status: bosch-home.co.uk (HTTP 400)
[2025-11-05 06:33:06] Success: bootstrapped.ventures -> 166 posts
[2025-11-05 06:33:06] Success: bookriot.com -> 41933 posts
[2025-11-05 06:33:07] Connection error: bongcookbook.com
[2025-11-05 06:33:07] Unknown status: blog.zgrills.com (HTTP 522)
[2025-11-05 06:33:07] Success: bootsandhooveshomestead.com -> 374 posts
[2025-11-05 06:33:07] Success: bornfitness.com -> 363 posts
[2025-11-05 06:33:07] WordPress but restricted: boredpanda.com (HTTP 401)
[2025-11-05 06:33:08] Success: boondockorbust.com -> 230 posts
[2025-11-05 06:33:08] Not WordPress or API disabled: botanical.com
[2025-11-05 06:33:08] Success: bosssinglemama.com -> 185 posts
[2025-11-05 06:33:08] Success: botanyculture.com -> 137 posts
[2025-11-05 06:33:09] Success: bostongirlbakes.com -> 910 posts
[2025-11-05 06:33:09] Success: booksummaryreview.com -> 170 posts
[2025-11-05 06:33:09] Success: borderparkkitchen.com.au -> 6 posts
[2025-11-05 06:33:09] Not WordPress or API disabled: boundlessjoy.ca
[2025-11-05 06:33:09] Success: bottledandjarred.com -> 6 posts
[2025-11-05 06:33:10] Success: boydwellness.com -> 2 posts
[2025-11-05 06:33:10] Success: bothalone.com -> 30 posts
[2025-11-05 06:33:10] Success: bottledandjarred.com -> 6 posts
[2025-11-05 06:33:10] Success: boredombusted.com -> 163 posts
[2025-11-05 06:33:10] Success: bostonholistichealth.com -> 0 posts
[2025-11-05 06:33:11] Success: boxlifemagazine.com -> 2486 posts
[2025-11-05 06:33:11] Success: bowl-me-over.com -> 1002 posts
[2025-11-05 06:33:11] Success: bradberens.com -> 399 posts
[2025-11-05 06:33:11] Success: bowencollege.com -> 247 posts
[2025-11-05 06:33:11] Success: brainflow.co -> 288 posts
[2025-11-05 06:33:11] Success: bowlofdelicious.com -> 632 posts
[2025-11-05 06:33:11] WordPress but no count header: booksthatmakeyou.com
[2025-11-05 06:33:12] Success: brainflow.co -> 288 posts
[2025-11-05 06:33:12] Success: breadflavors.com -> 61 posts
[2025-11-05 06:33:12] Not WordPress or API disabled: branchbasics.com
[2025-11-05 06:33:12] Success: braintherapytms.com -> 94 posts
[2025-11-05 06:33:13] Success: bracegaming.com -> 64 posts
[2025-11-05 06:33:13] Connection error: blueandgreentomorrow.com
[2025-11-05 06:33:13] Success: breadmachinediva.com -> 130 posts
[2025-11-05 06:33:13] Success: breadtopia.com -> 460 posts
[2025-11-05 06:33:13] Success: brazetools.com -> 23999 posts
[2025-11-05 06:33:13] WordPress but no count header: breakthecycle.org
[2025-11-05 06:33:14] Success: brainmatterslearning.com -> 410 posts
[2025-11-05 06:33:14] Success: breakinghoops.blog -> 15226 posts
[2025-11-05 06:33:14] Not WordPress or API disabled: breastcancer.org
[2025-11-05 06:33:14] Success: bransheets.com -> 190 posts
[2025-11-05 06:33:14] Connection error: braisedandglazed.com
[2025-11-05 06:33:15] Success: breakthetwitch.com -> 265 posts
[2025-11-05 06:33:15] Success: bradsugars.com -> 281 posts
[2025-11-05 06:33:15] Success: brendasuter.com -> 223 posts
[2025-11-05 06:33:15] Success: brainpickings.org -> 6540 posts
[2025-11-05 06:33:16] Success: breathebetterair.org -> 560 posts
[2025-11-05 06:33:16] Success: breatheology.com -> 75 posts
[2025-11-05 06:33:16] Success: brendasuter.com -> 223 posts
[2025-11-05 06:33:16] Success: brewedleaflove.com -> 476 posts
[2025-11-05 06:33:16] Success: breaksandbites.co.uk -> 3048 posts
[2025-11-05 06:33:17] Success: breesveganlife.com -> 224 posts
[2025-11-05 06:33:17] Success: breathedreamgo.com -> 370 posts
[2025-11-05 06:33:17] Success: briandownard.com -> 30 posts
[2025-11-05 06:33:17] Not WordPress or API disabled: brianlagerstrom.com
[2025-11-05 06:33:18] Success: brewthatcoffee.com -> 124 posts
[2025-11-05 06:33:18] Success: brightcolormom.com -> 179 posts
[2025-11-05 06:33:18] Success: breeandstephen.com -> 43 posts
[2025-11-05 06:33:18] Success: briansolis.com -> 3372 posts
[2025-11-05 06:33:18] Success: brendid.com -> 350 posts
[2025-11-05 06:33:18] Success: botswana-experience.com -> 6 posts
[2025-11-05 06:33:18] Success: brepurposed.com -> 603 posts
[2025-11-05 06:33:19] Success: brendid.com -> 350 posts
[2025-11-05 06:33:19] Success: brilliantio.com -> 2621 posts
[2025-11-05 06:33:19] Success: brightstuffs.com -> 841 posts
[2025-11-05 06:33:19] Success: breakingmuscle.com -> 13972 posts
[2025-11-05 06:33:20] Not WordPress or API disabled: britishfoodhistory.com
[2025-11-05 06:33:20] Not WordPress or API disabled: britishbirds.co.uk
[2025-11-05 06:33:20] Success: brillpack.com -> 131 posts
[2025-11-05 06:33:20] Success: brightlanegardens.com -> 389 posts
[2025-11-05 06:33:20] WordPress but restricted: britishmuseum.org (HTTP 403)
[2025-11-05 06:33:20] Success: britishrecipesbook.co.uk -> 49 posts
[2025-11-05 06:33:20] Success: breeandstephen.com -> 43 posts
[2025-11-05 06:33:21] Success: brennanclean.com -> 49 posts
[2025-11-05 06:33:21] Not WordPress or API disabled: britishlogcabins.com
[2025-11-05 06:33:21] Success: bridgesandballoons.com -> 509 posts
[2025-11-05 06:33:21] Unknown status: brookings.edu (HTTP 406)
[2025-11-05 06:33:22] Success: brightfuturespsychiatry.com -> 51 posts
[2025-11-05 06:33:22] Success: brisbanehousecleaners.net.au -> 60 posts
[2025-11-05 06:33:22] Success: brooklynfarmgirl.com -> 1011 posts
[2025-11-05 06:33:22] Connection error: browniesfordinner.com
[2025-11-05 06:33:22] Success: brisbanehousecleaners.net.au -> 60 posts
[2025-11-05 06:33:22] Success: brooklynfarmgirl.com -> 1011 posts
[2025-11-05 06:33:22] Connection error: browsewellness.com
[2025-11-05 06:33:23] Success: browndlp.org -> 281 posts
[2025-11-05 06:33:23] Success: brosix.com -> 264 posts
[2025-11-05 06:33:23] Not WordPress or API disabled: brit.co
[2025-11-05 06:33:23] Success: brooklynactivemama.com -> 1526 posts
[2025-11-05 06:33:23] Success: bridgetolife.com -> 77 posts
[2025-11-05 06:33:24] Success: bsbcon.com -> 112 posts
[2025-11-05 06:33:24] Success: brunascleaningservice.com -> 92 posts
[2025-11-05 06:33:24] Success: bsgtips.com -> 0 posts
[2025-11-05 06:33:24] Success: brunascleaningservice.com -> 92 posts
[2025-11-05 06:33:24] Success: bsmhft.nhs.uk -> 502 posts
[2025-11-05 06:33:24] Success: btwb.blog -> 705 posts
[2025-11-05 06:33:24] Success: browniebites.net -> 982 posts
[2025-11-05 06:33:24] WordPress but restricted: bucketlistly.blog (HTTP 403)
[2025-11-05 06:33:24] Success: browneyedbaker.com -> 1300 posts
[2025-11-05 06:33:24] Success: brokebybooks.com -> 234 posts
[2025-11-05 06:33:24] Success: buckblack.com -> 172 posts
[2025-11-05 06:33:25] Success: buddhistdoor.net -> 0 posts
[2025-11-05 06:33:25] Not WordPress or API disabled: bucketlisttravels.com
[2025-11-05 06:33:25] Success: buddhify.com -> 70 posts
[2025-11-05 06:33:25] Success: bucketlistjourney.net -> 600 posts
[2025-11-05 06:33:25] Success: budgetandthebees.com -> 3711 posts
[2025-11-05 06:33:26] Success: budget101.com -> 4910 posts
[2025-11-05 06:33:26] Success: bubblerelief.com -> 54 posts
[2025-11-05 06:33:26] Success: bu.edu -> 0 posts
[2025-11-05 06:33:26] WordPress but restricted: budgetyourtrip.com (HTTP 403)
[2025-11-05 06:33:26] Success: bueskenart.com -> 27 posts
[2025-11-05 06:33:26] Success: btsa.com -> 176 posts
[2025-11-05 06:33:27] Success: bubblyliving.com -> 429 posts
[2025-11-05 06:33:27] Success: britishhomestyle.com -> 1 posts
[2025-11-05 06:33:27] Success: budgetlivingtips.com -> 220 posts
[2025-11-05 06:33:27] Connection error: bostonglobe.com
[2025-11-05 06:33:28] Success: builders-surplus.com -> 233 posts
[2025-11-05 06:33:28] Not WordPress or API disabled: builddirect.com
[2025-11-05 06:33:28] Success: buildbetterhouse.com -> 182 posts
[2025-11-05 06:33:28] Success: buildacozyhome.com -> 105 posts
[2025-11-05 06:33:28] Connection error: bostonneurodynamics.com
[2025-11-05 06:33:28] Success: budgettraveller.org -> 423 posts
[2025-11-05 06:33:29] Success: budgetbytes.com -> 1923 posts
[2025-11-05 06:33:29] Timeout: bedbathandbeyond.com
[2025-11-05 06:33:29] Success: builderboy.com -> 418 posts
[2025-11-05 06:33:29] WordPress but no count header: buildingelements.com
[2025-11-05 06:33:29] Success: buildgreennh.com -> 1598 posts
[2025-11-05 06:33:29] Success: builderboy.com -> 418 posts
[2025-11-05 06:33:29] Success: budgetingforbliss.com -> 384 posts
[2025-11-05 06:33:29] Success: buildingandinteriors.com -> 966 posts
[2025-11-05 06:33:29] Not WordPress or API disabled: builtin.com
[2025-11-05 06:33:30] WordPress but no count header: buildingelements.com
[2025-11-05 06:33:30] WordPress but restricted: burpee.com (HTTP 403)
[2025-11-05 06:33:30] Success: buildblueprint.com -> 44 posts
[2025-11-05 06:33:31] Success: bunsenburnerbakery.com -> 489 posts
[2025-11-05 06:33:31] WordPress but restricted: business.org (HTTP 403)
[2025-11-05 06:33:31] Success: bunsinmyoven.com -> 1317 posts
[2025-11-05 06:33:31] Success: budgetsmadeeasy.com -> 193 posts
[2025-11-05 06:33:31] Success: business.yelp.com -> 995 posts
[2025-11-05 06:33:32] Success: builtwithscience.com -> 305 posts
[2025-11-05 06:33:32] Success: buildlikenew.com -> 2216 posts
[2025-11-05 06:33:32] Not WordPress or API disabled: businessinsider.com
[2025-11-05 06:33:32] Success: burlapandblue.com -> 2141 posts
[2025-11-05 06:33:32] Success: business-magazine.org -> 1164 posts
[2025-11-05 06:33:32] Success: buildingbiologyinstitute.org -> 2 posts
[2025-11-05 06:33:33] Success: bsdi-bd.org -> 245 posts
[2025-11-05 06:33:33] WordPress but restricted: busybeingjennifer.com (HTTP 403)
[2025-11-05 06:33:33] Success: busybutcooking.com -> 31 posts
[2025-11-05 06:33:33] Success: businesstalkmagazine.com -> 1115 posts
[2025-11-05 06:33:33] WordPress but restricted: busytoddler.com (HTTP 401)
[2025-11-05 06:33:34] Success: buildingpractice.biz -> 239 posts
[2025-11-05 06:33:34] Success: bushcraftuk.com -> 216 posts
[2025-11-05 06:33:34] WordPress but restricted: butterwithasideofbread.com (HTTP 403)
[2025-11-05 06:33:34] Success: businessconsultingagency.com -> 719 posts
[2025-11-05 06:33:34] Success: burgoscleaning.com -> 503 posts
[2025-11-05 06:33:34] Success: buymyhouse.app -> 0 posts
[2025-11-05 06:33:34] Success: busymomsmartmom.com -> 77 posts
[2025-11-05 06:33:34] Success: butfirstjoy.com -> 2174 posts
[2025-11-05 06:33:35] Success: butfirstjoy.com -> 2174 posts
[2025-11-05 06:33:35] Not WordPress or API disabled: buzzfeed.com
[2025-11-05 06:33:35] Not WordPress or API disabled: buzzfeednews.com
[2025-11-05 06:33:35] Success: butteredveg.com -> 275 posts
[2025-11-05 06:33:35] Success: bustmold.com -> 10 posts
[2025-11-05 06:33:35] Success: buytostyle.com -> 307 posts
[2025-11-05 06:33:35] Unknown status: byrdie.com (HTTP 460)
[2025-11-05 06:33:35] Success: butteredveg.com -> 275 posts
[2025-11-05 06:33:36] Success: bylisafonde.com -> 209 posts
[2025-11-05 06:33:36] Success: buildingbluebird.com -> 327 posts
[2025-11-05 06:33:36] Timeout: bestbuy.com
[2025-11-05 06:33:36] Success: byjus.com -> 109426 posts
[2025-11-05 06:33:36] Success: bwprentals.com -> 0 posts
[2025-11-05 06:33:37] Success: buyclarksvillehomes.com -> 71 posts
[2025-11-05 06:33:37] Success: bvintagestyle.com -> 184 posts
[2025-11-05 06:33:37] Not WordPress or API disabled: byucougars.com
[2025-11-05 06:33:37] Success: buyclarksvillehomes.com -> 71 posts
[2025-11-05 06:33:37] Success: cadence-education.com -> 163 posts
[2025-11-05 06:33:37] Success: bytephase.com -> 145 posts
[2025-11-05 06:33:38] Success: buildingmoxie.com -> 307 posts
[2025-11-05 06:33:38] Success: c-difficile-treatment.com -> 12 posts
[2025-11-05 06:33:38] Success: cafcoservices.com -> 220 posts
[2025-11-05 06:33:38] Success: bysophialee.com -> 954 posts
[2025-11-05 06:33:39] Success: byretreat.com -> 3490 posts
[2025-11-05 06:33:39] Success: cabinetpark.com -> 605 posts
[2025-11-05 06:33:39] Not WordPress or API disabled: cadw.gov.wales
[2025-11-05 06:33:39] Success: cafe-brew.com -> 32 posts
[2025-11-05 06:33:39] Success: cafe-brew.com -> 32 posts
[2025-11-05 06:33:39] Success: cafemom.com -> 26520 posts
[2025-11-05 06:33:39] Success: busybudgeter.com -> 568 posts
[2025-11-05 06:33:40] WordPress but no count header: caffeineinformer.com
[2025-11-05 06:33:40] WordPress but no count header: caffeineinformer.com
[2025-11-05 06:33:40] Success: byoilydesign.com -> 126 posts
[2025-11-05 06:33:40] Success: byoilydesign.com -> 126 posts
[2025-11-05 06:33:40] Success: cakere.com -> 2963 posts
[2025-11-05 06:33:40] Success: cafcoservices.com -> 220 posts
[2025-11-05 06:33:41] Success: caiteyjay.com -> 113 posts
[2025-11-05 06:33:41] Success: cafedelites.com -> 779 posts
[2025-11-05 06:33:41] Success: calanimalrehab.com -> 2 posts
[2025-11-05 06:33:41] Success: cairncommunities.com -> 40 posts
[2025-11-05 06:33:41] Success: cairo360.com -> 0 posts
[2025-11-05 06:33:42] Success: bzak.com -> 10 posts
[2025-11-05 06:33:42] Success: cal-star.com -> 197 posts
[2025-11-05 06:33:42] Success: calibrecleaning.com.au -> 101 posts
[2025-11-05 06:33:42] Connection error: californianclosets.com
[2025-11-05 06:33:42] Success: cahillscarpetcleaning.com -> 26 posts
[2025-11-05 06:33:42] Success: cakemehometonight.com -> 357 posts
[2025-11-05 06:33:42] WordPress but no count header: calculatorshub.net
[2025-11-05 06:33:42] Success: calibrecleaning.com.au -> 101 posts
[2025-11-05 06:33:42] Success: calendar.com -> 2916 posts
[2025-11-05 06:33:42] Not WordPress or API disabled: cajun-recipes.com
[2025-11-05 06:33:42] Success: cairncommunities.com -> 40 posts
[2025-11-05 06:33:42] Success: caffeinatedminimalist.com -> 89 posts
[2025-11-05 06:33:42] Success: calisthenics.com -> 65 posts
[2025-11-05 06:33:43] Not WordPress or API disabled: californiahomedesign.com
[2025-11-05 06:33:43] Success: camillestyles.com -> 4999 posts
[2025-11-05 06:33:43] WordPress but restricted: calm.com (HTTP 403)
[2025-11-05 06:33:43] Success: californiagreekgirl.com -> 534 posts
[2025-11-05 06:33:43] Success: calnewport.com -> 1089 posts
[2025-11-05 06:33:43] Success: camperfaqs.com -> 8758 posts
[2025-11-05 06:33:43] WordPress but restricted: camperoutdoor.com (HTTP 403)
[2025-11-05 06:33:43] Success: cameocollege.com -> 520 posts
[2025-11-05 06:33:43] Success: cakewhiz.com -> 767 posts
[2025-11-05 06:33:43] Success: calanbreckon.com -> 72 posts
[2025-11-05 06:33:43] Success: campbells.com -> 0 posts
[2025-11-05 06:33:44] Success: calmsage.com -> 3644 posts
[2025-11-05 06:33:44] Success: camperscircle.com -> 119 posts
[2025-11-05 06:33:44] Success: campersmarts.com -> 521 posts
[2025-11-05 06:33:44] Success: canadianhomestyle.com -> 172 posts
[2025-11-05 06:33:44] Not WordPress or API disabled: calpers.ca.gov
[2025-11-05 06:33:44] Success: callmepmc.com -> 2351 posts
[2025-11-05 06:33:44] Not WordPress or API disabled: camplify.com.au
[2025-11-05 06:33:44] Success: cambridgeculinary.com -> 48 posts
[2025-11-05 06:33:45] WordPress but restricted: canadianliving.com (HTTP 403)
[2025-11-05 06:33:45] Success: californiaprimerecovery.com -> 674 posts
[2025-11-05 06:33:45] Success: calmerry.com -> 525 posts
[2025-11-05 06:33:45] WordPress but no count header: campingtourist.com
[2025-11-05 06:33:45] Success: campuspress.yale.edu -> 15 posts
[2025-11-05 06:33:45] Success: calmsage.com -> 3644 posts
[2025-11-05 06:33:45] WordPress but no count header: canyourefreeze.com
[2025-11-05 06:33:45] WordPress but no count header: candacelately.com
[2025-11-05 06:33:45] Success: canadianwoodworking.com -> 11 posts
[2025-11-05 06:33:46] Success: canastarules.org -> 43 posts
[2025-11-05 06:33:46] Success: canadianhometrends.com -> 4145 posts
[2025-11-05 06:33:46] Success: carboncostume.com -> 178 posts
[2025-11-05 06:33:46] Success: canadianbudgetbinder.com -> 2459 posts
[2025-11-05 06:33:46] WordPress but no count header: carbontrail.net
[2025-11-05 06:33:46] Success: candlecrowd.com -> 61 posts
[2025-11-05 06:33:46] Success: campingforfoodies.com -> 613 posts
[2025-11-05 06:33:46] Success: capturetheatlas.com -> 908 posts
[2025-11-05 06:33:47] Success: cardinalcleaning.com -> 63 posts
[2025-11-05 06:33:47] Success: capturediet.com -> 708 posts
[2025-11-05 06:33:47] Success: capturediet.com -> 708 posts
[2025-11-05 06:33:47] Success: canineweekly.com -> 714 posts
[2025-11-05 06:33:47] Success: careclinic.io -> 665 posts
[2025-11-05 06:33:47] Success: cardlines.com -> 1652 posts
[2025-11-05 06:33:47] Success: capturedbeautyphotos.com -> 30 posts
[2025-11-05 06:33:47] Success: cardplayerlifestyle.com -> 2338 posts
[2025-11-05 06:33:47] Success: campbell-hvac.com -> 132 posts
[2025-11-05 06:33:47] Success: candlemakingfun.com -> 134 posts
[2025-11-05 06:33:48] Success: capsuleclosetstylist.com -> 107 posts
[2025-11-05 06:33:48] Success: careersurvey.sg -> 106 posts
[2025-11-05 06:33:48] Success: careandrepair.com -> 188 posts
[2025-11-05 06:33:48] Success: careerfoundry.com -> 1159 posts
[2025-11-05 06:33:49] Success: careerhelp.resumegemini.com -> 6 posts
[2025-11-05 06:33:49] Success: cardscommunity.com -> 110 posts
[2025-11-05 06:33:49] Success: careerimpressions.ca -> 362 posts
[2025-11-05 06:33:49] Success: careersidekick.com -> 1075 posts
[2025-11-05 06:33:49] Success: carboeurope.org -> 89 posts
[2025-11-05 06:33:49] Success: caribbeangreenliving.com -> 1377 posts
[2025-11-05 06:33:49] Success: careergirlmeets.com -> 237 posts
[2025-11-05 06:33:50] Success: care4sugar.com -> 318 posts
[2025-11-05 06:33:50] Success: careandcream.com -> 158 posts
[2025-11-05 06:33:50] Success: careelite.de -> 992 posts
[2025-11-05 06:33:50] Not WordPress or API disabled: carlyritt.com
[2025-11-05 06:33:50] WordPress but restricted: carnegielibrary.org (HTTP 403)
[2025-11-05 06:33:50] Success: carefreelawncenter.com -> 0 posts
[2025-11-05 06:33:50] Connection error: carolascuisine.com.au
[2025-11-05 06:33:50] Success: carlcheo.com -> 103 posts
[2025-11-05 06:33:51] Success: carmyy.com -> 1198 posts
[2025-11-05 06:33:51] Success: budgetsaresexy.com -> 3099 posts
[2025-11-05 06:33:51] Success: carelink.org -> 131 posts
[2025-11-05 06:33:51] Success: caribbeannationalweekly.com -> 34874 posts
[2025-11-05 06:33:51] Success: caribbeannationalweekly.com -> 34874 posts
[2025-11-05 06:33:51] Not WordPress or API disabled: carolinemakes.net
[2025-11-05 06:33:51] Success: carokocht.com -> 60 posts
[2025-11-05 06:33:51] Success: carmensluxurytravel.com -> 1231 posts
[2025-11-05 06:33:51] Success: carlsbadcravings.com -> 1457 posts
[2025-11-05 06:33:51] Success: carencia.com -> 45 posts
[2025-11-05 06:33:52] Success: carolebamford.com -> 186 posts
[2025-11-05 06:33:52] Success: careskillstraining.org -> 263 posts
[2025-11-05 06:33:52] Success: carolinamontoni.com -> 1506 posts
[2025-11-05 06:33:52] Success: carolinabehaviorandbeyond.com -> 200 posts
[2025-11-05 06:33:52] Success: carpetandrugworld.com -> 363 posts
[2025-11-05 06:33:52] Success: carpetandrugworld.com -> 363 posts
[2025-11-05 06:33:53] Success: carolinescooking.com -> 1070 posts
[2025-11-05 06:33:53] Success: carpenters30.org -> 6 posts
[2025-11-05 06:33:53] Success: carpetreviewed.com -> 8646 posts
[2025-11-05 06:33:53] Success: carrocel.com -> 393 posts
[2025-11-05 06:33:54] Success: carrocel.com -> 393 posts
[2025-11-05 06:33:54] Success: carpetprocleaners.com -> 40 posts
[2025-11-05 06:33:54] Success: carpetgurus.com -> 113 posts
[2025-11-05 06:33:54] Success: carpettech.com -> 171 posts
[2025-11-05 06:33:54] Success: carpettech.com -> 171 posts
[2025-11-05 06:33:55] Success: carsonheatingairconditioning.com -> 2 posts
[2025-11-05 06:33:55] Success: carpetgurus.com -> 113 posts
[2025-11-05 06:33:55] Success: carsonheatingairconditioning.com -> 2 posts
[2025-11-05 06:33:55] Timeout: blog.4sgm.com
[2025-11-05 06:33:55] Success: cassandrarhill.com -> 401 posts
[2025-11-05 06:33:55] Success: carpet-rug.org -> 157 posts
[2025-11-05 06:33:55] Success: carstrucksroads.com -> 7116 posts
[2025-11-05 06:33:55] Success: caninebible.com -> 703 posts
[2025-11-05 06:33:56] Not WordPress or API disabled: carrotsncake.com
[2025-11-05 06:33:56] Success: casaschools.com -> 163 posts
[2025-11-05 06:33:56] Success: cardinalcarpetcleaner.com -> 67 posts
[2025-11-05 06:33:56] Not WordPress or API disabled: caswelllocalfoods.org
[2025-11-05 06:33:56] Success: carpetsmatter.com -> 317 posts
[2025-11-05 06:33:56] Success: casacostello.com -> 451 posts
[2025-11-05 06:33:57] WordPress but no count header: cartercenter.org
[2025-11-05 06:33:57] Success: cassiefairy.com -> 2817 posts
[2025-11-05 06:33:57] Success: castoroil-guide.com -> 714 posts
[2025-11-05 06:33:57] Success: castironrecipes.com -> 104 posts
[2025-11-05 06:33:57] Success: casolia.com -> 6513 posts
[2025-11-05 06:33:57] WordPress but restricted: catster.com (HTTP 403)
[2025-11-05 06:33:57] Success: cathydiep.com -> 195 posts
[2025-11-05 06:33:57] Success: carveyourcraving.com -> 285 posts
[2025-11-05 06:33:57] Success: catalystkids.org -> 76 posts
[2025-11-05 06:33:58] Success: casualself.com -> 3725 posts
[2025-11-05 06:33:58] Success: cats.com -> 2038 posts
[2025-11-05 06:33:58] Not WordPress or API disabled: cbs.de
[2025-11-05 06:33:58] Success: carpetsmatter.com -> 317 posts
[2025-11-05 06:33:58] Not WordPress or API disabled: casadivita.despar.it
[2025-11-05 06:33:58] Success: cbtprofessionals.com.au -> 233 posts
[2025-11-05 06:33:59] Success: casualself.com -> 3725 posts
[2025-11-05 06:33:59] WordPress but restricted: cb2.com (HTTP 403)
[2025-11-05 06:33:59] Success: ccf.ny.gov -> 9 posts
[2025-11-05 06:33:59] Success: ccf.ny.gov -> 9 posts
[2025-11-05 06:33:59] Success: catorecipes.com -> 121 posts
[2025-11-05 06:33:59] Not WordPress or API disabled: cbsnews.com
[2025-11-05 06:33:59] Success: ccl.org -> 0 posts
[2025-11-05 06:33:59] Success: catchbudapest.com -> 1713 posts
[2025-11-05 06:33:59] Success: ccs-co.com -> 1542 posts
[2025-11-05 06:33:59] Success: cceonlinenews.com -> 2806 posts
[2025-11-05 06:33:59] Success: ccm.edu.au -> 135 posts
[2025-11-05 06:34:00] Not WordPress or API disabled: cdc.gov
[2025-11-05 06:34:00] Success: cda.org -> 19 posts
[2025-11-05 06:34:00] Success: ccitraining.edu -> 234 posts
[2025-11-05 06:34:00] Success: ccyd.co.uk -> 405 posts
[2025-11-05 06:34:00] Success: cdsoncall.com -> 30 posts
[2025-11-05 06:34:01] Success: cceonlinenews.com -> 2806 posts
[2025-11-05 06:34:01] Success: catownerguide.com -> 442 posts
[2025-11-05 06:34:01] Success: catownerguide.com -> 442 posts
[2025-11-05 06:34:01] Success: ccs.kitchen -> 98 posts
[2025-11-05 06:34:01] Timeout: blog.mentoria.com
[2025-11-05 06:34:01] Success: ceenaija.com -> 59863 posts
[2025-11-05 06:34:01] Success: celebritystyleguide.com -> 2305 posts
[2025-11-05 06:34:01] Success: cedarsquarehomes.com -> 462 posts
[2025-11-05 06:34:01] Success: centsationalstyle.com -> 2980 posts
[2025-11-05 06:34:01] Success: celebratednest.com -> 310 posts
[2025-11-05 06:34:01] Success: celebratednest.com -> 310 posts
[2025-11-05 06:34:02] Success: centerforparentingeducation.org -> 155 posts
[2025-11-05 06:34:02] Success: boundbyflame.com -> 1043 posts
[2025-11-05 06:34:02] Success: celiac.org -> 1613 posts
[2025-11-05 06:34:02] Success: celiac.org -> 1613 posts
[2025-11-05 06:34:02] Not WordPress or API disabled: cathealth.com
[2025-11-05 06:34:02] Not WordPress or API disabled: centrichealth.ie
[2025-11-05 06:34:03] Client error: cde.ca.gov - 0, message='', url='https://cde.ca.gov/wp-json/wp/v2/posts'
[2025-11-05 06:34:03] Success: cayacare.com -> 27 posts
[2025-11-05 06:34:03] Success: cft.edu.au -> 378 posts
[2025-11-05 06:34:03] Success: centerpointlandscaping.com -> 116 posts
[2025-11-05 06:34:04] Success: certifiedonthefly.com -> 93 posts
[2025-11-05 06:34:04] WordPress but restricted: cerebral.com (HTTP 403)
[2025-11-05 06:34:04] Success: centsandpurpose.com -> 1570 posts
[2025-11-05 06:34:04] Success: centumre.co.ke -> 16 posts
[2025-11-05 06:34:04] Success: celiacmama.com -> 193 posts
[2025-11-05 06:34:04] Success: centumre.co.ke -> 16 posts
[2025-11-05 06:34:04] WordPress but restricted: ces.ncsu.edu (HTTP 401)
[2025-11-05 06:34:04] WordPress but no count header: charismanor.com
[2025-11-05 06:34:04] Success: centralhealthclinic.com.au -> 77 posts
[2025-11-05 06:34:04] Success: chameleonwoodcrafting.com -> 29 posts
[2025-11-05 06:34:05] Success: chainsawjournal.com -> 847 posts
[2025-11-05 06:34:05] Success: charlesduhigg.com -> 0 posts
[2025-11-05 06:34:05] WordPress but restricted: chatelaine.com (HTTP 403)
[2025-11-05 06:34:05] WordPress but restricted: chascrazycreations.com (HTTP 403)
[2025-11-05 06:34:05] Success: charlestoncrafted.com -> 2047 posts
[2025-11-05 06:34:05] Success: chachingqueen.com -> 1220 posts
[2025-11-05 06:34:05] Success: chaircare.com -> 13 posts
[2025-11-05 06:34:05] Success: champstory.com -> 4165 posts
[2025-11-05 06:34:05] Success: cgmagonline.com -> 18342 posts
[2025-11-05 06:34:05] Success: certifiedrestorationinc.com -> 93 posts
[2025-11-05 06:34:06] Success: changemanagementinsight.com -> 402 posts
[2025-11-05 06:34:06] Success: chapvio.com -> 6 posts
[2025-11-05 06:34:06] Success: changingsocial.com -> 283 posts
[2025-11-05 06:34:06] Not WordPress or API disabled: cheapflights.com
[2025-11-05 06:34:06] Success: chasingfoxes.com -> 600 posts
[2025-11-05 06:34:06] Success: chaylorandmads.com -> 255 posts
[2025-11-05 06:34:06] Success: changeinseconds.com -> 326 posts
[2025-11-05 06:34:06] Success: cheapism.com -> 7688 posts
[2025-11-05 06:34:06] Not WordPress or API disabled: cheesenbiscuits.blogspot.com
[2025-11-05 06:34:06] Success: chaunceyallpro.com -> 85 posts
[2025-11-05 06:34:06] Success: chaunceyallpro.com -> 85 posts
[2025-11-05 06:34:06] Success: cheerfulchoices.com -> 253 posts
[2025-11-05 06:34:07] Success: cheerfulchoices.com -> 253 posts
[2025-11-05 06:34:07] Success: cheaprecipeblog.com -> 703 posts
[2025-11-05 06:34:07] Not WordPress or API disabled: chefkoch.de
[2025-11-05 06:34:07] WordPress but restricted: chefjar.com (HTTP 401)
[2025-11-05 06:34:07] Success: chefol.com -> 1836 posts
[2025-11-05 06:34:08] Success: chefsbliss.com -> 20824 posts
[2025-11-05 06:34:08] Success: cheerlives.com -> 17112 posts
[2025-11-05 06:34:08] Connection error: chefsinafrica.org
[2025-11-05 06:34:08] Success: cheapskatecook.com -> 273 posts
[2025-11-05 06:34:08] Success: cheatsheetlife.com -> 118 posts
[2025-11-05 06:34:08] Success: chefreader.com -> 278016 posts
[2025-11-05 06:34:08] Success: chefreader.com -> 278016 posts
[2025-11-05 06:34:09] Success: chefstandards.com -> 5882 posts
[2025-11-05 06:34:09] Success: chefallieskitchen.com -> 484 posts
[2025-11-05 06:34:09] Success: chefsavvy.com -> 849 posts
[2025-11-05 06:34:09] Success: chefsresource.com -> 460617 posts
[2025-11-05 06:34:09] Success: ce.edu.dental -> 171 posts
[2025-11-05 06:34:10] Success: cherishedagency.com -> 219 posts
[2025-11-05 06:34:10] Success: chelseasmessyapron.com -> 1828 posts
[2025-11-05 06:34:10] Success: chestnutherbs.com -> 144 posts
[2025-11-05 06:34:10] Success: chefspencil.com -> 2568 posts
[2025-11-05 06:34:10] Connection error: caringseniorservice.com
[2025-11-05 06:34:10] Success: chefpanko.com -> 118 posts
[2025-11-05 06:34:11] Not WordPress or API disabled: chewy.com
[2025-11-05 06:34:11] Not WordPress or API disabled: chicken.ca
[2025-11-05 06:34:11] WordPress but no count header: chefsnotes.com
[2025-11-05 06:34:11] Success: chickencheck.in -> 240 posts
[2025-11-05 06:34:11] Success: chefjeanpierre.com -> 458 posts
[2025-11-05 06:34:11] WordPress but no count header: childcarecenter.us
[2025-11-05 06:34:12] Not WordPress or API disabled: chestofbooks.com
[2025-11-05 06:34:12] Success: chicanoeats.com -> 159 posts
[2025-11-05 06:34:12] Success: chear.ucsd.edu -> 45 posts
[2025-11-05 06:34:12] Success: chicagoconcreteresurfacing.com -> 22 posts
[2025-11-05 06:34:13] Success: chewoutloud.com -> 915 posts
[2025-11-05 06:34:13] Success: childcaresuccess.com -> 412 posts
[2025-11-05 06:34:13] Success: chicanhelp.com -> 4 posts
[2025-11-05 06:34:14] Success: childrenfirstamerica.org -> 1119 posts
[2025-11-05 06:34:14] Success: chillchapters.com -> 15503 posts
[2025-11-05 06:34:14] Success: childpsy.org -> 233 posts
[2025-11-05 06:34:14] Success: childmind.org -> 1577 posts
[2025-11-05 06:34:14] Timeout: bnd.com
[2025-11-05 06:34:14] Success: chickenfestival.com -> 23 posts
[2025-11-05 06:34:14] Success: childandfamilyblog.com -> 451 posts
[2025-11-05 06:34:14] WordPress but no count header: chipandjoannagaines.com
[2025-11-05 06:34:15] Success: childdevelopmentinfo.com -> 588 posts
[2025-11-05 06:34:15] Success: chinamarketadvisor.com -> 212 posts
[2025-11-05 06:34:15] Not WordPress or API disabled: chinesefood-recipes.com
[2025-11-05 06:34:15] Not WordPress or API disabled: chemdry.com
[2025-11-05 06:34:15] Success: chinaxiantour.com -> 2882 posts
[2025-11-05 06:34:15] Success: chipchick.com -> 25558 posts
[2025-11-05 06:34:15] WordPress but restricted: choosingtherapy.com (HTTP 403)
[2025-11-05 06:34:15] Success: chicstylecollective.com -> 2282 posts
[2025-11-05 06:34:15] Success: cherylmoreo.com -> 162 posts
[2025-11-05 06:34:16] Success: chinasichuanfood.com -> 694 posts
[2025-11-05 06:34:16] Success: choc.org -> 0 posts
[2025-11-05 06:34:16] Success: chooseveg.com -> 1098 posts
[2025-11-05 06:34:16] Success: chocolatechocolateandmore.com -> 874 posts
[2025-11-05 06:34:16] Success: chimneysaversolutions.com -> 339 posts
[2025-11-05 06:34:16] Success: chimneysaversolutions.com -> 339 posts
[2025-11-05 06:34:16] WordPress but restricted: chrislovesjulia.com (HTTP 403)
[2025-11-05 06:34:16] Success: chocolatecoveredkatie.com -> 1562 posts
[2025-11-05 06:34:16] Success: christianeducatorsacademy.com -> 3497 posts
[2025-11-05 06:34:16] WordPress but no count header: chrisbailey.com
[2025-11-05 06:34:16] Not WordPress or API disabled: choosept.com
[2025-11-05 06:34:17] Not WordPress or API disabled: chowhound.com
[2025-11-05 06:34:17] Success: christiansweightsuccess.net -> 458 posts
[2025-11-05 06:34:17] Success: chriskresser.com -> 1146 posts
[2025-11-05 06:34:17] Success: chopstickchronicles.com -> 360 posts
[2025-11-05 06:34:17] Success: christarzanclemens.com -> 238 posts
[2025-11-05 06:34:17] Unknown status: christmasdecorations.com (HTTP 402)
[2025-11-05 06:34:18] Success: chiropractic.org -> 131 posts
[2025-11-05 06:34:18] Success: christofix.com -> 226 posts
[2025-11-05 06:34:18] Success: christianhvac.com -> 84 posts
[2025-11-05 06:34:18] Success: christianhvac.com -> 84 posts
[2025-11-05 06:34:18] WordPress but restricted: church.org (HTTP 403)
[2025-11-05 06:34:18] Success: christieathome.com -> 411 posts
[2025-11-05 06:34:18] Success: christofix.com -> 226 posts
[2025-11-05 06:34:18] Success: chrissservices.com -> 0 posts
[2025-11-05 06:34:18] Success: christinadaves.com -> 442 posts
[2025-11-05 06:34:18] Success: chefonabike.com -> 283 posts
[2025-11-05 06:34:19] Success: choosingchia.com -> 772 posts
[2025-11-05 06:34:19] Not WordPress or API disabled: cincinnatirecyclingandreusehub.org
[2025-11-05 06:34:19] Success: christeneholderhome.com -> 430 posts
[2025-11-05 06:34:19] Not WordPress or API disabled: chopra.com
[2025-11-05 06:34:19] WordPress but restricted: chron.com (HTTP 403)
[2025-11-05 06:34:19] Success: christinacooks.com -> 445 posts
[2025-11-05 06:34:19] Success: chuzefitness.com -> 694 posts
[2025-11-05 06:34:19] Success: citizensustainable.com -> 407 posts
[2025-11-05 06:34:19] Not WordPress or API disabled: circularblogs.com
[2025-11-05 06:34:19] Success: ciaprochef.com -> 553 posts
[2025-11-05 06:34:19] Success: chronicdisease.org -> 60 posts
[2025-11-05 06:34:20] Success: ciachef.edu -> 825 posts
[2025-11-05 06:34:20] Success: ciaprochef.com -> 553 posts
[2025-11-05 06:34:20] Success: churchm.ag -> 15890 posts
[2025-11-05 06:34:20] Success: circlesquareoval.com -> 292 posts
[2025-11-05 06:34:20] Success: chovi.com -> 664 posts
[2025-11-05 06:34:20] Success: cityhealth.com -> 219 posts
[2025-11-05 06:34:20] Not WordPress or API disabled: citizen-finance.medium.com
[2025-11-05 06:34:20] Success: cityhealth.com -> 219 posts
[2025-11-05 06:34:20] WordPress but no count header: citronhygiene.com
[2025-11-05 06:34:20] Success: citizensenergy.com -> 156 posts
[2025-11-05 06:34:20] Success: ciretravel.com -> 378 posts
[2025-11-05 06:34:21] Unknown status: city-data.com (HTTP 429)
[2025-11-05 06:34:21] Success: citythrift.org -> 84 posts
[2025-11-05 06:34:21] Success: chefonabike.com -> 283 posts
[2025-11-05 06:34:21] Connection error: citywidemoldmitigation.com
[2025-11-05 06:34:21] Success: citynaturopathic.ca -> 180 posts
[2025-11-05 06:34:21] Connection error: cichlidlab.com
[2025-11-05 06:34:22] Success: civilengineerblog.com -> 1111 posts
[2025-11-05 06:34:22] Success: civilengineerblog.com -> 1111 posts
[2025-11-05 06:34:22] Success: cityu.edu -> 1047 posts
[2025-11-05 06:34:22] Success: citychicliving.com -> 1266 posts
[2025-11-05 06:34:22] Success: claimsmate.com -> 215 posts
[2025-11-05 06:34:22] Success: classiccasualhome.com -> 1256 posts
[2025-11-05 06:34:22] Success: clankitchen.com -> 372 posts
[2025-11-05 06:34:22] Connection error: ceotodaymagazine.com
[2025-11-05 06:34:23] Success: clarisdesignbuild.com -> 80 posts
[2025-11-05 06:34:23] Connection error: cerijoneschef.com
[2025-11-05 06:34:23] Success: classicmetalroofingsystems.com -> 287 posts
[2025-11-05 06:34:23] Success: clark.com -> 8712 posts
[2025-11-05 06:34:23] Success: classycareergirl.com -> 2265 posts
[2025-11-05 06:34:23] Success: classyyettrendy.com -> 1415 posts
[2025-11-05 06:34:24] Success: cleancurious.com -> 364 posts
[2025-11-05 06:34:24] Success: circaairfryer.com -> 650 posts
[2025-11-05 06:34:24] Success: cleananddelicious.com -> 546 posts
[2025-11-05 06:34:24] Success: cleanandscentsible.com -> 1598 posts
[2025-11-05 06:34:24] Success: cleanclubcalgary.com -> 86 posts
[2025-11-05 06:34:25] Success: claytonsleep.com -> 98 posts
[2025-11-05 06:34:25] Success: civitasseniorliving.com -> 668 posts
[2025-11-05 06:34:25] Success: cleanairgardening.com -> 107 posts
[2025-11-05 06:34:25] Success: classichomeopath.com -> 83 posts
[2025-11-05 06:34:26] Success: cleanersland.com -> 96 posts
[2025-11-05 06:34:26] Success: classtechtips.com -> 2420 posts
[2025-11-05 06:34:26] Success: classichomeopath.com -> 83 posts
[2025-11-05 06:34:26] Success: cleanandtidyliving.com -> 146 posts
[2025-11-05 06:34:26] Success: cleanertoday.com -> 23 posts
[2025-11-05 06:34:26] Success: cleaneatingmag.com -> 3289 posts
[2025-11-05 06:34:26] Success: cleanerslink.com -> 1742 posts
[2025-11-05 06:34:26] Success: cleaningbusinessboss.com -> 699 posts
[2025-11-05 06:34:26] Success: cleaningbusinessboss.com -> 699 posts
[2025-11-05 06:34:27] Success: cleanerstalk.com -> 461 posts
[2025-11-05 06:34:27] Success: cleanhealthymeals.com -> 109 posts
[2025-11-05 06:34:28] Success: cleanfreakoc.com -> 22 posts
[2025-11-05 06:34:28] Success: cleaneatingkitchen.com -> 1044 posts
[2025-11-05 06:34:28] Connection error: cleanlittleleaf.com
[2025-11-05 06:34:28] Success: cleaneatingkitchen.com -> 1044 posts
[2025-11-05 06:34:28] Success: cleanerwiki.com -> 328 posts
[2025-11-05 06:34:28] Success: cleancookingcaitlin.com -> 352 posts
[2025-11-05 06:34:28] Success: cleangreensimple.com -> 300 posts
[2025-11-05 06:34:28] WordPress but no count header: cleanipedia.com
[2025-11-05 06:34:28] Success: cleaningday.co.uk -> 86 posts
[2025-11-05 06:34:28] Success: cleaningpanda.net -> 34 posts
[2025-11-05 06:34:29] Success: cleanestor.com -> 6972 posts
[2025-11-05 06:34:29] WordPress but no count header: cleaninginstitute.org
[2025-11-05 06:34:29] Success: cleaningtipstoday.com -> 50 posts
[2025-11-05 06:34:29] Success: cleanmyspace.com -> 656 posts
[2025-11-05 06:34:29] Success: cleansejoy.com -> 91 posts
[2025-11-05 06:34:30] Success: cleanmama.com -> 1712 posts
[2025-11-05 06:34:30] Success: cleanestor.com -> 6972 posts
[2025-11-05 06:34:30] Success: cleanupgeek.com -> 585 posts
[2025-11-05 06:34:30] Success: cleanmastermind.com -> 6294 posts
[2025-11-05 06:34:30] Success: cleanriver.com -> 0 posts
[2025-11-05 06:34:30] Success: cleanlivingblog.com -> 7 posts
[2025-11-05 06:34:30] Success: cleanplates.com -> 3346 posts
[2025-11-05 06:34:30] Success: cleanstateofmind.com -> 15 posts
[2025-11-05 06:34:30] Connection error: cherylregan.com
[2025-11-05 06:34:31] Not WordPress or API disabled: clevelandclinic.org
[2025-11-05 06:34:31] Success: cleanstateofmind.com -> 15 posts
[2025-11-05 06:34:31] Success: cleverism.com -> 2733 posts
[2025-11-05 06:34:31] Success: cleaningexperts.co.uk -> 149 posts
[2025-11-05 06:34:31] Success: clenta.com -> 455 posts
[2025-11-05 06:34:31] Success: cleanup.expert -> 83 posts
[2025-11-05 06:34:31] Success: clearbehavioralhealth.com -> 371 posts
[2025-11-05 06:34:32] Success: clevermamalifehacks.com -> 88 posts
[2025-11-05 06:34:32] Success: classyclutter.net -> 1711 posts
[2025-11-05 06:34:32] Success: clevergirlfinance.com -> 693 posts
[2025-11-05 06:34:33] Success: clevelandwaterandfire.com -> 19 posts
[2025-11-05 06:34:33] WordPress but restricted: clinicaltrials.gov (HTTP 403)
[2025-11-05 06:34:33] Success: clickbizhub.com -> 1958 posts
[2025-11-05 06:34:33] Not WordPress or API disabled: clinikally.com
[2025-11-05 06:34:33] Success: climatecosmos.com -> 6937 posts
[2025-11-05 06:34:33] Success: climbtheladder.com -> 22640 posts
[2025-11-05 06:34:33] Not WordPress or API disabled: clevelandkitchen.com
[2025-11-05 06:34:33] Success: climatecontrolkc.com -> 449 posts
[2025-11-05 06:34:34] Success: climatesort.com -> 366 posts
[2025-11-05 06:34:34] Success: climatebiz.com -> 412 posts
[2025-11-05 06:34:34] Success: cleverlaundry.com -> 189 posts
[2025-11-05 06:34:34] Success: closetandbeyond.com -> 450 posts
[2025-11-05 06:34:34] Success: closetandbeyond.com -> 450 posts
[2025-11-05 06:34:34] Success: classicdrycleaner.com -> 37 posts
[2025-11-05 06:34:34] Success: closetandstorageconcepts.com -> 333 posts
[2025-11-05 06:34:35] Success: cloudwards.net -> 1896 posts
[2025-11-05 06:34:35] Not WordPress or API disabled: cleanmama.net
[2025-11-05 06:34:35] Success: closetcooking.com -> 3151 posts
[2025-11-05 06:34:35] Success: cleverwoodprojects.org -> 434 posts
[2025-11-05 06:34:36] Not WordPress or API disabled: cleanthatup.com
[2025-11-05 06:34:36] Success: closetslasvegas.com -> 28 posts
[2025-11-05 06:34:36] Success: clothingbrands.org -> 189 posts
[2025-11-05 06:34:36] Success: clubcrafted.com -> 571 posts
[2025-11-05 06:34:36] Success: clotheslyne.com -> 330 posts
[2025-11-05 06:34:36] Success: click2interior.com -> 197 posts
[2025-11-05 06:34:36] Success: closetmusthaves.com -> 16 posts
[2025-11-05 06:34:37] Success: clovisautocare.com -> 131 posts
[2025-11-05 06:34:37] Success: closetcachete.com -> 229 posts
[2025-11-05 06:34:37] Success: clovisautocare.com -> 131 posts
[2025-11-05 06:34:37] Success: cloudely.com -> 209 posts
[2025-11-05 06:34:37] WordPress but no count header: clutterbug.me
[2025-11-05 06:34:37] Success: cloverleafpropertymanagement.com -> 91 posts
[2025-11-05 06:34:37] Success: cmmonline.com -> 1 posts
[2025-11-05 06:34:38] Success: clubsolutionsmagazine.com -> 9493 posts
[2025-11-05 06:34:38] Success: cmshomesllc.com -> 208 posts
[2025-11-05 06:34:38] Success: cnc-uae.com -> 16 posts
[2025-11-05 06:34:38] Success: cmuse.org -> 4150 posts
[2025-11-05 06:34:38] Not WordPress or API disabled: clutter.com
[2025-11-05 06:34:38] Success: clutterkeeper.com -> 183 posts
[2025-11-05 06:34:38] Success: cntw.nhs.uk -> 710 posts
[2025-11-05 06:34:38] WordPress but restricted: coalitionbrewing.com (HTTP 403)
[2025-11-05 06:34:39] Not WordPress or API disabled: cnn.com
[2025-11-05 06:34:39] Success: coachrallyrus.com -> 0 posts
[2025-11-05 06:34:39] Not WordPress or API disabled: cntraveler.com
[2025-11-05 06:34:39] Not WordPress or API disabled: coastalliving.com
[2025-11-05 06:34:39] Success: close-to-nature.org -> 678 posts
[2025-11-05 06:34:39] Success: coachrallyrus.com -> 0 posts
[2025-11-05 06:34:39] Success: cnps.org -> 453 posts
[2025-11-05 06:34:40] Success: clockdiary.com -> 137 posts
[2025-11-05 06:34:40] Success: cncsourced.com -> 179 posts
[2025-11-05 06:34:40] Success: clutterhealing.com -> 190 posts
[2025-11-05 06:34:40] Success: cobbcountycourier.com -> 15071 posts
[2025-11-05 06:34:41] Success: cocinarecetasfaciles.com -> 12752 posts
[2025-11-05 06:34:41] Success: cococozy.com -> 2920 posts
[2025-11-05 06:34:41] Success: cocktailscafe.com -> 348 posts
[2025-11-05 06:34:41] Connection error: cocinavital.mx
[2025-11-05 06:34:42] Success: cocktailscafe.com -> 348 posts
[2025-11-05 06:34:42] Connection error: clariti.app
[2025-11-05 06:34:42] Success: cocktailsandshots.com -> 196 posts
[2025-11-05 06:34:42] Success: cnz.to -> 1111 posts
[2025-11-05 06:34:43] Success: coastal-dermatology.com -> 8 posts
[2025-11-05 06:34:43] Success: cocosteaparty.com -> 348 posts
[2025-11-05 06:34:43] Not WordPress or API disabled: clemson.edu
[2025-11-05 06:34:43] Success: cocoonhomeservices.com -> 34 posts
[2025-11-05 06:34:43] WordPress but restricted: coit.com (HTTP 403)
[2025-11-05 06:34:43] Success: coach4healthyliving.com -> 8 posts
[2025-11-05 06:34:44] Success: codycrossanswers.net -> 193170 posts
[2025-11-05 06:34:44] WordPress but no count header: coffeeparadiso.com
[2025-11-05 06:34:44] Success: cocktailsmoothierecipes.com -> 174 posts
[2025-11-05 06:34:44] Success: cocolapinedesign.com -> 4040 posts
[2025-11-05 06:34:44] Success: codigosobd.com -> 3451 posts
[2025-11-05 06:34:44] Success: cognitiontoday.com -> 315 posts
[2025-11-05 06:34:45] Connection error: carpetone.com
[2025-11-05 06:34:45] WordPress but restricted: colgate.com (HTTP 403)
[2025-11-05 06:34:45] Success: collectinsure.com -> 438 posts
[2025-11-05 06:34:45] Success: collectedmed.com -> 932 posts
[2025-11-05 06:34:45] Success: colemanconcierge.com -> 567 posts
[2025-11-05 06:34:45] Success: colemagazines.com -> 1060 posts
[2025-11-05 06:34:45] Success: cole13.com -> 2373 posts
[2025-11-05 06:34:45] Success: collaborateforhealthyweight.org -> 85 posts
[2025-11-05 06:34:45] Success: collegefootballnetwork.com -> 14557 posts
[2025-11-05 06:34:45] Success: coconutsandkettlebells.com -> 833 posts
[2025-11-05 06:34:45] Success: coconutsandkettlebells.com -> 833 posts
[2025-11-05 06:34:46] Not WordPress or API disabled: colorsandfood.com
[2025-11-05 06:34:46] Success: colormelon.com -> 1745 posts
[2025-11-05 06:34:46] Success: coffeeblog.co.uk -> 373 posts
[2025-11-05 06:34:47] Success: collectorsabode.com -> 49 posts
[2025-11-05 06:34:47] Success: collegevaluesonline.com -> 115 posts
[2025-11-05 06:34:47] Success: comefromtheheart.com -> 249 posts
[2025-11-05 06:34:47] WordPress but restricted: commongroundinternational.com (HTTP 403)
[2025-11-05 06:34:47] Success: comefromtheheart.com -> 249 posts
[2025-11-05 06:34:47] WordPress but restricted: commonwealthfund.org (HTTP 403)
[2025-11-05 06:34:47] Success: combinegoodflavors.com -> 412 posts
[2025-11-05 06:34:47] Success: collegegranthub.com -> 1207 posts
[2025-11-05 06:34:48] Success: commonsensehome.com -> 825 posts
[2025-11-05 06:34:48] Success: communitycare.com -> 755 posts
[2025-11-05 06:34:48] Success: community.thriveglobal.com -> 123142 posts
[2025-11-05 06:34:48] Success: communitygardensofsantaclarita.org -> 14 posts
[2025-11-05 06:34:48] Success: comfortaire.biz -> 69 posts
[2025-11-05 06:34:48] Success: compareinternet.com -> 0 posts
[2025-11-05 06:34:49] Success: colorfulcraftcorner.com -> 118 posts
[2025-11-05 06:34:49] Success: comfortfoodathome.com -> 225 posts
[2025-11-05 06:34:49] Success: comparitech.com -> 6673 posts
[2025-11-05 06:34:49] Success: communityhometrust.org -> 129 posts
[2025-11-05 06:34:49] Success: commonthreads.org -> 124 posts
[2025-11-05 06:34:49] Success: collegefashion.net -> 5401 posts
[2025-11-05 06:34:49] Success: communityhometrust.org -> 129 posts
[2025-11-05 06:34:50] Success: completecomfortfoods.com -> 1764 posts
[2025-11-05 06:34:50] Success: completefoodcompany.com -> 64 posts
[2025-11-05 06:34:50] Success: completefrance.com -> 5123 posts
[2025-11-05 06:34:50] Success: companionsforseniors.com -> 286 posts
[2025-11-05 06:34:50] Success: completegardening.com -> 4445 posts
[2025-11-05 06:34:50] WordPress but restricted: computercity.com (HTTP 403)
[2025-11-05 06:34:51] Success: completestoragesolutions.com.au -> 27 posts
[2025-11-05 06:34:51] Success: companionsforseniors.com -> 286 posts
[2025-11-05 06:34:51] Success: comehomewithbonniejean.com -> 24 posts
[2025-11-05 06:34:51] Success: compliancetrainingpartners.com -> 12 posts
[2025-11-05 06:34:51] Success: completelydelicious.com -> 893 posts
[2025-11-05 06:34:51] Success: concretequestions.com -> 202 posts
[2025-11-05 06:34:51] Not WordPress or API disabled: computer.howstuffworks.com
[2025-11-05 06:34:52] Success: concretechiropractor.com -> 130 posts
[2025-11-05 06:34:52] Success: compoundingpennies.com -> 264 posts
[2025-11-05 06:34:52] Timeout: businessguru.co
[2025-11-05 06:34:52] Success: concept-phones.com -> 6806 posts
[2025-11-05 06:34:52] Success: compoundingpennies.com -> 264 posts
[2025-11-05 06:34:52] Success: conceptartempire.com -> 388 posts
[2025-11-05 06:34:52] Success: consciouslifeandstyle.com -> 335 posts
[2025-11-05 06:34:52] Success: computerworld.com -> 206388 posts
[2025-11-05 06:34:52] Success: confessionsofabakingqueen.com -> 669 posts
[2025-11-05 06:34:53] Success: compleatfood.com -> 139 posts
[2025-11-05 06:34:53] Success: connect.manageminds.com -> 66 posts
[2025-11-05 06:34:53] Success: computerrepair-onsite.com -> 312 posts
[2025-11-05 06:34:53] Success: collectiblepedia.com -> 811 posts
[2025-11-05 06:34:53] Not WordPress or API disabled: confectionerynews.com:443
[2025-11-05 06:34:54] Success: confessionsofanover-workedmom.com -> 1990 posts
[2025-11-05 06:34:54] Success: consciousmed.co -> 90 posts
[2025-11-05 06:34:54] Success: confessionsofacleaninglady.com -> 52 posts
[2025-11-05 06:34:54] Success: constructionplacements.com -> 3745 posts
[2025-11-05 06:34:54] WordPress but restricted: consumerhealthdigest.com (HTTP 403)
[2025-11-05 06:34:54] Success: conservamome.com -> 2977 posts
[2025-11-05 06:34:54] Success: consumersearch.com -> 44846 posts
[2025-11-05 06:34:54] WordPress but restricted: consumerhealthdigest.com (HTTP 403)
[2025-11-05 06:34:54] Success: connoisseurusveg.com -> 1196 posts
[2025-11-05 06:34:54] Success: consciouslychicliving.com -> 32 posts
[2025-11-05 06:34:54] Success: consumerenergycenter.org -> 1149 posts
[2025-11-05 06:34:54] Unknown status: containerstore.com (HTTP 307)
[2025-11-05 06:34:55] Success: consciouslychicliving.com -> 32 posts
[2025-11-05 06:34:55] Not WordPress or API disabled: contact-donsmathblog.medium.com
[2025-11-05 06:34:55] WordPress but no count header: considerable.com
[2025-11-05 06:34:55] Success: codecarbon.com -> 843 posts
[2025-11-05 06:34:55] Not WordPress or API disabled: coohom.com
[2025-11-05 06:34:55] Success: construct101.com -> 174 posts
[2025-11-05 06:34:56] Not WordPress or API disabled: consumerreports.org
[2025-11-05 06:34:56] WordPress but restricted: convene.com (HTTP 403)
[2025-11-05 06:34:56] WordPress but restricted: convene.com (HTTP 403)
[2025-11-05 06:34:56] Not WordPress or API disabled: conservation.org
[2025-11-05 06:34:56] Connection error: cloverleafpropertymanagement.com
[2025-11-05 06:34:56] Success: constantlyhealthycounseling.com -> 136 posts
[2025-11-05 06:34:57] Success: contemporist.com -> 6869 posts
[2025-11-05 06:34:57] Success: contempospace.com -> 64 posts
[2025-11-05 06:34:57] Success: cook.me -> 254 posts
[2025-11-05 06:34:58] Success: cookathomemom.com -> 403 posts
[2025-11-05 06:34:58] Success: cookeatpaleo.com -> 404 posts
[2025-11-05 06:34:58] Success: cookedbytaste.com -> 14567 posts
[2025-11-05 06:34:58] Not WordPress or API disabled: cookbooks.com
[2025-11-05 06:34:58] Success: cookdelights.com -> 71 posts
[2025-11-05 06:34:58] Success: confidecoaching.com -> 230 posts
[2025-11-05 06:34:59] Success: cookedandloved.com -> 872 posts
[2025-11-05 06:34:59] Success: cookeatlivelove.com -> 394 posts
[2025-11-05 06:34:59] Success: cookcritics.com -> 417 posts
[2025-11-05 06:34:59] WordPress but restricted: cookfamilyfuneralhome.com (HTTP 403)
[2025-11-05 06:34:59] Success: cookiescupcakesandcardio.com -> 3 posts
[2025-11-05 06:34:59] Success: cookieandkate.com -> 905 posts
[2025-11-05 06:35:00] Success: contemporaryfamilydentistry.com -> 105 posts
[2025-11-05 06:35:00] Not WordPress or API disabled: cookfood.net
[2025-11-05 06:35:00] Success: cookiesandcups.com -> 1644 posts
[2025-11-05 06:35:00] Not WordPress or API disabled: cooking.nytimes.com
[2025-11-05 06:35:00] Success: cookeatworld.com -> 309 posts
[2025-11-05 06:35:01] Success: cookincanuck.com -> 1376 posts
[2025-11-05 06:35:01] Success: cookhealthystayfit.com -> 166 posts
[2025-11-05 06:35:01] WordPress but restricted: cookingforengineers.com (HTTP 403)
[2025-11-05 06:35:01] Success: contemporaryfamilydentistry.com -> 105 posts
[2025-11-05 06:35:01] Success: cookindocs.com -> 82779 posts
[2025-11-05 06:35:01] Success: cookingchops.com -> 134 posts
[2025-11-05 06:35:01] Connection error: cocktailsaway.com
[2025-11-05 06:35:02] Success: cooking-the-world.com -> 178 posts
[2025-11-05 06:35:02] Success: cookindocs.com -> 82779 posts
[2025-11-05 06:35:02] Success: cookingbride.com -> 428 posts
[2025-11-05 06:35:02] Connection error: cityfarmhouse.com
[2025-11-05 06:35:02] WordPress but restricted: cookinghub.com (HTTP 401)
[2025-11-05 06:35:02] WordPress but restricted: cookingperfected.com (HTTP 401)
[2025-11-05 06:35:02] Success: cookilicious.com -> 327 posts
[2025-11-05 06:35:02] Success: cooking-therapy.com -> 407 posts
[2025-11-05 06:35:02] Success: cookingclassy.com -> 1379 posts
[2025-11-05 06:35:02] Success: cookingdude.com -> 217 posts
[2025-11-05 06:35:02] WordPress but restricted: cookingwithdog.com (HTTP 403)
[2025-11-05 06:35:03] Success: codespaces.com -> 45 posts
[2025-11-05 06:35:03] Success: cookinginstilettos.com -> 886 posts
[2025-11-05 06:35:03] Success: cookingday.net -> 226 posts
[2025-11-05 06:35:03] Success: cookingorgeous.com -> 756 posts
[2025-11-05 06:35:03] Success: cookingmadehealthy.com -> 265 posts
[2025-11-05 06:35:03] Success: cookingupdate.com -> 24376 posts
[2025-11-05 06:35:03] Success: cookingforkeeps.com -> 1085 posts
[2025-11-05 06:35:03] Unknown status: cookinglight.com (HTTP 460)
[2025-11-05 06:35:04] Success: cookingschoolguide.com -> 6768 posts
[2025-11-05 06:35:04] Success: cookingwithkatiecross.com -> 216 posts
[2025-11-05 06:35:04] Success: cookingcurries.com -> 494 posts
[2025-11-05 06:35:04] Success: cookingwithjanica.com -> 402 posts
[2025-11-05 06:35:04] Success: cookingmydreams.com -> 380 posts
[2025-11-05 06:35:04] Success: cookingwithelo.com -> 320 posts
[2025-11-05 06:35:04] Success: cookingwithelo.com -> 320 posts
[2025-11-05 06:35:04] Success: cookingtheglobe.com -> 266 posts
[2025-11-05 06:35:04] Success: cookingwithfudge.com -> 65 posts
[2025-11-05 06:35:04] Not WordPress or API disabled: cookpad.com
[2025-11-05 06:35:04] Success: cooknourishbliss.com -> 652 posts
[2025-11-05 06:35:05] Success: cookingwithcurls.com -> 1316 posts
[2025-11-05 06:35:05] Success: conqueryourexam.com -> 1398 posts
[2025-11-05 06:35:05] Success: cooknourishbliss.com -> 652 posts
[2025-11-05 06:35:05] Success: cookingstates.com -> 118 posts
[2025-11-05 06:35:05] Success: cookingwithmammac.com -> 330 posts
[2025-11-05 06:35:06] Success: cookorablog.com -> 39 posts
[2025-11-05 06:35:06] Success: cookprimalgourmet.com -> 431 posts
[2025-11-05 06:35:06] Success: cookthink.com -> 811 posts
[2025-11-05 06:35:06] Success: cookstowndental.com -> 523 posts
[2025-11-05 06:35:06] Success: cookingwithsapana.com -> 1321 posts
[2025-11-05 06:35:06] Success: cookthestory.com -> 881 posts
[2025-11-05 06:35:06] Success: cooksister.com -> 1478 posts
[2025-11-05 06:35:06] Success: cooksmarts.com -> 791 posts
[2025-11-05 06:35:07] Success: cookrepublic.com -> 712 posts
[2025-11-05 06:35:07] Not WordPress or API disabled: cooksrecipes.com
[2025-11-05 06:35:07] Success: cookwithfaiza.net -> 0 posts
[2025-11-05 06:35:07] Connection error: coolastro.com
[2025-11-05 06:35:07] Success: cookingwithmykids.co.uk -> 447 posts
[2025-11-05 06:35:07] Success: cookthink.com -> 811 posts
[2025-11-05 06:35:08] Success: cookwareninja.com -> 637 posts
[2025-11-05 06:35:08] Success: coolmisthumidifier.org -> 93 posts
[2025-11-05 06:35:08] Success: cookitrealgood.com -> 380 posts
[2025-11-05 06:35:08] Success: cooktoria.com -> 481 posts
[2025-11-05 06:35:08] Unknown status: copd.net (HTTP 202)
[2025-11-05 06:35:08] Success: coolmaterial.com -> 22027 posts
[2025-11-05 06:35:08] WordPress but restricted: copymethat.com (HTTP 403)
[2025-11-05 06:35:09] Unknown status: coparents.com (HTTP 503)
[2025-11-05 06:35:09] Success: cookwithmanali.com -> 1100 posts
[2025-11-05 06:35:09] Success: coralvita.co -> 61 posts
[2025-11-05 06:35:09] Success: cookwithmichelle.com -> 10 posts
[2025-11-05 06:35:09] Success: cordcuttersnews.com -> 32029 posts
[2025-11-05 06:35:10] Success: coreskills.interviewgemini.com -> 0 posts
[2025-11-05 06:35:10] Success: cordcuttersnews.com -> 32029 posts
[2025-11-05 06:35:10] Success: copykat.com -> 1922 posts
[2025-11-05 06:35:10] Success: cookplates.com -> 118 posts
[2025-11-05 06:35:10] Success: corestaurant.org -> 168 posts
[2025-11-05 06:35:10] Success: cookwithrenu.com -> 699 posts
[2025-11-05 06:35:11] Not WordPress or API disabled: copdfoundation.org
[2025-11-05 06:35:11] Success: coolhomehacks.com -> 402 posts
[2025-11-05 06:35:11] Success: cornercoffeestore.com -> 2133 posts
[2025-11-05 06:35:11] Success: cornercoffeestore.com -> 2133 posts
[2025-11-05 06:35:12] Connection error: cookingwithsukhi.com
[2025-11-05 06:35:12] Success: cornmagazine.com -> 25 posts
[2025-11-05 06:35:12] Success: corporette.com -> 12348 posts
[2025-11-05 06:35:12] Success: corriecooks.com -> 7032 posts
[2025-11-05 06:35:13] Success: cornerstonehomes.com -> 55 posts
[2025-11-05 06:35:13] WordPress but no count header: cottagehillmagazine.com
[2025-11-05 06:35:13] Success: cottageinn.com -> 83 posts
[2025-11-05 06:35:13] Success: costimates.com -> 47 posts
[2025-11-05 06:35:13] Success: corewellfit.com -> 319 posts
[2025-11-05 06:35:13] Success: cookwithmichelle.com -> 10 posts
[2025-11-05 06:35:13] Not WordPress or API disabled: countryliving.com
[2025-11-05 06:35:13] Not WordPress or API disabled: couchsurfing.com
[2025-11-05 06:35:14] Success: cookwhatyoulove.com -> 1008 posts
[2025-11-05 06:35:14] Success: cordouan-tech.com -> 16 posts
[2025-11-05 06:35:14] Connection error: cookstr.com
[2025-11-05 06:35:14] WordPress but restricted: countrylife.co.uk (HTTP 403)
[2025-11-05 06:35:14] WordPress but no count header: coursejoiner.com
[2025-11-05 06:35:14] Success: cookthistoday.com -> 94 posts
[2025-11-05 06:35:14] Not WordPress or API disabled: countyhealthrankings.org
[2025-11-05 06:35:15] Success: counsellingcollective.net -> 233 posts
[2025-11-05 06:35:15] Success: coryschneiderpsychotherapy.com -> 30 posts
[2025-11-05 06:35:15] Success: cosmoappliances.com -> 1872 posts
[2025-11-05 06:35:15] Not WordPress or API disabled: coursera.org
[2025-11-05 06:35:15] Success: countrylivinginacariboovalley.com -> 259 posts
[2025-11-05 06:35:15] Success: counselingwellnesspgh.com -> 338 posts
[2025-11-05 06:35:15] Success: cookthistoday.com -> 94 posts
[2025-11-05 06:35:15] Success: couponclippingcook.com -> 475 posts
[2025-11-05 06:35:15] Success: courses.lumenlearning.com -> 1 posts
[2025-11-05 06:35:16] Success: coverlettersandresume.com -> 10965 posts
[2025-11-05 06:35:16] Success: counselinghope.com -> 26 posts
[2025-11-05 06:35:16] Not WordPress or API disabled: coxkitchensandbaths.com
[2025-11-05 06:35:16] Success: courageousleadership.com -> 137 posts
[2025-11-05 06:35:16] Connection error: closetome.com
[2025-11-05 06:35:16] Success: courses4kids.com -> 32 posts
[2025-11-05 06:35:16] Unknown status: cookeatshare.com (HTTP 522)
[2025-11-05 06:35:17] Success: courierbeauty.com -> 69 posts
[2025-11-05 06:35:17] Success: courtneysworld.co -> 3944 posts
[2025-11-05 06:35:17] Success: cozybedquarters.com -> 721 posts
[2025-11-05 06:35:17] Success: cprcourseonline.com -> 118 posts
[2025-11-05 06:35:17] Success: cprcourseonline.com -> 118 posts
[2025-11-05 06:35:17] Not WordPress or API disabled: craftandnature.com
[2025-11-05 06:35:17] Connection error: cloudykitchen.com
[2025-11-05 06:35:18] Success: craftbasics.net -> 15 posts
[2025-11-05 06:35:18] WordPress but restricted: craftbuds.com (HTTP 403)
[2025-11-05 06:35:18] Success: craftbasics.net -> 15 posts
[2025-11-05 06:35:18] Success: crabstreetjournal.org -> 206 posts
[2025-11-05 06:35:18] Success: craftaholique.com -> 171 posts
[2025-11-05 06:35:18] Success: craft-art.com -> 454 posts
[2025-11-05 06:35:18] Success: coursmos.com -> 98 posts
[2025-11-05 06:35:18] Not WordPress or API disabled: craftgawker.com
[2025-11-05 06:35:18] Success: cpd.utoronto.ca -> 313 posts
[2025-11-05 06:35:18] Success: courses.turkishcouncil.org -> 300 posts
[2025-11-05 06:35:18] Success: crabbyhousewife.com -> 535 posts
[2025-11-05 06:35:18] Connection error: crafterhours.com
[2025-11-05 06:35:19] Success: craftingagreenworld.com -> 3381 posts
[2025-11-05 06:35:19] Connection error: craftideas.info
[2025-11-05 06:35:19] Not WordPress or API disabled: craftandcreativity.com
[2025-11-05 06:35:19] Success: craftindustryalliance.org -> 1701 posts
[2025-11-05 06:35:19] Success: craftaholicsanonymous.net -> 1904 posts
[2025-11-05 06:35:19] Success: craftbits.com -> 3892 posts
[2025-11-05 06:35:19] WordPress but no count header: craftingnook.com
[2025-11-05 06:35:19] Success: crafthouston.org -> 670 posts
[2025-11-05 06:35:19] Success: craftering.com -> 314 posts
[2025-11-05 06:35:19] Success: craftpassion.com -> 642 posts
[2025-11-05 06:35:19] Success: craftberrybush.com -> 2041 posts
[2025-11-05 06:35:20] Success: craftgalleryusa.com -> 205 posts
[2025-11-05 06:35:20] Success: craftingpulse.com -> 70 posts
[2025-11-05 06:35:20] Success: couples-counseling-now.com -> 87 posts
[2025-11-05 06:35:20] Success: craftgossip.com -> 110127 posts
[2025-11-05 06:35:20] WordPress but no count header: craftsbycourtney.com
[2025-11-05 06:35:20] Success: craftingcheerfully.com -> 570 posts
[2025-11-05 06:35:20] Success: craftingwithkids.net -> 249 posts
[2025-11-05 06:35:20] WordPress but no count header: craftsposure.com
[2025-11-05 06:35:20] Not WordPress or API disabled: cozymeal.com
[2025-11-05 06:35:20] Success: craftmakerpro.com -> 886 posts
[2025-11-05 06:35:20] Success: craftingintherain.com -> 1451 posts
[2025-11-05 06:35:20] Success: craftsbliss.com -> 177 posts
[2025-11-05 06:35:21] Connection error: crafttestdummies.com
[2025-11-05 06:35:21] Success: craftsonfire.com -> 878 posts
[2025-11-05 06:35:21] WordPress but no count header: craftychica.com
[2025-11-05 06:35:21] Success: coveti.com -> 32120 posts
[2025-11-05 06:35:21] Success: craftsbyamanda.com -> 1071 posts
[2025-11-05 06:35:21] WordPress but restricted: craftwarehouse.com (HTTP 403)
[2025-11-05 06:35:21] Success: cozydiyhome.com -> 1180 posts
[2025-11-05 06:35:21] Success: craftydaily.com -> 358 posts
[2025-11-05 06:35:21] Success: craftionary.net -> 869 posts
[2025-11-05 06:35:21] Not WordPress or API disabled: craftsy.com
[2025-11-05 06:35:21] Success: craftyforhome.com -> 241 posts
[2025-11-05 06:35:21] Connection error: craftystacie.com
[2025-11-05 06:35:22] Success: craftyjournal.com -> 673 posts
[2025-11-05 06:35:22] Success: craftitdiy.com -> 414 posts
[2025-11-05 06:35:22] Success: cravedfw.com -> 9395 posts
[2025-11-05 06:35:22] Success: craftsyhacks.com -> 961 posts
[2025-11-05 06:35:22] Success: craftydiyers.com -> 290 posts
[2025-11-05 06:35:22] Success: craftsonsea.co.uk -> 1352 posts
[2025-11-05 06:35:22] WordPress but no count header: craftysphere.com
[2025-11-05 06:35:22] Connection error: countryhomes.co.uk
[2025-11-05 06:35:22] Success: craftymorning.com -> 2396 posts
[2025-11-05 06:35:22] Success: craftulate.com -> 890 posts
[2025-11-05 06:35:22] WordPress but restricted: crazylittleprojects.com (HTTP 403)
[2025-11-05 06:35:22] Success: craftwithsarah.com -> 322 posts
[2025-11-05 06:35:22] Success: craftyourhappyplace.com -> 426 posts
[2025-11-05 06:35:23] WordPress but no count header: crddesignbuild.com
[2025-11-05 06:35:23] Success: crazycoffeecrave.com -> 1110 posts
[2025-11-05 06:35:23] Success: createcraftlove.com -> 901 posts
[2025-11-05 06:35:24] Not WordPress or API disabled: craftandneedle.com
[2025-11-05 06:35:24] Success: cravingsomecreativity.com -> 426 posts
[2025-11-05 06:35:24] Success: crazylifewithlittles.com -> 619 posts
[2025-11-05 06:35:24] Connection error: creatingsimplyhome.com
[2025-11-05 06:35:24] Success: cravingsomecreativity.com -> 426 posts
[2025-11-05 06:35:24] Success: cravinghomecooked.com -> 680 posts
[2025-11-05 06:35:24] Success: crazycoffeecrave.com -> 1110 posts
[2025-11-05 06:35:24] Connection error: creativediy.andcrafting.com
[2025-11-05 06:35:24] Success: crawlspacemakeover.com -> 118 posts
[2025-11-05 06:35:24] Success: crawfordsautoservice.com -> 100 posts
[2025-11-05 06:35:25] Success: creakyjoints.org -> 2379 posts
[2025-11-05 06:35:25] Success: craftygemini.com -> 938 posts
[2025-11-05 06:35:25] Success: creativefashionblog.com -> 360 posts
[2025-11-05 06:35:25] Success: creativehomecrafts.com -> 41 posts
[2025-11-05 06:35:26] Success: craftylikegranny.com -> 113 posts
[2025-11-05 06:35:26] Success: craftylittlegnome.com -> 501 posts
[2025-11-05 06:35:26] Success: creativehomeidea.com -> 3503 posts
[2025-11-05 06:35:26] Success: creativehomeidea.com -> 3503 posts
[2025-11-05 06:35:26] Success: creatingmaryshome.com -> 557 posts
[2025-11-05 06:35:26] Success: creationsbykara.com -> 1474 posts
[2025-11-05 06:35:26] Success: creativehomeimprovements.org -> 2 posts
[2025-11-05 06:35:27] Connection error: creategreatplaces.com
[2025-11-05 06:35:27] Success: creativehomerenovations.com -> 1 posts
[2025-11-05 06:35:27] Connection error: creativekitchenadventures.com
[2025-11-05 06:35:27] Success: createtodonate.org -> 258 posts
[2025-11-05 06:35:27] Success: creativehomeimprove.com -> 1 posts
[2025-11-05 06:35:27] Success: crazylaura.com -> 1141 posts
[2025-11-05 06:35:27] Success: creativehomeimprovements.net.au -> 0 posts
[2025-11-05 06:35:27] Success: creativehomeimprovements.net.au -> 0 posts
[2025-11-05 06:35:27] Success: creativehomemaking.com -> 1274 posts
[2025-11-05 06:35:27] Success: creativejewishmom.com -> 3958 posts
[2025-11-05 06:35:28] WordPress but no count header: creditkarma.com
[2025-11-05 06:35:28] Not WordPress or API disabled: creativityinczenyoga.medium.com
[2025-11-05 06:35:28] Success: creativesimpleliving.com -> 371 posts
[2025-11-05 06:35:28] Connection error: cooldiyideas.com
[2025-11-05 06:35:28] Success: crochetforyoublog.com -> 465 posts
[2025-11-05 06:35:29] Success: craftinvaders.co.uk -> 227 posts
[2025-11-05 06:35:29] Success: cremefilledchurros.com -> 1315 posts
[2025-11-05 06:35:29] Success: cretelligent.com -> 106 posts
[2025-11-05 06:35:29] Not WordPress or API disabled: createdbydiane.com
[2025-11-05 06:35:29] Success: crisis-support.org -> 0 posts
[2025-11-05 06:35:29] WordPress but restricted: crisistextline.org (HTTP 401)
[2025-11-05 06:35:30] Success: craftyhobbyideas.com -> 47 posts
[2025-11-05 06:35:30] Success: creativestylefurniture.com -> 179 posts
[2025-11-05 06:35:30] Not WordPress or API disabled: cronometer.com
[2025-11-05 06:35:30] Not WordPress or API disabled: crossfitsantacruzcentral.com
[2025-11-05 06:35:30] Success: crediful.com -> 966 posts
[2025-11-05 06:35:30] Success: crochetitcreations.com -> 221 posts
[2025-11-05 06:35:30] Success: creativenest.org -> 25 posts
[2025-11-05 06:35:30] Not WordPress or API disabled: crumbscarnivaltreats.com
[2025-11-05 06:35:31] Success: creativehomeimprovementsllc.com -> 1 posts
[2025-11-05 06:35:31] Success: creativemealplanning.com -> 33 posts
[2025-11-05 06:35:31] Not WordPress or API disabled: csa.gov.sg
[2025-11-05 06:35:31] Success: crosscountrymortgage.com -> 353 posts
[2025-11-05 06:35:31] Success: crownclinic.com.au -> 61 posts
[2025-11-05 06:35:31] Success: creatingmaryshome.com -> 557 posts
[2025-11-05 06:35:31] Success: crispyfoodidea.com -> 293 posts
[2025-11-05 06:35:31] Success: crystaldawnculinary.com -> 77 posts
[2025-11-05 06:35:32] Not WordPress or API disabled: ctbites.com
[2025-11-05 06:35:32] Success: creteform.com -> 86 posts
[2025-11-05 06:35:32] Success: creativehomeimprovements.com.au -> 0 posts
[2025-11-05 06:35:32] Success: creativehomeimprovements.com.au -> 0 posts
[2025-11-05 06:35:32] Success: crystalhealthandbeauty.co.uk -> 73 posts
[2025-11-05 06:35:32] Success: creativehomeimprovementllc.com -> 25 posts
[2025-11-05 06:35:32] Success: cthc.ucsf.edu -> 7 posts
[2025-11-05 06:35:32] Connection error: cuisinesnap.com
[2025-11-05 06:35:32] Success: crumbsandchaos.net -> 747 posts
[2025-11-05 06:35:33] Success: crownlinen.net -> 153 posts
[2025-11-05 06:35:33] Success: cucicucicoo.com -> 549 posts
[2025-11-05 06:35:33] Connection error: cucinaallaprimaitaliana.it
[2025-11-05 06:35:33] WordPress but no count header: culinaryambition.com
[2025-11-05 06:35:33] WordPress but no count header: culinaryambition.com
[2025-11-05 06:35:33] WordPress but no count header: crossfit.com
[2025-11-05 06:35:33] Success: cuisineatlas.com -> 470 posts
[2025-11-05 06:35:33] Success: cullyskitchen.com -> 5050 posts
[2025-11-05 06:35:33] Success: crowncleaners.org.uk -> 113 posts
[2025-11-05 06:35:33] Success: cubesmart.com -> 0 posts
[2025-11-05 06:35:33] Not WordPress or API disabled: crunch.com
[2025-11-05 06:35:34] Success: cuckoo4design.com -> 783 posts
[2025-11-05 06:35:34] Not WordPress or API disabled: cultbeauty.com
[2025-11-05 06:35:34] Not WordPress or API disabled: cucchiaio.it
[2025-11-05 06:35:34] Success: cuernakitchen.com -> 102 posts
[2025-11-05 06:35:34] Connection error: culumnatu.com
[2025-11-05 06:35:34] Success: crystalcleanvents.com -> 132 posts
[2025-11-05 06:35:34] Success: cultivatedknowledge.com -> 1071 posts
[2025-11-05 06:35:34] Success: ctrc.com -> 48 posts
[2025-11-05 06:35:34] Success: culinaryhill.com -> 1379 posts
[2025-11-05 06:35:34] Success: culinaryginger.com -> 664 posts
[2025-11-05 06:35:34] Success: cuisinenoir.com -> 1541 posts
[2025-11-05 06:35:35] WordPress but restricted: curatedinterior.com (HTTP 403)
[2025-11-05 06:35:35] Success: curejoy.com -> 3940 posts
[2025-11-05 06:35:35] Success: cultivatinggreenspaces.com -> 542 posts
[2025-11-05 06:35:35] Success: cubep.com -> 30 posts
[2025-11-05 06:35:35] Success: culturedvultures.com -> 24997 posts
[2025-11-05 06:35:35] Success: cupofjo.com -> 8008 posts
[2025-11-05 06:35:35] Success: curbly.com -> 3226 posts
[2025-11-05 06:35:36] Success: culturemosaic.co.uk -> 771 posts
[2025-11-05 06:35:36] Success: curlybunmom.com -> 113 posts
[2025-11-05 06:35:36] Success: culverslandscape.com -> 50 posts
[2025-11-05 06:35:36] Success: curlybunmom.com -> 113 posts
[2025-11-05 06:35:36] Success: curiosidades.com -> 437 posts
[2025-11-05 06:35:36] Success: cultivatorphytolab.com -> 100 posts
[2025-11-05 06:35:36] Success: culinaryclassroom.com -> 209 posts
[2025-11-05 06:35:36] WordPress but no count header: cureus.com
[2025-11-05 06:35:36] Success: cultivatedculture.com -> 390 posts
[2025-11-05 06:35:36] Success: cupcakeblog.com -> 134 posts
[2025-11-05 06:35:36] Success: crossroadshealth.org -> 114 posts
[2025-11-05 06:35:37] Success: curiosidadessobre.es -> 3016 posts
[2025-11-05 06:35:37] Success: curiouslyconscious.com -> 974 posts
[2025-11-05 06:35:37] Unknown status: cutoutandkeep.net (HTTP 526)
[2025-11-05 06:35:37] Success: cutthewood.com -> 593 posts
[2025-11-05 06:35:37] WordPress but no count header: cupcakesandcashmere.com
[2025-11-05 06:35:37] WordPress but restricted: cybermagazine.com (HTTP 403)
[2025-11-05 06:35:37] Success: cullinarycharmers.com -> 70 posts
[2025-11-05 06:35:37] Success: curiouscuisiniere.com -> 938 posts
[2025-11-05 06:35:37] Success: customany.com -> 497 posts
[2025-11-05 06:35:37] Success: cullinarycharmers.com -> 70 posts
[2025-11-05 06:35:38] Success: cuny.edu -> 20 posts
[2025-11-05 06:35:38] Success: currentbuzzpost.com -> 1992 posts
[2025-11-05 06:35:38] WordPress but restricted: cyclingweekly.com (HTTP 403)
[2025-11-05 06:35:38] Success: cutestickers.world -> 3 posts
[2025-11-05 06:35:38] Success: cybersecuritynews.com -> 11623 posts
[2025-11-05 06:35:38] Success: cutthegrime.com -> 38 posts
[2025-11-05 06:35:38] Not WordPress or API disabled: dadbodsummer.com
[2025-11-05 06:35:38] Success: currentlypopular.com -> 185 posts
[2025-11-05 06:35:39] Success: culinarycrossover.com -> 111 posts
[2025-11-05 06:35:39] Not WordPress or API disabled: daddyanddad.co.uk
[2025-11-05 06:35:39] Success: dadlifelessons.com -> 79 posts
[2025-11-05 06:35:39] Success: dadsguidetotwins.com -> 643 posts
[2025-11-05 06:35:39] Success: dadsguidetotwins.com -> 643 posts
[2025-11-05 06:35:39] Success: cwcrecovery.com -> 526 posts
[2025-11-05 06:35:39] Success: cvformat.io -> 4238 posts
[2025-11-05 06:35:39] Success: cyberogism.com -> 1687 posts
[2025-11-05 06:35:40] Not WordPress or API disabled: currymommy.com
[2025-11-05 06:35:40] Success: daddysimply.com -> 325 posts
[2025-11-05 06:35:40] Unknown status: dadfixeseverything.com (HTTP 500)
[2025-11-05 06:35:40] Success: dadisfire.com -> 490 posts
[2025-11-05 06:35:40] Success: curvysewingcollective.com -> 829 posts
[2025-11-05 06:35:40] Success: dailydot.com -> 50403 posts
[2025-11-05 06:35:40] Unknown status: dailyburn.com (HTTP 500)
[2025-11-05 06:35:40] Not WordPress or API disabled: dailycookingquest.com
[2025-11-05 06:35:41] Success: dabblinganddecorating.com -> 347 posts
[2025-11-05 06:35:41] Success: dadgoesvegan.com -> 191 posts
[2025-11-05 06:35:41] Success: dailyfashiontrends.com -> 4009 posts
[2025-11-05 06:35:41] Success: dafunda.com -> 44865 posts
[2025-11-05 06:35:41] Success: daileyfoods.com -> 168 posts
[2025-11-05 06:35:41] Success: dailygalaxy.com -> 8384 posts
[2025-11-05 06:35:41] Success: cvtslandscape.com -> 151 posts
[2025-11-05 06:35:41] Not WordPress or API disabled: dailymail.co.uk
[2025-11-05 06:35:41] Success: dailyartfixx.com -> 1091 posts
[2025-11-05 06:35:41] Success: dailydishfresh.com -> 158 posts
[2025-11-05 06:35:42] Success: dailydish.co.uk -> 3342 posts
[2025-11-05 06:35:42] Success: dailydogfoodrecipes.com -> 117 posts
[2025-11-05 06:35:42] Unknown status: dailypaws.com (HTTP 460)
[2025-11-05 06:35:42] Success: dailyinfotainment.com -> 5549 posts
[2025-11-05 06:35:42] Success: dadspotlight.com -> 14 posts
[2025-11-05 06:35:42] Success: dailytrust.com -> 531020 posts
[2025-11-05 06:35:42] Success: dailytrust.com -> 531020 posts
[2025-11-05 06:35:42] Not WordPress or API disabled: dailynutmeg.com
[2025-11-05 06:35:42] Success: dailymoss.com -> 947 posts
[2025-11-05 06:35:43] WordPress but restricted: dailyom.com (HTTP 403)
[2025-11-05 06:35:43] WordPress but no count header: dailywritingtips.com
[2025-11-05 06:35:43] Success: daisiesandpie.co.uk -> 1703 posts
[2025-11-05 06:35:44] Success: damprid.com -> 0 posts
[2025-11-05 06:35:44] Success: damasklove.com -> 1058 posts
[2025-11-05 06:35:44] Success: dairy-milk.co.jp -> 226 posts
[2025-11-05 06:35:44] Success: damnspicy.com -> 248 posts
[2025-11-05 06:35:44] Connection error: createfashionbrand.com
[2025-11-05 06:35:44] Success: damprid.com -> 0 posts
[2025-11-05 06:35:44] Success: dailydaddydose.com -> 117 posts
[2025-11-05 06:35:44] Connection error: dailynest.com
[2025-11-05 06:35:44] Success: daisiesandpie.co.uk -> 1703 posts
[2025-11-05 06:35:44] Success: dallasarboretum.org -> 0 posts
[2025-11-05 06:35:44] Success: danabehavioralhealth.org -> 88 posts
[2025-11-05 06:35:45] Success: dailyinspiredlife.com -> 401 posts
[2025-11-05 06:35:45] Success: danslelakehouse.com -> 942 posts
[2025-11-05 06:35:45] Connection error: dansthefishman.com
[2025-11-05 06:35:45] WordPress but restricted: daniscookings.com (HTTP 403)
[2025-11-05 06:35:45] Success: daniellegervino.com -> 343 posts
[2025-11-05 06:35:45] Success: daniel-wong.com -> 159 posts
[2025-11-05 06:35:45] Success: daphnesdiary.com -> 703 posts
[2025-11-05 06:35:45] Success: dabblesandbabbles.com -> 256 posts
[2025-11-05 06:35:45] Success: dancingthroughtherain.com -> 523 posts
[2025-11-05 06:35:46] Success: danielle-moss.com -> 979 posts
[2025-11-05 06:35:46] Success: dandelionchandelier.com -> 2270 posts
[2025-11-05 06:35:46] Success: dailylifetips.pro -> 21 posts
[2025-11-05 06:35:47] Success: danmartell.com -> 640 posts
[2025-11-05 06:35:47] Success: daneilabright.com -> 955 posts
[2025-11-05 06:35:47] Success: dalesac.com -> 24 posts
[2025-11-05 06:35:47] WordPress but no count header: darebee.com
[2025-11-05 06:35:47] Success: database.guide -> 4055 posts
[2025-11-05 06:35:47] WordPress but no count header: dannysdelight.com
[2025-11-05 06:35:47] Success: daretobeawildflower.com -> 65 posts
[2025-11-05 06:35:47] Success: daretogrowrich.com -> 10 posts
[2025-11-05 06:35:47] Success: dataquest.io -> 418 posts
[2025-11-05 06:35:48] Success: dashofjazz.com -> 737 posts
[2025-11-05 06:35:48] Success: dashofjazz.com -> 737 posts
[2025-11-05 06:35:48] Success: davidhealy.org -> 578 posts
[2025-11-05 06:35:48] Success: dash.co -> 157 posts
[2025-11-05 06:35:49] Success: daringgourmet.com -> 946 posts
[2025-11-05 06:35:49] Success: damonburton.com -> 1197 posts
[2025-11-05 06:35:49] Success: daysmart.com -> 77 posts
[2025-11-05 06:35:49] Not WordPress or API disabled: dbca.wa.gov.au
[2025-11-05 06:35:50] Success: davidlebovitz.com -> 2142 posts
[2025-11-05 06:35:50] Success: davidaltmejd.com -> 202 posts
[2025-11-05 06:35:50] WordPress but restricted: dbsalliance.org (HTTP 403)
[2025-11-05 06:35:50] Success: dbtselfhelp.com -> 83 posts
[2025-11-05 06:35:50] Success: dayjob.com -> 5763 posts
[2025-11-05 06:35:50] Success: deadline.com -> 254267 posts
[2025-11-05 06:35:50] Success: davewigstone.com -> 171 posts
[2025-11-05 06:35:50] Not WordPress or API disabled: debtfreecharts.com
[2025-11-05 06:35:51] Success: deavita.net -> 5797 posts
[2025-11-05 06:35:51] Success: dailymom.com -> 6257 posts
[2025-11-05 06:35:51] Success: declutteringdiva.com.au -> 91 posts
[2025-11-05 06:35:51] Success: debt.com -> 387 posts
[2025-11-05 06:35:51] Success: dailymom.com -> 6257 posts
[2025-11-05 06:35:52] Success: declutteringyourlife.com -> 123 posts
[2025-11-05 06:35:52] Success: dearmedia.com -> 1371 posts
[2025-11-05 06:35:52] Success: decentfoot.com -> 60102 posts
[2025-11-05 06:35:52] Success: debugspark.com -> 1 posts
[2025-11-05 06:35:52] Success: daxinglassbottles.com -> 72 posts
[2025-11-05 06:35:52] Success: dauntlesscounseling.com -> 30 posts
[2025-11-05 06:35:52] Success: declutteringsolutions.com -> 300 posts
[2025-11-05 06:35:53] Success: declutteringmom.com -> 3231 posts
[2025-11-05 06:35:53] Success: decoholic.org -> 3483 posts
[2025-11-05 06:35:53] Success: decofond.com -> 4971 posts
[2025-11-05 06:35:53] Success: decoratingden.com -> 708 posts
[2025-11-05 06:35:54] Success: declutterinminutes.com -> 305 posts
[2025-11-05 06:35:54] Success: deanbokhari.com -> 156 posts
[2025-11-05 06:35:55] Success: decasacollections.com -> 816 posts
[2025-11-05 06:35:55] Success: decorchamp.com -> 1280 posts
[2025-11-05 06:35:55] Success: declutterstore.com -> 1 posts
[2025-11-05 06:35:55] Success: decoist.com -> 0 posts
[2025-11-05 06:35:55] Success: decorcabinets.com -> 318 posts
[2025-11-05 06:35:56] Success: decoradventures.com -> 404 posts
[2025-11-05 06:35:56] Success: decoriety.com -> 1 posts
[2025-11-05 06:35:56] Not WordPress or API disabled: decorsteals.com
[2025-11-05 06:35:56] Success: decorguider.com -> 497 posts
[2025-11-05 06:35:56] Success: decorhint.com -> 5951 posts
[2025-11-05 06:35:57] Success: decordreamsspace.com -> 657 posts
[2025-11-05 06:35:57] Success: decorat.org -> 376 posts
[2025-11-05 06:35:57] Success: decorat.org -> 376 posts
[2025-11-05 06:35:57] Success: decisionmakershub.com -> 1822 posts
[2025-11-05 06:35:57] Success: decorwithstyle.com -> 24030 posts
[2025-11-05 06:35:57] Success: decorwitheva.com -> 430 posts
[2025-11-05 06:35:57] Connection error: cutesycrafts.com
[2025-11-05 06:35:58] Success: decorsnob.com -> 191 posts
[2025-11-05 06:35:58] Success: definecivil.com -> 618 posts
[2025-11-05 06:35:58] Success: dehydratedfoodz.com -> 834 posts
[2025-11-05 06:35:58] Success: dehydratedfoodz.com -> 834 posts
[2025-11-05 06:35:58] Connection error: cvdesigner.ai
[2025-11-05 06:35:58] Success: daringtolivefully.com -> 434 posts
[2025-11-05 06:35:59] Success: dekalbanimalservices.com -> 3 posts
[2025-11-05 06:35:59] WordPress but restricted: deliciousmagazine.co.uk (HTTP 403)
[2025-11-05 06:35:59] Success: deliciouslyallergyfree.com -> 42 posts
[2025-11-05 06:35:59] Success: deepseek-ii.ru -> 5 posts
[2025-11-05 06:35:59] Success: deepseekcom.ru -> 0 posts
[2025-11-05 06:35:59] Success: delcohvac.com -> 315 posts
[2025-11-05 06:35:59] Success: deenrecipes.com -> 244 posts
[2025-11-05 06:36:00] Success: deliberatelyhere.com -> 180 posts
[2025-11-05 06:36:00] Success: deliciouslyallergyfree.com -> 42 posts
[2025-11-05 06:36:00] WordPress but no count header: deliciouslyella.com
[2025-11-05 06:36:00] Success: deltiasgaming.com -> 30553 posts
[2025-11-05 06:36:00] Success: dennis7dees.com -> 222 posts
[2025-11-05 06:36:00] Success: delishsides.com -> 2945 posts
[2025-11-05 06:36:00] Success: delishknowledge.com -> 1022 posts
[2025-11-05 06:36:01] Success: delightfulplate.com -> 275 posts
[2025-11-05 06:36:01] WordPress but restricted: dengarden.com (HTTP 403)
[2025-11-05 06:36:01] Not WordPress or API disabled: delish.com
[2025-11-05 06:36:01] Success: delivisor.com -> 990 posts
[2025-11-05 06:36:01] Success: dermcollective.com -> 493 posts
[2025-11-05 06:36:01] Success: deliciousdailyrecipes.com -> 794 posts
[2025-11-05 06:36:01] Connection error: dentalfactor.it
[2025-11-05 06:36:02] Success: deepaliohri.com -> 82 posts
[2025-11-05 06:36:02] Success: denverdecon.com -> 18 posts
[2025-11-05 06:36:02] Success: derppets.com -> 1000 posts
[2025-11-05 06:36:02] Success: delineateyourdwelling.com -> 1053 posts
[2025-11-05 06:36:02] Not WordPress or API disabled: dermstore.com
[2025-11-05 06:36:02] Success: denverpost.com -> 872560 posts
[2025-11-05 06:36:02] Unknown status: dayatree.com (HTTP 502)
[2025-11-05 06:36:02] Success: dermspotlight.com -> 822 posts
[2025-11-05 06:36:03] Connection error: dailystrength.org
[2025-11-05 06:36:03] Success: demandafrica.com -> 851 posts
[2025-11-05 06:36:03] Success: design-milk.com -> 29217 posts
[2025-11-05 06:36:03] Success: dentaly.org -> 45 posts
[2025-11-05 06:36:03] Success: designcafe.com -> 2113 posts
[2025-11-05 06:36:03] Success: dentalhygieneassociation.com -> 219 posts
[2025-11-05 06:36:03] Success: designdash.com -> 1069 posts
[2025-11-05 06:36:03] Success: designhounds.com -> 76 posts
[2025-11-05 06:36:04] Success: desertlandscapinglasvegas.com -> 1455 posts
[2025-11-05 06:36:04] Success: designertrapped.com -> 426 posts
[2025-11-05 06:36:04] WordPress but restricted: designrush.com (HTTP 403)
[2025-11-05 06:36:04] Success: delishbymich.com -> 34 posts
[2025-11-05 06:36:04] Success: desertgardenguide.com -> 2 posts
[2025-11-05 06:36:04] Not WordPress or API disabled: designsponge.com
[2025-11-05 06:36:04] Success: desertnaturals.me -> 310 posts
[2025-11-05 06:36:04] Success: dentalhygienist101.com -> 675 posts
[2025-11-05 06:36:04] Success: davidaltmejd.com -> 202 posts
[2025-11-05 06:36:05] Success: designfor-me.com -> 586 posts
[2025-11-05 06:36:05] Success: designfor-me.com -> 586 posts
[2025-11-05 06:36:05] Success: designradiance.com -> 345 posts
[2025-11-05 06:36:05] Success: designmorsels.com -> 512 posts
[2025-11-05 06:36:05] Success: designideasguide.com -> 80 posts
[2025-11-05 06:36:05] Success: designworklife.com -> 5665 posts
[2025-11-05 06:36:05] Success: dessertbaking.com -> 103 posts
[2025-11-05 06:36:06] Success: designtobuildblog.com -> 457 posts
[2025-11-05 06:36:06] Success: dessertfortwo.com -> 939 posts
[2025-11-05 06:36:06] Success: designthusiasm.com -> 1429 posts
[2025-11-05 06:36:06] Success: designsbynajia.com -> 63 posts
[2025-11-05 06:36:06] Success: developingchild.harvard.edu -> 3 posts
[2025-11-05 06:36:06] Success: demilked.com -> 13566 posts
[2025-11-05 06:36:06] Success: dessertdonelight.com -> 94 posts
[2025-11-05 06:36:07] Success: detoxinista.com -> 1032 posts
[2025-11-05 06:36:07] WordPress but no count header: dgpatterns.com
[2025-11-05 06:36:07] Success: designingalifefantastic.com -> 19 posts
[2025-11-05 06:36:07] Success: detailed.com -> 32 posts
[2025-11-05 06:36:07] Success: dezeen.com -> 59396 posts
[2025-11-05 06:36:07] Success: destinationinsider.net -> 10 posts
[2025-11-05 06:36:07] WordPress but no count header: destinationcanada.com
[2025-11-05 06:36:07] Success: detroit-appliance.com -> 33 posts
[2025-11-05 06:36:07] Success: destinationdeluxe.com -> 855 posts
[2025-11-05 06:36:08] Success: diabetesselfmanagement.com -> 5 posts
[2025-11-05 06:36:08] Success: destinationlesstravel.com -> 2133 posts
[2025-11-05 06:36:08] Success: diabetesknow.com -> 670 posts
[2025-11-05 06:36:08] Success: dharmawisdom.org -> 319 posts
[2025-11-05 06:36:08] Success: diabetesselfmanagement.com -> 5 posts
[2025-11-05 06:36:08] Success: dghandy.com -> 34 posts
[2025-11-05 06:36:08] Success: diabetesfixer.com -> 89 posts
[2025-11-05 06:36:08] Success: diabetesfixer.com -> 89 posts
[2025-11-05 06:36:09] Success: designersjunction.com -> 251 posts
[2025-11-05 06:36:09] Success: diamondlobby.com -> 2849 posts
[2025-11-05 06:36:09] Success: diabeticgourmet.com -> 2462 posts
[2025-11-05 06:36:10] Success: diabetesstrong.com -> 748 posts
[2025-11-05 06:36:10] Success: diabetesstrong.com -> 748 posts
[2025-11-05 06:36:10] Success: dianfarmer.com -> 376 posts
[2025-11-05 06:36:10] WordPress but no count header: dietdoctor.com
[2025-11-05 06:36:10] Success: dharmaocean.org -> 577 posts
[2025-11-05 06:36:10] Success: dianthomas.com -> 797 posts
[2025-11-05 06:36:10] Success: dietitianlive.com -> 169 posts
[2025-11-05 06:36:11] Success: dianekochilas.com -> 1730 posts
[2025-11-05 06:36:11] Success: dietitiangagan.com -> 102 posts
[2025-11-05 06:36:11] Success: dietitianlive.com -> 169 posts
[2025-11-05 06:36:11] Success: diabetesmealplans.com -> 1216 posts
[2025-11-05 06:36:11] Success: digitaldefynd.com -> 223 posts
[2025-11-05 06:36:11] Success: dietitiandirectory.com -> 244 posts
[2025-11-05 06:36:11] Success: diaryofmyspirit.com -> 67 posts
[2025-11-05 06:36:12] Success: digitalnaturopath.com -> 229 posts
[2025-11-05 06:36:12] Success: digitaldigest.com -> 398 posts
[2025-11-05 06:36:12] Not WordPress or API disabled: diffordsguide.com
[2025-11-05 06:36:12] Connection error: crunchycreamysweet.com
[2025-11-05 06:36:13] Success: digicrusader.com -> 446 posts
[2025-11-05 06:36:13] Success: developgoodhabits.com -> 1604 posts
[2025-11-05 06:36:13] Not WordPress or API disabled: digitaltrends.com
[2025-11-05 06:36:13] Success: digitalgyd.com -> 142 posts
[2025-11-05 06:36:14] Success: digitallearningedge.com -> 9672 posts
[2025-11-05 06:36:14] Success: desivibe.com -> 1535 posts
[2025-11-05 06:36:14] Success: digestley.com -> 2377 posts
[2025-11-05 06:36:14] Success: devx.com -> 25133 posts
[2025-11-05 06:36:14] Not WordPress or API disabled: diningdevon.com
[2025-11-05 06:36:14] Success: digthisdesign.net -> 3767 posts
[2025-11-05 06:36:14] WordPress but restricted: dinnerthendessert.com (HTTP 403)
[2025-11-05 06:36:14] Success: dinewithdrinks.com -> 4166 posts
[2025-11-05 06:36:14] Not WordPress or API disabled: dinnerdinnerfatman.com
[2025-11-05 06:36:14] Success: differenthobbies.com -> 66 posts
[2025-11-05 06:36:14] WordPress but restricted: discover.hubpages.com (HTTP 403)
[2025-11-05 06:36:14] Success: digitalnomadphysician.com -> 1473 posts
[2025-11-05 06:36:15] Success: dimitrasdishes.com -> 1100 posts
[2025-11-05 06:36:15] Success: discoverbusiness.us -> 0 posts
[2025-11-05 06:36:15] Success: dinosaurmama.com -> 218 posts
[2025-11-05 06:36:15] Success: digsdigs.com -> 6367 posts
[2025-11-05 06:36:15] Success: dinneratthezoo.com -> 1407 posts
[2025-11-05 06:36:15] WordPress but no count header: discoverchicopee.com
[2025-11-05 06:36:15] WordPress but no count header: dinterventions.com
[2025-11-05 06:36:15] Success: discoverhappyhabits.com -> 31 posts
[2025-11-05 06:36:15] Success: discover.purediymagic.com -> 80 posts
[2025-11-05 06:36:15] Success: dirtgreen.com -> 999 posts
[2025-11-05 06:36:16] WordPress but no count header: discovernorthernireland.com
[2025-11-05 06:36:16] Connection error: decorilla.com
[2025-11-05 06:36:16] Success: disneytouristblog.com -> 5502 posts
[2025-11-05 06:36:16] Success: displaycaseart.com -> 55 posts
[2025-11-05 06:36:16] Success: dirobots.com -> 505 posts
[2025-11-05 06:36:16] Success: discoveroverthere.com -> 108 posts
[2025-11-05 06:36:16] Success: dishingupthedirt.com -> 1790 posts
[2025-11-05 06:36:17] WordPress but restricted: discoverwhr.nih.gov (HTTP 403)
[2025-11-05 06:36:17] Success: dishpairing.com -> 11646 posts
[2025-11-05 06:36:17] Success: discoverhealing.com -> 1449 posts
[2025-11-05 06:36:17] Success: daybydayinourworld.com -> 1813 posts
[2025-11-05 06:36:17] Success: dietaryhabit.com -> 297 posts
[2025-11-05 06:36:17] Success: dixieshowerdoors.com -> 115 posts
[2025-11-05 06:36:18] Success: distanceeducationschool.com -> 1584 posts
[2025-11-05 06:36:18] Success: distribuidorafiscal.com -> 10 posts
[2025-11-05 06:36:18] Connection error: diy.daniellekepple.com
[2025-11-05 06:36:18] Success: diy.glowpink.com -> 3221 posts
[2025-11-05 06:36:18] Success: diy-recipe.com -> 106 posts
[2025-11-05 06:36:18] Success: diy-guides.com -> 1739 posts
[2025-11-05 06:36:19] Success: diy-crush.com -> 444 posts
[2025-11-05 06:36:19] Success: diy-100ideas.com -> 371 posts
[2025-11-05 06:36:19] Not WordPress or API disabled: diyanu.com
[2025-11-05 06:36:19] Success: diy-project-advice.co.uk -> 530 posts
[2025-11-05 06:36:19] Not WordPress or API disabled: diybeautify.com
[2025-11-05 06:36:19] Success: diy.empowermemagazine.com -> 899 posts
[2025-11-05 06:36:19] Success: distinctivedesignstoragesolutions.com -> 9 posts
[2025-11-05 06:36:20] Success: diy.repairclinic.com -> 432 posts
[2025-11-05 06:36:20] Success: diycruiseports.com -> 167 posts
[2025-11-05 06:36:20] Success: diycraftsy.com -> 5666 posts
[2025-11-05 06:36:20] Success: distribuidorafiscal.com -> 10 posts
[2025-11-05 06:36:20] Success: diycozyhome.com -> 33 posts
[2025-11-05 06:36:20] Connection error: diydiva.net
[2025-11-05 06:36:20] WordPress but no count header: diybydesign.com
[2025-11-05 06:36:20] Success: diyfolly.com -> 2786 posts
[2025-11-05 06:36:21] Success: diybikerepair.com -> 0 posts
[2025-11-05 06:36:21] Success: diyhipchicks.com -> 167 posts
[2025-11-05 06:36:21] Success: diybunker.com -> 619 posts
[2025-11-05 06:36:21] Success: divergenttravelers.com -> 875 posts
[2025-11-05 06:36:22] Success: diyhomewizard.com -> 279 posts
[2025-11-05 06:36:22] Success: diyhomegenius.com -> 80 posts
[2025-11-05 06:36:22] Unknown status: diablocrossfit.com (HTTP 502)
[2025-11-05 06:36:22] Success: dinnerbysix.com -> 272 posts
[2025-11-05 06:36:22] Success: diy-tips.co.uk -> 182 posts
[2025-11-05 06:36:22] WordPress but restricted: diymegastore.co.uk (HTTP 403)
[2025-11-05 06:36:22] Success: diversinet.com -> 3622 posts
[2025-11-05 06:36:22] Success: diydeeds.com -> 0 posts
[2025-11-05 06:36:22] Connection error: diynaturalcare.com
[2025-11-05 06:36:22] Success: diyhuntress.com -> 319 posts
[2025-11-05 06:36:23] Success: diycandy.com -> 810 posts
[2025-11-05 06:36:23] Connection error: diylivingspace.net
[2025-11-05 06:36:23] Success: discuskeeper.com -> 447 posts
[2025-11-05 06:36:23] Success: diyncrafts.com -> 2704 posts
[2025-11-05 06:36:23] Unknown status: designlovefest.com (HTTP 522)
[2025-11-05 06:36:23] Success: diyjoy.com -> 17671 posts
[2025-11-05 06:36:23] Connection error: diydoctor.co.uk
[2025-11-05 06:36:23] Success: diys.com -> 3858 posts
[2025-11-05 06:36:23] Success: diyprojectsforteens.com -> 286 posts
[2025-11-05 06:36:23] Success: diyideas.org -> 282 posts
[2025-11-05 06:36:23] Success: diyhomesteading101.com -> 54 posts
[2025-11-05 06:36:24] Success: diynatural.com -> 1226 posts
[2025-11-05 06:36:24] Success: diyprojects.com -> 2098 posts
[2025-11-05 06:36:24] Success: diyhvac.org -> 16 posts
[2025-11-05 06:36:24] Connection error: diyweek.net
[2025-11-05 06:36:24] Success: diytrainingcenter.com -> 0 posts
[2025-11-05 06:36:24] Success: diyinspired.com -> 1658 posts
[2025-11-05 06:36:24] Success: diypaintingtips.com -> 280 posts
[2025-11-05 06:36:24] Success: diyscraftsy.com -> 1492 posts
[2025-11-05 06:36:24] Success: diypete.com -> 183 posts
[2025-11-05 06:36:24] Success: diytomake.com -> 1373 posts
[2025-11-05 06:36:24] Success: diyshowoff.com -> 2106 posts
[2025-11-05 06:36:24] Not WordPress or API disabled: doctoroz.com
[2025-11-05 06:36:24] Success: dlionline.org -> 159 posts
[2025-11-05 06:36:25] Success: doablesimplicity.com -> 238 posts
[2025-11-05 06:36:25] Success: dnsstuff.com -> 933 posts
[2025-11-05 06:36:25] WordPress but restricted: doctorondemand.com (HTTP 401)
[2025-11-05 06:36:25] Success: doctorfehmida.com -> 60 posts
[2025-11-05 06:36:25] WordPress but restricted: dogster.com (HTTP 403)
[2025-11-05 06:36:25] Success: dlcteams.com -> 68 posts
[2025-11-05 06:36:25] Success: dododsondesigns.com -> 369 posts
[2025-11-05 06:36:25] Success: dliflc.edu -> 426 posts
[2025-11-05 06:36:25] Success: document360.com -> 819 posts
[2025-11-05 06:36:26] Success: dlionline.org -> 159 posts
[2025-11-05 06:36:26] Success: dmcoffee.blog -> 28275 posts
[2025-11-05 06:36:26] Not WordPress or API disabled: doityourself.com
[2025-11-05 06:36:26] Success: dogproductpicker.com -> 4896 posts
[2025-11-05 06:36:26] Success: doityourselves.com -> 943 posts
[2025-11-05 06:36:26] Success: doityourselves.com -> 943 posts
[2025-11-05 06:36:26] Success: doglime.com -> 1412 posts
[2025-11-05 06:36:26] Not WordPress or API disabled: docs.oracle.com
[2025-11-05 06:36:27] Not WordPress or API disabled: dogtrainingrevolution.com
[2025-11-05 06:36:27] Success: doanrestorationoh.com -> 1 posts
[2025-11-05 06:36:27] Success: dogguidereviews.com -> 132 posts
[2025-11-05 06:36:27] Success: dogguidereviews.com -> 132 posts
[2025-11-05 06:36:27] Not WordPress or API disabled: doityourselfdivas.com
[2025-11-05 06:36:28] Success: dollarsprout.com -> 445 posts
[2025-11-05 06:36:28] Success: dolphinfamilytours.com -> 23 posts
[2025-11-05 06:36:28] Success: doityourselfrv.com -> 2473 posts
[2025-11-05 06:36:28] Success: donpedrobrooklyn.com -> 361 posts
[2025-11-05 06:36:28] Success: dogtipper.com -> 2452 posts
[2025-11-05 06:36:28] Success: dogvills.com -> 1951 posts
[2025-11-05 06:36:28] Success: dollarsanity.com -> 917 posts
[2025-11-05 06:36:28] Success: dominguezfirm.com -> 315 posts
[2025-11-05 06:36:29] Unknown status: doobert.com (HTTP 503)
[2025-11-05 06:36:29] Success: dogtime.com -> 8608 posts
[2025-11-05 06:36:29] Success: dontfrigwithmyfood.co.uk -> 277 posts
[2025-11-05 06:36:29] WordPress but no count header: domesticandgeneral.com
[2025-11-05 06:36:29] Not WordPress or API disabled: doodlecraftblog.com
[2025-11-05 06:36:29] Success: dontmesswithmama.com -> 334 posts
[2025-11-05 06:36:29] Success: domino.com -> 16571 posts
[2025-11-05 06:36:29] Success: dotesports.com -> 148099 posts
[2025-11-05 06:36:30] WordPress but no count header: doodlersanonymous.com
[2025-11-05 06:36:30] Success: dontwastethecrumbs.com -> 846 posts
[2025-11-05 06:36:30] Success: dominthekitchen.com -> 1553 posts
[2025-11-05 06:36:30] Success: dottordentista.com -> 5 posts
[2025-11-05 06:36:30] Success: domylaundry.ca -> 54 posts
[2025-11-05 06:36:30] Unknown status: davewigstone.com (HTTP 525)
[2025-11-05 06:36:30] Success: doncorgi.com -> 274 posts
[2025-11-05 06:36:31] Success: downshiftology.com -> 198 posts
[2025-11-05 06:36:31] WordPress but restricted: doyogawithme.com (HTTP 403)
[2025-11-05 06:36:31] Success: dorastable.com -> 229 posts
[2025-11-05 06:36:31] Connection error: dietitiansuccesscenter.com
[2025-11-05 06:36:31] Success: doyouremember.com -> 26907 posts
[2025-11-05 06:36:31] WordPress but no count header: doxy.me
[2025-11-05 06:36:31] Not WordPress or API disabled: doximity.com
[2025-11-05 06:36:31] Success: doughnutlounge.com -> 30791 posts
[2025-11-05 06:36:31] Success: digitei.com -> 124444 posts
[2025-11-05 06:36:32] Success: doyleloghomeservices.com -> 35 posts
[2025-11-05 06:36:32] Success: downtoearthfertilizer.com -> 17 posts
[2025-11-05 06:36:32] Not WordPress or API disabled: drawman.blogspot.com
[2025-11-05 06:36:32] Success: dr-kelley.com -> 118 posts
[2025-11-05 06:36:32] WordPress but restricted: dreamalittlebigger.com (HTTP 403)
[2025-11-05 06:36:32] Success: doyouremember.com -> 26907 posts
[2025-11-05 06:36:32] Success: downtothewire.net.au -> 66 posts
[2025-11-05 06:36:32] Success: drawpaintacademy.com -> 597 posts
[2025-11-05 06:36:32] Success: dragonflyfun.com -> 85 posts
[2025-11-05 06:36:32] Success: draxe.com -> 0 posts
[2025-11-05 06:36:33] Success: doujindesu.co.uk -> 221 posts
[2025-11-05 06:36:33] Success: drawing123.com -> 711 posts
[2025-11-05 06:36:33] Success: drchandrilchugh.com -> 603 posts
[2025-11-05 06:36:33] Success: dollartreecraft.org -> 21 posts
[2025-11-05 06:36:33] Success: doughnutlounge.com -> 30791 posts
[2025-11-05 06:36:33] Success: dreamlandsdesign.com -> 9759 posts
[2025-11-05 06:36:33] WordPress but restricted: drgundry.com (HTTP 403)
[2025-11-05 06:36:33] WordPress but restricted: drgundry.com (HTTP 403)
[2025-11-05 06:36:34] Success: dreamhousetm.com -> 402 posts
[2025-11-05 06:36:34] Success: dreamgreendiy.com -> 2516 posts
[2025-11-05 06:36:34] Success: dreamhousetm.com -> 402 posts
[2025-11-05 06:36:34] Success: downsizegeek.com -> 1339 posts
[2025-11-05 06:36:34] Success: dreasdaintykitchen.com -> 251 posts
[2025-11-05 06:36:34] Success: drgreenmom.com -> 257 posts
[2025-11-05 06:36:34] Not WordPress or API disabled: driftervans.com
[2025-11-05 06:36:35] Success: dressyourhome.in -> 729 posts
[2025-11-05 06:36:35] Success: drhomefixer.com -> 20 posts
[2025-11-05 06:36:35] Success: dressdreamers.com -> 149 posts
[2025-11-05 06:36:35] Success: driversdrift.com -> 464 posts
[2025-11-05 06:36:35] Success: dreamsabroad.com -> 650 posts
[2025-11-05 06:36:35] Success: drecampbell.com -> 326 posts
[2025-11-05 06:36:35] Success: drinkssweetly.com -> 505 posts
[2025-11-05 06:36:36] Success: driphydration.com -> 983 posts
[2025-11-05 06:36:36] Not WordPress or API disabled: drlanawellness.com
[2025-11-05 06:36:36] Success: dottorfiocchi.com -> 24 posts
[2025-11-05 06:36:36] WordPress but restricted: drizzlelemons.com (HTTP 403)
[2025-11-05 06:36:36] Success: drivenbydecor.com -> 438 posts
[2025-11-05 06:36:36] Success: drpitcairn.com -> 7 posts
[2025-11-05 06:36:36] Success: drizzlemeskinny.com -> 1495 posts
[2025-11-05 06:36:36] Success: drinksworld.com -> 307 posts
[2025-11-05 06:36:36] Success: drinkstack.com -> 868 posts
[2025-11-05 06:36:36] Success: drmache.com -> 522 posts
[2025-11-05 06:36:36] Success: dreamycup.com -> 150 posts
[2025-11-05 06:36:37] Success: drewandjonathan.com -> 1033 posts
[2025-11-05 06:36:37] Success: drruscio.com -> 2113 posts
[2025-11-05 06:36:37] Success: drruscio.com -> 2113 posts
[2025-11-05 06:36:37] WordPress but restricted: drugs.com (HTTP 403)
[2025-11-05 06:36:37] Success: droolrecipes.com -> 10615 posts
[2025-11-05 06:36:37] WordPress but restricted: drweil.com (HTTP 403)
[2025-11-05 06:36:37] Success: drsamanthamorel.com -> 136 posts
[2025-11-05 06:36:37] Success: drsamanthamorel.com -> 136 posts
[2025-11-05 06:36:37] Connection error: divinedishdelights.com
[2025-11-05 06:36:38] Success: drsonneveld.com -> 135 posts
[2025-11-05 06:36:38] Success: doityourselfbyryan.com -> 6 posts
[2025-11-05 06:36:38] Success: drrobart.com -> 0 posts
[2025-11-05 06:36:38] Success: ductheroes.com -> 0 posts
[2025-11-05 06:36:38] Success: ductheroes.com -> 0 posts
[2025-11-05 06:36:38] Success: drlauryn.com -> 1155 posts
[2025-11-05 06:36:38] Success: drizzleanddip.com -> 1241 posts
[2025-11-05 06:36:38] Success: dryeffect.com -> 274 posts
[2025-11-05 06:36:38] Success: ductdoctorbirmingham.com -> 114 posts
[2025-11-05 06:36:38] Success: drwillcole.com -> 1039 posts
[2025-11-05 06:36:38] Success: dtelandscape.com -> 337 posts
[2025-11-05 06:36:38] WordPress but no count header: drworkout.fitness
[2025-11-05 06:36:38] Success: drseeds.ca -> 42 posts
[2025-11-05 06:36:38] Success: drvijayantgovinda.com -> 104 posts
[2025-11-05 06:36:39] Success: dreamycup.com -> 150 posts
[2025-11-05 06:36:39] Success: dtptips.com -> 3111 posts
[2025-11-05 06:36:39] Success: dumpstermaxx.com -> 83 posts
[2025-11-05 06:36:39] Success: due.com -> 7366 posts
[2025-11-05 06:36:39] Success: dugiguides.com -> 311 posts
[2025-11-05 06:36:40] Success: drswetech.com -> 40 posts
[2025-11-05 06:36:40] Success: dyinghardcooking.com -> 200 posts
[2025-11-05 06:36:40] Success: dug.org -> 257 posts
[2025-11-05 06:36:40] Success: dustandmop.com -> 112 posts
[2025-11-05 06:36:40] Success: duramaxbp.com -> 87 posts
[2025-11-05 06:36:40] Success: duro-last.com -> 0 posts
[2025-11-05 06:36:40] Success: e-architect.com -> 33183 posts
[2025-11-05 06:36:40] Success: dudethatcookz.com -> 300 posts
[2025-11-05 06:36:41] Success: dynamicmomsimplified.com -> 7 posts
[2025-11-05 06:36:41] Success: drkaursdentalranchi.com -> 10 posts
[2025-11-05 06:36:41] Success: earth.org -> 3820 posts
[2025-11-05 06:36:41] Success: early.app -> 375 posts
[2025-11-05 06:36:42] Success: e2mfitness.com -> 474 posts
[2025-11-05 06:36:42] Success: dysphagiacafe.com -> 280 posts
[2025-11-05 06:36:42] Success: earlysteps.pediatrics.med.ufl.edu -> 0 posts
[2025-11-05 06:36:42] Success: drrachelpaul.com -> 917 posts
[2025-11-05 06:36:42] Connection error: diyhsh.com
[2025-11-05 06:36:42] Success: e2mfitness.com -> 474 posts
[2025-11-05 06:36:42] Success: earlybullets.com -> 1334 posts
[2025-11-05 06:36:42] Not WordPress or API disabled: earthhero.com
[2025-11-05 06:36:43] Success: e360hospitality.com -> 45 posts
[2025-11-05 06:36:43] Not WordPress or API disabled: dwell.com
[2025-11-05 06:36:43] Success: earthday.org -> 1896 posts
[2025-11-05 06:36:43] Success: earth5r.org -> 828 posts
[2025-11-05 06:36:43] Success: e-student.org -> 409 posts
[2025-11-05 06:36:43] Success: earthbuddies.net -> 2027 posts
[2025-11-05 06:36:43] Success: earthava.com -> 414 posts
[2025-11-05 06:36:43] Success: earthreminder.com -> 549 posts
[2025-11-05 06:36:43] WordPress but restricted: earth911.com (HTTP 401)
[2025-11-05 06:36:43] Success: druidsgardenteacompany.com -> 26 posts
[2025-11-05 06:36:44] Connection error: diynetwork.com
[2025-11-05 06:36:44] Success: durmonski.com -> 537 posts
[2025-11-05 06:36:44] WordPress but restricted: earthtrekkers.com (HTTP 403)
[2025-11-05 06:36:44] Success: easycleancook.com -> 22134 posts
[2025-11-05 06:36:44] Success: earnsmartonlineclass.com -> 210 posts
[2025-11-05 06:36:44] Success: ease.com -> 281 posts
[2025-11-05 06:36:44] Success: earthlust.com -> 15 posts
[2025-11-05 06:36:44] Success: earthtoveg.com -> 162 posts
[2025-11-05 06:36:45] Success: eastsideidealhealth.com -> 2 posts
[2025-11-05 06:36:45] Success: easyanddelish.com -> 914 posts
[2025-11-05 06:36:45] Success: earthship.com -> 121 posts
[2025-11-05 06:36:45] Success: easychickenrecipes.com -> 493 posts
[2025-11-05 06:36:45] Success: easyhealthyfoods.com -> 26555 posts
[2025-11-05 06:36:45] Success: easy-home-repair-tips.com -> 2836 posts
[2025-11-05 06:36:45] Success: easyfreshhome.com -> 256 posts
[2025-11-05 06:36:45] Success: easycookingwithmolly.com -> 748 posts
[2025-11-05 06:36:45] Connection error: doctorshealthpress.com
[2025-11-05 06:36:46] Success: easycooksrecipes.com -> 602 posts
[2025-11-05 06:36:46] Success: easycooksrecipes.com -> 602 posts
[2025-11-05 06:36:46] Success: easyhomemeals.com -> 0 posts
[2025-11-05 06:36:46] Success: easyfamilyrecipes.com -> 1187 posts
[2025-11-05 06:36:47] Success: easyinstantrecipes.com -> 416 posts
[2025-11-05 06:36:47] Success: earthfriendlytips.com -> 386 posts
[2025-11-05 06:36:47] Success: earthfriendlytips.com -> 386 posts
[2025-11-05 06:36:47] Success: easypeasyslowcook.com -> 812 posts
[2025-11-05 06:36:47] Success: earthkind.com -> 337 posts
[2025-11-05 06:36:47] Success: easypoolcleaning.com -> 234 posts
[2025-11-05 06:36:47] Unknown status: eatbetter.com (HTTP 402)
[2025-11-05 06:36:47] Success: easypeasyandfun.com -> 1752 posts
[2025-11-05 06:36:48] Success: easymommylife.com -> 278 posts
[2025-11-05 06:36:48] Not WordPress or API disabled: eater.com
[2025-11-05 06:36:48] Success: eastlandmovers.com -> 47 posts
[2025-11-05 06:36:48] Success: easypeasy-lemonsqueezy.co.uk -> 352 posts
[2025-11-05 06:36:48] Success: eastlandmovers.com -> 47 posts
[2025-11-05 06:36:48] Success: easypoolcleaning.com -> 234 posts
[2025-11-05 06:36:48] Success: easycheesyvegetarian.com -> 721 posts
[2025-11-05 06:36:48] Success: eatbeautiful.net -> 733 posts
[2025-11-05 06:36:48] Success: easypapercrafts.com -> 19 posts
[2025-11-05 06:36:49] Success: easyhometips.org -> 715 posts
[2025-11-05 06:36:49] Success: eatingchoice.com -> 24251 posts
[2025-11-05 06:36:50] Success: eathealthy365.com -> 2921117 posts
[2025-11-05 06:36:50] Success: eatdrinkpure.com -> 145 posts
[2025-11-05 06:36:50] Success: eatingeuropean.com -> 263 posts
[2025-11-05 06:36:50] Success: eatandgeek.com -> 16944 posts
[2025-11-05 06:36:50] Success: eatcookexplore.com -> 708 posts
[2025-11-05 06:36:50] Unknown status: eatingwell.com (HTTP 460)
[2025-11-05 06:36:50] Success: easyhomemadelife.com -> 1873 posts
[2025-11-05 06:36:50] Success: eatingmeals.com -> 22449 posts
[2025-11-05 06:36:50] Success: eatinghealthy4life.com -> 52 posts
[2025-11-05 06:36:51] Success: eatingmeals.com -> 22449 posts
[2025-11-05 06:36:51] Success: eatingbyelaine.com -> 778 posts
[2025-11-05 06:36:51] Success: eatingbirdfood.com -> 1605 posts
[2025-11-05 06:36:51] Success: eatingbyelaine.com -> 778 posts
[2025-11-05 06:36:51] Success: dukesinitiative.com -> 31 posts
[2025-11-05 06:36:51] Client error: eatingsoupalone.tumblr.com - Server disconnected
[2025-11-05 06:36:51] Success: eatingonadime.com -> 3030 posts
[2025-11-05 06:36:51] Success: eatinghealthy4life.com -> 52 posts
[2025-11-05 06:36:51] Success: easydailythings.com -> 210 posts
[2025-11-05 06:36:51] Success: eatingonadime.com -> 3030 posts
[2025-11-05 06:36:52] Success: eatproteins.com -> 585 posts
[2025-11-05 06:36:52] Not WordPress or API disabled: eatnourishglow.com.au
[2025-11-05 06:36:52] WordPress but no count header: eatordrink.net
[2025-11-05 06:36:52] Success: eatingwitherica.com -> 1098 posts
[2025-11-05 06:36:53] Not WordPress or API disabled: eatthis.com
[2025-11-05 06:36:53] Success: eathealthyisgood.com -> 517 posts
[2025-11-05 06:36:53] Success: eatliftmom.com -> 54 posts
[2025-11-05 06:36:53] Success: eatperu.com -> 136 posts
[2025-11-05 06:36:53] Success: eathealthyisgood.com -> 517 posts
[2025-11-05 06:36:53] WordPress but restricted: eatyourbooks.com (HTTP 403)
[2025-11-05 06:36:53] Success: eatsomethingvegan.com -> 204 posts
[2025-11-05 06:36:53] Success: eatwellspendsmart.com -> 260 posts
[2025-11-05 06:36:54] Success: eatplant-based.com -> 539 posts
[2025-11-05 06:36:54] Success: eatwheat.org -> 0 posts
[2025-11-05 06:36:54] Success: eatlikeanitalian.com -> 109 posts
[2025-11-05 06:36:54] Success: eatingwithfoodallergies.com -> 126 posts
[2025-11-05 06:36:54] Success: eatingwithfoodallergies.com -> 126 posts
[2025-11-05 06:36:54] WordPress but restricted: eatsamazing.co.uk (HTTP 401)
[2025-11-05 06:36:54] Success: echousecleaning.com -> 71 posts
[2025-11-05 06:36:55] Success: eco-friendly-products.shop -> 61 posts
[2025-11-05 06:36:55] Success: eatyourselfskinny.com -> 458 posts
[2025-11-05 06:36:55] Success: echelon.health -> 264 posts
[2025-11-05 06:36:55] Success: ebohemians.com -> 925 posts
[2025-11-05 06:36:55] Success: ecoactions.homedepot.com -> 184 posts
[2025-11-05 06:36:56] Success: ecocompass.org -> 14 posts
[2025-11-05 06:36:56] Success: eatlittlebird.com -> 443 posts
[2025-11-05 06:36:56] Success: ecocouple.blog -> 84 posts
[2025-11-05 06:36:56] Success: echochase.com -> 1196 posts
[2025-11-05 06:36:56] Not WordPress or API disabled: eatright.org
[2025-11-05 06:36:56] Success: ecocart.io -> 243 posts
[2025-11-05 06:36:56] Success: ecocasalife.com -> 212 posts
[2025-11-05 06:36:57] Success: eatwithcarmen.com -> 267 posts
[2025-11-05 06:36:57] Not WordPress or API disabled: ecodiva.co.za
[2025-11-05 06:36:57] Connection error: drniveditapandey.com
[2025-11-05 06:36:57] Success: ecocasalife.com -> 212 posts
[2025-11-05 06:36:57] Success: ecocult.com -> 965 posts
[2025-11-05 06:36:57] Success: eco-friendly-products.shop -> 61 posts
[2025-11-05 06:36:57] Success: ecocompass.org -> 14 posts
[2025-11-05 06:36:57] Success: eatthistown.ca -> 265 posts
[2025-11-05 06:36:57] Success: eco-stylist.com -> 230 posts
[2025-11-05 06:36:58] Success: ecofriendlyhomehub.com -> 320 posts
[2025-11-05 06:36:58] Success: ecofriendlyhabits.com -> 0 posts
[2025-11-05 06:36:58] Success: eco365store.com -> 241 posts
[2025-11-05 06:36:58] Success: ecofriend.com -> 21343 posts
[2025-11-05 06:36:58] Success: ecohealthway.com -> 383 posts
[2025-11-05 06:36:58] Success: ecoengineeringhub.com -> 90 posts
[2025-11-05 06:36:58] Success: ecohealthway.com -> 383 posts
[2025-11-05 06:36:59] Success: ecocleaning-nyc.com -> 33 posts
[2025-11-05 06:36:59] Success: ecoglowcleaning.com -> 43 posts
[2025-11-05 06:36:59] Success: ecocleaning-nyc.com -> 33 posts
[2025-11-05 06:36:59] Success: ecolonomics.org -> 994 posts
[2025-11-05 06:36:59] Not WordPress or API disabled: ecohome.net
[2025-11-05 06:37:00] Success: ecohomegenius.com -> 988 posts
[2025-11-05 06:37:00] Success: ecologyskincare.com -> 121 posts
[2025-11-05 06:37:00] Success: ecohomegenius.com -> 988 posts
[2025-11-05 06:37:01] Success: ecocation.org -> 275 posts
[2025-11-05 06:37:01] Success: ecogardeners.com -> 11 posts
[2025-11-05 06:37:01] Success: ecolifewise.com -> 1813 posts
[2025-11-05 06:37:01] Success: ecoheven.com -> 411 posts
[2025-11-05 06:37:01] Success: ecomstart.io -> 541 posts
[2025-11-05 06:37:01] Success: ecomasteryproject.com -> 1761 posts
[2025-11-05 06:37:01] Not WordPress or API disabled: eatdrinkmississippi.com
[2025-11-05 06:37:01] Success: ecolifepath.com -> 114 posts
[2025-11-05 06:37:02] Success: ecoredux.com -> 86 posts
[2025-11-05 06:37:02] Success: ecoredux.com -> 86 posts
[2025-11-05 06:37:02] WordPress but no count header: ecosguide.com
[2025-11-05 06:37:02] Connection error: ecothings.io
[2025-11-05 06:37:02] Success: ecofriendlyguy.com -> 5 posts
[2025-11-05 06:37:02] Success: ecomaids.com -> 13 posts
[2025-11-05 06:37:02] Success: ecomena.org -> 1369 posts
[2025-11-05 06:37:02] Success: ecoharvesthome.com -> 56 posts
[2025-11-05 06:37:03] Success: ecornell.cornell.edu -> 0 posts
[2025-11-05 06:37:03] Success: ecoleglobale.com -> 436 posts
[2025-11-05 06:37:03] Success: ecomena.org -> 1369 posts
[2025-11-05 06:37:03] Success: econtrolsystems.com -> 97 posts
[2025-11-05 06:37:03] Success: ecorganicas.com -> 771 posts
[2025-11-05 06:37:03] Success: econewera.com -> 6 posts
[2025-11-05 06:37:03] Not WordPress or API disabled: ed.ted.com
[2025-11-05 06:37:04] Success: econtrolsystems.com -> 97 posts
[2025-11-05 06:37:04] Connection error: edibleafricans.com
[2025-11-05 06:37:04] Success: eddielewis.com -> 9 posts
[2025-11-05 06:37:04] Not WordPress or API disabled: ediblelandscaping.com
[2025-11-05 06:37:04] Success: ecowatch.com -> 17590 posts
[2025-11-05 06:37:04] Connection error: easeyourcooking.com
[2025-11-05 06:37:04] Success: ecomaids.com -> 13 posts
[2025-11-05 06:37:04] WordPress but restricted: editorialist.com (HTTP 403)
[2025-11-05 06:37:04] Success: edgeup.asus.com -> 1136 posts
[2025-11-05 06:37:05] Success: ecwid.com -> 1100 posts
[2025-11-05 06:37:05] Success: edcprofessionalhomeinspections.com -> 62 posts
[2025-11-05 06:37:05] Not WordPress or API disabled: edition.cnn.com
[2025-11-05 06:37:05] Success: ediblebrooklyn.com -> 2774 posts
[2025-11-05 06:37:05] Success: edencleaning.net -> 90 posts
[2025-11-05 06:37:05] Success: ecotsy.com -> 223 posts
[2025-11-05 06:37:06] Success: educationwalkthrough.com -> 274 posts
[2025-11-05 06:37:06] Success: education.asianart.org -> 0 posts
[2025-11-05 06:37:06] Success: editorialge.com -> 27773 posts
[2025-11-05 06:37:06] Success: eatforlonger.com -> 945 posts
[2025-11-05 06:37:06] Not WordPress or API disabled: edx.org
[2025-11-05 06:37:06] Success: eduww.net -> 137 posts
[2025-11-05 06:37:06] Success: ecowworld.com -> 112 posts
[2025-11-05 06:37:06] Success: ecostarters.com -> 30 posts
[2025-11-05 06:37:06] Success: edunation.co -> 417 posts
[2025-11-05 06:37:07] Success: ecothes.com -> 308 posts
[2025-11-05 06:37:07] Success: effectivestudents.com -> 87 posts
[2025-11-05 06:37:07] Success: eeziecleaning.com -> 168 posts
[2025-11-05 06:37:07] Success: edumanias.com -> 6484 posts
[2025-11-05 06:37:07] Success: eggsallways.com -> 59 posts
[2025-11-05 06:37:07] WordPress but restricted: efficiencypr.com (HTTP 403)
[2025-11-05 06:37:07] Success: edwardgeorgelondon.com -> 469 posts
[2025-11-05 06:37:07] Not WordPress or API disabled: edp24.co.uk
[2025-11-05 06:37:07] Success: ehs.com -> 872 posts
[2025-11-05 06:37:07] Success: educba.com -> 25993 posts
[2025-11-05 06:37:07] Not WordPress or API disabled: ehow.com
[2025-11-05 06:37:07] Success: ehouseplant.com -> 873 posts
[2025-11-05 06:37:08] Success: educatorstechnology.com -> 1590 posts
[2025-11-05 06:37:08] Success: einatkessler.com -> 205 posts
[2025-11-05 06:37:08] Success: eightforestlane.com -> 539 posts
[2025-11-05 06:37:08] Success: ehscompliance.com -> 106 posts
[2025-11-05 06:37:08] Not WordPress or API disabled: ejfcoaching.com
[2025-11-05 06:37:08] Success: eightforestlane.com -> 539 posts
[2025-11-05 06:37:08] Success: elavegan.com -> 503 posts
[2025-11-05 06:37:09] Success: edsheatingandcooling.com -> 94 posts
[2025-11-05 06:37:09] Success: ehomeremedies.com -> 211 posts
[2025-11-05 06:37:09] Success: edsheatingandcooling.com -> 94 posts
[2025-11-05 06:37:10] Success: electraradioti.com -> 356 posts
[2025-11-05 06:37:10] Success: eggcellentwork.com -> 708 posts
[2025-11-05 06:37:10] Not WordPress or API disabled: electrolux.vn
[2025-11-05 06:37:10] Success: elanaspantry.com -> 977 posts
[2025-11-05 06:37:10] Success: eileenanddogs.com -> 422 posts
[2025-11-05 06:37:10] Success: eldridgeusa.com -> 6 posts
[2025-11-05 06:37:10] Success: efficientherapist.com -> 5 posts
[2025-11-05 06:37:10] Success: elearningart.com -> 129 posts
[2025-11-05 06:37:10] Success: efforthard.com -> 26 posts
[2025-11-05 06:37:11] Success: electronicsandyou.com -> 320 posts
[2025-11-05 06:37:11] Success: eleanorrosehome.com -> 392 posts
[2025-11-05 06:37:11] Success: educationcorner.com -> 418 posts
[2025-11-05 06:37:11] Success: elemental.green -> 625 posts
[2025-11-05 06:37:11] Success: elisetriestocook.com -> 199 posts
[2025-11-05 06:37:11] Success: elementor.com -> 165 posts
[2025-11-05 06:37:12] Success: efzincreations.com -> 1058 posts
[2025-11-05 06:37:12] Not WordPress or API disabled: elle.com
[2025-11-05 06:37:12] Success: elephantenergy.com -> 86 posts
[2025-11-05 06:37:12] Success: elevationhandmade.com -> 61 posts
[2025-11-05 06:37:12] Not WordPress or API disabled: elledecor.com
[2025-11-05 06:37:12] Not WordPress or API disabled: elliegreenwood.blogspot.com
[2025-11-05 06:37:12] Success: elementaryassessments.com -> 582 posts
[2025-11-05 06:37:12] Not WordPress or API disabled: ellenbaker-33642.medium.com
[2025-11-05 06:37:12] Success: elementalhealth.group -> 18 posts
[2025-11-05 06:37:12] Connection error: eatrightmich.org
[2025-11-05 06:37:13] Not WordPress or API disabled: elfa.com
[2025-11-05 06:37:13] Success: elizabethmadethis.com -> 259 posts
[2025-11-05 06:37:13] Success: elliementalhealth.com -> 149 posts
[2025-11-05 06:37:13] Success: elder.org -> 427 posts
[2025-11-05 06:37:13] Success: elpaso.extension.colostate.edu -> 0 posts
[2025-11-05 06:37:14] Success: ellipsismarketing.net -> 0 posts
[2025-11-05 06:37:14] Success: elizabethrider.com -> 680 posts
[2025-11-05 06:37:14] Success: eluxemagazine.com -> 1960 posts
[2025-11-05 06:37:14] Success: elliestraveltips.com -> 600 posts
[2025-11-05 06:37:14] Connection error: embraceecoliving.com
[2025-11-05 06:37:15] Success: eltonyoga.com -> 60 posts
[2025-11-05 06:37:15] Success: elle.com.au -> 24651 posts
[2025-11-05 06:37:15] Success: elitedetailedcleaning.com -> 10 posts
[2025-11-05 06:37:15] Success: elloeducar.com.br -> 204 posts
[2025-11-05 06:37:15] Success: elephantbeans.de -> 53 posts
[2025-11-05 06:37:15] Success: elitedetailedcleaning.com -> 10 posts
[2025-11-05 06:37:15] Success: elizabethskitchendiary.co.uk -> 821 posts
[2025-11-05 06:37:15] Success: elixirhomecare.com -> 3 posts
[2025-11-05 06:37:15] Success: embroker.com -> 0 posts
[2025-11-05 06:37:15] Success: ellisjamesdesigns.com -> 659 posts
[2025-11-05 06:37:16] Success: emailanalytics.com -> 292 posts
[2025-11-05 06:37:16] Success: emailmonday.com -> 114 posts
[2025-11-05 06:37:16] Success: emilyepicure.com -> 9015 posts
[2025-11-05 06:37:16] Success: emmalinebride.com -> 5766 posts
[2025-11-05 06:37:16] Success: emcrit.org -> 1474 posts
[2025-11-05 06:37:16] Success: emilythought.net -> 6314 posts
[2025-11-05 06:37:17] WordPress but no count header: emmasdiary.co.uk
[2025-11-05 06:37:17] Success: emersonproservices.com -> 601 posts
[2025-11-05 06:37:17] Success: elotesisters.com -> 35 posts
[2025-11-05 06:37:17] Success: elloeducar.com.br -> 204 posts
[2025-11-05 06:37:17] Success: empirehomes.com -> 0 posts
[2025-11-05 06:37:17] Success: empirehomes.com -> 0 posts
[2025-11-05 06:37:17] Success: emetaction.org -> 5 posts
[2025-11-05 06:37:17] Success: emmaeatsandexplores.com -> 359 posts
[2025-11-05 06:37:17] Connection error: ecoflip.org
[2025-11-05 06:37:18] Success: emmairenecavanagh.com -> 156 posts
[2025-11-05 06:37:18] Success: emoneylover.com -> 144 posts
[2025-11-05 06:37:18] Connection error: ecofriendlybliss.com
[2025-11-05 06:37:18] Success: emoneylover.com -> 144 posts
[2025-11-05 06:37:18] Success: empmonitor.com -> 0 posts
[2025-11-05 06:37:18] Success: emeraldhillcollective.com -> 21 posts
[2025-11-05 06:37:18] Success: emedihealth.com -> 2474 posts
[2025-11-05 06:37:18] Success: emilylightly.com -> 191 posts
[2025-11-05 06:37:18] Success: emocare.co.in -> 1031 posts
[2025-11-05 06:37:19] WordPress but restricted: en-tango.com (HTTP 403)
[2025-11-05 06:37:19] Success: emilyluxton.co.uk -> 501 posts
[2025-11-05 06:37:19] Success: empressofdirt.net -> 732 posts
[2025-11-05 06:37:19] Success: empoweredsinglemoms.com -> 236 posts
[2025-11-05 06:37:19] Success: en.lifestyle.fit -> 1361 posts
[2025-11-05 06:37:19] Success: empoweredsustenance.com -> 617 posts
[2025-11-05 06:37:19] Not WordPress or API disabled: encyclopedia.com
[2025-11-05 06:37:19] Success: encapsulationsdownunder.com -> 238 posts
[2025-11-05 06:37:19] Success: emsaok.gov -> 344 posts
[2025-11-05 06:37:20] Success: en.waverine.marketing -> 16 posts
[2025-11-05 06:37:20] Success: emptyeasel.com -> 2391 posts
[2025-11-05 06:37:20] Success: emergencyfirstresponse.com -> 45 posts
[2025-11-05 06:37:20] Success: emergencyfirstresponse.com -> 45 posts
[2025-11-05 06:37:20] Success: empoweredparents.co -> 287 posts
[2025-11-05 06:37:20] Success: empoweryourwellness.online -> 136 posts
[2025-11-05 06:37:20] WordPress but no count header: energydrinkhub.com
[2025-11-05 06:37:20] Success: engagedly.com -> 1434 posts
[2025-11-05 06:37:20] Success: energytheory.com -> 2231 posts
[2025-11-05 06:37:20] Success: englishempowermentcenter.org -> 89 posts
[2025-11-05 06:37:21] Success: empoweringparents.com -> 0 posts
[2025-11-05 06:37:21] Success: engnovate.com -> 179 posts
[2025-11-05 06:37:21] Success: endometriosis.org -> 309 posts
[2025-11-05 06:37:21] Not WordPress or API disabled: english-online.at
[2025-11-05 06:37:21] Success: english-conversation-questions.com -> 0 posts
[2025-11-05 06:37:21] Success: englishgrammarzone.com -> 2192 posts
[2025-11-05 06:37:22] Success: englishgardencare.com -> 1 posts
[2025-11-05 06:37:22] Connection error: enmococinahoy.com
[2025-11-05 06:37:22] Success: energyvanguard.com -> 1128 posts
[2025-11-05 06:37:22] Success: englishan.com -> 1726 posts
[2025-11-05 06:37:22] Success: engineering.com -> 41031 posts
[2025-11-05 06:37:22] Success: english-wedding.com -> 1868 posts
[2025-11-05 06:37:22] WordPress but restricted: enn.com (HTTP 403)
[2025-11-05 06:37:23] Success: energydrinkratings.com -> 31 posts
[2025-11-05 06:37:23] Success: engoplanet.com -> 312 posts
[2025-11-05 06:37:23] Success: entnet.org -> 0 posts
[2025-11-05 06:37:23] Success: enrichedaesthetics.com -> 63 posts
[2025-11-05 06:37:24] Success: enviro-master.com -> 405 posts
[2025-11-05 06:37:24] Success: entrepreneur.com -> 119242 posts
[2025-11-05 06:37:24] Success: engineershorizon.com -> 123 posts
[2025-11-05 06:37:24] WordPress but restricted: enviromom.com (HTTP 403)
[2025-11-05 06:37:24] Success: entrepreneurpost.com -> 656 posts
[2025-11-05 06:37:24] Success: enticinglysimple.com -> 164 posts
[2025-11-05 06:37:25] Success: enlightio.com -> 1490 posts
[2025-11-05 06:37:25] Success: entrepreneur-resources.net -> 4056 posts
[2025-11-05 06:37:25] Success: emsnutfreeeats.com -> 43 posts
[2025-11-05 06:37:25] Success: entrepreneurshipinabox.com -> 5521 posts
[2025-11-05 06:37:25] Success: entunebh.com -> 8 posts
[2025-11-05 06:37:26] Success: enviroklenz.com -> 352 posts
[2025-11-05 06:37:26] Success: enjoyretirementlife.com -> 66 posts
[2025-11-05 06:37:26] Success: emsnutfreeeats.com -> 43 posts
[2025-11-05 06:37:26] Success: environet.com.ph -> 181 posts
[2025-11-05 06:37:26] Success: enchantedaromatics.com -> 110 posts
[2025-11-05 06:37:26] Success: environmentblog.net -> 46 posts
[2025-11-05 06:37:26] Success: enchantedaromatics.com -> 110 posts
[2025-11-05 06:37:26] Connection error: eduwiseup.com
[2025-11-05 06:37:26] Success: epiccarry.com -> 0 posts
[2025-11-05 06:37:26] Not WordPress or API disabled: equelle.com
[2025-11-05 06:37:27] Success: environment.co -> 1386 posts
[2025-11-05 06:37:27] Success: epicgardening.com -> 5928 posts
[2025-11-05 06:37:27] Success: enhancehealthgroup.com -> 699 posts
[2025-11-05 06:37:27] Connection error: ervinleo.com
[2025-11-05 06:37:27] Success: envirolineblog.com -> 288 posts
[2025-11-05 06:37:27] WordPress but restricted: es.gizmodo.com (HTTP 403)
[2025-11-05 06:37:27] Not WordPress or API disabled: epicurious.com
[2025-11-05 06:37:28] Connection error: efmdglobal.org
[2025-11-05 06:37:28] Success: enhancehealthgroup.com -> 699 posts
[2025-11-05 06:37:28] Success: epa.guam.gov -> 96 posts
[2025-11-05 06:37:28] Success: erinspain.com -> 873 posts
[2025-11-05 06:37:28] Success: ericaballstyle.com -> 207 posts
[2025-11-05 06:37:28] Not WordPress or API disabled: environment.nsw.gov.au
[2025-11-05 06:37:28] Success: erinpalinski.com -> 468 posts
[2025-11-05 06:37:28] Success: escapingabroad.com -> 611 posts
[2025-11-05 06:37:28] Success: esafety.com -> 118 posts
[2025-11-05 06:37:28] Success: erinzubotdesign.com -> 163 posts
[2025-11-05 06:37:28] Success: esevel.com -> 168 posts
[2025-11-05 06:37:28] WordPress but no count header: epocrates.com
[2025-11-05 06:37:28] Not WordPress or API disabled: equinox.com
[2025-11-05 06:37:28] Success: eppconcrete.com -> 285 posts
[2025-11-05 06:37:28] Success: eslfriend.com -> 194 posts
[2025-11-05 06:37:29] Not WordPress or API disabled: esquire.com
[2025-11-05 06:37:29] Success: envynature.org -> 402 posts
[2025-11-05 06:37:29] Success: essentialdata.com -> 253 posts
[2025-11-05 06:37:29] Success: epicjuicers.com -> 130 posts
[2025-11-05 06:37:29] Success: espressoenglish.net -> 1260 posts
[2025-11-05 06:37:29] Success: epicjuicers.com -> 130 posts
[2025-11-05 06:37:29] Success: errenskitchen.com -> 1962 posts
[2025-11-05 06:37:29] WordPress but no count header: essentialguru.org
[2025-11-05 06:37:29] Success: essenmacherdental.com -> 69 posts
[2025-11-05 06:37:30] Success: escapewaste.com -> 23 posts
[2025-11-05 06:37:30] Success: essentialoilhaven.com -> 232 posts
[2025-11-05 06:37:30] Success: etapwss.com -> 297 posts
[2025-11-05 06:37:30] Success: essentialrepairs.com -> 6 posts
[2025-11-05 06:37:30] Success: escoffier.edu -> 1907 posts
[2025-11-05 06:37:30] Connection error: ethis.co.uk
[2025-11-05 06:37:30] Success: esthetician.org -> 77 posts
[2025-11-05 06:37:30] Not WordPress or API disabled: eternitymodern.ca
[2025-11-05 06:37:31] Success: estradinglife.com -> 902 posts
[2025-11-05 06:37:31] Success: essential-step.com -> 50 posts
[2025-11-05 06:37:31] Not WordPress or API disabled: ethnicfoodsrus.com
[2025-11-05 06:37:31] Not WordPress or API disabled: etsy.com
[2025-11-05 06:37:31] Success: estatecare.us -> 53 posts
[2025-11-05 06:37:31] Success: esoftskills.com -> 5603 posts
[2025-11-05 06:37:31] Success: essentialhouseplants.com -> 67 posts
[2025-11-05 06:37:31] Success: ethicalmadeeasy.com -> 0 posts
[2025-11-05 06:37:31] Not WordPress or API disabled: eurorich.ph
[2025-11-05 06:37:32] Success: essentialhouseplants.com -> 67 posts
[2025-11-05 06:37:32] Success: ethicalunicorn.com -> 673 posts
[2025-11-05 06:37:32] Success: ethnicspoon.com -> 313 posts
[2025-11-05 06:37:32] Success: esfi.org -> 540 posts
[2025-11-05 06:37:32] Success: essentialhomeandgarden.com -> 227 posts
[2025-11-05 06:37:32] Success: ethicalelephant.com -> 1447 posts
[2025-11-05 06:37:32] Not WordPress or API disabled: euronews.com
[2025-11-05 06:37:32] Success: euromentravel.com -> 156 posts
[2025-11-05 06:37:32] Not WordPress or API disabled: evaschicker2012.medium.com
[2025-11-05 06:37:33] Success: eu-startups.com -> 10 posts
[2025-11-05 06:37:33] Not WordPress or API disabled: evanevanstours.com
[2025-11-05 06:37:33] WordPress but no count header: evercare.org
[2025-11-05 06:37:33] WordPress but no count header: evercare.org
[2025-11-05 06:37:33] Success: everafterinthewoods.com -> 9611 posts
[2025-11-05 06:37:33] Success: etown.org -> 348 posts
[2025-11-05 06:37:33] Success: everafterinthewoods.com -> 9611 posts
[2025-11-05 06:37:33] Success: eternalrecipes.com -> 275 posts
[2025-11-05 06:37:33] Success: eternalrecipes.com -> 275 posts
[2025-11-05 06:37:34] Success: everfumed.com -> 409 posts
[2025-11-05 06:37:34] Success: europassitalian.com -> 23 posts
[2025-11-05 06:37:34] Success: everettecarpet.com -> 782 posts
[2025-11-05 06:37:34] Success: everettecarpet.com -> 782 posts
[2025-11-05 06:37:34] Success: evergreenseeds.com -> 11440 posts
[2025-11-05 06:37:34] Success: everyday-reading.com -> 4752 posts
[2025-11-05 06:37:34] Success: everydayeasyeats.com -> 140 posts
[2025-11-05 06:37:34] Success: everydayeasyeats.com -> 140 posts
[2025-11-05 06:37:35] Success: everspruceapp.com -> 38 posts
[2025-11-05 06:37:35] Connection error: embodydivinewellness.com
[2025-11-05 06:37:35] Connection error: everydaywellness.online
[2025-11-05 06:37:35] Connection error: everydaywellness.online
[2025-11-05 06:37:35] Success: everydaymomideas.com -> 87 posts
[2025-11-05 06:37:35] Success: everydayhomerepairs.com -> 152 posts
[2025-11-05 06:37:35] Success: everylastrecipe.com -> 1107 posts
[2025-11-05 06:37:36] Connection error: eviltwinbrothers.com
[2025-11-05 06:37:36] Not WordPress or API disabled: everydayhealth.com
[2025-11-05 06:37:36] Success: everydaypie.com -> 268 posts
[2025-11-05 06:37:36] Success: everydayhealthyrecipes.com -> 498 posts
[2025-11-05 06:37:36] Success: everydayshortcuts.com -> 1548 posts
[2025-11-05 06:37:36] Success: everydaycleaningideas.com -> 77 posts
[2025-11-05 06:37:36] Success: everydayoldhouse.com -> 208 posts
[2025-11-05 06:37:36] Success: everydayshortcuts.com -> 1548 posts
[2025-11-05 06:37:36] Success: everydaythrifty.com -> 119 posts
[2025-11-05 06:37:36] Success: everythingetsy.com -> 1347 posts
[2025-11-05 06:37:37] Success: evokewellnesstx.com -> 166 posts
[2025-11-05 06:37:37] Success: exampleslab.com -> 934 posts
[2025-11-05 06:37:37] Success: everydayrecycler.com -> 180 posts
[2025-11-05 06:37:37] Success: everydaycleaningtips.com -> 98 posts
[2025-11-05 06:37:37] Success: evergreencareservice.com -> 0 posts
[2025-11-05 06:37:37] Success: eudaimoniahomes.com -> 940 posts
[2025-11-05 06:37:37] Success: excel.shop -> 12 posts
[2025-11-05 06:37:38] Success: everythingmom.com -> 467 posts
[2025-11-05 06:37:38] Success: evolvingtable.com -> 960 posts
[2025-11-05 06:37:38] Success: evolvingtable.com -> 960 posts
[2025-11-05 06:37:38] WordPress but restricted: expedia.com (HTTP 403)
[2025-11-05 06:37:38] WordPress but restricted: expertbeacon.com (HTTP 403)
[2025-11-05 06:37:38] Success: excesslogic.com -> 385 posts
[2025-11-05 06:37:38] WordPress but restricted: expertbeacon.com (HTTP 403)
[2025-11-05 06:37:38] Success: experimentalhomesteader.com -> 1019 posts
[2025-11-05 06:37:38] WordPress but restricted: expertinsights.com (HTTP 403)
[2025-11-05 06:37:38] Success: everydaycheapskate.com -> 1260 posts
[2025-11-05 06:37:38] Success: examstudyexpert.com -> 203 posts
[2025-11-05 06:37:38] Success: evincodesign.com -> 476 posts
[2025-11-05 06:37:38] Success: exactlyhowlong.com -> 25670 posts
[2025-11-05 06:37:38] Success: executive-clean.com -> 145 posts
[2025-11-05 06:37:38] Success: expertprepper.co -> 13 posts
[2025-11-05 06:37:39] Success: experiencelife.lifetime.life -> 0 posts
[2025-11-05 06:37:39] Success: extension.colostate.edu -> 0 posts
[2025-11-05 06:37:39] Success: everytastes.com -> 125 posts
[2025-11-05 06:37:39] Success: exhaleathome.com -> 12 posts
[2025-11-05 06:37:39] WordPress but restricted: extension.umn.edu (HTTP 403)
[2025-11-05 06:37:39] WordPress but restricted: extraspace.com (HTTP 403)
[2025-11-05 06:37:39] Success: explorepsychology.com -> 347 posts
[2025-11-05 06:37:39] Success: examples-of.net -> 14732 posts
[2025-11-05 06:37:40] Success: expertvagabond.com -> 208 posts
[2025-11-05 06:37:40] WordPress but restricted: extension.wsu.edu (HTTP 403)
[2025-11-05 06:37:40] Success: excelshe.com -> 219 posts
[2025-11-05 06:37:40] Success: explorewithlora.com -> 287 posts
[2025-11-05 06:37:40] Success: exploreandindulge.org -> 100 posts
[2025-11-05 06:37:40] Success: extrawellness.net -> 247 posts
[2025-11-05 06:37:40] WordPress but restricted: ezcomputersolutions.com (HTTP 403)
[2025-11-05 06:37:40] Success: explorenowornever.com -> 138 posts
[2025-11-05 06:37:40] Connection error: eyecare.org
[2025-11-05 06:37:40] Success: exemplar.care -> 161 posts
[2025-11-05 06:37:40] Success: extension.umaine.edu -> 236 posts
[2025-11-05 06:37:41] Success: everythingcountryliving.com -> 165 posts
[2025-11-05 06:37:41] Success: extremehowto.com -> 2926 posts
[2025-11-05 06:37:41] Success: exerciseismedicine.org -> 90 posts
[2025-11-05 06:37:41] Success: fabulous50s.com -> 896 posts
[2025-11-05 06:37:41] Success: ezgogolfcartguide.com -> 14 posts
[2025-11-05 06:37:41] Success: extraordinarychaos.com -> 1625 posts
[2025-11-05 06:37:42] Success: extension.umaine.edu -> 236 posts
[2025-11-05 06:37:42] Success: fabricfits.com -> 2345 posts
[2025-11-05 06:37:42] Success: fabulesslyfrugal.com -> 300 posts
[2025-11-05 06:37:42] Success: exoticfruitsandvegetables.com -> 825 posts
[2025-11-05 06:37:42] Success: facts.net -> 70460 posts
[2025-11-05 06:37:42] Success: ezrsgold.com -> 128 posts
[2025-11-05 06:37:43] Success: facs.com -> 146 posts
[2025-11-05 06:37:43] Success: f1destinations.com -> 708 posts
[2025-11-05 06:37:43] Success: exegue.com -> 17034 posts
[2025-11-05 06:37:43] Connection error: fairlywritten.co.uk
[2025-11-05 06:37:43] Success: expocenternorte.com.br -> 23 posts
[2025-11-05 06:37:43] Success: fabulusfashion.com -> 13 posts
[2025-11-05 06:37:43] Success: faircado.com -> 148 posts
[2025-11-05 06:37:44] Connection error: familycircle.com
[2025-11-05 06:37:44] Success: fabspin.com -> 51 posts
[2025-11-05 06:37:44] Success: eztouregypt.com -> 100 posts
[2025-11-05 06:37:44] Success: faithfulplateful.com -> 352 posts
[2025-11-05 06:37:44] Success: eztouregypt.com -> 100 posts
[2025-11-05 06:37:44] Not WordPress or API disabled: familydoctor.org
[2025-11-05 06:37:44] Success: fairfaxhearing.com -> 131 posts
[2025-11-05 06:37:44] WordPress but restricted: familyeducation.com (HTTP 403)
[2025-11-05 06:37:44] Success: faircompanies.com -> 3494 posts
[2025-11-05 06:37:44] Success: eyesmata.com -> 44 posts
[2025-11-05 06:37:44] Success: fabfood4all.co.uk -> 561 posts
[2025-11-05 06:37:44] Success: ezehow.com -> 322 posts
[2025-11-05 06:37:45] Success: familydestinationsguide.com -> 195255 posts
[2025-11-05 06:37:45] Success: faithfullyglutenfree.com -> 628 posts
[2025-11-05 06:37:45] Success: familygoody.com -> 1942 posts
[2025-11-05 06:37:45] Success: faceyogamonna.com -> 0 posts
[2025-11-05 06:37:45] Success: familieswithgrace.com -> 375 posts
[2025-11-05 06:37:45] Success: familyfocusblog.com -> 1871 posts
[2025-11-05 06:37:45] Success: factober.com -> 2821 posts
[2025-11-05 06:37:46] Success: familyinceptions.com -> 73 posts
[2025-11-05 06:37:46] Success: familysurvival.com -> 698 posts
[2025-11-05 06:37:46] Success: familyfreshmeals.com -> 1664 posts
[2025-11-05 06:37:46] Success: familysurvival.com -> 698 posts
[2025-11-05 06:37:46] Success: familyhandyman.com -> 4215 posts
[2025-11-05 06:37:46] Success: farmads.ie -> 64 posts
[2025-11-05 06:37:47] Success: farmads.ie -> 64 posts
[2025-11-05 06:37:47] WordPress but restricted: farmersgirlkitchen.co.uk (HTTP 403)
[2025-11-05 06:37:47] Success: farandwide.com -> 1805 posts
[2025-11-05 06:37:48] Success: fairfitstudio.com -> 29 posts
[2025-11-05 06:37:48] Success: farmanddairy.com -> 36538 posts
[2025-11-05 06:37:48] Success: familywiseservices.org -> 84 posts
[2025-11-05 06:37:48] Success: fancyhouse-design.com -> 1215 posts
[2025-11-05 06:37:48] Success: familyplanting.com -> 167 posts
[2025-11-05 06:37:48] WordPress but restricted: farmprogress.com (HTTP 403)
[2025-11-05 06:37:48] Success: farmersalmanac.com -> 950 posts
[2025-11-05 06:37:48] Success: familythrivehub.com -> 35 posts
[2025-11-05 06:37:48] Success: farmfitliving.com -> 533 posts
[2025-11-05 06:37:48] WordPress but no count header: farmhouseliving.com
[2025-11-05 06:37:48] Success: familyspice.com -> 586 posts
[2025-11-05 06:37:48] Success: farmfoodfamily.com -> 3885 posts
[2025-11-05 06:37:48] Success: farmonaut.com -> 14956 posts
[2025-11-05 06:37:49] Success: farmstandapp.com -> 20167 posts
[2025-11-05 06:37:49] Not WordPress or API disabled: farmviewmarket.com
[2025-11-05 06:37:49] Success: fantasyfulfillers.com -> 112 posts
[2025-11-05 06:37:50] Success: fashionbeans.com -> 8715 posts
[2025-11-05 06:37:50] Success: farrellpediatrics.com -> 208 posts
[2025-11-05 06:37:50] WordPress but no count header: fashionacy.com
[2025-11-05 06:37:50] Success: farrellymitchell.com -> 381 posts
[2025-11-05 06:37:50] Success: farrellymitchell.com -> 381 posts
[2025-11-05 06:37:50] Success: farmhouseonboone.com -> 740 posts
[2025-11-05 06:37:50] Success: farmhouseguide.com -> 865 posts
[2025-11-05 06:37:50] Success: farmtojar.com -> 456 posts
[2025-11-05 06:37:50] Success: familymoneyadventure.com -> 58 posts
[2025-11-05 06:37:50] Success: fashionilly.com -> 1408 posts
[2025-11-05 06:37:50] Success: fashionlady.in -> 7458 posts
[2025-11-05 06:37:50] Success: fashionablefoods.com -> 423 posts
[2025-11-05 06:37:50] Success: fashionfoody.com -> 642 posts
[2025-11-05 06:37:51] Success: fashion-manufacturing.com -> 1808 posts
[2025-11-05 06:37:51] Success: fashioninsideres.com -> 162 posts
[2025-11-05 06:37:51] WordPress but restricted: fastcompany.com (HTTP 403)
[2025-11-05 06:37:51] Success: fashiongonerogue.com -> 29632 posts
[2025-11-05 06:37:51] Success: fashionsuggest.in -> 95 posts
[2025-11-05 06:37:51] Success: fallfordiy.com -> 684 posts
[2025-11-05 06:37:51] Connection error: english-heritage.org.uk
[2025-11-05 06:37:51] Not WordPress or API disabled: fatherly.com
[2025-11-05 06:37:51] Not WordPress or API disabled: familylives.org.uk
[2025-11-05 06:37:51] Success: fashion-inspo.com -> 281 posts
[2025-11-05 06:37:52] Success: fashionwanderer.com -> 376 posts
[2025-11-05 06:37:52] Success: fashioninform.co.uk -> 147 posts
[2025-11-05 06:37:52] Success: fashonation.com -> 14899 posts
[2025-11-05 06:37:52] Not WordPress or API disabled: fatafeat.com
[2025-11-05 06:37:52] Success: fatsil.org -> 1804 posts
[2025-11-05 06:37:52] Success: fashionweekonline.com -> 6047 posts
[2025-11-05 06:37:53] Success: feastforafraction.com -> 138 posts
[2025-11-05 06:37:53] Success: feathersfins.com -> 10 posts
[2025-11-05 06:37:53] Not WordPress or API disabled: farmgirlfare.com
[2025-11-05 06:37:54] Success: fashionjackson.com -> 1351 posts
[2025-11-05 06:37:54] Success: feastingonfruit.com -> 631 posts
[2025-11-05 06:37:54] Success: fashionsizzle.com -> 35057 posts
[2025-11-05 06:37:54] Connection error: fatfree.com
[2025-11-05 06:37:54] Success: fcdrycleaners.com -> 184 posts
[2025-11-05 06:37:54] Success: facesfromthewall.com -> 453 posts
[2025-11-05 06:37:54] Success: feastingathome.com -> 1435 posts
[2025-11-05 06:37:54] WordPress but restricted: feastmagazine.com (HTTP 403)
[2025-11-05 06:37:54] Success: featherflagnation.com -> 339 posts
[2025-11-05 06:37:55] Success: fbla.org -> 45 posts
[2025-11-05 06:37:55] Success: feedthepudge.com -> 218 posts
[2025-11-05 06:37:55] Not WordPress or API disabled: febreze.com
[2025-11-05 06:37:55] Success: fashionstyle.guru -> 41 posts
[2025-11-05 06:37:55] Success: feedough.com -> 1079 posts
[2025-11-05 06:37:55] Success: feelgoodfoodie.net -> 237 posts
[2025-11-05 06:37:55] Success: feedmephoebe.com -> 788 posts
[2025-11-05 06:37:55] Success: femniqe.com -> 364 posts
[2025-11-05 06:37:56] Not WordPress or API disabled: fescooking.wordpress.com
[2025-11-05 06:37:56] Not WordPress or API disabled: femuscleblog.wordpress.com
[2025-11-05 06:37:56] Success: femaleentrepreneurassociation.com -> 1337 posts
[2025-11-05 06:37:56] Success: fedandfit.com -> 1702 posts
[2025-11-05 06:37:56] Success: federalcubatao.com.br -> 29141 posts
[2025-11-05 06:37:56] Success: federalcubatao.com.br -> 29141 posts
[2025-11-05 06:37:56] Success: feelhealthyagain.net -> 935 posts
[2025-11-05 06:37:57] Success: feelhealthyagain.net -> 935 posts
[2025-11-05 06:37:57] Success: festivalturf.com -> 53 posts
[2025-11-05 06:37:57] Success: feelgoodlife.com -> 361 posts
[2025-11-05 06:37:57] Unknown status: fiftyandfab.co.uk (HTTP 500)
[2025-11-05 06:37:57] Not WordPress or API disabled: fifimcgee.co.uk
[2025-11-05 06:37:57] WordPress but no count header: fetchfind.com
[2025-11-05 06:37:57] Success: feelinfabulouswithkayla.com -> 235 posts
[2025-11-05 06:37:57] Success: fermentingforfoodies.com -> 398 posts
[2025-11-05 06:37:58] Connection error: financeformyself.com
[2025-11-05 06:37:58] Success: fetchpetcare.com -> 7548 posts
[2025-11-05 06:37:58] Unknown status: eslgold.com (HTTP 520)
[2025-11-05 06:37:58] Success: fathercraft.com -> 97 posts
[2025-11-05 06:37:58] Success: feastandwest.com -> 1172 posts
[2025-11-05 06:37:59] Success: filtersales.com -> 6 posts
[2025-11-05 06:37:59] Success: filteredelements.com -> 33 posts
[2025-11-05 06:37:59] Success: ffxivguild.com -> 257 posts
[2025-11-05 06:37:59] Success: figure1.com -> 109 posts
[2025-11-05 06:37:59] Not WordPress or API disabled: findingnature.org.uk
[2025-11-05 06:37:59] Success: fieldcontrols.com -> 120 posts
[2025-11-05 06:37:59] Success: feezilo.com -> 60 posts
[2025-11-05 06:37:59] WordPress but restricted: finedininglovers.com (HTTP 403)
[2025-11-05 06:37:59] Success: festfoods.com -> 137 posts
[2025-11-05 06:37:59] Success: fillingthejars.com -> 429 posts
[2025-11-05 06:37:59] Not WordPress or API disabled: findawayabroad.com
[2025-11-05 06:37:59] WordPress but no count header: fightbac.org
[2025-11-05 06:37:59] Success: finearttutorials.com -> 0 posts
[2025-11-05 06:38:00] Success: finmasters.com -> 1041 posts
[2025-11-05 06:38:00] Success: finecraftguild.com -> 1527 posts
[2025-11-05 06:38:00] WordPress but no count header: findingtheuniverse.com
[2025-11-05 06:38:00] Success: findingneverlandtravelblog.com -> 110 posts
[2025-11-05 06:38:00] Success: feelingnifty.com -> 155 posts
[2025-11-05 06:38:01] Success: finsavvypanda.com -> 322 posts
[2025-11-05 06:38:01] Connection error: eymockup.com
[2025-11-05 06:38:01] Success: findingdulcinea.com -> 3833 posts
[2025-11-05 06:38:01] Success: firstaidvideos.com -> 518 posts
[2025-11-05 06:38:01] Success: firstaidvideos.com -> 518 posts
[2025-11-05 06:38:01] Success: firstaidforfree.com -> 626 posts
[2025-11-05 06:38:01] Success: firstaidforfree.com -> 626 posts
[2025-11-05 06:38:01] Success: findingzest.com -> 1460 posts
[2025-11-05 06:38:02] Success: fieldcomplete.com -> 964 posts
[2025-11-05 06:38:02] Success: findwunder.com -> 152 posts
[2025-11-05 06:38:02] Success: firstforwomen.com -> 13671 posts
[2025-11-05 06:38:02] Success: findingjoyinyourhome.com -> 1170 posts
[2025-11-05 06:38:03] Success: firstpage.com.au -> 265 posts
[2025-11-05 06:38:03] Success: finegardening.com -> 10677 posts
[2025-11-05 06:38:03] Success: finehomebuilding.com -> 15696 posts
[2025-11-05 06:38:03] Success: finewoodworking.com -> 12447 posts
[2025-11-05 06:38:03] Success: firstlendingonline.com -> 226 posts
[2025-11-05 06:38:03] Not WordPress or API disabled: firstresponsehealthcare.com
[2025-11-05 06:38:03] Success: firstdayofhome.com -> 288 posts
[2025-11-05 06:38:03] Success: fitbottomedgirls.com -> 10723 posts
[2025-11-05 06:38:03] Success: fitelo.co -> 2661 posts
[2025-11-05 06:38:03] Success: findmoreindoors.com -> 47 posts
[2025-11-05 06:38:03] Success: fishkeepingworld.com -> 564 posts
[2025-11-05 06:38:03] WordPress but restricted: fitbit.com (HTTP 403)
[2025-11-05 06:38:04] Success: firstcallnc.com -> 72 posts
[2025-11-05 06:38:04] Success: financialbinder.com -> 336 posts
[2025-11-05 06:38:04] Success: fitfoodiefinds.com -> 1951 posts
[2025-11-05 06:38:04] Success: firstprintable.com -> 190 posts
[2025-11-05 06:38:05] Success: fitfoodfresh.com -> 4 posts
[2025-11-05 06:38:05] Success: fitfoodfresh.com -> 4 posts
[2025-11-05 06:38:05] Success: firstlighthomecare.com -> 729 posts
[2025-11-05 06:38:05] Not WordPress or API disabled: fisherpub.sjf.edu
[2025-11-05 06:38:05] Success: fishkeepingadventure.com -> 521 posts
[2025-11-05 06:38:05] Success: fitcoding.com -> 3842 posts
[2025-11-05 06:38:05] Success: fitgirlsdiary.com -> 418 posts
[2025-11-05 06:38:06] Success: fitlifeway.com -> 1362 posts
[2025-11-05 06:38:06] Success: fishtankadvisor.com -> 388 posts
[2025-11-05 06:38:06] Success: fitnessbomba.com -> 43 posts
[2025-11-05 06:38:06] Success: fitfoundme.com -> 1927 posts
[2025-11-05 06:38:07] Success: fitliciousmealprep.com -> 38 posts
[2025-11-05 06:38:07] Success: fitgag.com -> 512 posts
[2025-11-05 06:38:07] Success: fitnesspamphlet.com -> 691 posts
[2025-11-05 06:38:07] Not WordPress or API disabled: fitnessblender.com
[2025-11-05 06:38:07] Not WordPress or API disabled: fitnessgenes.com
[2025-11-05 06:38:07] Success: fitnessprogramer.com -> 333 posts
[2025-11-05 06:38:07] Success: fitnessista.com -> 6211 posts
[2025-11-05 06:38:08] Success: firstlighthomecare.com -> 729 posts
[2025-11-05 06:38:08] WordPress but no count header: fitnessgoal4u.com
[2025-11-05 06:38:08] WordPress but restricted: fitsmallbusiness.com (HTTP 403)
[2025-11-05 06:38:08] Success: fitnessweaver.com -> 70 posts
[2025-11-05 06:38:08] Success: fitnessweaver.com -> 70 posts
[2025-11-05 06:38:08] WordPress but restricted: fivefortheroad.com (HTTP 403)
[2025-11-05 06:38:08] Success: fitasamamabear.com -> 813 posts
[2025-11-05 06:38:08] Success: fivebooks.com -> 0 posts
[2025-11-05 06:38:08] Success: fishingandfish.com -> 49727 posts
[2025-11-05 06:38:09] Success: fitnessvolt.com -> 17312 posts
[2025-11-05 06:38:09] Success: fitonapp.com -> 1157 posts
[2025-11-05 06:38:09] Success: fitonapp.com -> 1157 posts
[2025-11-05 06:38:09] Success: fitasamamabear.com -> 813 posts
[2025-11-05 06:38:09] Success: fittoservegroup.com -> 722 posts
[2025-11-05 06:38:09] Success: fitmittenkitchen.com -> 752 posts
[2025-11-05 06:38:09] WordPress but no count header: fit-pro.com
[2025-11-05 06:38:09] Success: fitnigerian.com -> 158 posts
[2025-11-05 06:38:10] Success: fixrepair.org -> 1210 posts
[2025-11-05 06:38:10] WordPress but no count header: fixitclub.com
[2025-11-05 06:38:10] Success: fixrepair.org -> 1210 posts
[2025-11-05 06:38:10] Success: fivesenses.com -> 26 posts
[2025-11-05 06:38:10] Success: flavorycooking.com -> 36194 posts
[2025-11-05 06:38:10] Success: fivehearthome.com -> 623 posts
[2025-11-05 06:38:10] Success: fivehearthome.com -> 623 posts
[2025-11-05 06:38:10] Success: fivespotgreenliving.com -> 1248 posts
[2025-11-05 06:38:10] Success: flaremagazine.co.uk -> 4498 posts
[2025-11-05 06:38:11] Success: flavorfulexplorer.com -> 7317 posts
[2025-11-05 06:38:11] Success: fixmold.com -> 138 posts
[2025-11-05 06:38:11] Connection error: fashionforum.dk
[2025-11-05 06:38:11] Success: flavcity.com -> 346 posts
[2025-11-05 06:38:11] Success: flavourpalate.com -> 422 posts
[2025-11-05 06:38:11] Success: fixthisbuildthat.com -> 188 posts
[2025-11-05 06:38:12] Success: flawlesscooking.com -> 14885 posts
[2025-11-05 06:38:12] Success: flawlesscooking.com -> 14885 posts
[2025-11-05 06:38:12] Success: fitnotch.com -> 9148 posts
[2025-11-05 06:38:12] Connection error: flexhouse.org
[2025-11-05 06:38:12] Connection error: fitfulfocus.com
[2025-11-05 06:38:12] Success: flandersfamily.info -> 1286 posts
[2025-11-05 06:38:12] Success: flavorfullrecipes.com -> 1594 posts
[2025-11-05 06:38:12] Not WordPress or API disabled: flipboard.com
[2025-11-05 06:38:13] Success: fixitsmartly.com -> 46 posts
[2025-11-05 06:38:13] Success: flavorfulife.com -> 262 posts
[2025-11-05 06:38:13] Success: flgardening.com -> 105 posts
[2025-11-05 06:38:13] Success: flexcollegeprep.com -> 216 posts
[2025-11-05 06:38:13] Success: flawlessfood.co.uk -> 288 posts
[2025-11-05 06:38:13] Success: fitpaa.com -> 6148 posts
[2025-11-05 06:38:13] Not WordPress or API disabled: flippingtheflip.com
[2025-11-05 06:38:13] Success: fleurfoodie.com -> 42 posts
[2025-11-05 06:38:13] Success: flippindelicious.com -> 332 posts
[2025-11-05 06:38:14] Success: flippindelicious.com -> 332 posts
[2025-11-05 06:38:14] Success: floridafurnitureservices.com -> 1 posts
[2025-11-05 06:38:14] Success: florgeous.com -> 1805 posts
[2025-11-05 06:38:14] Connection error: flowertotrashandbackagain.com
[2025-11-05 06:38:14] Success: floridahomesandliving.com -> 281 posts
[2025-11-05 06:38:14] Not WordPress or API disabled: floretflower.com
[2025-11-05 06:38:14] Success: flavoursinmykitchen.com -> 99 posts
[2025-11-05 06:38:14] Not WordPress or API disabled: flowerpotkitchen.blogspot.com
[2025-11-05 06:38:15] Success: fluentfilipino.com -> 516 posts
[2025-11-05 06:38:15] WordPress but no count header: fluentarabic.net
[2025-11-05 06:38:15] Success: floatingkitchen.net -> 622 posts
[2025-11-05 06:38:15] Success: floridanutritioned.org -> 0 posts
[2025-11-05 06:38:15] Success: floritica.com -> 133 posts
[2025-11-05 06:38:15] Success: fleurishcollective.com -> 211 posts
[2025-11-05 06:38:15] Success: flavourandvitality.com -> 50 posts
[2025-11-05 06:38:15] Success: floramood.com -> 258 posts
[2025-11-05 06:38:15] Success: flowster.app -> 828 posts
[2025-11-05 06:38:16] Success: flowerpatchfarmhouse.com -> 492 posts
[2025-11-05 06:38:16] Connection error: feedandfarm.org
[2025-11-05 06:38:16] Success: floramood.com -> 258 posts
[2025-11-05 06:38:16] Success: floridatravel.blog -> 349 posts
[2025-11-05 06:38:16] Success: fluentforms.com -> 503 posts
[2025-11-05 06:38:16] Success: flourishingmama.com -> 273 posts
[2025-11-05 06:38:16] Success: flourishingkitchen.com -> 83 posts
[2025-11-05 06:38:16] Success: fodors.com -> 5674 posts
[2025-11-05 06:38:16] Success: fmbespokerestoration.com -> 75 posts
[2025-11-05 06:38:16] WordPress but restricted: food52.com (HTTP 403)
[2025-11-05 06:38:16] Success: fluentindeutsch.com -> 133 posts
[2025-11-05 06:38:17] Not WordPress or API disabled: foodallergy.org
[2025-11-05 06:38:17] Connection error: flylady.net
[2025-11-05 06:38:17] Success: flyrise.io -> 71 posts
[2025-11-05 06:38:17] Success: fnec.cornell.edu -> 1 posts
[2025-11-05 06:38:17] Success: fmccebucateringservice.com -> 102 posts
[2025-11-05 06:38:18] Success: fluentin3months.com -> 1126 posts
[2025-11-05 06:38:18] Success: fontanarchitecture.com -> 413 posts
[2025-11-05 06:38:18] Success: fodmapeveryday.com -> 763 posts
[2025-11-05 06:38:18] Success: fluxingwell.com -> 262 posts
[2025-11-05 06:38:18] Not WordPress or API disabled: fluffyland.com
[2025-11-05 06:38:18] WordPress but no count header: foodallergyqueen.com
[2025-11-05 06:38:18] Success: fluxingwell.com -> 262 posts
[2025-11-05 06:38:18] Unknown status: foodandwine.com (HTTP 460)
[2025-11-05 06:38:19] Success: foodallergyparents.com -> 67 posts
[2025-11-05 06:38:19] WordPress but restricted: foodbabe.com (HTTP 401)
[2025-11-05 06:38:19] Not WordPress or API disabled: foodandfoto.com
[2025-11-05 06:38:19] WordPress but no count header: food.com
[2025-11-05 06:38:19] Success: foodbeast.com -> 26613 posts
[2025-11-05 06:38:19] Success: foodandjourneys.net -> 320 posts
[2025-11-05 06:38:19] Success: foodanddrinktechnology.com -> 7 posts
[2025-11-05 06:38:19] Success: foe.tips -> 221 posts
[2025-11-05 06:38:19] Success: foodatworld.com -> 81 posts
[2025-11-05 06:38:19] Success: foodcuisinehub.com -> 313 posts
[2025-11-05 06:38:20] Success: foodandnutrition.com -> 331 posts
[2025-11-05 06:38:20] WordPress but restricted: foodbankrockies.org (HTTP 403)
[2025-11-05 06:38:20] Success: focusme.com -> 228 posts
[2025-11-05 06:38:20] WordPress but no count header: foodcookingrecipe.com
[2025-11-05 06:38:20] Success: foodbankonline.org -> 49 posts
[2025-11-05 06:38:20] Success: foodfaithfitness.com -> 4895 posts
[2025-11-05 06:38:20] Unknown status: firstcoasthomepros.com (HTTP 502)
[2025-11-05 06:38:20] WordPress but restricted: foodgawker.com (HTTP 403)
[2025-11-05 06:38:20] Success: foodbankiowa.org -> 330 posts
[2025-11-05 06:38:20] Not WordPress or API disabled: foodgeeks.com
[2025-11-05 06:38:20] Success: foodhow.com -> 640 posts
[2025-11-05 06:38:20] Not WordPress or API disabled: foodie.com
[2025-11-05 06:38:21] Success: foodandroad.com -> 128 posts
[2025-11-05 06:38:21] Success: fooddrinktalk.com -> 22576 posts
[2025-11-05 06:38:21] Success: foodiesfamily.com -> 732 posts
[2025-11-05 06:38:21] Success: foodfromportugal.com -> 1014 posts
[2025-11-05 06:38:21] Success: foodbymaria.com -> 804 posts
[2025-11-05 06:38:21] Success: foodal.com -> 2357 posts
[2025-11-05 06:38:21] Success: foodhandlersguide.com -> 20346 posts
[2025-11-05 06:38:21] Success: fooddrinklife.com -> 17279 posts
[2025-11-05 06:38:21] Success: foodheavenmadeeasy.com -> 811 posts
[2025-11-05 06:38:21] Success: foodbymars.com -> 393 posts
[2025-11-05 06:38:21] Success: foodal.com -> 2357 posts
[2025-11-05 06:38:21] Success: foodieandwine.com -> 533 posts
[2025-11-05 06:38:22] Success: foodinfotech.com -> 8869 posts
[2025-11-05 06:38:22] Success: foodandbeverageknowledge.com -> 94 posts
[2025-11-05 06:38:22] Success: foodiesterminal.com -> 304 posts
[2025-11-05 06:38:22] Success: foodiecrush.com -> 1936 posts
[2025-11-05 06:38:22] Success: foodbymars.com -> 393 posts
[2025-11-05 06:38:22] Success: foodinfotech.com -> 8869 posts
[2025-11-05 06:38:22] Success: foodinjars.com -> 888 posts
[2025-11-05 06:38:23] Not WordPress or API disabled: foodologie.com
[2025-11-05 06:38:23] WordPress but restricted: foodnetwork.com (HTTP 403)
[2025-11-05 06:38:23] Success: foodiosity.com -> 1940 posts
[2025-11-05 06:38:23] Not WordPress or API disabled: foodntours.com
[2025-11-05 06:38:23] Success: foodiemag.co.za -> 3658 posts
[2025-11-05 06:38:23] Success: foodindian.org -> 175 posts
[2025-11-05 06:38:23] Success: foodindustryhub.com -> 101 posts
[2025-11-05 06:38:24] Success: foodmeanderings.com -> 611 posts
[2025-11-05 06:38:24] Success: foodporn.co -> 389 posts
[2025-11-05 06:38:24] Success: foodporn.co -> 389 posts
[2025-11-05 06:38:24] Success: foodprepguide.com -> 567 posts
[2025-11-05 06:38:24] Success: foodiosity.com -> 1940 posts
[2025-11-05 06:38:24] Success: foodprint.org -> 674 posts
[2025-11-05 06:38:24] Success: foodgatherers.org -> 0 posts
[2025-11-05 06:38:24] Success: foodmeanderings.com -> 611 posts
[2025-11-05 06:38:24] Success: foodsense.is -> 1037 posts
[2025-11-05 06:38:24] Not WordPress or API disabled: foodrepublic.com
[2025-11-05 06:38:25] Success: foodpluswords.com -> 2131 posts
[2025-11-05 06:38:25] Not WordPress or API disabled: foodsaketokyo.com
[2025-11-05 06:38:25] Success: foodandbeverageserviceknowledge.com -> 30 posts
[2025-11-05 06:38:25] Not WordPress or API disabled: foodista.com
[2025-11-05 06:38:25] Not WordPress or API disabled: foodreference.com
[2025-11-05 06:38:25] Success: foodsensenow.com -> 43 posts
[2025-11-05 06:38:25] Success: foodmasta.com -> 4 posts
[2025-11-05 06:38:25] Success: foodsafety.institute -> 1146 posts
[2025-11-05 06:38:25] Success: foodsafetyworks.com -> 9 posts
[2025-11-05 06:38:26] Success: foodgardening.mequoda.com -> 1137 posts
[2025-11-05 06:38:26] Success: foodserviceindia.com -> 44 posts
[2025-11-05 06:38:26] Success: foodsafetyplatform.eu -> 2 posts
[2025-11-05 06:38:26] Success: foodsafetyplatform.eu -> 2 posts
[2025-11-05 06:38:26] Success: foodieegee.com -> 43 posts
[2025-11-05 06:38:26] Success: foodsofny.com -> 387 posts
[2025-11-05 06:38:26] Not WordPress or API disabled: foodwishes.blogspot.com
[2025-11-05 06:38:26] Success: foodmanifest.com -> 1596 posts
[2025-11-05 06:38:27] Success: foodtravelist.com -> 374 posts
[2025-11-05 06:38:27] Not WordPress or API disabled: foodsubs.com
[2025-11-05 06:38:27] Success: foodsafety.org -> 6 posts
[2025-11-05 06:38:27] Success: foodviva.com -> 722 posts
[2025-11-05 06:38:27] Success: foodviva.com -> 722 posts
[2025-11-05 06:38:27] Not WordPress or API disabled: footprintseducation.in
[2025-11-05 06:38:27] Not WordPress or API disabled: forbes.com
[2025-11-05 06:38:27] Success: foodrevolution.org -> 1057 posts
[2025-11-05 06:38:27] Success: foodsguy.com -> 4409 posts
[2025-11-05 06:38:27] Success: foolproofliving.com -> 805 posts
[2025-11-05 06:38:27] Success: foodsniff.com -> 55 posts
[2025-11-05 06:38:28] Success: foremangrillrecipes.com -> 0 posts
[2025-11-05 06:38:28] Success: footloosedev.com -> 472 posts
[2025-11-05 06:38:28] Not WordPress or API disabled: fooodlove.com
[2025-11-05 06:38:28] WordPress but restricted: formnutrition.com (HTTP 403)
[2025-11-05 06:38:28] WordPress but restricted: formnutrition.com (HTTP 403)
[2025-11-05 06:38:28] Success: foolproofbaking.com -> 18 posts
[2025-11-05 06:38:28] Success: foreverymom.com -> 3663 posts
[2025-11-05 06:38:28] Success: forcreativejuice.com -> 197 posts
[2025-11-05 06:38:28] Success: foodtank.com -> 5331 posts
[2025-11-05 06:38:29] Success: foodsmartcolorado.colostate.edu -> 125 posts
[2025-11-05 06:38:29] Success: forethouse.com -> 65 posts
[2025-11-05 06:38:29] Success: foreignlanguagecollective.com -> 140 posts
[2025-11-05 06:38:29] Success: forbusybees.com -> 178 posts
[2025-11-05 06:38:29] Success: forsythfamilymagazine.com -> 2254 posts
[2025-11-05 06:38:29] Success: foodtrotter.com -> 1726 posts
[2025-11-05 06:38:30] Success: foodtestingindia.com -> 720 posts
[2025-11-05 06:38:30] Success: formulabotanica.com -> 737 posts
[2025-11-05 06:38:30] Success: forums.intercede.com -> 4 posts
[2025-11-05 06:38:30] Success: fortheloveofcooking.net -> 2826 posts
[2025-11-05 06:38:30] Success: foundr.com -> 987 posts
[2025-11-05 06:38:30] Success: fortune.com -> 209006 posts
[2025-11-05 06:38:30] Success: forkknifeswoon.com -> 336 posts
[2025-11-05 06:38:30] Success: fortworthhomerepair.com -> 8 posts
[2025-11-05 06:38:30] Success: forktospoon.com -> 4836 posts
[2025-11-05 06:38:30] Success: fosterpandh.com -> 132 posts
[2025-11-05 06:38:30] Success: foundersnetwork.com -> 880 posts
[2025-11-05 06:38:30] Success: forkandbeans.com -> 758 posts
[2025-11-05 06:38:31] Success: forums.intercede.com -> 4 posts
[2025-11-05 06:38:31] Success: forgetfulmomma.com -> 1133 posts
[2025-11-05 06:38:31] Success: foundersmag.com -> 253 posts
[2025-11-05 06:38:31] Success: fouraroundtheworld.com -> 312 posts
[2025-11-05 06:38:31] Success: forentrepreneurs.com -> 137 posts
[2025-11-05 06:38:31] Success: fosterreprohealth.org -> 68 posts
[2025-11-05 06:38:31] Success: fourjandals.com -> 848 posts
[2025-11-05 06:38:32] Not WordPress or API disabled: foodstufffinds.co.uk
[2025-11-05 06:38:32] WordPress but restricted: franetic.com (HTTP 403)
[2025-11-05 06:38:32] Success: foxandbriar.com -> 505 posts
[2025-11-05 06:38:32] Not WordPress or API disabled: francifoods.com
[2025-11-05 06:38:33] Success: fowlerallergy.com -> 102 posts
[2025-11-05 06:38:33] Success: foxhollowcottage.com -> 893 posts
[2025-11-05 06:38:33] Success: four19properties.com -> 338 posts
[2025-11-05 06:38:33] Success: fourgenerationsoneroof.com -> 1442 posts
[2025-11-05 06:38:33] Success: foundationalconcepts.com -> 371 posts
[2025-11-05 06:38:33] Success: franceadventurer.com -> 256 posts
[2025-11-05 06:38:34] Success: framedcooks.com -> 881 posts
[2025-11-05 06:38:34] Success: franklincovey.com -> 109 posts
[2025-11-05 06:38:34] Success: fourminutebooks.com -> 1319 posts
[2025-11-05 06:38:34] Success: freeappsforme.com -> 2964 posts
[2025-11-05 06:38:34] Not WordPress or API disabled: freedomfitnessequipment.com
[2025-11-05 06:38:34] Success: foyr.com -> 0 posts
[2025-11-05 06:38:34] Success: four19properties.com -> 338 posts
[2025-11-05 06:38:34] Success: foxylabny.com -> 384 posts
[2025-11-05 06:38:34] Connection error: freemindfulness.org
[2025-11-05 06:38:35] Success: freefromfavourites.com -> 9 posts
[2025-11-05 06:38:35] Success: fragrancegrove.com -> 38 posts
[2025-11-05 06:38:35] Success: freefromheaven.com -> 2103 posts
[2025-11-05 06:38:35] Success: freebiefindingmom.com -> 1058 posts
[2025-11-05 06:38:35] Success: fragrancegrove.com -> 38 posts
[2025-11-05 06:38:35] WordPress but restricted: frenchskincare.com (HTTP 403)
[2025-11-05 06:38:35] WordPress but restricted: frenchstyle.co (HTTP 403)
[2025-11-05 06:38:35] Success: freedmarcroft.com -> 681 posts
[2025-11-05 06:38:36] Success: freebiefindingmom.com -> 1058 posts
[2025-11-05 06:38:36] Success: freeandunfettered.com -> 106 posts
[2025-11-05 06:38:36] Success: freshfarms.com -> 319 posts
[2025-11-05 06:38:36] Not WordPress or API disabled: frankie.com.au
[2025-11-05 06:38:36] Success: freefromheaven.com -> 2103 posts
[2025-11-05 06:38:36] Success: fortheloveofsimple.com -> 52 posts
[2025-11-05 06:38:37] Success: freerangecottage.com -> 120 posts
[2025-11-05 06:38:37] Success: freshhobby.com -> 581 posts
[2025-11-05 06:38:37] Success: freefromfairy.com -> 343 posts
[2025-11-05 06:38:37] Success: fressclean.com -> 91 posts
[2025-11-05 06:38:37] Success: freezermeals101.com -> 508 posts
[2025-11-05 06:38:37] Success: freshharvesthaven.com -> 1004 posts
[2025-11-05 06:38:37] Success: freshdiyhome.com -> 2326 posts
[2025-11-05 06:38:37] Success: freshleafrecipes.com -> 481 posts
[2025-11-05 06:38:37] Success: frenchcreekfarmhouse.com -> 200 posts
[2025-11-05 06:38:37] Success: freewoodworkingplan.com -> 8430 posts
[2025-11-05 06:38:37] Not WordPress or API disabled: french-secrets.com
[2025-11-05 06:38:37] Success: frenchcountrycottage.net -> 3208 posts
[2025-11-05 06:38:37] Success: freshharvesthaven.com -> 1004 posts
[2025-11-05 06:38:37] WordPress but restricted: freshome.com (HTTP 403)
[2025-11-05 06:38:38] WordPress but restricted: frommers.com (HTTP 403)
[2025-11-05 06:38:38] Success: fridabemighty.com -> 379 posts
[2025-11-05 06:38:38] Success: freshoffthegrid.com -> 397 posts
[2025-11-05 06:38:38] Success: freshenyournestcleaning.com -> 40 posts
[2025-11-05 06:38:38] Success: frippo.com -> 848 posts
[2025-11-05 06:38:38] WordPress but restricted: frozenpennies.com (HTTP 403)
[2025-11-05 06:38:38] Success: fromfrugaltofree.com -> 2286 posts
[2025-11-05 06:38:38] Success: freshenyournestcleaning.com -> 40 posts
[2025-11-05 06:38:39] Success: frommybowl.com -> 771 posts
[2025-11-05 06:38:39] Success: fresnofamilydentist.com -> 65 posts
[2025-11-05 06:38:39] Success: fromvalerieskitchen.com -> 884 posts
[2025-11-05 06:38:40] Success: fromvalerieskitchen.com -> 884 posts
[2025-11-05 06:38:40] Success: frugalhausfrau.com -> 1519 posts
[2025-11-05 06:38:40] Success: fromhousetohome.com -> 359 posts
[2025-11-05 06:38:40] Success: fromscratchfarmstead.com -> 215 posts
[2025-11-05 06:38:40] Success: frugalandthriving.com.au -> 636 posts
[2025-11-05 06:38:41] Success: freshmommyblog.com -> 2487 posts
[2025-11-05 06:38:41] Success: frugalgardening.com -> 636 posts
[2025-11-05 06:38:41] Success: frugalconfessions.com -> 442 posts
[2025-11-05 06:38:41] WordPress but no count header: frugalmap.com
[2025-11-05 06:38:41] Success: frugallifeproject.com -> 60 posts
[2025-11-05 06:38:41] Connection error: frugallivingnw.com
[2025-11-05 06:38:41] Unknown status: frugalnook.com (HTTP 523)
[2025-11-05 06:38:41] Success: fromleaftotea.com -> 34 posts
[2025-11-05 06:38:42] Success: frugalfrolicker.com -> 626 posts
[2025-11-05 06:38:42] Unknown status: frugalnook.com (HTTP 523)
[2025-11-05 06:38:42] Success: fromthemixedupfiles.com -> 2949 posts
[2025-11-05 06:38:42] Not WordPress or API disabled: frusheronfood.co.uk
[2025-11-05 06:38:42] Success: fs-pcba.com -> 282 posts
[2025-11-05 06:38:42] Success: fs.blog -> 1382 posts
[2025-11-05 06:38:42] Success: frugalfriendspodcast.com -> 857 posts
[2025-11-05 06:38:42] Success: frugallyblonde.com -> 451 posts
[2025-11-05 06:38:42] WordPress but restricted: fullymediterranean.com (HTTP 403)
[2025-11-05 06:38:42] Success: frugalfamily.co.uk -> 3191 posts
[2025-11-05 06:38:42] Success: frugallivings.com -> 17 posts
[2025-11-05 06:38:43] Success: fromleaftotea.com -> 34 posts
[2025-11-05 06:38:43] Success: frugalnutrition.com -> 470 posts
[2025-11-05 06:38:43] Success: fresnofamilydentist.com -> 65 posts
[2025-11-05 06:38:43] Not WordPress or API disabled: fultonfishmarket.com
[2025-11-05 06:38:43] Not WordPress or API disabled: fulllivingnutrition.com
[2025-11-05 06:38:43] Success: frugalfamilytimes.com -> 486 posts
[2025-11-05 06:38:44] Success: frugalwoods.com -> 738 posts
[2025-11-05 06:38:44] Not WordPress or API disabled: ft.com
[2025-11-05 06:38:44] Success: fundingcloudnine.com -> 88 posts
[2025-11-05 06:38:44] Success: funfamilycrafts.com -> 12130 posts
[2025-11-05 06:38:44] Success: fundraisingexpert.com -> 0 posts
[2025-11-05 06:38:44] Success: funcheaporfree.com -> 718 posts
[2025-11-05 06:38:44] Not WordPress or API disabled: furnituremanor.com
[2025-11-05 06:38:44] Success: frugalreality.com -> 483 posts
[2025-11-05 06:38:44] Success: frugallysustainable.com -> 419 posts
[2025-11-05 06:38:44] Unknown status: frontiersin.org (HTTP 500)
[2025-11-05 06:38:44] Success: frugallysustainable.com -> 419 posts
[2025-11-05 06:38:45] Success: furnitureflippa.com -> 88 posts
[2025-11-05 06:38:45] Success: funwithmama.com -> 1028 posts
[2025-11-05 06:38:45] Success: funwithwoodworking.com -> 1218 posts
[2025-11-05 06:38:45] Success: fussfreeflavours.com -> 1157 posts
[2025-11-05 06:38:46] Success: furniturerestorationri.com -> 0 posts
[2025-11-05 06:38:46] Connection error: foodsforbetterhealth.com
[2025-11-05 06:38:46] Success: frugalmomguide.com -> 233 posts
[2025-11-05 06:38:46] WordPress but no count header: furniturecareoftexas.com
[2025-11-05 06:38:46] Success: funkyjunkinteriors.net -> 2604 posts
[2025-11-05 06:38:46] Success: furniturerestorations.us -> 1 posts
[2025-11-05 06:38:46] Success: furnifixes.com -> 2534 posts
[2025-11-05 06:38:46] WordPress but restricted: gabriellearruda.com (HTTP 403)
[2025-11-05 06:38:46] Success: furniturerepairandrestoration.com -> 0 posts
[2025-11-05 06:38:46] Success: furnitureservices.com -> 0 posts
[2025-11-05 06:38:47] Not WordPress or API disabled: g2.com
[2025-11-05 06:38:47] Success: gadgetstouse.com -> 15845 posts
[2025-11-05 06:38:47] Success: fursnpaws.com -> 688 posts
[2025-11-05 06:38:47] Success: gacservices.com -> 100 posts
[2025-11-05 06:38:47] Not WordPress or API disabled: gaiam.com
[2025-11-05 06:38:47] Success: futureeducationmagazine.com -> 1538 posts
[2025-11-05 06:38:47] Success: futuresrecoveryhealthcare.com -> 434 posts
[2025-11-05 06:38:47] Success: futuristarchitecture.com -> 7329 posts
[2025-11-05 06:38:47] Success: furnituretouchupseattle.com -> 10 posts
[2025-11-05 06:38:47] Success: gadgetreview.com -> 17 posts
[2025-11-05 06:38:47] Success: futuristarchitecture.com -> 7329 posts
[2025-11-05 06:38:47] Not WordPress or API disabled: gainfitness.com
[2025-11-05 06:38:48] Success: fundable.com -> 0 posts
[2025-11-05 06:38:48] Success: gadgetinsiders.com -> 5543 posts
[2025-11-05 06:38:48] Success: gameranx.com -> 85873 posts
[2025-11-05 06:38:48] Success: gameluster.com -> 10588 posts
[2025-11-05 06:38:48] Success: galbraithsinc.com -> 0 posts
[2025-11-05 06:38:48] Success: furniturerestorationnj.com -> 0 posts
[2025-11-05 06:38:48] Connection error: fitnessmagazine.com
[2025-11-05 06:38:48] Connection error: fromscratchlife.com
[2025-11-05 06:38:49] Success: fussaboutfood.com -> 136 posts
[2025-11-05 06:38:49] Success: gamerempire.net -> 2039 posts
[2025-11-05 06:38:49] Success: gameriv.com -> 10986 posts
[2025-11-05 06:38:49] Success: gamertweak.com -> 34772 posts
[2025-11-05 06:38:49] Success: fussaboutfood.com -> 136 posts
[2025-11-05 06:38:49] WordPress but restricted: gamespot.com (HTTP 403)
[2025-11-05 06:38:49] Success: gamepur.com -> 71253 posts
[2025-11-05 06:38:49] Success: gamer.org -> 4617 posts
[2025-11-05 06:38:49] Success: gameplay.tips -> 5998 posts
[2025-11-05 06:38:49] Success: game.guide -> 14465 posts
[2025-11-05 06:38:49] Success: gamblingsite.com -> 0 posts
[2025-11-05 06:38:49] WordPress but restricted: garagejournal.com (HTTP 403)
[2025-11-05 06:38:49] Success: gamertagzero.com -> 1483 posts
[2025-11-05 06:38:49] Success: gamezo.gg -> 2559 posts
[2025-11-05 06:38:49] Success: gamersmentor.com -> 1235 posts
[2025-11-05 06:38:49] Success: gamezebo.com -> 30015 posts
[2025-11-05 06:38:49] Success: gameskinny.com -> 49717 posts
[2025-11-05 06:38:50] Success: gameshedge.com -> 12419 posts
[2025-11-05 06:38:50] Not WordPress or API disabled: functionalrustic.com
[2025-11-05 06:38:50] WordPress but restricted: garden.org (HTTP 403)
[2025-11-05 06:38:50] Success: gamingonphone.com -> 23358 posts
[2025-11-05 06:38:50] Success: gameskeys.net -> 21891 posts
[2025-11-05 06:38:50] Success: garden.com -> 157 posts
[2025-11-05 06:38:51] Success: garagetransformed.com -> 255 posts
[2025-11-05 06:38:51] Success: garagetransformed.com -> 255 posts
[2025-11-05 06:38:51] Success: garagecabinets.com -> 443 posts
[2025-11-05 06:38:51] Success: gamingpromax.com -> 590 posts
[2025-11-05 06:38:51] Success: gamingelephant.com -> 688 posts
[2025-11-05 06:38:51] Success: garagegymreviews.com -> 3187 posts
[2025-11-05 06:38:52] Success: gameguias.com -> 8827 posts
[2025-11-05 06:38:52] Success: garagetested.com -> 96 posts
[2025-11-05 06:38:52] Success: gamintraveler.com -> 6210 posts
[2025-11-05 06:38:52] Success: gardenersandplants.com -> 168 posts
[2025-11-05 06:38:52] Success: garden.eco -> 6521 posts
[2025-11-05 06:38:52] Success: gardenersandplants.com -> 168 posts
[2025-11-05 06:38:52] Success: gardendownsouth.com -> 192 posts
[2025-11-05 06:38:52] Success: gardellagardening.com -> 0 posts
[2025-11-05 06:38:53] Success: garden-guy.com -> 69 posts
[2025-11-05 06:38:53] Not WordPress or API disabled: gardeners.com
[2025-11-05 06:38:53] Success: gardenersmag.com -> 573 posts
[2025-11-05 06:38:53] Success: gardenandcrafty.com -> 1913 posts
[2025-11-05 06:38:53] Success: gamingpromax.com -> 590 posts
[2025-11-05 06:38:53] Success: gardenforbeginners.com -> 285 posts
[2025-11-05 06:38:53] WordPress but restricted: gardenia.net (HTTP 403)
[2025-11-05 06:38:53] Not WordPress or API disabled: gardenguides.com
[2025-11-05 06:38:54] Success: gardenhealth.com -> 52 posts
[2025-11-05 06:38:54] Success: gardenhealth.com -> 52 posts
[2025-11-05 06:38:54] Success: gardeningchannel.com -> 2920 posts
[2025-11-05 06:38:54] WordPress but restricted: gardeningetc.com (HTTP 403)
[2025-11-05 06:38:54] Success: gardenerspath.com -> 2860 posts
[2025-11-05 06:38:54] Success: gardenerguidance.com -> 376 posts
[2025-11-05 06:38:54] WordPress but no count header: gardeningmentor.com
[2025-11-05 06:38:55] WordPress but no count header: gardeningflow.com
[2025-11-05 06:38:55] WordPress but no count header: gardeninginside.com
[2025-11-05 06:38:55] Success: gardeningwithskip.com -> 22 posts
[2025-11-05 06:38:55] Success: gardenfunction.com -> 458 posts
[2025-11-05 06:38:55] Success: gardencarelandscaping.com -> 8 posts
[2025-11-05 06:38:55] Success: garagehobbyist.com -> 28 posts
[2025-11-05 06:38:55] Success: gardeningsoul.com -> 2525 posts
[2025-11-05 06:38:55] Success: gardening.cals.cornell.edu -> 1 posts
[2025-11-05 06:38:55] Success: gardeningchores.com -> 702 posts
[2025-11-05 06:38:56] Success: gardeningsolutions.ifas.ufl.edu -> 0 posts
[2025-11-05 06:38:56] Success: gardeningbaron.com -> 300 posts
[2025-11-05 06:38:56] Success: gardenerpick.com -> 685 posts
[2025-11-05 06:38:56] Success: gardeningelsa.com -> 391 posts
[2025-11-05 06:38:56] Success: gardeningbaron.com -> 300 posts
[2025-11-05 06:38:56] Success: gardeningtips.in -> 2149 posts
[2025-11-05 06:38:56] Success: gardeninghobbies.com -> 133 posts
[2025-11-05 06:38:56] Success: gardensavvy.com -> 1 posts
[2025-11-05 06:38:56] Success: gardeninsider.org -> 465 posts
[2025-11-05 06:38:56] WordPress but restricted: gardeningknowhow.com (HTTP 403)
[2025-11-05 06:38:57] Not WordPress or API disabled: gatheringbeauty.com
[2025-11-05 06:38:57] Success: garlicstore.com -> 1536 posts
[2025-11-05 06:38:57] Success: garlicstore.com -> 1536 posts
[2025-11-05 06:38:57] Success: gardenluminoustales.com -> 38 posts
[2025-11-05 06:38:57] Success: gardenista.com -> 7195 posts
[2025-11-05 06:38:57] Success: gardentabs.com -> 4313 posts
[2025-11-05 06:38:57] Success: gardentherapy.ca -> 1301 posts
[2025-11-05 06:38:58] Not WordPress or API disabled: gatesfoundation.org
[2025-11-05 06:38:58] Not WordPress or API disabled: garmin.com
[2025-11-05 06:38:59] Success: gardenseason.com -> 490 posts
[2025-11-05 06:38:59] Success: gardenpathlandscaping.com -> 0 posts
[2025-11-05 06:38:59] WordPress but restricted: gartner.com (HTTP 403)
[2025-11-05 06:38:59] Success: gedminasfurniture.com -> 1 posts
[2025-11-05 06:38:59] Client error: gautam-rangan.tumblr.com - Server disconnected
[2025-11-05 06:38:59] Success: gastrotourseoul.com -> 41 posts
[2025-11-05 06:38:59] Success: gazette.blogs.rice.edu -> 317 posts
[2025-11-05 06:38:59] Success: gdiengdesign.com -> 465 posts
[2025-11-05 06:38:59] Success: gdiengdesign.com -> 465 posts
[2025-11-05 06:39:00] Success: geekflare.com -> 2318 posts
[2025-11-05 06:39:00] Success: geartrench.com -> 216 posts
[2025-11-05 06:39:00] Success: gbpsr.org -> 133 posts
[2025-11-05 06:39:00] Success: gabberdashery.com -> 179 posts
[2025-11-05 06:39:00] Success: geeksdigit.com -> 456 posts
[2025-11-05 06:39:00] Success: geeksdigit.com -> 456 posts
[2025-11-05 06:39:00] Connection error: gennysyum.com
[2025-11-05 06:39:01] Success: geeky-gadgets.com -> 145229 posts
[2025-11-05 06:39:01] Success: geek.pizza -> 6800 posts
[2025-11-05 06:39:01] Not WordPress or API disabled: gardensillustrated.com
[2025-11-05 06:39:01] Success: geeks2you.com -> 176 posts
[2025-11-05 06:39:01] Success: geekompc.com -> 289 posts
[2025-11-05 06:39:01] Success: geniusmomhacks.com -> 85 posts
[2025-11-05 06:39:01] Success: geekmode.blog -> 13810 posts
[2025-11-05 06:39:01] Success: genderconfirmation.com -> 22 posts
[2025-11-05 06:39:02] Not WordPress or API disabled: gardengatemagazine.com
[2025-11-05 06:39:02] Success: gentsfashion.co -> 19019 posts
[2025-11-05 06:39:02] Success: gentwenty.com -> 2654 posts
[2025-11-05 06:39:02] Success: georgiawildlife.blog -> 1018 posts
[2025-11-05 06:39:03] Success: gentechscientific.com -> 291 posts
[2025-11-05 06:39:03] Success: gentlewit.com -> 409 posts
[2025-11-05 06:39:03] Success: geektrench.com -> 1810 posts
[2025-11-05 06:39:03] Success: georgia.kaiserpermanente.org -> 0 posts
[2025-11-05 06:39:03] Success: geeksonsite.com -> 503 posts
[2025-11-05 06:39:03] Success: gentsways.com -> 367 posts
[2025-11-05 06:39:03] Success: gatheringdreams.com -> 350 posts
[2025-11-05 06:39:04] Unknown status: geminithermohvac.com (HTTP 502)
[2025-11-05 06:39:04] Success: germanyfootsteps.com -> 411 posts
[2025-11-05 06:39:04] Success: getcarpetcleaningorlando.com -> 99 posts
[2025-11-05 06:39:04] Success: germanfoods.org -> 743 posts
[2025-11-05 06:39:04] Success: getassist.com -> 240 posts
[2025-11-05 06:39:04] Success: getemi.pk -> 1 posts
[2025-11-05 06:39:04] Success: gentlemansgazette.com -> 1506 posts
[2025-11-05 06:39:05] WordPress but no count header: gaylea.com
[2025-11-05 06:39:05] Success: getdroidtips.com -> 33203 posts
[2025-11-05 06:39:05] Success: gentlemansgazette.com -> 1506 posts
[2025-11-05 06:39:05] Success: getfogmachine.com -> 339 posts
[2025-11-05 06:39:05] Not WordPress or API disabled: getharvest.com
[2025-11-05 06:39:06] Connection error: flooringamerica.com
[2025-11-05 06:39:06] Success: georgia4h.org -> 99 posts
[2025-11-05 06:39:06] Success: getleanertoday.com -> 77 posts
[2025-11-05 06:39:06] Success: getholistichealth.com -> 7025 posts
[2025-11-05 06:39:06] WordPress but no count header: getquicktech.com.au
[2025-11-05 06:39:06] Success: getorganizedhq.com -> 950 posts
[2025-11-05 06:39:06] Success: getbusygardening.com -> 571 posts
[2025-11-05 06:39:06] Success: getorganizedwizard.com -> 963 posts
[2025-11-05 06:39:06] Success: getinspiredeveryday.com -> 16 posts
[2025-11-05 06:39:06] Success: getholistichealth.com -> 7025 posts
[2025-11-05 06:39:06] Success: gethealthywealthy.com -> 154 posts
[2025-11-05 06:39:06] Success: gethealthywealthy.com -> 154 posts
[2025-11-05 06:39:07] Success: gfjules.com -> 173 posts
[2025-11-05 06:39:07] Success: getsustainablyorganized.com -> 10 posts
[2025-11-05 06:39:07] Success: ggrhomeinspections.com -> 441 posts
[2025-11-05 06:39:07] Success: getgoally.com -> 2368 posts
[2025-11-05 06:39:07] Success: getmysleep.com -> 550 posts
[2025-11-05 06:39:07] Not WordPress or API disabled: getyourtrimon.com
[2025-11-05 06:39:08] Success: get-green-now.com -> 105 posts
[2025-11-05 06:39:08] Success: gentlemanwithin.com -> 377 posts
[2025-11-05 06:39:08] Success: gethealthyu.com -> 797 posts
[2025-11-05 06:39:08] Connection error: gingercakeblog.com
[2025-11-05 06:39:08] Success: girlandhappy.com -> 1487 posts
[2025-11-05 06:39:08] WordPress but no count header: getrichslowly.org
[2025-11-05 06:39:09] Success: gimmedelicious.com -> 768 posts
[2025-11-05 06:39:09] Not WordPress or API disabled: gippslandunwrapped.com
[2025-11-05 06:39:09] Success: getwpcaptcha.com -> 604 posts
[2025-11-05 06:39:09] Success: gfloutdoors.com -> 4989 posts
[2025-11-05 06:39:09] Success: getuhoo.com -> 1042 posts
[2025-11-05 06:39:09] Success: getuhoo.com -> 1042 posts
[2025-11-05 06:39:09] Success: gilp.co.in -> 201 posts
[2025-11-05 06:39:10] Success: giveagradago.com -> 381 posts
[2025-11-05 06:39:10] Not WordPress or API disabled: giallozafferano.com
[2025-11-05 06:39:10] Success: gimmeconfetti.com -> 73 posts
[2025-11-05 06:39:10] Success: gimmesomeoven.com -> 1755 posts
[2025-11-05 06:39:10] Success: getzhandyman.com -> 34 posts
[2025-11-05 06:39:10] Success: gilp.co.in -> 201 posts
[2025-11-05 06:39:10] Success: girlinthegarage.net -> 497 posts
[2025-11-05 06:39:10] Success: girlandthekitchen.com -> 341 posts
[2025-11-05 06:39:10] Success: givingkitchen.org -> 102 posts
[2025-11-05 06:39:10] Success: giyplants.com -> 300 posts
[2025-11-05 06:39:10] Not WordPress or API disabled: glamour.com
[2025-11-05 06:39:10] Success: girlscangrill.com -> 642 posts
[2025-11-05 06:39:11] Success: ginareneedesigns.com -> 37 posts
[2025-11-05 06:39:11] Success: gittaskitchen.com -> 81 posts
[2025-11-05 06:39:11] Success: giangiskitchen.com -> 563 posts
[2025-11-05 06:39:11] Success: glamourboutique.com -> 668 posts
[2025-11-05 06:39:11] Not WordPress or API disabled: glasgowfoodelicious.com
[2025-11-05 06:39:11] Success: giverecipe.com -> 500 posts
[2025-11-05 06:39:11] Unknown status: glasgowlive.co.uk (HTTP 410)
[2025-11-05 06:39:12] Success: girlwiththepassport.com -> 473 posts
[2025-11-05 06:39:12] Success: girljustdiy.com -> 191 posts
[2025-11-05 06:39:12] Success: glebekitchen.com -> 373 posts
[2025-11-05 06:39:12] Success: globalwellnessinstitute.org -> 1692 posts
[2025-11-05 06:39:12] Success: glitterinc.com -> 1552 posts
[2025-11-05 06:39:12] Success: glofox.com -> 891 posts
[2025-11-05 06:39:12] Not WordPress or API disabled: glowwithava.com
[2025-11-05 06:39:12] Success: globalkitchentravels.com -> 1610 posts
[2025-11-05 06:39:12] Success: glassofglam.com -> 692 posts
[2025-11-05 06:39:13] Not WordPress or API disabled: glo.com
[2025-11-05 06:39:13] Success: glorylivingdesign.com -> 0 posts
[2025-11-05 06:39:13] Success: globalnews.ca -> 995659 posts
[2025-11-05 06:39:13] Success: globalmomsmagazine.com -> 392 posts
[2025-11-05 06:39:13] Success: gladtobemama.com -> 147 posts
[2025-11-05 06:39:13] Success: glutenfreeglobetrotter.com -> 351 posts
[2025-11-05 06:39:13] Success: glutenfreecottage.com -> 29 posts
[2025-11-05 06:39:13] Success: globalfoodconsumers.org -> 80 posts
[2025-11-05 06:39:13] Success: glowsly.com -> 867 posts
[2025-11-05 06:39:13] Not WordPress or API disabled: glutenfreegoddess.blogspot.com
[2025-11-05 06:39:13] Not WordPress or API disabled: glutenfreehope.blogspot.com
[2025-11-05 06:39:14] Success: globalcognition.org -> 93 posts
[2025-11-05 06:39:14] Success: globalradar360.com -> 16 posts
[2025-11-05 06:39:14] Success: globallearningcorner.com -> 1 posts
[2025-11-05 06:39:14] Not WordPress or API disabled: gluteninterrupted.com
[2025-11-05 06:39:14] Success: gluedtomycraftsblog.com -> 2560 posts
[2025-11-05 06:39:14] Success: glutenfreedairyfreereviews.com -> 600 posts
[2025-11-05 06:39:14] Success: globetrottinkids.com -> 154 posts
[2025-11-05 06:39:14] Success: glutenfreeda.com -> 1 posts
[2025-11-05 06:39:14] Success: glutenfreecuppatea.co.uk -> 871 posts
[2025-11-05 06:39:14] Success: glutenfreeda.com -> 1 posts
[2025-11-05 06:39:15] Success: glutenfreeonashoestring.com -> 746 posts
[2025-11-05 06:39:15] Connection error: goats-on-the-road.com
[2025-11-05 06:39:15] Success: gmb.io -> 244 posts
[2025-11-05 06:39:15] Success: go-go-eco.com -> 84 posts
[2025-11-05 06:39:15] Success: go-go-eco.com -> 84 posts
[2025-11-05 06:39:15] Success: glutenfreepalate.com -> 691 posts
[2025-11-05 06:39:15] WordPress but restricted: goatjournal.iamcountryside.com (HTTP 403)
[2025-11-05 06:39:15] Success: goaging.org -> 1700 posts
[2025-11-05 06:39:15] Success: godairyfree.org -> 4308 posts
[2025-11-05 06:39:16] Success: glutenfreeheroes.com -> 114 posts
[2025-11-05 06:39:16] Success: glutenfreestories.com -> 184 posts
[2025-11-05 06:39:16] Success: gnomadhome.com -> 122 posts
[2025-11-05 06:39:16] Success: goasher.com -> 119 posts
[2025-11-05 06:39:16] Success: goalsandprogress.com -> 238 posts
[2025-11-05 06:39:16] Success: glutenbee.com -> 852 posts
[2025-11-05 06:39:16] Success: globalmomsmagazine.com -> 392 posts
[2025-11-05 06:39:16] Success: gobackpacking.com -> 2800 posts
[2025-11-05 06:39:16] Unknown status: gocleaningmaids.com (HTTP 503)
[2025-11-05 06:39:17] Success: godrewarder.com -> 2169 posts
[2025-11-05 06:39:17] Success: gogi.in -> 8655 posts
[2025-11-05 06:39:17] Connection error: gardentags.com
[2025-11-05 06:39:17] Success: godrewarder.com -> 2169 posts
[2025-11-05 06:39:17] Success: gojackrabbitgo.com -> 3329 posts
[2025-11-05 06:39:17] Success: gohighbrow.com -> 3584 posts
[2025-11-05 06:39:17] Success: gocleanco.com -> 1 posts
[2025-11-05 06:39:17] Success: gobigoji.com -> 8 posts
[2025-11-05 06:39:17] Success: gogreenzero.com -> 58 posts
[2025-11-05 06:39:18] Success: goatsontheroad.com -> 1733 posts
[2025-11-05 06:39:18] Success: goldenplains.extension.colostate.edu -> 1 posts
[2025-11-05 06:39:18] Success: gohomepoint.com -> 49 posts
[2025-11-05 06:39:18] Success: gohealthyeverafter.com -> 175 posts
[2025-11-05 06:39:19] Success: goldilockskitchen.com -> 373 posts
[2025-11-05 06:39:19] Success: golfinsideruk.com -> 345 posts
[2025-11-05 06:39:19] Success: gogreenpedia.com -> 74 posts
[2025-11-05 06:39:19] Success: goglutenfreely.com -> 202 posts
[2025-11-05 06:39:19] Success: goalscalling.com -> 177 posts
[2025-11-05 06:39:19] Success: goldsgym.com -> 250 posts
[2025-11-05 06:39:19] Success: goingzerowaste.com -> 653 posts
[2025-11-05 06:39:19] Success: goalscalling.com -> 177 posts
[2025-11-05 06:39:19] Success: gochangeyourself.com -> 218 posts
[2025-11-05 06:39:19] Success: golayer.io -> 381 posts
[2025-11-05 06:39:19] Success: goldenglutenfree.com -> 244 posts
[2025-11-05 06:39:20] Success: gomillionfurniture.com -> 7 posts
[2025-11-05 06:39:20] Success: gonegreenish.com -> 192 posts
[2025-11-05 06:39:20] Success: goodcirclemarketing.com -> 127 posts
[2025-11-05 06:39:20] Success: gonegreenish.com -> 192 posts
[2025-11-05 06:39:20] Success: godetail.com -> 68 posts
[2025-11-05 06:39:20] Success: gomcdaniels.com -> 177 posts
[2025-11-05 06:39:20] Success: gardenbeast.com -> 1165 posts
[2025-11-05 06:39:21] Success: golifehealthy.com -> 36 posts
[2025-11-05 06:39:21] Success: goodexistence.com -> 1446 posts
[2025-11-05 06:39:21] Connection error: goodhomesmagazine.com.au
[2025-11-05 06:39:21] Success: goneminimal.com -> 212 posts
[2025-11-05 06:39:21] WordPress but no count header: goodhealthrecipes.com
[2025-11-05 06:39:21] WordPress but no count header: goodhealthrecipes.com
[2025-11-05 06:39:21] Success: goingblack.org -> 656 posts
[2025-11-05 06:39:21] Not WordPress or API disabled: goodhousekeeping.com
[2025-11-05 06:39:21] Success: goodfoodbaddie.com -> 422 posts
[2025-11-05 06:39:21] Not WordPress or API disabled: goodcooking.com
[2025-11-05 06:39:21] Success: goodfinancialcents.com -> 1559 posts
[2025-11-05 06:39:22] Success: goodforyouglutenfree.com -> 693 posts
[2025-11-05 06:39:22] Success: goodforyouglutenfree.com -> 693 posts
[2025-11-05 06:39:22] Success: goodbeginnings.net.au -> 260 posts
[2025-11-05 06:39:22] Success: goodonyou.eco -> 1087 posts
[2025-11-05 06:39:22] Success: goodfoodtoeat.com -> 183 posts
[2025-11-05 06:39:22] Not WordPress or API disabled: goodtherapy.org
[2025-11-05 06:39:22] Success: goodcheapeats.com -> 1230 posts
[2025-11-05 06:39:22] Success: goodliife.com -> 556 posts
[2025-11-05 06:39:22] WordPress but restricted: goop.com (HTTP 403)
[2025-11-05 06:39:22] Success: goodinthesimple.com -> 200 posts
[2025-11-05 06:39:23] WordPress but restricted: goodto.com (HTTP 403)
[2025-11-05 06:39:23] Success: goodmakertales.com -> 190 posts
[2025-11-05 06:39:23] Success: goodemma.com -> 931 posts
[2025-11-05 06:39:23] Success: goodwillncw.org -> 382 posts
[2025-11-05 06:39:23] Success: gooyadaily.com -> 4640 posts
[2025-11-05 06:39:23] Success: gosunbolt.com -> 47 posts
[2025-11-05 06:39:23] Success: goodnewsnetwork.org -> 33529 posts
[2025-11-05 06:39:23] Success: gordontredgold.com -> 2984 posts
[2025-11-05 06:39:24] Success: gospinxpress.com -> 162 posts
[2025-11-05 06:39:24] Success: gomedica.org -> 418 posts
[2025-11-05 06:39:24] Success: gospinxpress.com -> 162 posts
[2025-11-05 06:39:24] Connection error: gottman.com
[2025-11-05 06:39:24] Unknown status: goonhammer.com (HTTP 405)
[2025-11-05 06:39:24] WordPress but no count header: govfacts.org
[2025-11-05 06:39:24] Not WordPress or API disabled: gpattridge.com
[2025-11-05 06:39:25] Success: goonpet.com -> 984 posts
[2025-11-05 06:39:25] Success: goonpet.com -> 984 posts
[2025-11-05 06:39:25] Success: goinggreenrecycle.com -> 9 posts
[2025-11-05 06:39:25] Success: gorillakleen.com -> 212 posts
[2025-11-05 06:39:26] Success: gotwoodcarpentryinc.com -> 50 posts
[2025-11-05 06:39:26] Not WordPress or API disabled: gq.com
[2025-11-05 06:39:26] WordPress but no count header: gousto.co.uk
[2025-11-05 06:39:26] Success: gplandscapingandgarden.com -> 1 posts
[2025-11-05 06:39:26] Success: goodmoneyguide.com -> 2036 posts
[2025-11-05 06:39:26] Success: goodmoneyguide.com -> 2036 posts
[2025-11-05 06:39:26] Success: gpswaste.com -> 15 posts
[2025-11-05 06:39:26] Success: graduate.northeastern.edu -> 738 posts
[2025-11-05 06:39:26] Success: gorillakleen.com -> 212 posts
[2025-11-05 06:39:26] Success: gpapac.com -> 220 posts
[2025-11-05 06:39:26] Success: gourmetcoreco.com -> 41 posts
[2025-11-05 06:39:27] Success: graceandlightness.com -> 270 posts
[2025-11-05 06:39:27] Success: gotinyspace.com -> 210 posts
[2025-11-05 06:39:27] Success: goteaworld.com -> 298 posts
[2025-11-05 06:39:27] Success: granddesignsmagazine.com -> 1623 posts
[2025-11-05 06:39:27] Success: gracedgirl.com -> 871 posts
[2025-11-05 06:39:28] Success: graciouslynourished.com -> 135 posts
[2025-11-05 06:39:28] Success: grandbaby-cakes.com -> 801 posts
[2025-11-05 06:39:28] Success: grandcollector.com -> 537 posts
[2025-11-05 06:39:28] Success: gradepowerlearning.com -> 301 posts
[2025-11-05 06:39:28] Success: gracechristian.edu -> 747 posts
[2025-11-05 06:39:28] Success: graceinmyspace.com -> 641 posts
[2025-11-05 06:39:28] Success: grandmastricks.com -> 301 posts
[2025-11-05 06:39:28] Success: gearpatrol.com -> 39456 posts
[2025-11-05 06:39:29] Success: grammarvocab.com -> 1267 posts
[2025-11-05 06:39:29] Success: gourmettraveller.com.au -> 6579 posts
[2025-11-05 06:39:29] Success: graziamagazine.com -> 0 posts
[2025-11-05 06:39:29] Not WordPress or API disabled: great-marriages.org
[2025-11-05 06:39:29] Success: graduateprogram.org -> 1006 posts
[2025-11-05 06:39:29] Success: gracefullittlehoneybee.com -> 600 posts
[2025-11-05 06:39:29] Success: gravelisting.com -> 97 posts
[2025-11-05 06:39:29] Success: grandmashousediy.com -> 1411 posts
[2025-11-05 06:39:30] Success: grandmaremedy.net -> 1088 posts
[2025-11-05 06:39:30] Success: grandmashousediy.com -> 1411 posts
[2025-11-05 06:39:30] Success: gran.luchito.com -> 69 posts
[2025-11-05 06:39:30] Unknown status: greatdealsforshoppers.com (HTTP 500)
[2025-11-05 06:39:30] Success: greaterbostonbehavioralhealth.com -> 445 posts
[2025-11-05 06:39:30] Success: greaterbostonpm.com -> 39 posts
[2025-11-05 06:39:30] Success: graphiceagle.com -> 11681 posts
[2025-11-05 06:39:30] Success: greatbarrierreef.org -> 10 posts
[2025-11-05 06:39:30] Not WordPress or API disabled: greataussiepatios.com.au
[2025-11-05 06:39:31] Success: greatgrubdelicioustreats.com -> 1166 posts
[2025-11-05 06:39:31] Not WordPress or API disabled: greatitalianchefs.com
[2025-11-05 06:39:31] Success: grandviewcamp.com -> 88 posts
[2025-11-05 06:39:31] Not WordPress or API disabled: greatshine07.com
[2025-11-05 06:39:31] WordPress but no count header: greatsenioryears.com
[2025-11-05 06:39:31] WordPress but no count header: greatsenioryears.com
[2025-11-05 06:39:31] Success: green.org -> 2177 posts
[2025-11-05 06:39:31] Not WordPress or API disabled: greatist.com
[2025-11-05 06:39:31] Success: greatcurryrecipes.net -> 1026 posts
[2025-11-05 06:39:31] Success: grainstorehouse.com -> 662 posts
[2025-11-05 06:39:31] Success: grayingwithgrace.com -> 896 posts
[2025-11-05 06:39:31] Success: greatbigphotographyworld.com -> 722 posts
[2025-11-05 06:39:32] Success: greatresumesfast.com -> 1155 posts
[2025-11-05 06:39:32] Success: greatpassiveincomeideas.com -> 81 posts
[2025-11-05 06:39:32] Success: green-reporter.com -> 47692 posts
[2025-11-05 06:39:32] Success: green360solutions.com -> 71 posts
[2025-11-05 06:39:32] Success: green360solutions.com -> 71 posts
[2025-11-05 06:39:32] Success: greenandnatural.org -> 621 posts
[2025-11-05 06:39:32] Success: greenchoicelifestyle.com -> 135 posts
[2025-11-05 06:39:33] Success: graystoneig.com -> 999 posts
[2025-11-05 06:39:33] Connection error: greencleaningtips.com
[2025-11-05 06:39:33] WordPress but no count header: greenbuildingelements.com
[2025-11-05 06:39:33] Success: greencitizen.com -> 400 posts
[2025-11-05 06:39:33] Success: greencarpetscleaning.com -> 17716 posts
[2025-11-05 06:39:33] Success: greekboston.com -> 3632 posts
[2025-11-05 06:39:33] Success: greencleanhub.com -> 4 posts
[2025-11-05 06:39:34] Success: greenerinsights.com -> 110 posts
[2025-11-05 06:39:34] Success: greenbuildingcanada.ca -> 677 posts
[2025-11-05 06:39:34] Success: greenbuildingcanada.ca -> 677 posts
[2025-11-05 06:39:34] Success: greedygourmet.com -> 1056 posts
[2025-11-05 06:39:34] Success: greedygirlgourmet.com -> 468 posts
[2025-11-05 06:39:34] Success: greenchildmagazine.com -> 978 posts
[2025-11-05 06:39:34] Success: greencoast.org -> 328 posts
[2025-11-05 06:39:34] Success: greenbuildingadvisor.com -> 6513 posts
[2025-11-05 06:39:34] Success: greedygirlgourmet.com -> 468 posts
[2025-11-05 06:39:34] Success: greenkitchenstories.com -> 400 posts
[2025-11-05 06:39:34] Success: greenenergyhub.com -> 164 posts
[2025-11-05 06:39:34] Success: greenandhealthyhomes.org -> 17 posts
[2025-11-05 06:39:35] Success: greenerideal.com -> 6181 posts
[2025-11-05 06:39:35] Success: greenecodream.com -> 2108 posts
[2025-11-05 06:39:35] Success: greencompostables.com -> 88 posts
[2025-11-05 06:39:35] Success: greenglobaltravel.com -> 715 posts
[2025-11-05 06:39:35] Success: greenletes.com -> 283 posts
[2025-11-05 06:39:35] Success: greenhealthycooking.com -> 447 posts
[2025-11-05 06:39:35] Success: greenlifelandscaping.ca -> 0 posts
[2025-11-05 06:39:36] WordPress but no count header: greenlifezen.com
[2025-11-05 06:39:36] Success: greenlife123.com -> 87 posts
[2025-11-05 06:39:36] Success: greenlivingideas.com -> 2234 posts
[2025-11-05 06:39:36] Success: greenbuildingsolutions.org -> 315 posts
[2025-11-05 06:39:36] Success: greenlivinginsider.com -> 31 posts
[2025-11-05 06:39:36] Success: greenlivinganswers.com -> 0 posts
[2025-11-05 06:39:36] Success: greenevi.com -> 367 posts
[2025-11-05 06:39:37] Success: greencarelandscapeservices.com -> 0 posts
[2025-11-05 06:39:37] Success: greenheal.net -> 484 posts
[2025-11-05 06:39:37] Success: greenlivingtoolkit.org -> 1 posts
[2025-11-05 06:39:37] Connection error: greenplanner.org
[2025-11-05 06:39:38] Success: greenorchardgroup.com -> 71 posts
[2025-11-05 06:39:38] Success: greenmoxie.com -> 863 posts
[2025-11-05 06:39:38] Success: greenmaids.com -> 32 posts
[2025-11-05 06:39:38] Connection error: greenshoesandsparkles.com
[2025-11-05 06:39:38] Success: greenhomesolutions.com -> 86 posts
[2025-11-05 06:39:38] Success: greenhomesolutions.com -> 86 posts
[2025-11-05 06:39:38] Success: greatlakescountry.com -> 180 posts
[2025-11-05 06:39:38] Success: greenlivingzone.com -> 733 posts
[2025-11-05 06:39:38] WordPress but no count header: greenmedinfo.com
[2025-11-05 06:39:38] Success: greenofficemovement.org -> 46 posts
[2025-11-05 06:39:38] Success: greenpeace.org.uk -> 917 posts
[2025-11-05 06:39:39] Success: greenqueen.com.hk -> 8427 posts
[2025-11-05 06:39:39] Success: greengoldlandscapinginc.com -> 95 posts
[2025-11-05 06:39:39] Success: greenrodentrestoration.com -> 224 posts
[2025-11-05 06:39:39] Success: greenthatlife.com -> 128 posts
[2025-11-05 06:39:39] Success: greenofficemovement.org -> 46 posts
[2025-11-05 06:39:39] Success: greenthatlife.com -> 128 posts
[2025-11-05 06:39:40] Success: greensmoothiegirl.com -> 1158 posts
[2025-11-05 06:39:40] Success: greenoceanpropertymanagement.com -> 563 posts
[2025-11-05 06:39:40] Success: greensmoothiegourmet.com -> 499 posts
[2025-11-05 06:39:40] Success: greensmarteco.com -> 196 posts
[2025-11-05 06:39:40] Success: greenlivingzone.com -> 733 posts
[2025-11-05 06:39:40] Success: greenify-me.com -> 402 posts
[2025-11-05 06:39:40] Success: greenthumbdaily.com -> 578 posts
[2025-11-05 06:39:40] Success: greensmarteco.com -> 196 posts
[2025-11-05 06:39:40] Success: greenterracleaning.com -> 400 posts
[2025-11-05 06:39:40] Success: greentricks.me -> 15801 posts
[2025-11-05 06:39:40] Connection error: goodereader.com
[2025-11-05 06:39:41] Success: greensweepnm.com -> 87 posts
[2025-11-05 06:39:41] Success: greensweepnm.com -> 87 posts
[2025-11-05 06:39:41] Success: griddlesizzle.com -> 98 posts
[2025-11-05 06:39:41] Success: greenworksllc.com -> 156 posts
[2025-11-05 06:39:41] Success: greenwaykitchen.com -> 36476 posts
[2025-11-05 06:39:41] Success: greenwaykitchen.com -> 36476 posts
[2025-11-05 06:39:41] Success: greentechnologyinfo.com -> 140 posts
[2025-11-05 06:39:41] Success: greyb.com -> 1450 posts
[2025-11-05 06:39:41] Success: greensliceoflife.com -> 97 posts
[2025-11-05 06:39:41] Connection error: groovystuffblog.com
[2025-11-05 06:39:42] Success: greenwithless.com -> 254 posts
[2025-11-05 06:39:42] Success: grimesinteriors.com -> 0 posts
[2025-11-05 06:39:42] Connection error: goodhomes.com.au
[2025-11-05 06:39:42] Success: greenthickies.com -> 920 posts
[2025-11-05 06:39:42] Success: gritdaily.com -> 15782 posts
[2025-11-05 06:39:42] Success: greenwashingindex.com -> 1851 posts
[2025-11-05 06:39:43] Success: grindsuccess.com -> 12139 posts
[2025-11-05 06:39:43] Success: growfinancial.org -> 352 posts
[2025-11-05 06:39:43] Success: grovecityheatingandcooling.com -> 0 posts
[2025-11-05 06:39:43] Not WordPress or API disabled: greenunion.co.uk
[2025-11-05 06:39:43] Success: groceryshopforfree.com -> 29060 posts
[2025-11-05 06:39:43] Success: growforagecookferment.com -> 488 posts
[2025-11-05 06:39:43] WordPress but restricted: grit.com (HTTP 403)
[2025-11-05 06:39:43] Success: gardeningstuffs.com -> 70 posts
[2025-11-05 06:39:43] Success: growing-minds.org -> 251 posts
[2025-11-05 06:39:43] Success: greenwichcc.com -> 3221 posts
[2025-11-05 06:39:43] Success: gritsandpinecones.com -> 658 posts
[2025-11-05 06:39:44] Success: growinginthegarden.com -> 420 posts
[2025-11-05 06:39:44] WordPress but restricted: grownative.org (HTTP 403)
[2025-11-05 06:39:44] Success: growingfamily.co.uk -> 1456 posts
[2025-11-05 06:39:44] Success: growingfamily.co.uk -> 1456 posts
[2025-11-05 06:39:44] WordPress but no count header: growmylifestyle.com
[2025-11-05 06:39:44] WordPress but restricted: growingfamilybenefits.com (HTTP 403)
[2025-11-05 06:39:44] Success: growingteas.com -> 230 posts
[2025-11-05 06:39:44] Success: growingupherbal.com -> 831 posts
[2025-11-05 06:39:44] Success: groutcleaner.com -> 102 posts
[2025-11-05 06:39:45] Success: growingagreenerworld.com -> 777 posts
[2025-11-05 06:39:45] Success: growingupgabel.com -> 1152 posts
[2025-11-05 06:39:45] Success: grosseasy.com -> 108 posts
[2025-11-05 06:39:45] Success: growthstrategies101.com -> 778 posts
[2025-11-05 06:39:45] Success: growtherapy.com -> 371 posts
[2025-11-05 06:39:45] Success: gritandgraceful.com -> 51 posts
[2025-11-05 06:39:46] Success: growownplants.com -> 24 posts
[2025-11-05 06:39:46] Success: growingyourbaby.com -> 14599 posts
[2025-11-05 06:39:46] Success: growthmentor.com -> 380 posts
[2025-11-05 06:39:46] Success: gubbahomestead.com -> 346 posts
[2025-11-05 06:39:46] Not WordPress or API disabled: growveg.com
[2025-11-05 06:39:46] Success: guaranteedmoldprevention.com -> 32 posts
[2025-11-05 06:39:46] Success: gsexteriorexperts.com -> 121 posts
[2025-11-05 06:39:46] Success: guide.thecooldown.com -> 0 posts
[2025-11-05 06:39:46] Success: guidedinnature.com -> 56 posts
[2025-11-05 06:39:46] Success: growingfruits.com -> 604 posts
[2025-11-05 06:39:46] Success: growownplants.com -> 24 posts
[2025-11-05 06:39:47] Success: growmyybusiness.com -> 21 posts
[2025-11-05 06:39:47] Success: guide.resumegemini.com -> 6 posts
[2025-11-05 06:39:47] Success: grubbswoodworks.com -> 0 posts
[2025-11-05 06:39:47] Success: guidingtech.com -> 5317 posts
[2025-11-05 06:39:48] Success: guidingtech.com -> 5317 posts
[2025-11-05 06:39:48] Success: guided.news -> 4336 posts
[2025-11-05 06:39:48] Success: growthsummary.com -> 15 posts
[2025-11-05 06:39:48] Success: guidestrats.com -> 2463 posts
[2025-11-05 06:39:48] Success: greenvalleykitchen.com -> 115 posts
[2025-11-05 06:39:48] Success: gshomeservices.com -> 85 posts
[2025-11-05 06:39:48] Success: gshomeservices.com -> 85 posts
[2025-11-05 06:39:49] Success: guidelineshealth.com -> 3371 posts
[2025-11-05 06:39:49] Success: guidedbyelements.com -> 109 posts
[2025-11-05 06:39:49] Not WordPress or API disabled: gutenberg.org
[2025-11-05 06:39:49] Success: guide2wdw.com -> 740 posts
[2025-11-05 06:39:49] Success: guitarcraft.com -> 206 posts
[2025-11-05 06:39:49] Success: growit.wiki -> 1077 posts
[2025-11-05 06:39:49] Success: guidetovegan.com -> 18 posts
[2025-11-05 06:39:49] Success: guru99.com -> 3378 posts
[2025-11-05 06:39:49] Success: guidetrend.com -> 41 posts
[2025-11-05 06:39:50] Success: gvaat.com -> 54 posts
[2025-11-05 06:39:50] Success: guitarrepairbench.com -> 163 posts
[2025-11-05 06:39:50] Success: guide.tooth-life.com -> 0 posts
[2025-11-05 06:39:50] Success: guide.tooth-life.com -> 0 posts
[2025-11-05 06:39:50] Success: gurlgonegreen.com -> 567 posts
[2025-11-05 06:39:50] Success: guycounseling.com -> 682 posts
[2025-11-05 06:39:51] Success: gurlgonegreen.com -> 567 posts
[2025-11-05 06:39:51] Success: gypsyplate.com -> 752 posts
[2025-11-05 06:39:51] Success: gvslv.com -> 12 posts
[2025-11-05 06:39:51] Success: grumpygreen.cricket -> 452 posts
[2025-11-05 06:39:51] Not WordPress or API disabled: haakmaarraak.nl
[2025-11-05 06:39:51] Success: h2h.jobs -> 0 posts
[2025-11-05 06:39:52] WordPress but no count header: habitsandhome.com
[2025-11-05 06:39:52] Success: habitatgwinnett.org -> 55 posts
[2025-11-05 06:39:52] Success: gwens-nest.com -> 367 posts
[2025-11-05 06:39:52] Success: hablamosdegamers.com -> 5506 posts
[2025-11-05 06:39:52] Success: hackspirit.com -> 280 posts
[2025-11-05 06:39:52] Success: hachettebookgroup.com -> 4573 posts
[2025-11-05 06:39:52] Connection error: hair-affair.co.ukcrystalcleanhousekeepingservices.com
[2025-11-05 06:39:52] Success: hachettebookgroup.com -> 4573 posts
[2025-11-05 06:39:53] Success: guthealthfromscratch.com -> 35 posts
[2025-11-05 06:39:53] Success: halalmui.org -> 2099 posts
[2025-11-05 06:39:53] Success: hackrea.net -> 1083 posts
[2025-11-05 06:39:53] Success: hagengrowth.com -> 46 posts
[2025-11-05 06:39:53] Success: hailekitchen.com -> 78 posts
[2025-11-05 06:39:53] Success: hammerandhandsaw.com -> 54 posts
[2025-11-05 06:39:54] Success: hailekitchen.com -> 78 posts
[2025-11-05 06:39:54] Not WordPress or API disabled: haldiramuk.com
[2025-11-05 06:39:54] Success: hairmdindia.com -> 525 posts
[2025-11-05 06:39:54] WordPress but restricted: handcraftcool.com (HTTP 403)
[2025-11-05 06:39:54] Success: haccp.com -> 5 posts
[2025-11-05 06:39:54] Success: hackslifestyle.com -> 113 posts
[2025-11-05 06:39:54] Success: halhigdon.com -> 8 posts
[2025-11-05 06:39:54] Not WordPress or API disabled: halloween.com
[2025-11-05 06:39:54] Success: habitatista.com -> 7214 posts
[2025-11-05 06:39:54] Success: handmadebycarolyn.com.au -> 1682 posts
[2025-11-05 06:39:54] Success: haileystitches.com -> 94 posts
[2025-11-05 06:39:55] Success: handmadeweekly.com -> 197 posts
[2025-11-05 06:39:55] Connection error: handmadewithloveblog.com
[2025-11-05 06:39:55] Success: handlblogs.com -> 128 posts
[2025-11-05 06:39:55] Not WordPress or API disabled: handbagmafia.com
[2025-11-05 06:39:55] Connection error: handmandady.com
[2025-11-05 06:39:55] Success: halfbakedharvest.com -> 4283 posts
[2025-11-05 06:39:55] WordPress but no count header: handmadehome.net
[2025-11-05 06:39:55] Success: gutnow.com -> 323 posts
[2025-11-05 06:39:56] Not WordPress or API disabled: hairstylery.com
[2025-11-05 06:39:56] Success: handmadecharlotte.com -> 3102 posts
[2025-11-05 06:39:56] Connection error: greenlivingblog.org.uk
[2025-11-05 06:39:56] Success: handletheheat.com -> 689 posts
[2025-11-05 06:39:56] Success: handcraftsworld.com -> 5 posts
[2025-11-05 06:39:56] Success: handlinghomelife.com -> 65 posts
[2025-11-05 06:39:56] Success: hackmylifenow.com -> 27 posts
[2025-11-05 06:39:56] Success: handsoccupied.com -> 1237 posts
[2025-11-05 06:39:56] Success: handymanhomesolution.com -> 34 posts
[2025-11-05 06:39:56] Success: handsonaswegrow.com -> 1586 posts
[2025-11-05 06:39:57] Success: happiertherapy.com -> 2955 posts
[2025-11-05 06:39:57] Success: happiertherapy.com -> 2955 posts
[2025-11-05 06:39:57] Connection error: happierwithra.com
[2025-11-05 06:39:57] Success: handsonaswegrow.com -> 1586 posts
[2025-11-05 06:39:57] Success: handymanhowto.com -> 413 posts
[2025-11-05 06:39:57] Success: handmakewithlove.com -> 1653 posts
[2025-11-05 06:39:57] Success: handmakewithlove.com -> 1653 posts
[2025-11-05 06:39:57] Success: handymantips.org -> 7846 posts
[2025-11-05 06:39:57] WordPress but no count header: hansons-running.com
[2025-11-05 06:39:58] Success: hapadltd.com -> 4014 posts
[2025-11-05 06:39:58] Not WordPress or API disabled: handy.com
[2025-11-05 06:39:58] Success: handykeen.com -> 348 posts
[2025-11-05 06:39:58] Not WordPress or API disabled: handmadekindness.com
[2025-11-05 06:39:58] Success: happybakingdays.com -> 819 posts
[2025-11-05 06:39:58] Success: happybellyfish.com -> 106 posts
[2025-11-05 06:39:58] Success: happybellyfish.com -> 106 posts
[2025-11-05 06:39:59] Success: happyearthcleaning.com -> 8 posts
[2025-11-05 06:39:59] Not WordPress or API disabled: happyherbivore.com
[2025-11-05 06:39:59] Success: happybakingdays.com -> 819 posts
[2025-11-05 06:39:59] Success: hangryhanna.com -> 2540 posts
[2025-11-05 06:39:59] Success: gwynsfoxynest.com -> 171 posts
[2025-11-05 06:39:59] Success: happiom.com -> 738 posts
[2025-11-05 06:39:59] Connection error: greensuggest.com
[2025-11-05 06:39:59] Success: happyfoodstube.com -> 722 posts
[2025-11-05 06:39:59] Success: happyhiller.com -> 313 posts
[2025-11-05 06:40:00] Success: happyhappynester.com -> 1645 posts
[2025-11-05 06:40:00] Success: happyhappynester.com -> 1645 posts
[2025-11-05 06:40:00] Success: happierhuman.com -> 1703 posts
[2025-11-05 06:40:00] Success: happyolks.com -> 1531 posts
[2025-11-05 06:40:00] WordPress but restricted: happyhappyvegan.com (HTTP 401)
[2025-11-05 06:40:00] WordPress but no count header: happysimpleliving.com
[2025-11-05 06:40:00] Success: happyhiller.com -> 313 posts
[2025-11-05 06:40:00] Success: happyhooligans.ca -> 1048 posts
[2025-11-05 06:40:00] Connection error: hari-ghotra.co.uk
[2025-11-05 06:40:01] Success: happypinaymommy.com -> 1141 posts
[2025-11-05 06:40:01] Success: happymuncher.com -> 10612 posts
[2025-11-05 06:40:01] Success: happymoneysaver.com -> 1028 posts
[2025-11-05 06:40:01] Success: happyhomehappyheart.com -> 221 posts
[2025-11-05 06:40:01] Success: happymomhacks.com -> 271 posts
[2025-11-05 06:40:01] Success: hardworkingmom.com -> 464 posts
[2025-11-05 06:40:01] Success: happytowander.com -> 580 posts
[2025-11-05 06:40:01] Success: hardwaretree.com -> 6 posts
[2025-11-05 06:40:01] Success: happyhoneykitchen.com -> 168 posts
[2025-11-05 06:40:02] Not WordPress or API disabled: harpersbazaar.com
[2025-11-05 06:40:02] WordPress but restricted: harvardonline.harvard.edu (HTTP 403)
[2025-11-05 06:40:02] Success: happycozyhouse.com -> 62 posts
[2025-11-05 06:40:02] Success: harmonyhomeconcepts.com -> 76 posts
[2025-11-05 06:40:02] Success: harvard.edu -> 3 posts
[2025-11-05 06:40:02] Success: harbourbreezehome.com -> 1424 posts
[2025-11-05 06:40:02] Success: happyorganizedlife.com -> 521 posts
[2025-11-05 06:40:03] Success: happysimplemom.com -> 207 posts
[2025-11-05 06:40:03] Success: hartz.com -> 551 posts
[2025-11-05 06:40:03] Success: hative.com -> 918 posts
[2025-11-05 06:40:03] Not WordPress or API disabled: havenly.com
[2025-11-05 06:40:03] Success: harkraft.com -> 435 posts
[2025-11-05 06:40:03] Success: harvesttotable.com -> 2391 posts
[2025-11-05 06:40:04] Success: hawksem.com -> 756 posts
[2025-11-05 06:40:04] Success: harmfreefashion.com -> 96 posts
[2025-11-05 06:40:04] Not WordPress or API disabled: headspace.com
[2025-11-05 06:40:04] Success: hbs.net -> 559 posts
[2025-11-05 06:40:04] Success: hausandhand.com -> 69 posts
[2025-11-05 06:40:04] Success: hauserspatio.com -> 886 posts
[2025-11-05 06:40:04] Success: harmonyhome-design.com -> 252 posts
[2025-11-05 06:40:05] Success: healingbreaths.org -> 116 posts
[2025-11-05 06:40:05] Success: hartandcooleyinc.com -> 94 posts
[2025-11-05 06:40:05] Success: hartandcooleyinc.com -> 94 posts
[2025-11-05 06:40:05] Unknown status: health.com (HTTP 460)
[2025-11-05 06:40:06] Not WordPress or API disabled: healingwavechiro.com
[2025-11-05 06:40:06] Success: healingtomato.com -> 543 posts
[2025-11-05 06:40:06] Success: health.extension.wisc.edu -> 0 posts
[2025-11-05 06:40:07] Success: health-total.com -> 1310 posts
[2025-11-05 06:40:07] Success: hauteandhealthyliving.com -> 632 posts
[2025-11-05 06:40:07] Success: harchecleaningservice.co.uk -> 1 posts
[2025-11-05 06:40:07] Success: healingpharma.in -> 649 posts
[2025-11-05 06:40:07] Success: healinghouse.com -> 0 posts
[2025-11-05 06:40:07] Success: healoopedia.com -> 29 posts
[2025-11-05 06:40:08] Not WordPress or API disabled: healthandfitness.org
[2025-11-05 06:40:08] Not WordPress or API disabled: health.harvard.edu
[2025-11-05 06:40:08] Success: healingjourneyessentials.com -> 67 posts
[2025-11-05 06:40:08] WordPress but restricted: healthcanal.net (HTTP 401)
[2025-11-05 06:40:08] WordPress but restricted: healthcentral.com (HTTP 403)
[2025-11-05 06:40:08] Success: haysfoodbank.org -> 9 posts
[2025-11-05 06:40:09] Success: healthbenefitstimes.com -> 3688 posts
[2025-11-05 06:40:09] Success: healtharticles.net -> 5250 posts
[2025-11-05 06:40:09] Success: healthandwellnessonline.org -> 201 posts
[2025-11-05 06:40:09] Not WordPress or API disabled: healthdigest.com
[2025-11-05 06:40:09] Not WordPress or API disabled: healthcare.gov
[2025-11-05 06:40:09] Success: healthcarereaders.com -> 474 posts
[2025-11-05 06:40:10] Success: healthfirstmag.com -> 150 posts
[2025-11-05 06:40:10] WordPress but restricted: healthday.com (HTTP 403)
[2025-11-05 06:40:10] Success: healthcouncilcanada.ca -> 625 posts
[2025-11-05 06:40:10] Success: headphonesty.com -> 2113 posts
[2025-11-05 06:40:10] Success: healtharticles.net -> 5250 posts
[2025-11-05 06:40:10] Connection error: gynecologyguru.com
[2025-11-05 06:40:10] Not WordPress or API disabled: healthdata.org
[2025-11-05 06:40:11] Unknown status: greenygardener.com (HTTP 520)
[2025-11-05 06:40:11] Not WordPress or API disabled: healthifyme.com:443
[2025-11-05 06:40:11] Success: healthcoachinstitute.com -> 366 posts
[2025-11-05 06:40:11] Success: healthengagement.kaiserpermanente.org -> 0 posts
[2025-11-05 06:40:11] WordPress but restricted: healthinformatics.uic.edu (HTTP 403)
[2025-11-05 06:40:11] Success: health-ft.com -> 73 posts
[2025-11-05 06:40:11] Success: healthier-patriot.com -> 871 posts
[2025-11-05 06:40:11] Success: healthcaptain.com -> 5438 posts
[2025-11-05 06:40:12] WordPress but restricted: healthgrades.com (HTTP 403)
[2025-11-05 06:40:12] Success: healthfulpursuit.com -> 1301 posts
[2025-11-05 06:40:12] Success: healthinsightglobal.com -> 145 posts
[2025-11-05 06:40:12] Unknown status: healthinnowest.net (HTTP 202)
[2025-11-05 06:40:13] Success: health-ft.com -> 73 posts
[2025-11-05 06:40:13] Not WordPress or API disabled: healthinaging.org
[2025-11-05 06:40:13] Success: healthjuices.net -> 189 posts
[2025-11-05 06:40:13] Success: healthpages.org -> 488 posts
[2025-11-05 06:40:13] Not WordPress or API disabled: healthline.com
[2025-11-05 06:40:13] Success: healthpages.org -> 488 posts
[2025-11-05 06:40:13] Success: healthmatters.nyp.org -> 1217 posts
[2025-11-05 06:40:14] WordPress but no count header: healthsupphub.com
[2025-11-05 06:40:14] Success: healthspectra.com -> 2894 posts
[2025-11-05 06:40:14] Success: healthroid.com -> 1005 posts
[2025-11-05 06:40:15] Success: healthguide.ng -> 813 posts
[2025-11-05 06:40:15] Success: healthy-food-choices-in-schools.extension.org -> 573 posts
[2025-11-05 06:40:15] Success: healthierup.com -> 4309 posts
[2025-11-05 06:40:15] Success: healthstandnutrition.com -> 1919 posts
[2025-11-05 06:40:15] Success: healthitamin.com -> 82 posts
[2025-11-05 06:40:15] Not WordPress or API disabled: healthtechmagazine.net
[2025-11-05 06:40:15] Connection error: handimania.com
[2025-11-05 06:40:15] Success: healthshots.com -> 20077 posts
[2025-11-05 06:40:16] Success: healthyandherbal.com -> 957 posts
[2025-11-05 06:40:16] Success: healthy-delicious.com -> 659 posts
[2025-11-05 06:40:16] Success: healthsciencesforum.com -> 523 posts
[2025-11-05 06:40:16] Success: healthy-delicious.com -> 659 posts
[2025-11-05 06:40:16] Success: healthtriangle.org -> 47 posts
[2025-11-05 06:40:16] Success: healthyandnaturalworld.com -> 1090 posts
[2025-11-05 06:40:17] Not WordPress or API disabled: healthychildren.org
[2025-11-05 06:40:17] Connection error: handymanharrykc.com
[2025-11-05 06:40:17] Success: healthyadhd.com -> 250 posts
[2025-11-05 06:40:17] Success: healthyadhd.com -> 250 posts
[2025-11-05 06:40:17] Success: healthy-juice.co -> 10977 posts
[2025-11-05 06:40:17] Success: healthyandhygiene.com -> 48 posts
[2025-11-05 06:40:17] Success: healthyeatingresearch.org -> 97 posts
[2025-11-05 06:40:17] Success: healthyandhygiene.com -> 48 posts
[2025-11-05 06:40:18] WordPress but restricted: healthyfood.com (HTTP 403)
[2025-11-05 06:40:18] Success: healthyeaton.com -> 256 posts
[2025-11-05 06:40:18] Success: healthyeaton.com -> 256 posts
[2025-11-05 06:40:18] Success: healthychristianhome.com -> 256 posts
[2025-11-05 06:40:18] Success: healthuprisingnow.com -> 52 posts
[2025-11-05 06:40:18] WordPress but no count header: healthyfoodtribe.com
[2025-11-05 06:40:19] Success: healthyfamilyproject.com -> 480 posts
[2025-11-05 06:40:19] WordPress but no count header: healthyfoodtribe.com
[2025-11-05 06:40:19] Success: healthycanning.com -> 401 posts
[2025-11-05 06:40:19] Success: healthycheaprecipes.com -> 17 posts
[2025-11-05 06:40:19] Success: healthfulhack.com -> 357 posts
[2025-11-05 06:40:19] Success: healthfulhack.com -> 357 posts
[2025-11-05 06:40:19] Success: healthyfitnessmeals.com -> 1287 posts
[2025-11-05 06:40:20] Success: healthyfoodcreation.fr -> 821 posts
[2025-11-05 06:40:20] Success: healthygreenkitchen.com -> 928 posts
[2025-11-05 06:40:20] WordPress but restricted: healthyholisticliving.com (HTTP 403)
[2025-11-05 06:40:20] Success: healthygrocerygirl.com -> 891 posts
[2025-11-05 06:40:20] Success: healthyeatstoday.com -> 33 posts
[2025-11-05 06:40:20] Success: healthygrocerygirl.com -> 891 posts
[2025-11-05 06:40:21] Success: healthyhappyimpactful.com -> 956 posts
[2025-11-05 06:40:21] Success: healthygfasian.com -> 149 posts
[2025-11-05 06:40:21] Success: healthyhabitspeak.com -> 147 posts
[2025-11-05 06:40:21] WordPress but no count header: healthyhomeaquarium.com
[2025-11-05 06:40:21] Success: healthyhappylife.com -> 2640 posts
[2025-11-05 06:40:21] Success: healthyhousingsolutions.com -> 4 posts
[2025-11-05 06:40:21] Success: healthyhousingsolutions.com -> 4 posts
[2025-11-05 06:40:22] Success: healthyfami.com -> 157 posts
[2025-11-05 06:40:22] Success: healthyguide.com -> 386 posts
[2025-11-05 06:40:22] Success: healthyfami.com -> 157 posts
[2025-11-05 06:40:22] WordPress but restricted: healthymummy.com (HTTP 403)
[2025-11-05 06:40:22] Success: healthymonday.com -> 345 posts
[2025-11-05 06:40:22] Success: healthymonday.com -> 345 posts
[2025-11-05 06:40:22] Success: healthygreensavvy.com -> 318 posts
[2025-11-05 06:40:22] Success: healthyhouseontheblock.com -> 287 posts
[2025-11-05 06:40:23] Connection error: hasfit.com
[2025-11-05 06:40:23] Success: healthylivingjames.co.uk -> 285 posts
[2025-11-05 06:40:23] Success: healthypsych.com -> 139 posts
[2025-11-05 06:40:23] Success: healthyians.com -> 392 posts
[2025-11-05 06:40:24] WordPress but no count header: healthynewbornnetwork.org
[2025-11-05 06:40:24] WordPress but restricted: healthywealthyskinny.com (HTTP 403)
[2025-11-05 06:40:24] Success: healthynatured.com -> 368 posts
[2025-11-05 06:40:24] Success: healthyhelperkaila.com -> 549 posts
[2025-11-05 06:40:24] Success: healthygreenathlete.com -> 180 posts
[2025-11-05 06:40:24] Success: healthytasteoflife.com -> 225 posts
[2025-11-05 06:40:24] WordPress but no count header: healthyusa.us
[2025-11-05 06:40:24] Success: healthytasteoflife.com -> 225 posts
[2025-11-05 06:40:24] Success: hearthackersclub.com -> 330 posts
[2025-11-05 06:40:24] Connection error: hearthandmadeuk.com
[2025-11-05 06:40:24] Success: healthyvivacity.com -> 79 posts
[2025-11-05 06:40:25] Success: healthylittlepeach.com -> 733 posts
[2025-11-05 06:40:25] Success: healthylittlepeach.com -> 733 posts
[2025-11-05 06:40:25] WordPress but restricted: heart.org (HTTP 403)
[2025-11-05 06:40:25] Success: healthymauichef.com -> 1 posts
[2025-11-05 06:40:25] Success: healthysubstitute.com -> 383 posts
[2025-11-05 06:40:25] Success: heartgallerytexas.org -> 51 posts
[2025-11-05 06:40:25] Not WordPress or API disabled: healthywomen.org
[2025-11-05 06:40:25] Success: gypsysoul.co.uk -> 776 posts
[2025-11-05 06:40:26] Not WordPress or API disabled: heartzeena.blogspot.com
[2025-11-05 06:40:26] Success: healthysmoothiehq.com -> 262 posts
[2025-11-05 06:40:26] Success: hearthandvine.com -> 1409 posts
[2025-11-05 06:40:26] Success: hearthandhomepros.com -> 39 posts
[2025-11-05 06:40:26] Success: heartscontentfarmhouse.com -> 807 posts
[2025-11-05 06:40:27] WordPress but no count header: heateradvisor.com
[2025-11-05 06:40:27] Success: heartyhomerecipes.com -> 270 posts
[2025-11-05 06:40:27] Not WordPress or API disabled: heatherrobertson.com
[2025-11-05 06:40:27] Success: heartworkorg.com -> 1251 posts
[2025-11-05 06:40:27] Success: heatherchristo.com -> 2016 posts
[2025-11-05 06:40:27] WordPress but no count header: heateradvisor.com
[2025-11-05 06:40:27] Success: healthynaturaldiet.com -> 264 posts
[2025-11-05 06:40:27] Success: heavenlyhouseplants.com -> 181 posts
[2025-11-05 06:40:27] Success: heaterguides.com -> 11397 posts
[2025-11-05 06:40:27] Success: heartfulhusle.com -> 70 posts
[2025-11-05 06:40:27] Success: heatherednest.com -> 699 posts
[2025-11-05 06:40:28] Success: heatpumppricesreviews.com -> 9788 posts
[2025-11-05 06:40:28] Success: heatpumppricesreviews.com -> 9788 posts
[2025-11-05 06:40:28] Success: heidibillottofood.com -> 339 posts
[2025-11-05 06:40:28] Success: heartlyrecipes.com -> 183 posts
[2025-11-05 06:40:28] Success: heatherhandmade.com -> 760 posts
[2025-11-05 06:40:29] Success: heavenlyhomemakers.com -> 4367 posts
[2025-11-05 06:40:29] Success: heavenlyspiced.com -> 73 posts
[2025-11-05 06:40:29] Success: heinens.com -> 741 posts
[2025-11-05 06:40:29] Success: hedgecombers.com -> 448 posts
[2025-11-05 06:40:29] Success: hearmefolks.com -> 484 posts
[2025-11-05 06:40:29] Success: helengriffin.co.uk -> 442 posts
[2025-11-05 06:40:30] Success: heavenlyspiced.com -> 73 posts
[2025-11-05 06:40:30] Success: helloadamsfamily.com -> 3257 posts
[2025-11-05 06:40:30] Success: hellamaid.com -> 159 posts
[2025-11-05 06:40:30] Success: hellamaid.ca -> 678 posts
[2025-11-05 06:40:30] Success: healthylife.com -> 5 posts
[2025-11-05 06:40:30] Success: heirloomsathome.com -> 292 posts
[2025-11-05 06:40:30] Not WordPress or API disabled: hellobonafide.com
[2025-11-05 06:40:30] Success: hecomfortservices.com -> 29 posts
[2025-11-05 06:40:30] Connection error: healthfitness.com
[2025-11-05 06:40:30] Success: hecomfortservices.com -> 29 posts
[2025-11-05 06:40:31] Success: hellomama.pl -> 3452 posts
[2025-11-05 06:40:31] Success: helloglow.co -> 1117 posts
[2025-11-05 06:40:31] Success: helloshift.com -> 67 posts
[2025-11-05 06:40:31] Success: hellobc.com -> 84 posts
[2025-11-05 06:40:31] Success: heartmoorfarm.org -> 11 posts
[2025-11-05 06:40:31] Success: hellonest.co -> 442 posts
[2025-11-05 06:40:31] Success: helpfulprofessor.com -> 2112 posts
[2025-11-05 06:40:31] Success: helloshift.com -> 67 posts
[2025-11-05 06:40:31] Success: heleneinbetween.com -> 1507 posts
[2025-11-05 06:40:32] Success: hebbarskitchen.com -> 1828 posts
[2025-11-05 06:40:32] Success: hellosewing.com -> 606 posts
[2025-11-05 06:40:32] Success: helpdeskgeek.com -> 3386 posts
[2025-11-05 06:40:32] Success: help.peacedoorball.blog -> 453 posts
[2025-11-05 06:40:32] Connection error: henhouse1829.com
[2025-11-05 06:40:32] Connection error: healthiermanchester.org
[2025-11-05 06:40:32] Success: hellobrazen.com -> 365 posts
[2025-11-05 06:40:32] Success: help.gadgetmates.com -> 65 posts
[2025-11-05 06:40:32] Success: helloranker.com -> 300 posts
[2025-11-05 06:40:32] Success: heartmybackpack.com -> 532 posts
[2025-11-05 06:40:32] Success: heartmoorfarm.org -> 11 posts
[2025-11-05 06:40:32] Connection error: healthit.gov
[2025-11-05 06:40:32] Success: helpmegrowutah.org -> 315 posts
[2025-11-05 06:40:33] Not WordPress or API disabled: henryford.libguides.com
[2025-11-05 06:40:33] Success: henrystaiwankitchen.com -> 11 posts
[2025-11-05 06:40:33] Success: helpguide.org -> 416 posts
[2025-11-05 06:40:33] Success: henrybeaver.com -> 119 posts
[2025-11-05 06:40:33] Success: hellominimalism.com -> 30 posts
[2025-11-05 06:40:33] Success: hellominimalism.com -> 30 posts
[2025-11-05 06:40:33] Success: herbivoremuscle.com -> 62 posts
[2025-11-05 06:40:33] Success: herkare.com -> 154 posts
[2025-11-05 06:40:33] Success: herald.ng -> 144001 posts
[2025-11-05 06:40:33] WordPress but restricted: heyitsfree.net (HTTP 403)
[2025-11-05 06:40:33] Success: hemsltd.com -> 31 posts
[2025-11-05 06:40:34] Success: hendrixair.com -> 117 posts
[2025-11-05 06:40:34] Success: helloglimmer.com -> 80 posts
[2025-11-05 06:40:34] Success: herhealthytable.com -> 484 posts
[2025-11-05 06:40:34] Success: hfe.co.uk -> 0 posts
[2025-11-05 06:40:35] WordPress but restricted: hgtv.com (HTTP 403)
[2025-11-05 06:40:35] Success: henrybeaver.com -> 119 posts
[2025-11-05 06:40:35] Success: herstylecode.com -> 2006 posts
[2025-11-05 06:40:35] Success: hermagic.com -> 3172 posts
[2025-11-05 06:40:35] Success: heywellness.com -> 74 posts
[2025-11-05 06:40:35] Success: heyletsmakestuff.com -> 1235 posts
[2025-11-05 06:40:35] Success: heritagemom.com -> 232 posts
[2025-11-05 06:40:35] Success: heygrillhey.com -> 960 posts
[2025-11-05 06:40:35] Success: hiddengemguide.com -> 45 posts
[2025-11-05 06:40:36] Success: hiehelpcenter.org -> 63 posts
[2025-11-05 06:40:36] Success: herfinland.com -> 142 posts
[2025-11-05 06:40:36] Success: highendbarbershop.com -> 51 posts
[2025-11-05 06:40:36] Success: hexapm.com -> 307 posts
[2025-11-05 06:40:36] Success: hgic.clemson.edu -> 1808 posts
[2025-11-05 06:40:36] Success: highlandsranchfoodie.com -> 569 posts
[2025-11-05 06:40:37] WordPress but restricted: hikingguy.com (HTTP 401)
[2025-11-05 06:40:37] WordPress but restricted: himss.org (HTTP 403)
[2025-11-05 06:40:37] Success: highgroundgaming.com -> 2897 posts
[2025-11-05 06:40:37] Success: hi.edu -> 244 posts
[2025-11-05 06:40:37] Success: herbal9remedies.com -> 62 posts
[2025-11-05 06:40:37] Success: hercampus.com -> 563416 posts
[2025-11-05 06:40:37] Success: hhhcenter.com -> 7 posts
[2025-11-05 06:40:37] Success: hillriverhomestead.com -> 68 posts
[2025-11-05 06:40:38] WordPress but no count header: hintsofgreen.com
[2025-11-05 06:40:38] Success: highspeedoptions.com -> 128 posts
[2025-11-05 06:40:38] Success: hisoair.com -> 481 posts
[2025-11-05 06:40:38] Not WordPress or API disabled: hingehealth.com
[2025-11-05 06:40:38] Connection error: hmartrcipes.com
[2025-11-05 06:40:38] Success: hireinfluence.com -> 164 posts
[2025-11-05 06:40:38] Success: hivelife.com -> 2235 posts
[2025-11-05 06:40:38] Success: hintofhealthy.com -> 690 posts
[2025-11-05 06:40:38] WordPress but restricted: hillspet.com (HTTP 403)
[2025-11-05 06:40:39] Success: hitchfit.com -> 1377 posts
[2025-11-05 06:40:39] Success: hikebiketravel.com -> 1052 posts
[2025-11-05 06:40:39] Success: hmlandscapingca.com -> 0 posts
[2025-11-05 06:40:39] Success: hinzcooking.com -> 353 posts
[2025-11-05 06:40:39] Success: hobbyfaqs.com -> 1474 posts
[2025-11-05 06:40:39] Connection error: healthygallatin.org
[2025-11-05 06:40:39] Success: hip2keto.com -> 243 posts
[2025-11-05 06:40:39] Not WordPress or API disabled: hobbycraft.co.uk
[2025-11-05 06:40:39] Success: hip2save.com -> 39139 posts
[2025-11-05 06:40:40] Success: hoaic.com -> 44 posts
[2025-11-05 06:40:40] Success: hoccprograms.org -> 129 posts
[2025-11-05 06:40:40] Not WordPress or API disabled: historicenvironment.scot
[2025-11-05 06:40:40] Success: hobbyfarms.com -> 10928 posts
[2025-11-05 06:40:40] Success: hobbyhelp.com -> 392 posts
[2025-11-05 06:40:40] Success: hoccprograms.org -> 129 posts
[2025-11-05 06:40:40] Success: hobbyknowhow.com -> 175 posts
[2025-11-05 06:40:41] Success: hiddenspringshomestead.com -> 188 posts
[2025-11-05 06:40:41] Success: hillbillyhousewife.com -> 3347 posts
[2025-11-05 06:40:41] Success: hobbiesonabudget.com -> 1821 posts
[2025-11-05 06:40:41] Success: hobbyslave.com -> 90 posts
[2025-11-05 06:40:41] Success: hobbyzeal.com -> 61 posts
[2025-11-05 06:40:41] Success: hola.health -> 688 posts
[2025-11-05 06:40:41] Success: holfamily.com -> 95 posts
[2025-11-05 06:40:41] Success: heralignedself.com -> 69 posts
[2025-11-05 06:40:42] Success: hobbywomen.com -> 290 posts
[2025-11-05 06:40:42] Success: hobbycondos.com -> 15 posts
[2025-11-05 06:40:42] Not WordPress or API disabled: holisticgentlehealth.com
[2025-11-05 06:40:42] Success: hoffmannbros.com -> 19 posts
[2025-11-05 06:40:42] Success: holisticfoods.com -> 310 posts
[2025-11-05 06:40:42] Success: hobbybiker.com -> 132 posts
[2025-11-05 06:40:42] Success: holistichealth.com -> 0 posts
[2025-11-05 06:40:43] Success: hogonext.com -> 165312 posts
[2025-11-05 06:40:43] Success: holistic-health.com -> 105 posts
[2025-11-05 06:40:43] Success: hemibooks.com -> 3927 posts
[2025-11-05 06:40:43] Success: holistichealthpractice.net -> 78 posts
[2025-11-05 06:40:43] Not WordPress or API disabled: holisticphysiowellness.ca
[2025-11-05 06:40:43] Connection error: holistictherapytribe.com
[2025-11-05 06:40:43] Connection error: holistictherapytribe.com
[2025-11-05 06:40:43] Success: hemibooks.com -> 3927 posts
[2025-11-05 06:40:43] Success: hogonext.com -> 165312 posts
[2025-11-05 06:40:44] Success: holisticcouncil.org -> 0 posts
[2025-11-05 06:40:44] Success: holisticlifecorner.com -> 18 posts
[2025-11-05 06:40:44] Success: holistictherapistmagazine.com -> 194 posts
[2025-11-05 06:40:44] Success: holisticchefacademy.com -> 170 posts
[2025-11-05 06:40:44] Success: holisticsandiego.com -> 13 posts
[2025-11-05 06:40:44] Success: home-designing.com -> 4661 posts
[2025-11-05 06:40:44] Success: holisticreflexbalance.com -> 1 posts
[2025-11-05 06:40:44] Success: homeaddict.io -> 2598 posts
[2025-11-05 06:40:44] Success: holisticfamilypracticeva.com -> 765 posts
[2025-11-05 06:40:45] Success: homanathome.com -> 476 posts
[2025-11-05 06:40:45] Not WordPress or API disabled: home.howstuffworks.com
[2025-11-05 06:40:45] Success: holistic-momma.com -> 272 posts
[2025-11-05 06:40:45] Connection error: homeandgardentvblog.com
[2025-11-05 06:40:45] Not WordPress or API disabled: homeadvisor.com
[2025-11-05 06:40:45] Success: heytherehome.com -> 293 posts
[2025-11-05 06:40:45] Success: holisticchefacademy.com -> 170 posts
[2025-11-05 06:40:45] WordPress but restricted: homeandtexture.com (HTTP 403)
[2025-11-05 06:40:45] Success: homeairadvisor.com -> 196 posts
[2025-11-05 06:40:45] Success: holistichealthherbalist.com -> 433 posts
[2025-11-05 06:40:45] Success: homeairauthority.com -> 64 posts
[2025-11-05 06:40:45] Success: holisticwellness.ca -> 414 posts
[2025-11-05 06:40:45] Success: homebasedpinoy.com -> 476 posts
[2025-11-05 06:40:45] Success: homebasedpinoy.com -> 476 posts
[2025-11-05 06:40:45] WordPress but restricted: homebnc.com (HTTP 403)
[2025-11-05 06:40:46] Success: home-appliance-hub.com -> 522 posts
[2025-11-05 06:40:46] Success: holisticwomenswellness.com -> 19 posts
[2025-11-05 06:40:46] Success: homeartplan.com -> 133 posts
[2025-11-05 06:40:46] Success: holleewoodhair.com -> 270 posts
[2025-11-05 06:40:46] Success: homebridgenc.com -> 1 posts
[2025-11-05 06:40:46] Success: homeartplan.com -> 133 posts
[2025-11-05 06:40:46] Success: homeandmoney.com -> 730 posts
[2025-11-05 06:40:46] Success: homeaswemakeit.com -> 2595 posts
[2025-11-05 06:40:46] Success: homebriefings.com -> 2270 posts
[2025-11-05 06:40:46] Not WordPress or API disabled: home-storage-solutions-101.com
[2025-11-05 06:40:46] WordPress but restricted: homebuilding.co.uk (HTTP 403)
[2025-11-05 06:40:46] Success: homecamp.com.au -> 154 posts
[2025-11-05 06:40:47] Success: homeblogzone.com -> 167 posts
[2025-11-05 06:40:47] Success: homebasedmommie.com -> 421 posts
[2025-11-05 06:40:47] Success: homebuyerwallet.com -> 234 posts
[2025-11-05 06:40:47] WordPress but no count header: homecleaningguide.com
[2025-11-05 06:40:48] Success: home-appliance-hub.com -> 522 posts
[2025-11-05 06:40:48] Client error: homeanddecor.co.uk - Server disconnected
[2025-11-05 06:40:48] Success: homebuildingandrepairnews.com -> 226 posts
[2025-11-05 06:40:48] WordPress but no count header: homecleaningtips.com
[2025-11-05 06:40:48] Success: homebusinessmag.com -> 13910 posts
[2025-11-05 06:40:48] Success: holisticveterinaryinstitute.com -> 0 posts
[2025-11-05 06:40:49] Success: homecleaningfamily.com -> 687 posts
[2025-11-05 06:40:49] Success: homecookingny.com -> 0 posts
[2025-11-05 06:40:49] WordPress but no count header: homecleaningexperts.com
[2025-11-05 06:40:49] Success: homecinema-fr.com -> 2443 posts
[2025-11-05 06:40:49] Success: homebyseason.com -> 97 posts
[2025-11-05 06:40:49] Success: homecarecontractors.com -> 100 posts
[2025-11-05 06:40:49] Success: homecookingadventure.com -> 1040 posts
[2025-11-05 06:40:49] Success: homebaking.org -> 280 posts
[2025-11-05 06:40:50] Success: homecooksworld.com -> 749 posts
[2025-11-05 06:40:50] Success: homecookedroots.com -> 215 posts
[2025-11-05 06:40:50] Success: homecookingforkids.com -> 45 posts
[2025-11-05 06:40:50] Success: homecookbasics.com -> 97 posts
[2025-11-05 06:40:50] Success: homecookingmemories.com -> 768 posts
[2025-11-05 06:40:50] Success: homecookingcollective.com -> 179 posts
[2025-11-05 06:40:50] Success: homecleaningandrepairs.com -> 70 posts
[2025-11-05 06:40:50] WordPress but restricted: homedepot.com (HTTP 403)
[2025-11-05 06:40:50] Success: homedecorbliss.com -> 6852 posts
[2025-11-05 06:40:50] Success: homecleaningforyou.com -> 273 posts
[2025-11-05 06:40:50] Success: homedecoric.com -> 239 posts
[2025-11-05 06:40:51] Success: homedit.com -> 5550 posts
[2025-11-05 06:40:51] Success: homedecorideass.com -> 116 posts
[2025-11-05 06:40:51] WordPress but restricted: homefirstagency.com (HTTP 403)
[2025-11-05 06:40:51] Success: homecrux.com -> 15408 posts
[2025-11-05 06:40:51] Success: homedecorwoodworking.com -> 608 posts
[2025-11-05 06:40:51] Success: homedeviser.com -> 224 posts
[2025-11-05 06:40:51] Success: homeefficiencytips.com -> 891 posts
[2025-11-05 06:40:51] Success: homeefficiencytips.com -> 891 posts
[2025-11-05 06:40:51] Success: homeeguide.com -> 969 posts
[2025-11-05 06:40:51] Success: homecozymagic.com -> 608 posts
[2025-11-05 06:40:51] Success: homediningkitchen.com -> 41702 posts
[2025-11-05 06:40:51] Success: homeguideguru.com -> 811 posts
[2025-11-05 06:40:52] Success: homecozymagic.com -> 608 posts
[2025-11-05 06:40:52] Connection error: hellonanny.com
[2025-11-05 06:40:52] Success: homedecorideas.eu -> 218 posts
[2025-11-05 06:40:52] Success: homehealthcarenews.com -> 9616 posts
[2025-11-05 06:40:52] WordPress but no count header: homefoodi.com
[2025-11-05 06:40:52] Connection error: homeimprovementpages.ca
[2025-11-05 06:40:52] Success: homechisel.com -> 24 posts
[2025-11-05 06:40:52] Success: homefortheharvest.com -> 1181 posts
[2025-11-05 06:40:52] Success: homedude.co -> 263 posts
[2025-11-05 06:40:52] Success: homeguidecorner.com -> 554 posts
[2025-11-05 06:40:52] Success: homeguidecorner.com -> 554 posts
[2025-11-05 06:40:53] Success: homegeargeek.com -> 38704 posts
[2025-11-05 06:40:53] Success: homegeargeek.com -> 38704 posts
[2025-11-05 06:40:53] Success: homefreshideas.com -> 179 posts
[2025-11-05 06:40:53] Success: homeimprovementideas.com -> 96 posts
[2025-11-05 06:40:53] Success: homeimprovementzine.com -> 193 posts
[2025-11-05 06:40:54] Success: homeimprovementanddecor.com -> 0 posts
[2025-11-05 06:40:54] Success: homeimprovementgeek.com -> 652 posts
[2025-11-05 06:40:54] Connection error: homelifeabroad.com
[2025-11-05 06:40:54] Success: homeisd.com -> 979 posts
[2025-11-05 06:40:54] Success: homehacks.co -> 5543 posts
[2025-11-05 06:40:55] Success: homelifeboss.com -> 37 posts
[2025-11-05 06:40:55] Connection error: homeknows.net
[2025-11-05 06:40:55] Connection error: homeknows.net
[2025-11-05 06:40:55] Success: homekitchtech.com -> 1376 posts
[2025-11-05 06:40:55] Success: homekitchtech.com -> 1376 posts
[2025-11-05 06:40:55] Success: homelyville.com -> 668 posts
[2025-11-05 06:40:55] Success: homekeep.com -> 28 posts
[2025-11-05 06:40:55] Success: homeishandmade.com -> 70 posts
[2025-11-05 06:40:55] Success: homediy.co -> 344 posts
[2025-11-05 06:40:56] Success: homeheartcraft.com -> 623 posts
[2025-11-05 06:40:56] Success: homemadebycarmona.com -> 578 posts
[2025-11-05 06:40:56] Success: homemadeforelle.com -> 401 posts
[2025-11-05 06:40:56] Connection error: highcountryfarmhouse.com
[2025-11-05 06:40:56] Success: holisticwellnessquest.com -> 156 posts
[2025-11-05 06:40:56] Success: homelyhens.com -> 155 posts
[2025-11-05 06:40:56] WordPress but restricted: homeopathycenter.org (HTTP 403)
[2025-11-05 06:40:56] Success: homeniches.com -> 24209 posts
[2025-11-05 06:40:57] Client error: homemadecrap.com - Server disconnected
[2025-11-05 06:40:57] Success: homemaking.com -> 3078 posts
[2025-11-05 06:40:57] Success: homeimprovementtips.co -> 968 posts
[2025-11-05 06:40:57] Success: homemadeourway.com -> 98 posts
[2025-11-05 06:40:57] Success: homemadeonaweeknight.com -> 1080 posts
[2025-11-05 06:40:57] Success: homemadelovely.com -> 409 posts
[2025-11-05 06:40:57] Not WordPress or API disabled: homemade-dessert-recipes.com
[2025-11-05 06:40:57] Connection error: homereferencebook.com
[2025-11-05 06:40:57] Success: homemademastery.com -> 276 posts
[2025-11-05 06:40:57] Success: homemakerssociety.com -> 561 posts
[2025-11-05 06:40:58] Success: homeqly.com -> 610 posts
[2025-11-05 06:40:58] Unknown status: homeremedyhacks.com (HTTP 520)
[2025-11-05 06:40:58] Success: homemaderecipes.com -> 1401 posts
[2025-11-05 06:40:58] Success: homequirer.com -> 3711 posts
[2025-11-05 06:40:58] Connection error: homerenochannel.com
[2025-11-05 06:40:58] Connection error: homerenovationsmag.ca
[2025-11-05 06:40:58] Success: homeplainandsimple.com -> 91 posts
[2025-11-05 06:40:58] Connection error: homereviewchannel.com
[2025-11-05 06:40:58] Success: homepressurecooking.com -> 5694 posts
[2025-11-05 06:40:58] Success: homeremodelingexpert.com -> 363 posts
[2025-11-05 06:40:58] Success: homepinballrepair.com -> 0 posts
[2025-11-05 06:40:59] Success: homeownersresourcesforbetterliving.com -> 156 posts
[2025-11-05 06:40:59] Success: homeownersresourcesforbetterliving.com -> 156 posts
[2025-11-05 06:40:59] Success: homescale.net -> 20024 posts
[2025-11-05 06:40:59] Success: homescentify.com -> 155 posts
[2025-11-05 06:40:59] Success: homeremedyshop.com -> 770 posts
[2025-11-05 06:40:59] Success: homeosource.org -> 0 posts
[2025-11-05 06:40:59] Success: homeremedyshop.com -> 770 posts
[2025-11-05 06:40:59] Success: homeremodelingexpert.com -> 363 posts
[2025-11-05 06:40:59] WordPress but restricted: homesandgardens.com (HTTP 403)
[2025-11-05 06:40:59] Success: homemydesign.com -> 2970 posts
[2025-11-05 06:40:59] Success: homesteadandprepper.com -> 375 posts
[2025-11-05 06:40:59] Success: homesteadandprepper.com -> 375 posts
[2025-11-05 06:40:59] Success: homeshowradio.com -> 414 posts
[2025-11-05 06:41:00] WordPress but restricted: homeserve.com (HTTP 403)
[2025-11-05 06:41:00] Success: homesimprovement.com -> 1 posts
[2025-11-05 06:41:00] Success: homeperch.com -> 1348 posts
[2025-11-05 06:41:00] Success: homeschool.com -> 289 posts
[2025-11-05 06:41:00] Success: homeschoolgiveaways.com -> 4818 posts
[2025-11-05 06:41:01] Success: homesicktexan.com -> 668 posts
[2025-11-05 06:41:01] Success: homesteadgardener.com -> 507 posts
[2025-11-05 06:41:01] Success: homesteadandchill.com -> 419 posts
[2025-11-05 06:41:01] Success: homesforheroes.com -> 39 posts
[2025-11-05 06:41:01] Success: homesteadgardener.com -> 507 posts
[2025-11-05 06:41:01] Success: homerepairtutor.com -> 238 posts
[2025-11-05 06:41:01] Success: homesteadhow-to.com -> 1803 posts
[2025-11-05 06:41:01] Success: homesteadingworld.com -> 26 posts
[2025-11-05 06:41:01] Success: homestead.org -> 1010 posts
[2025-11-05 06:41:01] Success: homesthetics.net -> 2357 posts
[2025-11-05 06:41:02] Success: homesteadingfamily.com -> 648 posts
[2025-11-05 06:41:02] Not WordPress or API disabled: homesandantiques.com
[2025-11-05 06:41:02] Success: homesteadingalliance.com -> 218 posts
[2025-11-05 06:41:02] Success: homesteadinghandbooks.com -> 1 posts
[2025-11-05 06:41:02] Success: homestratosphere.com -> 26020 posts
[2025-11-05 06:41:02] Success: homeremedyexpert.com -> 33 posts
[2025-11-05 06:41:02] Success: homesteadgardens.com -> 1124 posts
[2025-11-05 06:41:03] Success: homeremedyexpert.com -> 33 posts
[2025-11-05 06:41:03] Success: homesteading.com -> 1536 posts
[2025-11-05 06:41:03] WordPress but no count header: hometime.com
[2025-11-05 06:41:03] Connection error: hometransformation.ca
[2025-11-05 06:41:03] Success: homesteadingwhereyouare.com -> 262 posts
[2025-11-05 06:41:03] Success: homesteadsurvivalsite.com -> 1053 posts
[2025-11-05 06:41:03] Success: homesteadsurvivalsite.com -> 1053 posts
[2025-11-05 06:41:03] Unknown status: hometalk.com (HTTP 406)
[2025-11-05 06:41:03] Success: homestylematters.com -> 891 posts
[2025-11-05 06:41:04] Success: hometainable.com -> 139 posts
[2025-11-05 06:41:04] Success: hometraininghero.com -> 356 posts
[2025-11-05 06:41:04] Success: hometipster.com -> 29 posts
[2025-11-05 06:41:04] Success: homeszillow.com -> 2062 posts
[2025-11-05 06:41:04] Connection error: holisticwellnessmagazine.com
[2025-11-05 06:41:04] Success: homestolove.com.au -> 10673 posts
[2025-11-05 06:41:04] WordPress but no count header: homestoragesolutions101.com
[2025-11-05 06:41:05] Success: homewithaneta.com -> 1321 posts
[2025-11-05 06:41:05] Success: homewithaneta.com -> 1321 posts
[2025-11-05 06:41:05] Not WordPress or API disabled: homewyse.com
[2025-11-05 06:41:05] Success: homevibed.com -> 182 posts
[2025-11-05 06:41:05] Success: homestyledirect.com -> 1374 posts
[2025-11-05 06:41:05] Success: homeviable.com -> 1433 posts
[2025-11-05 06:41:05] Success: homewithedith.com -> 3548 posts
[2025-11-05 06:41:05] Success: hone.gg -> 169 posts
[2025-11-05 06:41:05] Success: homlydesign.com -> 329 posts
[2025-11-05 06:41:05] Success: homeworkshawaii.com -> 120 posts
[2025-11-05 06:41:05] Success: homesteadliving.com -> 53 posts
[2025-11-05 06:41:05] Connection error: honesttoliving.com
[2025-11-05 06:41:05] Success: hometips.com -> 1045 posts
[2025-11-05 06:41:06] Success: hondahandyman.com -> 1 posts
[2025-11-05 06:41:06] Success: homeyguide.com -> 152 posts
[2025-11-05 06:41:06] Not WordPress or API disabled: homify.co.uk
[2025-11-05 06:41:06] Success: honestlyadhd.com -> 49 posts
[2025-11-05 06:41:06] Success: honestlywtf.com -> 3120 posts
[2025-11-05 06:41:06] Success: homezillo.com -> 248 posts
[2025-11-05 06:41:06] Success: honestlymodern.com -> 1099 posts
[2025-11-05 06:41:07] Success: hoosierhomemade.com -> 2769 posts
[2025-11-05 06:41:07] Success: hookedhome.com -> 650 posts
[2025-11-05 06:41:07] Success: homestyledirect.com -> 1374 posts
[2025-11-05 06:41:07] Success: honestcooking.com -> 14064 posts
[2025-11-05 06:41:07] Success: hormonesbalance.com -> 446 posts
[2025-11-05 06:41:07] Success: hormonesbalance.com -> 446 posts
[2025-11-05 06:41:07] WordPress but restricted: hostadvice.com (HTTP 403)
[2025-11-05 06:41:07] Success: horderly.com -> 212 posts
[2025-11-05 06:41:07] Not WordPress or API disabled: hortmag.com
[2025-11-05 06:41:07] Not WordPress or API disabled: hooverdirect.co.uk
[2025-11-05 06:41:07] Success: hookedhome.com -> 650 posts
[2025-11-05 06:41:07] Success: horizonhouseworks.com -> 1 posts
[2025-11-05 06:41:07] WordPress but restricted: hopkinsmedicine.org (HTTP 403)
[2025-11-05 06:41:08] Success: horizonlandscapeinc.com -> 26 posts
[2025-11-05 06:41:08] Success: hospitality-school.com -> 301 posts
[2025-11-05 06:41:08] Success: hookedonheat.com -> 220 posts
[2025-11-05 06:41:08] Success: hort.extension.wisc.edu -> 154 posts
[2025-11-05 06:41:08] Not WordPress or API disabled: hotelscombined.com
[2025-11-05 06:41:08] Success: honestandtruly.com -> 836 posts
[2025-11-05 06:41:08] Not WordPress or API disabled: hotwire.com
[2025-11-05 06:41:08] Success: honestbrandreviews.com -> 6068 posts
[2025-11-05 06:41:08] Success: hotandflashy.com -> 906 posts
[2025-11-05 06:41:09] Success: hotelarbois.fr -> 42 posts
[2025-11-05 06:41:09] Not WordPress or API disabled: houseandgarden.co.za
[2025-11-05 06:41:09] WordPress but no count header: houseabsolutes.com
[2025-11-05 06:41:09] Success: houseandhomeonline.com -> 19443 posts
[2025-11-05 06:41:09] Connection error: honestrenos.com
[2025-11-05 06:41:09] Not WordPress or API disabled: houseandgarden.co.uk
[2025-11-05 06:41:09] Success: houseandhome.com -> 103 posts
[2025-11-05 06:41:09] Success: houseandhomeonline.com -> 19443 posts
[2025-11-05 06:41:09] Not WordPress or API disabled: hospitalitynet.org
[2025-11-05 06:41:09] Connection error: houseandhomemagazine.ca
[2025-11-05 06:41:09] Success: housebuyers.app -> 0 posts
[2025-11-05 06:41:09] Not WordPress or API disabled: housebeautiful.com
[2025-11-05 06:41:09] Success: housebouse.com -> 1862 posts
[2025-11-05 06:41:09] Success: hot-thai-kitchen.com -> 532 posts
[2025-11-05 06:41:09] Success: hotholyhumorous.com -> 1078 posts
[2025-11-05 06:41:09] Connection error: householdtips101.com
[2025-11-05 06:41:10] Connection error: householdhacker.com
[2025-11-05 06:41:10] Success: housecleaningcentral.com -> 713 posts
[2025-11-05 06:41:10] Success: housefixmaster.com -> 15728 posts
[2025-11-05 06:41:10] Not WordPress or API disabled: housedigest.com
[2025-11-05 06:41:10] Success: housecomforttips.com -> 8 posts
[2025-11-05 06:41:10] WordPress but no count header: housekoala.com
[2025-11-05 06:41:10] WordPress but no count header: housekoala.com
[2025-11-05 06:41:10] Success: hostthetoast.com -> 567 posts
[2025-11-05 06:41:11] Connection error: homedesigning.com
[2025-11-05 06:41:11] Not WordPress or API disabled: hostelworld.com
[2025-11-05 06:41:11] Success: hopefulholistic.com -> 65 posts
[2025-11-05 06:41:11] WordPress but restricted: houseofhipsters.com (HTTP 403)
[2025-11-05 06:41:11] Success: housely.com -> 9090 posts
[2025-11-05 06:41:11] Success: householdexec.com -> 141 posts
[2025-11-05 06:41:11] Success: householdexec.com -> 141 posts
[2025-11-05 06:41:11] Success: housekeepup.com -> 65 posts
[2025-11-05 06:41:11] Success: housekeepup.com -> 65 posts
[2025-11-05 06:41:11] Success: housefulofhandmade.com -> 384 posts
[2025-11-05 06:41:11] WordPress but no count header: housekeepingchannel.com
[2025-11-05 06:41:12] Connection error: homeevaly.com
[2025-11-05 06:41:12] Success: houselogic.com -> 134 posts
[2025-11-05 06:41:12] Success: houseofroseblog.com -> 1528 posts
[2025-11-05 06:41:12] Not WordPress or API disabled: household-management-101.com
[2025-11-05 06:41:12] Connection error: housesandhomesblog.com
[2025-11-05 06:41:12] Success: housereimagined.com -> 185 posts
[2025-11-05 06:41:12] Success: houseofyumm.com -> 571 posts
[2025-11-05 06:41:13] WordPress but restricted: housewifehowtos.com (HTTP 403)
[2025-11-05 06:41:13] Success: housecleaningsf.com -> 110 posts
[2025-11-05 06:41:13] Success: houseplantalley.com -> 1319 posts
[2025-11-05 06:41:13] Success: houseplantjournal.com -> 51 posts
[2025-11-05 06:41:14] Success: houseofmahalo.com -> 115 posts
[2025-11-05 06:41:14] Success: houseofmahalo.com -> 115 posts
[2025-11-05 06:41:14] WordPress but restricted: housework.com (HTTP 403)
[2025-11-05 06:41:14] Success: houseplantadvisor.com -> 66 posts
[2025-11-05 06:41:14] Connection error: homekitchenary.com
[2025-11-05 06:41:14] Success: houseplantsexpert.com -> 217 posts
[2025-11-05 06:41:14] Success: housewifesurvival.com -> 102 posts
[2025-11-05 06:41:14] Success: houseofhawthornes.com -> 737 posts
[2025-11-05 06:41:14] Success: houseandhammer.com -> 96 posts
[2025-11-05 06:41:14] Success: houseplantauthority.com -> 410 posts
[2025-11-05 06:41:14] Success: houseandhammer.com -> 96 posts
[2025-11-05 06:41:14] Success: houseneedy.com -> 259 posts
[2025-11-05 06:41:14] Success: housetohomediy.com -> 38 posts
[2025-11-05 06:41:14] Success: housewiseup.com -> 675 posts
[2025-11-05 06:41:14] Success: howjoyful.com -> 145 posts
[2025-11-05 06:41:15] Success: howchoo.com -> 2328 posts
[2025-11-05 06:41:15] Success: howtocleanthings.com -> 0 posts
[2025-11-05 06:41:15] Not WordPress or API disabled: houzz.com
[2025-11-05 06:41:15] Success: howdoesyourgardenmow.com -> 631 posts
[2025-11-05 06:41:15] Success: howcanthis.com -> 225109 posts
[2025-11-05 06:41:15] Success: housepractical.com -> 154 posts
[2025-11-05 06:41:15] Not WordPress or API disabled: howstuffworks.com
[2025-11-05 06:41:15] Success: howtostartanllc.com -> 0 posts
[2025-11-05 06:41:15] Success: howdoesshe.com -> 4461 posts
[2025-11-05 06:41:15] Success: howtocook.recipes -> 403 posts
[2025-11-05 06:41:16] Success: howsweeteats.com -> 4671 posts
[2025-11-05 06:41:16] Success: howtobuildit.org -> 682 posts
[2025-11-05 06:41:16] Success: howtohome.com -> 381 posts
[2025-11-05 06:41:16] Success: hownu.com -> 0 posts
[2025-11-05 06:41:16] Success: hpgconsulting.com -> 400 posts
[2025-11-05 06:41:16] Success: hpgconsulting.com -> 400 posts
[2025-11-05 06:41:16] Success: houstonsuburb.com -> 2051 posts
[2025-11-05 06:41:16] Success: howewelive.com -> 337 posts
[2025-11-05 06:41:16] Success: howtogetorganizedathome.com -> 1075 posts
[2025-11-05 06:41:16] Not WordPress or API disabled: hrp.org.uk
[2025-11-05 06:41:17] Success: hscwarranty.com -> 63 posts
[2025-11-05 06:41:17] Success: houstonfoodbank.org -> 345 posts
[2025-11-05 06:41:17] Success: howtodiyeverything.com -> 2347 posts
[2025-11-05 06:41:17] Success: howtomoney.com -> 1470 posts
[2025-11-05 06:41:17] Success: hrfraternity.com -> 19874 posts
[2025-11-05 06:41:17] Success: hrfraternity.com -> 19874 posts
[2025-11-05 06:41:17] Success: hpdconsult.com -> 9007 posts
[2025-11-05 06:41:17] Success: hpdconsult.com -> 9007 posts
[2025-11-05 06:41:17] WordPress but restricted: hugedomains.com (HTTP 403)
[2025-11-05 06:41:17] Success: hrsbham.com -> 22 posts
[2025-11-05 06:41:18] Success: huggermugger.com -> 992 posts
[2025-11-05 06:41:18] Success: how-tasty.com -> 214 posts
[2025-11-05 06:41:18] Success: hublabels.com -> 64 posts
[2025-11-05 06:41:18] WordPress but restricted: huemor.rocks (HTTP 401)
[2025-11-05 06:41:18] Success: houseplantjoy.com -> 744 posts
[2025-11-05 06:41:18] Success: hsl.uw.edu -> 95 posts
[2025-11-05 06:41:19] Success: hsestudyguide.com -> 4322 posts
[2025-11-05 06:41:19] Success: humanfitproject.com -> 392 posts
[2025-11-05 06:41:19] Not WordPress or API disabled: huffpost.com
[2025-11-05 06:41:19] WordPress but no count header: humeshed.com
[2025-11-05 06:41:19] Success: houseplantjoy.com -> 744 posts
[2025-11-05 06:41:19] WordPress but restricted: hungrycookskitchen.com (HTTP 403)
[2025-11-05 06:41:19] Success: hugsandcookiesxoxo.com -> 3268 posts
[2025-11-05 06:41:19] Success: hudsonvalleystylemagazine.com -> 1742 posts
[2025-11-05 06:41:19] Not WordPress or API disabled: humnutrition.com
[2025-11-05 06:41:19] Success: humanidades.com -> 2350 posts
[2025-11-05 06:41:19] Success: humanidades.com -> 2350 posts
[2025-11-05 06:41:19] Success: hulaglobal.com -> 348 posts
[2025-11-05 06:41:20] Success: hrcacademy.com -> 0 posts
[2025-11-05 06:41:20] Success: hunaskin.com -> 102 posts
[2025-11-05 06:41:20] Success: hudsonfarmhouse.com -> 5251 posts
[2025-11-05 06:41:20] Not WordPress or API disabled: hungrysofia.com
[2025-11-05 06:41:20] Success: hub.techoneglobal.com -> 323 posts
[2025-11-05 06:41:20] Success: humanfocus.co.uk -> 848 posts
[2025-11-05 06:41:20] Not WordPress or API disabled: hunker.com
[2025-11-05 06:41:20] Success: hungryhuy.com -> 419 posts
[2025-11-05 06:41:20] WordPress but no count header: hungryfoodlove.com
[2025-11-05 06:41:20] Success: hudsonfarmhouse.com -> 5251 posts
[2025-11-05 06:41:20] Success: hseblog.com -> 1032 posts
[2025-11-05 06:41:21] Success: hurrythefoodup.com -> 1224 posts
[2025-11-05 06:41:21] Success: hvacrcareerconnectny.com -> 187 posts
[2025-11-05 06:41:21] Success: hungryinthailand.com -> 432 posts
[2025-11-05 06:41:21] Success: hutterarchitects.com -> 296 posts
[2025-11-05 06:41:21] Success: hvaclaboratory.com -> 2489 posts
[2025-11-05 06:41:21] Success: hvacseer.com -> 2332 posts
[2025-11-05 06:41:21] Success: i-ville.com -> 185 posts
[2025-11-05 06:41:21] WordPress but no count header: hvactactician.com
[2025-11-05 06:41:21] Success: hvacangel.com -> 58 posts
[2025-11-05 06:41:21] Success: hummingbird-acres.com -> 338 posts
[2025-11-05 06:41:21] Success: hygieneforhealth.org.au -> 0 posts
[2025-11-05 06:41:21] Not WordPress or API disabled: huronpointacupuncture.com
[2025-11-05 06:41:22] Success: hungertaskforce.org -> 510 posts
[2025-11-05 06:41:22] Success: htsinteriors.com -> 175 posts
[2025-11-05 06:41:22] Success: ialwayspickthethimble.com -> 296 posts
[2025-11-05 06:41:22] Success: hungryhodophile.com -> 1069 posts
[2025-11-05 06:41:22] Success: iambaker.net -> 2322 posts
[2025-11-05 06:41:22] Success: iamafoodblog.com -> 1576 posts
[2025-11-05 06:41:22] Success: hungrypaprikas.com -> 209 posts
[2025-11-05 06:41:22] Success: hypebeast.com -> 307868 posts
[2025-11-05 06:41:22] Success: iaq.works -> 373 posts
[2025-11-05 06:41:22] Success: iawaketechnologies.com -> 180 posts
[2025-11-05 06:41:22] Success: iaahpc.org -> 379 posts
[2025-11-05 06:41:23] Not WordPress or API disabled: icatcare.org
[2025-11-05 06:41:23] Success: hvacsoftwarefaqs.com -> 850 posts
[2025-11-05 06:41:23] Success: icreativeideas.com -> 1724 posts
[2025-11-05 06:41:23] Success: hvacrschool.com -> 1219 posts
[2025-11-05 06:41:23] Success: iastate.pressbooks.pub -> 0 posts
[2025-11-05 06:41:23] Success: hygienefoodsafety.org -> 69 posts
[2025-11-05 06:41:23] WordPress but no count header: hungrymonster.com
[2025-11-05 06:41:24] Success: ibreatheimhungry.com -> 587 posts
[2025-11-05 06:41:24] Success: idailyblog.com -> 50 posts
[2025-11-05 06:41:24] Success: iccpp.org -> 0 posts
[2025-11-05 06:41:24] Success: iapcollege.com -> 40 posts
[2025-11-05 06:41:24] Success: icieducation.ie -> 57 posts
[2025-11-05 06:41:24] WordPress but restricted: idealhome.co.uk (HTTP 403)
[2025-11-05 06:41:24] Success: icohs.edu -> 255 posts
[2025-11-05 06:41:24] Success: idahomedicalacademy.com -> 51 posts
[2025-11-05 06:41:25] Success: icebreakerideas.com -> 280 posts
[2025-11-05 06:41:25] Success: ideaflight.com -> 427 posts
[2025-11-05 06:41:25] Success: ideas.hallmark.com -> 0 posts
[2025-11-05 06:41:26] Success: iere.org -> 135020 posts
[2025-11-05 06:41:26] Connection error: homeworlddesign.com
[2025-11-05 06:41:26] Success: idlehandsawake.com -> 287 posts
[2025-11-05 06:41:26] Success: ideasforstudents.com -> 233 posts
[2025-11-05 06:41:26] Success: idyllicpursuit.com -> 2112 posts
[2025-11-05 06:41:26] Success: idcfireandwater.com -> 31 posts
[2025-11-05 06:41:26] Success: idcfireandwater.com -> 31 posts
[2025-11-05 06:41:26] Success: iere.org -> 135020 posts
[2025-11-05 06:41:27] Success: hwtm.com -> 3957 posts
[2025-11-05 06:41:27] Not WordPress or API disabled: ifitness.is
[2025-11-05 06:41:27] Success: idahofoodbank.org -> 858 posts
[2025-11-05 06:41:28] Success: ifallsjournal.com -> 26 posts
[2025-11-05 06:41:28] Success: ibuyem.com -> 2300 posts
[2025-11-05 06:41:28] Not WordPress or API disabled: ifixit.com
[2025-11-05 06:41:28] Success: hypeladies.com -> 835 posts
[2025-11-05 06:41:28] Not WordPress or API disabled: ifthespoonfits.com
[2025-11-05 06:41:29] Success: iheartcats.com -> 2096 posts
[2025-11-05 06:41:29] Success: ifdh.org -> 31 posts
[2025-11-05 06:41:29] Success: igdistribution.net -> 36 posts
[2025-11-05 06:41:29] Success: iheartdogs.com -> 36900 posts
[2025-11-05 06:41:29] Success: igdistribution.net -> 36 posts
[2025-11-05 06:41:29] Success: iheartfrugal.com -> 258 posts
[2025-11-05 06:41:29] Connection error: iheartorganizing.com
[2025-11-05 06:41:29] Success: ihackeddiabetes.com -> 473 posts
[2025-11-05 06:41:30] Success: iguides.org -> 935 posts
[2025-11-05 06:41:30] Success: iheartnaptime.net -> 2019 posts
[2025-11-05 06:41:30] Success: ideafit.com -> 9354 posts
[2025-11-05 06:41:30] Success: idrycolumbus.com -> 6 posts
[2025-11-05 06:41:30] Success: ijerjournal.com -> 1 posts
[2025-11-05 06:41:30] Success: illinoishealthcareers.com -> 51 posts
[2025-11-05 06:41:30] Success: iliterature.net -> 616 posts
[2025-11-05 06:41:30] Success: illinoishealthcareers.com -> 51 posts
[2025-11-05 06:41:30] Success: iisdt.in -> 9 posts
[2025-11-05 06:41:31] Success: ifocushealth.com -> 52 posts
[2025-11-05 06:41:31] Not WordPress or API disabled: ikea.com
[2025-11-05 06:41:31] Success: ihanna.nu -> 2664 posts
[2025-11-05 06:41:31] Success: ikeahackers.net -> 8526 posts
[2025-11-05 06:41:31] Success: ikonrecoverycenters.org -> 109 posts
[2025-11-05 06:41:31] Success: iloveafrica.com -> 4826 posts
[2025-11-05 06:41:32] Success: illuminatebeauty.co -> 770 posts
[2025-11-05 06:41:32] Success: idealhome.com.pk -> 37 posts
[2025-11-05 06:41:32] Success: ilovebicycling.com -> 1136 posts
[2025-11-05 06:41:32] Success: ilovehouseplant.com -> 16 posts
[2025-11-05 06:41:32] Success: ilovecookin.com -> 158 posts
[2025-11-05 06:41:32] Success: ilovecookin.com -> 158 posts
[2025-11-05 06:41:32] Connection error: imaculateru.com
[2025-11-05 06:41:32] Success: ilovegrowingmarijuana.com -> 2160 posts
[2025-11-05 06:41:32] Connection error: imademywardrobe.com
[2025-11-05 06:41:32] Success: illinoismarathon.com -> 82 posts
[2025-11-05 06:41:32] Success: iheartcraftythings.com -> 3197 posts
[2025-11-05 06:41:32] Success: imahealth.org -> 1495 posts
[2025-11-05 06:41:32] Success: iliveforgreens.com -> 292 posts
[2025-11-05 06:41:32] Success: ilovehouseplant.com -> 16 posts
[2025-11-05 06:41:33] Success: imbibemagazine.com -> 4103 posts
[2025-11-05 06:41:33] Success: imademycake.com -> 60 posts
[2025-11-05 06:41:33] Success: iluveit.com -> 395 posts
[2025-11-05 06:41:33] Success: ilovevegan.com -> 232 posts
[2025-11-05 06:41:33] Connection error: housetweaking.com
[2025-11-05 06:41:33] WordPress but restricted: ilgiornaledelcibo.it (HTTP 401)
[2025-11-05 06:41:33] Not WordPress or API disabled: imaginecraftsblog.com
[2025-11-05 06:41:33] Success: impactteachers.com -> 486 posts
[2025-11-05 06:41:33] Success: impactteachers.com -> 486 posts
[2025-11-05 06:41:34] Success: immaculatecarpetcare.com -> 76 posts
[2025-11-05 06:41:34] Success: imagine5.com -> 0 posts
[2025-11-05 06:41:34] Success: imerikamarie.com -> 311 posts
[2025-11-05 06:41:34] Success: immixtus.com -> 16 posts
[2025-11-05 06:41:34] Success: impactparents.com -> 969 posts
[2025-11-05 06:41:34] Success: impactdots.com -> 594 posts
[2025-11-05 06:41:34] Success: improvedrawing.com -> 267 posts
[2025-11-05 06:41:35] Success: immago.com -> 234 posts
[2025-11-05 06:41:35] Success: impactful.ninja -> 9320 posts
[2025-11-05 06:41:35] Success: immigrantstable.com -> 924 posts
[2025-11-05 06:41:35] Success: impactwizards.com -> 922 posts
[2025-11-05 06:41:35] WordPress but no count header: improvenet.com
[2025-11-05 06:41:36] Success: imperfectidealist.com -> 266 posts
[2025-11-05 06:41:36] Success: idealme.com -> 349 posts
[2025-11-05 06:41:36] Success: improving-your-english.com -> 0 posts
[2025-11-05 06:41:36] WordPress but restricted: inc.com (HTTP 403)
[2025-11-05 06:41:36] Success: inclusiveteach.com -> 1138 posts
[2025-11-05 06:41:36] Success: improvewood.com -> 426 posts
[2025-11-05 06:41:36] Success: immaculateclean.com -> 342 posts
[2025-11-05 06:41:36] Success: incpak.com -> 23400 posts
[2025-11-05 06:41:36] Success: importaco.com -> 86 posts
[2025-11-05 06:41:36] Success: iloveit.net -> 92 posts
[2025-11-05 06:41:36] Success: independentbookreview.com -> 2043 posts
[2025-11-05 06:41:36] Success: importaco.com -> 86 posts
[2025-11-05 06:41:37] Success: improveworkspace.com -> 15362 posts
[2025-11-05 06:41:37] WordPress but restricted: indianexpress.com (HTTP 403)
[2025-11-05 06:41:37] Success: imyobe.com -> 602 posts
[2025-11-05 06:41:37] Success: impactwealth.org -> 4481 posts
[2025-11-05 06:41:37] Success: imbusybeingawesome.com -> 327 posts
[2025-11-05 06:41:37] Success: importantenough.com -> 65 posts
[2025-11-05 06:41:37] Success: inclinemagazine.com -> 3277 posts
[2025-11-05 06:41:37] Success: increaseyourspace.com -> 49 posts
[2025-11-05 06:41:38] Not WordPress or API disabled: independent.ie
[2025-11-05 06:41:38] Not WordPress or API disabled: indiandiy.blogspot.in
[2025-11-05 06:41:38] Success: impruver.com -> 179 posts
[2025-11-05 06:41:38] Success: indiankhana.net -> 42 posts
[2025-11-05 06:41:38] Success: inauguralhomes.com -> 1253 posts
[2025-11-05 06:41:38] Success: indianjunction.nl -> 111 posts
[2025-11-05 06:41:38] Success: illuminatingfacts.com -> 1117 posts
[2025-11-05 06:41:38] Success: indianjunction.nl -> 111 posts
[2025-11-05 06:41:39] Success: indonesiacoconutcharcoal.net -> 303 posts
[2025-11-05 06:41:39] Success: indianambrosia.com -> 177 posts
[2025-11-05 06:41:39] Success: indianschoolofimage.com -> 88 posts
[2025-11-05 06:41:39] Success: indoorvegetablegrower.com -> 539 posts
[2025-11-05 06:41:39] WordPress but no count header: indietraveller.co
[2025-11-05 06:41:39] Success: imsociety.org -> 1111 posts
[2025-11-05 06:41:39] Success: indoorvegetablegrower.com -> 539 posts
[2025-11-05 06:41:39] Success: indiefaq.com -> 1062 posts
[2025-11-05 06:41:39] Success: indianveggiedelight.com -> 667 posts
[2025-11-05 06:41:40] Success: infectionpreventioncontrol.co.uk -> 44 posts
[2025-11-05 06:41:40] Success: infinite-craft.net -> 14 posts
[2025-11-05 06:41:40] Success: ineedmedic.com -> 4078 posts
[2025-11-05 06:41:41] Success: indiecrafts.craftgossip.com -> 3131 posts
[2025-11-05 06:41:41] Success: indymaven.com -> 875 posts
[2025-11-05 06:41:41] Success: infobooks.org -> 34 posts
[2025-11-05 06:41:41] Success: indoorbreathing.com -> 403 posts
[2025-11-05 06:41:41] Success: industrystandarddesign.com -> 1716 posts
[2025-11-05 06:41:41] Success: industryleadersmagazine.com -> 8650 posts
[2025-11-05 06:41:41] Success: influencermarketinghub.com -> 3939 posts
[2025-11-05 06:41:41] Success: idreamoffirstgrade.com -> 33 posts
[2025-11-05 06:41:42] Success: infinityparkeventcenter.com -> 79 posts
[2025-11-05 06:41:42] Success: infocons.org -> 6027 posts
[2025-11-05 06:41:42] Success: infosphere.cc -> 6686 posts
[2025-11-05 06:41:42] Success: infocons.org -> 6027 posts
[2025-11-05 06:41:42] Success: inforeasyhome.com -> 379 posts
[2025-11-05 06:41:42] Unknown status: inforum.com (HTTP 202)
[2025-11-05 06:41:43] Success: indoorplantcare.org -> 119 posts
[2025-11-05 06:41:43] Success: infographicsite.com -> 12 posts
[2025-11-05 06:41:43] Success: infinitytxair.com -> 228 posts
[2025-11-05 06:41:43] Success: infinitytxair.com -> 228 posts
[2025-11-05 06:41:43] Success: infusionlab.org -> 1077 posts
[2025-11-05 06:41:43] Success: ingreland.com -> 2 posts
[2025-11-05 06:41:43] Success: infovra.com -> 25 posts
[2025-11-05 06:41:44] Success: infiniteflavors.blog -> 1936 posts
[2025-11-05 06:41:44] Success: idreamoffirstgrade.com -> 33 posts
[2025-11-05 06:41:44] Success: inmyownstyle.com -> 1416 posts
[2025-11-05 06:41:44] Success: industrydiy.com -> 56 posts
[2025-11-05 06:41:44] Success: indiegetup.com -> 167 posts
[2025-11-05 06:41:44] WordPress but restricted: insiderbits.com (HTTP 403)
[2025-11-05 06:41:44] Success: insanelygoodrecipes.com -> 7734 posts
[2025-11-05 06:41:45] Success: inhabitedkitchen.com -> 576 posts
[2025-11-05 06:41:45] Not WordPress or API disabled: insidechicagowalkingtours.com
[2025-11-05 06:41:45] Success: insidebodybuilding.com -> 132 posts
[2025-11-05 06:41:45] Success: insights.samsung.com -> 3631 posts
[2025-11-05 06:41:46] Connection error: indianfoodrecipes.in
[2025-11-05 06:41:46] Success: inhouseathome.com -> 651 posts
[2025-11-05 06:41:46] Success: insideofhappiness.com -> 337 posts
[2025-11-05 06:41:46] Success: insights.workwave.com -> 566 posts
[2025-11-05 06:41:46] Success: insightweeds.com -> 386 posts
[2025-11-05 06:41:46] WordPress but no count header: insighttimer.com
[2025-11-05 06:41:47] Success: insights-daily.com -> 726 posts
[2025-11-05 06:41:47] Success: inlovewithtea.com -> 31 posts
[2025-11-05 06:41:47] Success: insightscare.com -> 2421 posts
[2025-11-05 06:41:47] Success: indianfoodforever.com -> 1430 posts
[2025-11-05 06:41:47] Success: insightss.co -> 0 posts
[2025-11-05 06:41:48] Success: insidedecors.com -> 72 posts
[2025-11-05 06:41:48] Not WordPress or API disabled: inquirer.com
[2025-11-05 06:41:48] Success: inspiration-for-home.com -> 964 posts
[2025-11-05 06:41:48] Success: inspiredbycharm.com -> 1449 posts
[2025-11-05 06:41:48] Success: inspire52.com -> 1593 posts
[2025-11-05 06:41:48] Success: inspirationsandcelebrations.net -> 1906 posts
[2025-11-05 06:41:49] Success: inspireambitions.com -> 5173 posts
[2025-11-05 06:41:49] Connection error: igeeksblog.com
[2025-11-05 06:41:49] Success: inspiredtaste.net -> 873 posts
[2025-11-05 06:41:49] Success: insights.vaizle.com -> 330 posts
[2025-11-05 06:41:49] Success: innerspace.org.uk -> 543 posts
[2025-11-05 06:41:49] Success: inspectrum.com -> 13 posts
[2025-11-05 06:41:49] Success: inspiredbudget.com -> 192 posts
[2025-11-05 06:41:49] Success: insightvacations.com -> 791 posts
[2025-11-05 06:41:49] Connection error: inspiyrfitness.com
[2025-11-05 06:41:49] Connection error: inspiyrfitness.com
[2025-11-05 06:41:49] Success: insteading.com -> 1575 posts
[2025-11-05 06:41:49] Success: inspiringmeme.com -> 3869 posts
[2025-11-05 06:41:49] Success: inspiredn.com -> 1479 posts
[2025-11-05 06:41:50] Unknown status: instyle.com (HTTP 460)
[2025-11-05 06:41:50] Connection error: iida.org
[2025-11-05 06:41:50] Success: inspiremindjourney.com -> 386 posts
[2025-11-05 06:41:50] Not WordPress or API disabled: instructables.com
[2025-11-05 06:41:50] Success: integrativehealthpractices.org -> 6 posts
[2025-11-05 06:41:50] Success: integrativehealthpractices.org -> 6 posts
[2025-11-05 06:41:50] Success: inspiredplum.com -> 70 posts
[2025-11-05 06:41:50] Success: instantpotme.com -> 29 posts
[2025-11-05 06:41:50] Success: inspirespire.com -> 640 posts
[2025-11-05 06:41:50] Success: inspiringsavings.com -> 497 posts
[2025-11-05 06:41:50] Success: insights.lifemanagementsciencelabs.com -> 1352 posts
[2025-11-05 06:41:51] Success: insulationinstitute.org -> 361 posts
[2025-11-05 06:41:51] WordPress but restricted: intecorept.com (HTTP 403)
[2025-11-05 06:41:51] Success: instantloss.com -> 314 posts
[2025-11-05 06:41:51] Success: intelligentcollector.com -> 810 posts
[2025-11-05 06:41:51] Success: inspiremystyle.com -> 458 posts
[2025-11-05 06:41:51] Success: instantpoteats.com -> 868 posts
[2025-11-05 06:41:51] Success: inkwoodresearch.com -> 863 posts
[2025-11-05 06:41:51] Success: inspiredbyneighbour.com -> 25 posts
[2025-11-05 06:41:51] Success: interiordesign.net -> 0 posts
[2025-11-05 06:41:51] Success: integrityaq.com -> 78 posts
[2025-11-05 06:41:51] Success: integrityaq.com -> 78 posts
[2025-11-05 06:41:52] Success: instrupix.com -> 181 posts
[2025-11-05 06:41:52] Success: installitdirect.com -> 533 posts
[2025-11-05 06:41:52] Success: interiorsbyabbey.com -> 73 posts
[2025-11-05 06:41:52] Success: interviewquestions.guru -> 527 posts
[2025-11-05 06:41:52] Success: interioratoz.com -> 21038 posts
[2025-11-05 06:41:52] Success: interviewguy.com -> 55907 posts
[2025-11-05 06:41:52] Success: intelligentdomestications.com -> 1461 posts
[2025-11-05 06:41:52] Success: internationalmidwives.org -> 695 posts
[2025-11-05 06:41:52] Success: interioratoz.com -> 21038 posts
[2025-11-05 06:41:52] Success: intelligentliving.co -> 10307 posts
[2025-11-05 06:41:52] Success: interviewprep.org -> 15366 posts
[2025-11-05 06:41:53] Success: intentionaltoday.com -> 206 posts
[2025-11-05 06:41:53] Success: interweave.com -> 10355 posts
[2025-11-05 06:41:53] Success: intelligentdomestications.com -> 1461 posts
[2025-11-05 06:41:53] WordPress but restricted: intrepidtravel.com (HTTP 403)
[2025-11-05 06:41:53] Not WordPress or API disabled: intothemiddlekingdom.com
[2025-11-05 06:41:53] Not WordPress or API disabled: intimatelivinginteriors.com
[2025-11-05 06:41:53] Unknown status: investopedia.com (HTTP 460)
[2025-11-05 06:41:53] Not WordPress or API disabled: intothegloss.com
[2025-11-05 06:41:53] Success: internationaldessertsblog.com -> 155 posts
[2025-11-05 06:41:53] Connection error: inward.io
[2025-11-05 06:41:53] Not WordPress or API disabled: inverse.com
[2025-11-05 06:41:53] Success: intjdc.org -> 1041 posts
[2025-11-05 06:41:53] Success: intimatehygine.com -> 118 posts
[2025-11-05 06:41:53] Success: ipaintmymind.org -> 492 posts
[2025-11-05 06:41:53] Success: inthewash.co.uk -> 1780 posts
[2025-11-05 06:41:53] Connection error: insideout.com.au
[2025-11-05 06:41:53] Not WordPress or API disabled: intimina.com
[2025-11-05 06:41:54] Success: internationalcuisine.com -> 1057 posts
[2025-11-05 06:41:54] Success: investedwallet.com -> 1489 posts
[2025-11-05 06:41:54] Success: inthefashionjungle.com -> 1375 posts
[2025-11-05 06:41:54] Success: intentionalwellnessinc.com -> 142 posts
[2025-11-05 06:41:54] Success: ipaintyousip.com -> 568 posts
[2025-11-05 06:41:55] Success: iqpartners.com -> 1289 posts
[2025-11-05 06:41:55] Success: ironandgrit.com -> 322 posts
[2025-11-05 06:41:55] WordPress but no count header: isarch.org
[2025-11-05 06:41:55] Success: isabelledias.com -> 146 posts
[2025-11-05 06:41:55] Success: iowagirleats.com -> 1057 posts
[2025-11-05 06:41:55] Success: irkmagazine.com -> 934 posts
[2025-11-05 06:41:55] Success: isabelsmithnutrition.com -> 602 posts
[2025-11-05 06:41:55] Success: investing-aid.com -> 91 posts
[2025-11-05 06:41:55] Not WordPress or API disabled: isleofmaynnr.wordpress.com
[2025-11-05 06:41:55] Success: isabeleats.com -> 619 posts
[2025-11-05 06:41:55] Success: isabelsmithnutrition.com -> 602 posts
[2025-11-05 06:41:55] Success: ireadlabelsforyou.com -> 276 posts
[2025-11-05 06:41:56] Success: invisionhardwooddecor.com -> 327 posts
[2025-11-05 06:41:56] Success: irenedumateachesart.com -> 23 posts
[2025-11-05 06:41:56] Success: ispyfabulous.com -> 927 posts
[2025-11-05 06:41:56] Success: itechhacks.com -> 3685 posts
[2025-11-05 06:41:56] Success: issa.com -> 4932 posts
[2025-11-05 06:41:56] Success: itigic.com -> 37648 posts
[2025-11-05 06:41:57] Success: itallstartedwithpaint.com -> 998 posts
[2025-11-05 06:41:57] Success: itechhacks.com -> 3685 posts
[2025-11-05 06:41:57] Success: italfarad.com -> 181 posts
[2025-11-05 06:41:57] Success: iscreamforbuttercream.com -> 309 posts
[2025-11-05 06:41:57] Success: inventariostotal.com -> 244 posts
[2025-11-05 06:41:57] Success: ispydiy.com -> 996 posts
[2025-11-05 06:41:57] Success: itexamanswers.net -> 4189 posts
[2025-11-05 06:41:57] Success: itexamanswers.net -> 4189 posts
[2025-11-05 06:41:58] Success: itsblossom.com -> 2366 posts
[2025-11-05 06:41:58] Success: itdoesnttastelikechicken.com -> 704 posts
[2025-11-05 06:41:58] Not WordPress or API disabled: interiors.org
[2025-11-05 06:41:58] Success: itinyhouses.com -> 2676 posts
[2025-11-05 06:41:58] Success: itsmelissacarroll.com -> 67 posts
[2025-11-05 06:41:58] Success: itsnevernotteatime.com -> 843 posts
[2025-11-05 06:41:58] Success: islandoriginsmag.com -> 1142 posts
[2025-11-05 06:41:58] Success: itsthevibe.com -> 10502 posts
[2025-11-05 06:41:58] Success: itsmynest.com -> 4531 posts
[2025-11-05 06:41:58] WordPress but restricted: izzycooking.com (HTTP 403)
[2025-11-05 06:41:58] Success: it-maniacs.com -> 44 posts
[2025-11-05 06:41:58] Success: itsmelissacarroll.com -> 67 posts
[2025-11-05 06:41:59] Success: jacobgrant.com -> 133 posts
[2025-11-05 06:41:59] Success: iwashyoudry.com -> 1354 posts
[2025-11-05 06:41:59] Success: iveals.com -> 94 posts
[2025-11-05 06:41:59] Success: italian-connection.com -> 192 posts
[2025-11-05 06:41:59] Success: iwillteachyoutoberich.com -> 840 posts
[2025-11-05 06:41:59] Success: jacobsandrhodes.com -> 63 posts
[2025-11-05 06:41:59] WordPress but restricted: jamanetwork.com (HTTP 403)
[2025-11-05 06:41:59] Success: jacobsandrhodes.com -> 63 posts
[2025-11-05 06:41:59] Success: jamesclear.com -> 282 posts
[2025-11-05 06:41:59] Success: jacobsheating.com -> 159 posts
[2025-11-05 06:41:59] Success: jacksonsewingacademy.com -> 11 posts
[2025-11-05 06:41:59] Not WordPress or API disabled: jamieoliver.com
[2025-11-05 06:41:59] Success: itsnotcomplicatedrecipes.com -> 513 posts
[2025-11-05 06:42:00] Success: jamieolivercookeryschool.com -> 0 posts
[2025-11-05 06:42:00] Success: ivi-air.com -> 20 posts
[2025-11-05 06:42:00] Success: itsalwaysautumn.com -> 953 posts
[2025-11-05 06:42:00] Success: jacofallthings.com -> 142 posts
[2025-11-05 06:42:00] Connection error: indiansimmer.com
[2025-11-05 06:42:00] Success: jaejohns.com -> 376 posts
[2025-11-05 06:42:00] Success: jamesandcatrin.com -> 222 posts
[2025-11-05 06:42:01] Success: jacquelinehogan.com -> 110 posts
[2025-11-05 06:42:01] Success: japanesepathway.com -> 203 posts
[2025-11-05 06:42:01] Success: janetlansbury.com -> 842 posts
[2025-11-05 06:42:01] Success: jandlmarketing.com -> 296 posts
[2025-11-05 06:42:01] WordPress but restricted: jasonfintips.com (HTTP 403)
[2025-11-05 06:42:01] Success: ituonline.com -> 3062 posts
[2025-11-05 06:42:01] Success: jacquelynclark.com -> 2748 posts
[2025-11-05 06:42:01] Success: jamilghar.com -> 490 posts
[2025-11-05 06:42:02] Success: jane-athome.com -> 267 posts
[2025-11-05 06:42:02] Success: jcpeats.com -> 452 posts
[2025-11-05 06:42:02] Not WordPress or API disabled: jasper.travel
[2025-11-05 06:42:02] Success: jaxmed.com -> 335 posts
[2025-11-05 06:42:02] Success: janitorialmanager.com -> 628 posts
[2025-11-05 06:42:02] Success: jandjscaping.com -> 1 posts
[2025-11-05 06:42:02] Success: jaxfurniturerefinishingandupholstering.com -> 106 posts
[2025-11-05 06:42:02] Success: jasauerco.com -> 6 posts
[2025-11-05 06:42:02] Success: jellycatcollectordatabase.com -> 13 posts
[2025-11-05 06:42:02] Success: japanswitch.com -> 229 posts
[2025-11-05 06:42:02] Not WordPress or API disabled: jeffnippard.com
[2025-11-05 06:42:03] Success: jcdesignbuild.com -> 66 posts
[2025-11-05 06:42:03] Success: jcdesignbuild.com -> 66 posts
[2025-11-05 06:42:03] Connection error: jenniferbwelch.com
[2025-11-05 06:42:03] Success: jasperandwillow.com -> 110 posts
[2025-11-05 06:42:03] Success: jenniferreisyoga.com -> 241 posts
[2025-11-05 06:42:03] WordPress but restricted: jenwoodhouse.com (HTTP 403)
[2025-11-05 06:42:04] Success: jennifermehditash.com -> 9086 posts
[2025-11-05 06:42:04] Success: jenniraincloud.com -> 678 posts
[2025-11-05 06:42:04] Success: jennakateathome.com -> 367 posts
[2025-11-05 06:42:04] Success: jean-prescott.com -> 57 posts
[2025-11-05 06:42:04] Success: jaywaytravel.com -> 440 posts
[2025-11-05 06:42:04] Success: jennasuedesign.com -> 658 posts
[2025-11-05 06:42:04] Success: jefmenguin.com -> 985 posts
[2025-11-05 06:42:04] Success: japan-insider.com -> 30 posts
[2025-11-05 06:42:04] Success: jcvpm.com -> 268 posts
[2025-11-05 06:42:05] Success: janinegilarde.com -> 8 posts
[2025-11-05 06:42:05] Success: jennarainey.com -> 428 posts
[2025-11-05 06:42:05] Not WordPress or API disabled: jhsmr.org
[2025-11-05 06:42:05] Success: jessicainthekitchen.com -> 975 posts
[2025-11-05 06:42:05] Success: jenniferskitchen.com -> 350 posts
[2025-11-05 06:42:05] Success: jewelrymakingjournal.com -> 5084 posts
[2025-11-05 06:42:05] Success: jewelrycarats.com -> 16307 posts
[2025-11-05 06:42:05] Success: jessicathiefels.com -> 153 posts
[2025-11-05 06:42:05] Success: jesselebeau.com -> 244 posts
[2025-11-05 06:42:06] Success: jessicagavin.com -> 1291 posts
[2025-11-05 06:42:06] Success: jewelrymaking.craftgossip.com -> 2617 posts
[2025-11-05 06:42:06] Success: jennifermaker.com -> 951 posts
[2025-11-05 06:42:06] Success: jillcomesclean.com -> 261 posts
[2025-11-05 06:42:06] Success: jimmygsautomotive.com -> 7 posts
[2025-11-05 06:42:06] Not WordPress or API disabled: jipbapmama.medium.com
[2025-11-05 06:42:06] Success: jessicalynnwrites.com -> 2106 posts
[2025-11-05 06:42:07] Success: jimkwik.com -> 472 posts
[2025-11-05 06:42:07] Not WordPress or API disabled: jmir.org
[2025-11-05 06:42:07] Success: jkmoving.com -> 488 posts
[2025-11-05 06:42:08] Success: joannarahier.com -> 66 posts
[2025-11-05 06:42:08] Success: joaoleitao.com -> 441 posts
[2025-11-05 06:42:08] WordPress but restricted: jobscan.co (HTTP 403)
[2025-11-05 06:42:08] Success: itsallyouboo.com -> 552 posts
[2025-11-05 06:42:08] Success: joannabel.com -> 262 posts
[2025-11-05 06:42:08] Success: jewelry-secrets.com -> 2761 posts
[2025-11-05 06:42:09] Success: jewelry-secrets.com -> 2761 posts
[2025-11-05 06:42:09] Success: jo-annegray.com -> 183 posts
[2025-11-05 06:42:09] Success: jo-annegray.com -> 183 posts
[2025-11-05 06:42:09] Success: jmenvironmental.net -> 48 posts
[2025-11-05 06:42:09] Connection error: johnsonshomedecor.com
[2025-11-05 06:42:09] Not WordPress or API disabled: johnnyseeds.com
[2025-11-05 06:42:09] Success: jobinterviewtools.com -> 96 posts
[2025-11-05 06:42:10] Success: joemc.com -> 87 posts
[2025-11-05 06:42:10] Success: johnlincoln.marketing -> 269 posts
[2025-11-05 06:42:10] Success: joemc.com -> 87 posts
[2025-11-05 06:42:10] Success: johnandersonservice.com -> 154 posts
[2025-11-05 06:42:10] Success: johnstalkerinstitute.org -> 275 posts
[2025-11-05 06:42:10] Success: johnandersonservice.com -> 154 posts
[2025-11-05 06:42:10] Success: jocooks.com -> 1879 posts
[2025-11-05 06:42:10] Not WordPress or API disabled: jojosstories.medium.com
[2025-11-05 06:42:10] Success: jordanbates.life -> 182 posts
[2025-11-05 06:42:11] Success: jonasmuthoni.com -> 133 posts
[2025-11-05 06:42:11] WordPress but restricted: jonathanbailor.com (HTTP 403)
[2025-11-05 06:42:11] Success: jonesinfortaste.com -> 430 posts
[2025-11-05 06:42:11] Success: jobdescriptionandresumeexamples.com -> 4046 posts
[2025-11-05 06:42:11] Success: jobdescriptionandresumeexamples.com -> 4046 posts
[2025-11-05 06:42:11] Success: journalinghabit.com -> 24 posts
[2025-11-05 06:42:11] Not WordPress or API disabled: journeymansjournel.wordpress.com
[2025-11-05 06:42:11] Success: jolynneshane.com -> 5923 posts
[2025-11-05 06:42:12] Success: joeyhodesign.com -> 31 posts
[2025-11-05 06:42:12] WordPress but restricted: jov.arvojournals.org (HTTP 403)
[2025-11-05 06:42:12] Success: johntheplumber.ca -> 400 posts
[2025-11-05 06:42:12] Success: journalofcognitivepsychology.com -> 2098 posts
[2025-11-05 06:42:12] Success: journeymanhq.com -> 19515 posts
[2025-11-05 06:42:12] Success: journeyera.com -> 1435 posts
[2025-11-05 06:42:13] Success: joyberrystudios.com -> 157 posts
[2025-11-05 06:42:13] Success: jimajackson.com -> 195 posts
[2025-11-05 06:42:13] Success: joybauer.com -> 38 posts
[2025-11-05 06:42:13] Success: journeytoconsciousliving.com -> 180 posts
[2025-11-05 06:42:13] Success: josephbulfamanteandson.com -> 99 posts
[2025-11-05 06:42:13] Success: journeytoconsciousliving.com -> 180 posts
[2025-11-05 06:42:13] Success: journeytorecovery.com -> 215 posts
[2025-11-05 06:42:13] Success: journeytorecovery.com -> 215 posts
[2025-11-05 06:42:13] Connection error: intoindiegames.com
[2025-11-05 06:42:14] Success: joyfulhealthyeats.com -> 1175 posts
[2025-11-05 06:42:14] WordPress but no count header: joyofbaking.com
[2025-11-05 06:42:14] Success: joyce.edu -> 223 posts
[2025-11-05 06:42:14] Success: joyofandroid.com -> 2957 posts
[2025-11-05 06:42:14] Success: joyfilledeats.com -> 1038 posts
[2025-11-05 06:42:14] Success: joybileefarm.com -> 1179 posts
[2025-11-05 06:42:14] Success: joyfulhomemaking.com -> 1085 posts
[2025-11-05 06:42:15] Success: joyfullymad.com -> 496 posts
[2025-11-05 06:42:15] Not WordPress or API disabled: jpost.com
[2025-11-05 06:42:15] Success: joyoushealth.com -> 1293 posts
[2025-11-05 06:42:15] Success: juicehungry.com -> 670 posts
[2025-11-05 06:42:15] Success: joytothefood.com -> 382 posts
[2025-11-05 06:42:15] Success: joynights.org -> 585 posts
[2025-11-05 06:42:16] Success: joyfulthroughitall.com -> 280 posts
[2025-11-05 06:42:16] Success: joythebaker.com -> 2011 posts
[2025-11-05 06:42:16] Success: juicer360.com -> 82 posts
[2025-11-05 06:42:16] Success: juiceradvices.com -> 4109 posts
[2025-11-05 06:42:16] Success: jonathanmpham.com -> 464 posts
[2025-11-05 06:42:16] Success: jryze.me -> 17 posts
[2025-11-05 06:42:16] Success: joypetproducts.com -> 479 posts
[2025-11-05 06:42:17] Success: jrtinteriors.com -> 37 posts
[2025-11-05 06:42:17] Success: jtserviceco.com -> 228 posts
[2025-11-05 06:42:17] Unknown status: juicernet.com (HTTP 503)
[2025-11-05 06:42:17] Success: juicestoplincoln.com -> 1 posts
[2025-11-05 06:42:17] Success: juicing-for-health.com -> 1681 posts
[2025-11-05 06:42:17] Success: joyusgarden.com -> 440 posts
[2025-11-05 06:42:18] Success: juicingmadeeasy.com -> 532 posts
[2025-11-05 06:42:18] Success: juicingmadeeasy.com -> 532 posts
[2025-11-05 06:42:18] Success: juicerdiary.com -> 116 posts
[2025-11-05 06:42:18] Success: juliannaclaire.com -> 843 posts
[2025-11-05 06:42:18] Success: julieannart.com -> 903 posts
[2025-11-05 06:42:18] Connection error: inclusivetherapists.com
[2025-11-05 06:42:18] Success: juliebestry.com -> 647 posts
[2025-11-05 06:42:18] Unknown status: joyoforganics.com (HTTP 500)
[2025-11-05 06:42:19] Success: juicingwithg.com -> 177 posts
[2025-11-05 06:42:19] Success: juliasalbum.com -> 1067 posts
[2025-11-05 06:42:19] Success: juliapacheco.com -> 1193 posts
[2025-11-05 06:42:19] Not WordPress or API disabled: just-organized.com
[2025-11-05 06:42:19] Not WordPress or API disabled: jungalow.com
[2025-11-05 06:42:19] Success: justagirlandherblog.com -> 760 posts
[2025-11-05 06:42:19] Success: junipercares.com -> 17 posts
[2025-11-05 06:42:19] Success: juliescafebakery.com -> 2358 posts
[2025-11-05 06:42:19] Success: jupiterhadley.com -> 2138 posts
[2025-11-05 06:42:19] Not WordPress or API disabled: justapinch.com
[2025-11-05 06:42:20] Success: julieblanner.com -> 1536 posts
[2025-11-05 06:42:20] Success: justcatcafe.com -> 19126 posts
[2025-11-05 06:42:20] Success: justbreathemag.com -> 641 posts
[2025-11-05 06:42:20] Success: junglehugger.com -> 38 posts
[2025-11-05 06:42:20] Success: juliannayuri.com -> 1321 posts
[2025-11-05 06:42:21] Success: justcraftingaround.com -> 616 posts
[2025-11-05 06:42:21] WordPress but no count header: justlovecooking.com
[2025-11-05 06:42:21] Success: justaskjennp.com -> 137 posts
[2025-11-05 06:42:21] Success: juliety.com -> 83 posts
[2025-11-05 06:42:22] Connection error: jannekes.eu
[2025-11-05 06:42:22] Not WordPress or API disabled: justcook.tv
[2025-11-05 06:42:22] Success: justlivewell.com -> 83 posts
[2025-11-05 06:42:22] Success: justmyplate.com -> 86 posts
[2025-11-05 06:42:22] Success: justaddglam.com -> 565 posts
[2025-11-05 06:42:22] Success: justonecookbook.com -> 1434 posts
[2025-11-05 06:42:23] Success: justsimplymom.com -> 855 posts
[2025-11-05 06:42:23] Success: justsimplymom.com -> 855 posts
[2025-11-05 06:42:23] Success: justseeds.org -> 3656 posts
[2025-11-05 06:42:23] Success: justmeasuringup.com -> 168 posts
[2025-11-05 06:42:23] Success: justmeasuringup.com -> 168 posts
[2025-11-05 06:42:23] Success: justincanvas.com -> 48 posts
[2025-11-05 06:42:23] WordPress but no count header: kachiskitchen.com
[2025-11-05 06:42:23] Success: kaizen.com -> 3417 posts
[2025-11-05 06:42:23] Success: kalimirchbysmita.com -> 610 posts
[2025-11-05 06:42:23] Success: kaabtv.com -> 12242 posts
[2025-11-05 06:42:24] Success: justaveragejen.com -> 2276 posts
[2025-11-05 06:42:24] Success: k12.com -> 118 posts
[2025-11-05 06:42:24] Success: kannammacooks.com -> 1148 posts
[2025-11-05 06:42:24] Success: kalynskitchen.com -> 1645 posts
[2025-11-05 06:42:24] Success: kaiyahellard.com -> 46 posts
[2025-11-05 06:42:24] Success: karmacoffeecafe.com -> 1002 posts
[2025-11-05 06:42:24] Not WordPress or API disabled: karma-free-cooking.com
[2025-11-05 06:42:24] WordPress but restricted: katherineheigldogfood.com (HTTP 403)
[2025-11-05 06:42:25] Success: katemiddletonstyle.org -> 867 posts
[2025-11-05 06:42:25] Success: justthewoods.com -> 693 posts
[2025-11-05 06:42:25] Success: karalydon.com -> 523 posts
[2025-11-05 06:42:25] WordPress but restricted: katiecouric.com (HTTP 403)
[2025-11-05 06:42:25] Success: kaluhiskitchen.com -> 449 posts
[2025-11-05 06:42:25] Success: karynhaley.com -> 158 posts
[2025-11-05 06:42:26] Success: kathleenbarnes.com -> 420 posts
[2025-11-05 06:42:26] Connection error: jharkhandreporter.com
[2025-11-05 06:42:26] Connection error: jivanopedia.com
[2025-11-05 06:42:27] Not WordPress or API disabled: katnsatoshiinjapan.blogspot.com
[2025-11-05 06:42:27] Success: katiesbliss.com -> 1338 posts
[2025-11-05 06:42:27] Not WordPress or API disabled: katia.com
[2025-11-05 06:42:27] Success: katieskottage.com -> 135 posts
[2025-11-05 06:42:27] Success: kaplanpathways.com -> 419 posts
[2025-11-05 06:42:28] Success: katrinaleedesigns.com -> 2067 posts
[2025-11-05 06:42:28] Success: kaupungit.org -> 5238 posts
[2025-11-05 06:42:28] Success: katrinaleechambers.com -> 2067 posts
[2025-11-05 06:42:28] Not WordPress or API disabled: kayak.com
[2025-11-05 06:42:28] Success: katzenworld.co.uk -> 7055 posts
[2025-11-05 06:42:28] Success: kateable.com -> 360 posts
[2025-11-05 06:42:29] Success: kathysvegankitchen.com -> 738 posts
[2025-11-05 06:42:29] Not WordPress or API disabled: kcfashionweek.com
[2025-11-05 06:42:29] Success: kawalingpinoy.com -> 620 posts
[2025-11-05 06:42:29] Success: kclonline.com -> 165 posts
[2025-11-05 06:42:30] WordPress but restricted: keelerfamily.com (HTTP 403)
[2025-11-05 06:42:30] Success: kazmagazine.com -> 17 posts
[2025-11-05 06:42:30] Success: keanelandscaping.com -> 171 posts
[2025-11-05 06:42:30] Success: keeperofthehome.org -> 2186 posts
[2025-11-05 06:42:30] Success: kaynutrition.com -> 824 posts
[2025-11-05 06:42:30] Success: katyperry.com -> 7 posts
[2025-11-05 06:42:30] Success: karissasvegankitchen.com -> 303 posts
[2025-11-05 06:42:30] Success: kaveyeats.com -> 1681 posts
[2025-11-05 06:42:31] Success: keechicreekbuilders.com -> 437 posts
[2025-11-05 06:42:31] Success: keechicreekbuilders.com -> 437 posts
[2025-11-05 06:42:31] Success: keeperscleanusa.com -> 134 posts
[2025-11-05 06:42:31] Success: keepupcooking.com -> 353 posts
[2025-11-05 06:42:32] Success: keepingupchangs.com -> 329 posts
[2025-11-05 06:42:32] Unknown status: kelliesfoodtoglow.com (HTTP 500)
[2025-11-05 06:42:32] Success: keepfloridaworking.com -> 304 posts
[2025-11-05 06:42:32] Success: keepfloridaworking.com -> 304 posts
[2025-11-05 06:42:32] Success: kellogggarden.com -> 655 posts
[2025-11-05 06:42:32] Success: kellyscleankitchen.com -> 576 posts
[2025-11-05 06:42:32] Success: kemhospitalpune.org -> 103 posts
[2025-11-05 06:42:33] Success: keeptoddlersbusy.com -> 220 posts
[2025-11-05 06:42:33] Success: kejanicleaning.co.ke -> 665 posts
[2025-11-05 06:42:33] Success: keepitsimplelovely.com -> 125 posts
[2025-11-05 06:42:33] Success: kentcommunitytraining.org -> 0 posts
[2025-11-05 06:42:33] Success: kenh14.com -> 260 posts
[2025-11-05 06:42:33] Success: keepthetailwagging.com -> 179 posts
[2025-11-05 06:42:33] Success: kellysdrycleaners.com -> 168 posts
[2025-11-05 06:42:33] Success: kellysdrycleaners.com -> 168 posts
[2025-11-05 06:42:33] Connection error: interiordesignmagazine.com
[2025-11-05 06:42:33] Success: kerncodesigns.com -> 355 posts
[2025-11-05 06:42:34] Not WordPress or API disabled: ketointhecity.com
[2025-11-05 06:42:34] Success: ketoaholics.com -> 465 posts
[2025-11-05 06:42:34] Success: ketofocus.com -> 1 posts
[2025-11-05 06:42:34] Success: ketofocus.com -> 1 posts
[2025-11-05 06:42:35] Success: ketoconnect.net -> 675 posts
[2025-11-05 06:42:35] Success: keshart.in -> 118 posts
[2025-11-05 06:42:35] Not WordPress or API disabled: ketodietapp.com
[2025-11-05 06:42:35] Success: kernowcoastcarpentry.com -> 5 posts
[2025-11-05 06:42:35] Success: keymarketingstrategies.com -> 51 posts
[2025-11-05 06:42:35] Success: kelleynan.com -> 711 posts
[2025-11-05 06:42:35] Success: kevinian.com -> 255 posts
[2025-11-05 06:42:36] Success: keystoneedge.com -> 3861 posts
[2025-11-05 06:42:36] WordPress but no count header: khanacademy.org
[2025-11-05 06:42:36] Success: keviniscooking.com -> 881 posts
[2025-11-05 06:42:36] Success: ketomillenial.com -> 242 posts
[2025-11-05 06:42:36] Success: kezzabeth.co.uk -> 375 posts
[2025-11-05 06:42:37] Success: kidactivities.net -> 406 posts
[2025-11-05 06:42:37] Connection error: juicermag.com
[2025-11-05 06:42:37] Connection error: juicermag.com
[2025-11-05 06:42:37] Success: kids.earth.org -> 168 posts
[2025-11-05 06:42:37] Success: kff.org -> 7959 posts
[2025-11-05 06:42:37] Success: khazairugcleaning.com -> 331 posts
[2025-11-05 06:42:37] Success: khccares.com -> 84 posts
[2025-11-05 06:42:37] Success: kidactivities.net -> 406 posts
[2025-11-05 06:42:37] Success: khccares.com -> 84 posts
[2025-11-05 06:42:38] Success: keystoneclosing.com -> 260 posts
[2025-11-05 06:42:38] Success: kidsartncraft.com -> 5221 posts
[2025-11-05 06:42:38] Success: kidneyaid.org -> 675 posts
[2025-11-05 06:42:39] Success: kidscraftroom.com -> 891 posts
[2025-11-05 06:42:39] Connection error: itsakeeper.com
[2025-11-05 06:42:39] Unknown status: justea.net (HTTP 522)
[2025-11-05 06:42:39] Success: kidsactivitiesblog.com -> 12715 posts
[2025-11-05 06:42:39] Success: kidsusamontessori.org -> 118 posts
[2025-11-05 06:42:39] Unknown status: justea.net (HTTP 522)
[2025-11-05 06:42:39] Success: kidsactivitiesblog.com -> 12715 posts
[2025-11-05 06:42:39] Success: kidsfirstfund.org -> 4 posts
[2025-11-05 06:42:40] Success: kiddsservices.com -> 6 posts
[2025-11-05 06:42:40] Success: kidscraftsbythreesisters.com -> 48 posts
[2025-11-05 06:42:40] Success: kidsmoney.org -> 118 posts
[2025-11-05 06:42:40] Not WordPress or API disabled: kidshealth.org
[2025-11-05 06:42:40] Success: kiatlay.com.sg -> 88 posts
[2025-11-05 06:42:40] Success: kidsareatrip.com -> 685 posts
[2025-11-05 06:42:40] Success: kidsbeautyexpert.com -> 156 posts
[2025-11-05 06:42:40] Success: kiatlay.com.sg -> 88 posts
[2025-11-05 06:42:40] Connection error: kingfishersnest.com
[2025-11-05 06:42:40] Success: kidswithfoodallergies.org -> 9 posts
[2025-11-05 06:42:41] Success: kindbody.com -> 354 posts
[2025-11-05 06:42:41] Success: kimchimari.com -> 387 posts
[2025-11-05 06:42:41] Success: kimchimari.com -> 387 posts
[2025-11-05 06:42:41] Success: kindness-compassion-and-coaching.com -> 294 posts
[2025-11-05 06:42:41] Connection error: justgreenorganic.co.uk
[2025-11-05 06:42:41] Not WordPress or API disabled: kimmurton.blogspot.com
[2025-11-05 06:42:41] Success: kidsrelaxation.com -> 221 posts
[2025-11-05 06:42:41] Success: kindafrugal.com -> 1569 posts
[2025-11-05 06:42:41] Success: kinetikwellbeing.com -> 186 posts
[2025-11-05 06:42:41] Connection error: kitchenambition.com
[2025-11-05 06:42:42] Not WordPress or API disabled: kingarthurbaking.com
[2025-11-05 06:42:42] Success: kirklees-talkingtherapies.nhs.uk -> 0 posts
[2025-11-05 06:42:42] WordPress but restricted: kitchencabinetkings.com (HTTP 403)
[2025-11-05 06:42:42] Success: kidswayclinic.com -> 3 posts
[2025-11-05 06:42:42] Success: kirbiecravings.com -> 4959 posts
[2025-11-05 06:42:42] Success: kitchen.kidneyfund.org -> 49 posts
[2025-11-05 06:42:42] Success: kinggalleries.com -> 169 posts
[2025-11-05 06:42:42] Success: kippiathome.com -> 391 posts
[2025-11-05 06:42:43] WordPress but no count header: kitchen.sayidaty.net
[2025-11-05 06:42:43] Success: kitchenfunwithmy3sons.com -> 3927 posts
[2025-11-05 06:42:43] Success: kingheating.com -> 194 posts
[2025-11-05 06:42:43] Success: kitchenjournal.net -> 26537 posts
[2025-11-05 06:42:43] Success: kitchenauthority.net -> 190 posts
[2025-11-05 06:42:43] Success: kitchenbutterfly.com -> 997 posts
[2025-11-05 06:42:43] Success: justwood.it -> 14 posts
[2025-11-05 06:42:43] Success: kitchenbarrels.com -> 83 posts
[2025-11-05 06:42:43] Success: kidzoot.com -> 301 posts
[2025-11-05 06:42:44] Success: kitchenpearls.com -> 37823 posts
[2025-11-05 06:42:44] Success: kitchensubstitute.com -> 954 posts
[2025-11-05 06:42:44] Connection error: kitchenparade.com
[2025-11-05 06:42:44] Success: kitchenfreak.com -> 64 posts
[2025-11-05 06:42:44] Connection error: kalosflorida.com
[2025-11-05 06:42:44] Success: kitchensterling.com -> 19062 posts
[2025-11-05 06:42:44] Success: kitchenscholar.com -> 1127 posts
[2025-11-05 06:42:44] Success: kitchensanity.com -> 538 posts
[2025-11-05 06:42:45] Success: kitchenliker.com -> 200 posts
[2025-11-05 06:42:45] Success: kitchenshortcuts.net -> 8 posts
[2025-11-05 06:42:45] Success: kitchenra.com -> 5103 posts
[2025-11-05 06:42:45] Success: kitchenfrau.com -> 677 posts
[2025-11-05 06:42:45] WordPress but restricted: kisses-for-breakfast.com (HTTP 401)
[2025-11-05 06:42:45] Success: kitchenshortcuts.net -> 8 posts
[2025-11-05 06:42:45] Success: kitchenheed.com -> 607 posts
[2025-11-05 06:42:45] Success: kitchenzoes.com -> 746 posts
[2025-11-05 06:42:45] Success: kitchenwarrior.co.uk -> 1122 posts
[2025-11-05 06:42:46] Success: knockoffdecor.com -> 4435 posts
[2025-11-05 06:42:46] Success: knowingfabric.com -> 20225 posts
[2025-11-05 06:42:46] Success: kitchentreaty.com -> 923 posts
[2025-11-05 06:42:46] Success: korrashay.com -> 863 posts
[2025-11-05 06:42:46] Success: konnant.com -> 13 posts
[2025-11-05 06:42:46] Success: knowyourbuilding.com -> 357 posts
[2025-11-05 06:42:46] WordPress but restricted: kotaku.com (HTTP 403)
[2025-11-05 06:42:46] Success: kolleqtive.com -> 632 posts
[2025-11-05 06:42:47] Success: kolleqtive.com -> 632 posts
[2025-11-05 06:42:47] Success: kosgames.com -> 3973 posts
[2025-11-05 06:42:47] Success: knottsfamilyagency.org -> 65 posts
[2025-11-05 06:42:47] Success: knickoftime.net -> 2432 posts
[2025-11-05 06:42:47] Success: kortschakcenter.usc.edu -> 5 posts
[2025-11-05 06:42:47] Success: kopiaste.org -> 1160 posts
[2025-11-05 06:42:47] Success: kotaku.com.au -> 49 posts
[2025-11-05 06:42:47] Connection error: kraftrecipes.com
[2025-11-05 06:42:48] Success: kotigi.com -> 809 posts
[2025-11-05 06:42:48] Success: korean-cooking.com -> 584 posts
[2025-11-05 06:42:48] Success: kpopnewswire.com -> 6124 posts
[2025-11-05 06:42:48] Success: kpopnewswire.com -> 6124 posts
[2025-11-05 06:42:48] Success: knowyourbest.com -> 5317 posts
[2025-11-05 06:42:48] Success: knottednest.com -> 54 posts
[2025-11-05 06:42:48] Success: kowme.com -> 35 posts
[2025-11-05 06:42:48] Success: krismunro.co.uk -> 1449 posts
[2025-11-05 06:42:48] Success: kowme.com -> 35 posts
[2025-11-05 06:42:48] Connection error: kristinacorbett.com
[2025-11-05 06:42:48] Success: kitchensanctuary.com -> 967 posts
[2025-11-05 06:42:48] Success: ktloghomes.com -> 98 posts
[2025-11-05 06:42:49] Connection error: krokotak.com
[2025-11-05 06:42:49] Success: kristenlevine.com -> 211 posts
[2025-11-05 06:42:49] Success: kowalske.com -> 88 posts
[2025-11-05 06:42:49] Connection error: kunalkapur.com
[2025-11-05 06:42:49] Success: kravelv.com -> 3824 posts
[2025-11-05 06:42:49] Success: kowalskimountain.com -> 246 posts
[2025-11-05 06:42:49] Success: kowalskimountain.com -> 246 posts
[2025-11-05 06:42:50] Success: kulicksfrenchtoastrecipes.com -> 16 posts
[2025-11-05 06:42:50] Success: kraycustomrefinish.com -> 30 posts
[2025-11-05 06:42:50] Success: kuellife.com -> 2400 posts
[2025-11-05 06:42:50] WordPress but no count header: kyotodailytours.com
[2025-11-05 06:42:51] Success: ktjmalaysia.com -> 45 posts
[2025-11-05 06:42:51] Success: krumpli.co.uk -> 928 posts
[2025-11-05 06:42:51] Success: laboratorytesting.com -> 0 posts
[2025-11-05 06:42:51] Not WordPress or API disabled: lacoquette.com
[2025-11-05 06:42:51] Success: lacademie.com -> 2462 posts
[2025-11-05 06:42:52] Not WordPress or API disabled: lacucinaitaliana.it
[2025-11-05 06:42:52] Success: kepstencleaningservices.com -> 22 posts
[2025-11-05 06:42:52] Success: kurahome.com -> 123 posts
[2025-11-05 06:42:52] Success: kepstencleaningservices.com -> 22 posts
[2025-11-05 06:42:52] Success: kurahome.com -> 123 posts
[2025-11-05 06:42:52] Success: kurttasche.com -> 10361 posts
[2025-11-05 06:42:52] Success: kuopio.fi -> 2284 posts
[2025-11-05 06:42:52] Success: ladyandpups.com -> 539 posts
[2025-11-05 06:42:53] Success: laidbacklit.com -> 381 posts
[2025-11-05 06:42:53] Success: kitchensurfing.com -> 3191 posts
[2025-11-05 06:42:53] Success: ladymarielle.com -> 1042 posts
[2025-11-05 06:42:53] Success: laguiadebuenosaires.com -> 156 posts
[2025-11-05 06:42:53] Success: kunschiropractic.com -> 1114 posts
[2025-11-05 06:42:53] Success: kunschiropractic.com -> 1114 posts
[2025-11-05 06:42:53] Success: krechexteriors.com -> 494 posts
[2025-11-05 06:42:53] Success: krechexteriors.com -> 494 posts
[2025-11-05 06:42:53] Success: lahtaclinic.ru -> 1 posts
[2025-11-05 06:42:53] Success: ladydecluttered.com -> 1069 posts
[2025-11-05 06:42:53] Success: lafeber.com -> 23 posts
[2025-11-05 06:42:53] Connection error: kentcommunitytraining.org
[2025-11-05 06:42:54] Success: landscapingsandpoint.com -> 0 posts
[2025-11-05 06:42:54] Connection error: landolakes.com
[2025-11-05 06:42:54] Success: lamclinic.com -> 2342 posts
[2025-11-05 06:42:54] Not WordPress or API disabled: lannalife264520817.wordpress.com
[2025-11-05 06:42:54] Success: lakelandcurrents.com -> 4078 posts
[2025-11-05 06:42:54] Success: landscaping.com.sg -> 50 posts
[2025-11-05 06:42:54] Success: languagelearning.site -> 7711 posts
[2025-11-05 06:42:54] Success: lakesidemilam.com -> 259 posts
[2025-11-05 06:42:54] WordPress but no count header: largerfamilies.study
[2025-11-05 06:42:55] Success: landcaregardencenter.com -> 15 posts
[2025-11-05 06:42:55] Success: lastingnames.com -> 0 posts
[2025-11-05 06:42:55] Success: landscapingduty.com -> 2020 posts
[2025-11-05 06:42:55] Success: ladylynnsfabrics.com -> 0 posts
[2025-11-05 06:42:55] Success: kindergartenworksheetsandgames.com -> 1163 posts
[2025-11-05 06:42:55] Success: lasrydentalclinic.com -> 88 posts
[2025-11-05 06:42:55] Not WordPress or API disabled: landscapingnetwork.com
[2025-11-05 06:42:56] Success: lapuentehome.org -> 22 posts
[2025-11-05 06:42:56] Success: languageadvisor.net -> 5400 posts
[2025-11-05 06:42:56] Success: largefamilytable.com -> 1045 posts
[2025-11-05 06:42:56] Success: larderlove.com -> 809 posts
[2025-11-05 06:42:56] Not WordPress or API disabled: latoyah.co.uk
[2025-11-05 06:42:56] Not WordPress or API disabled: latimes.com
[2025-11-05 06:42:56] Success: lambertslately.com -> 269 posts
[2025-11-05 06:42:56] Success: lambertslately.com -> 269 posts
[2025-11-05 06:42:56] Success: languageconservancy.org -> 118 posts
[2025-11-05 06:42:56] WordPress but no count header: laundrytowear.com
[2025-11-05 06:42:56] Success: lassonde.utah.edu -> 1899 posts
[2025-11-05 06:42:56] Success: latinofoodie.com -> 479 posts
[2025-11-05 06:42:57] Success: lanphanfreezedrying.com -> 78 posts
[2025-11-05 06:42:57] Success: laughingkidslearn.com -> 486 posts
[2025-11-05 06:42:57] Success: lanternlanedesigns.com -> 262 posts
[2025-11-05 06:42:57] Success: laundryassociation.org -> 70 posts
[2025-11-05 06:42:57] Success: latinoliteracy.com -> 400 posts
[2025-11-05 06:42:57] Success: laughlore.com -> 3245 posts
[2025-11-05 06:42:58] Success: lanstepapls.com -> 45 posts
[2025-11-05 06:42:58] Success: laurenconrad.com -> 907 posts
[2025-11-05 06:42:58] Success: lauraunveiled.com -> 106 posts
[2025-11-05 06:42:58] Success: laurelberninteriors.com -> 967 posts
[2025-11-05 06:42:58] Success: laundrycare.biz -> 138 posts
[2025-11-05 06:42:58] Success: lauraradniecki.com -> 329 posts
[2025-11-05 06:42:58] Success: laurafuentes.com -> 1744 posts
[2025-11-05 06:42:58] Unknown status: lavignenaturals.com (HTTP 503)
[2025-11-05 06:42:58] Success: kitchenhim.com -> 127 posts
[2025-11-05 06:42:59] Success: launchmetrics.com -> 844 posts
[2025-11-05 06:42:59] WordPress but restricted: laylita.com (HTTP 403)
[2025-11-05 06:42:59] Success: lavenderluz.com -> 1085 posts
[2025-11-05 06:42:59] Success: laundrycare.biz -> 138 posts
[2025-11-05 06:42:59] Success: leaders.com -> 629 posts
[2025-11-05 06:42:59] Success: leaders.com -> 629 posts
[2025-11-05 06:42:59] Success: lawndoctor.com -> 191 posts
[2025-11-05 06:42:59] WordPress but restricted: leaf.nutrisystem.com (HTTP 403)
[2025-11-05 06:42:59] Success: lavisliving.com -> 219 posts
[2025-11-05 06:42:59] Success: laurenslatest.com -> 1629 posts
[2025-11-05 06:42:59] Success: lawnmowerguru.com -> 656 posts
[2025-11-05 06:42:59] Success: lawnmowerguru.com -> 656 posts
[2025-11-05 06:43:00] Success: lawnchick.com -> 281 posts
[2025-11-05 06:43:00] Success: lazycatkitchen.com -> 904 posts
[2025-11-05 06:43:00] Success: layoutsparks.com -> 134 posts
[2025-11-05 06:43:00] Success: laurenfitfoodie.com -> 788 posts
[2025-11-05 06:43:00] Success: lawrenceparkgardencare.com -> 96 posts
[2025-11-05 06:43:00] WordPress but no count header: leafysouls.com
[2025-11-05 06:43:00] Success: lauraconteuse.com -> 416 posts
[2025-11-05 06:43:00] Success: lauraunveiled.com -> 106 posts
[2025-11-05 06:43:00] Not WordPress or API disabled: learn.filtered.com
[2025-11-05 06:43:00] Success: leaguetips.gg -> 710 posts
[2025-11-05 06:43:00] Success: leafyplace.com -> 845 posts
[2025-11-05 06:43:00] WordPress but restricted: learn4good.com (HTTP 403)
[2025-11-05 06:43:01] Success: leanmanufacturing.online -> 713 posts
[2025-11-05 06:43:01] Not WordPress or API disabled: leahpetersfitness.com
[2025-11-05 06:43:01] Success: learningenglishwithoxford.com -> 173 posts
[2025-11-05 06:43:01] Success: lavenderandlovage.com -> 1709 posts
[2025-11-05 06:43:01] Success: laylashine.com -> 1045 posts
[2025-11-05 06:43:01] WordPress but restricted: learningcenter.unc.edu (HTTP 403)
[2025-11-05 06:43:01] Success: ldnfashion.com -> 6633 posts
[2025-11-05 06:43:01] Success: leafscore.com -> 414 posts
[2025-11-05 06:43:01] Success: learn.kregtool.com -> 0 posts
[2025-11-05 06:43:01] Success: learn.educify.org -> 44 posts
[2025-11-05 06:43:01] Success: learnincolor.com -> 467 posts
[2025-11-05 06:43:02] Success: learncalifornia.org -> 2026 posts
[2025-11-05 06:43:02] Success: leagueofdressmakers.com -> 169 posts
[2025-11-05 06:43:02] Success: learningenglishwithoxford.oup.com -> 129 posts
[2025-11-05 06:43:02] Success: leapoffaithcrafting.com -> 803 posts
[2025-11-05 06:43:02] WordPress but no count header: learnleansigma.com
[2025-11-05 06:43:02] Success: learningforapurpose.com -> 272 posts
[2025-11-05 06:43:02] Success: learningwithangie.com -> 277 posts
[2025-11-05 06:43:02] Success: learningforapurpose.com -> 272 posts
[2025-11-05 06:43:03] Success: learningmole.com -> 5009 posts
[2025-11-05 06:43:03] Success: leanwhisper.com -> 402 posts
[2025-11-05 06:43:03] Success: learning-ninja.com -> 179 posts
[2025-11-05 06:43:03] Success: lean.org -> 2606 posts
[2025-11-05 06:43:03] Connection error: lefitchef.it
[2025-11-05 06:43:03] Success: learningservices.gmu.edu -> 3 posts
[2025-11-05 06:43:03] Success: learntherussianlanguage.com -> 223 posts
[2025-11-05 06:43:03] Success: learnthetypes.com -> 5633 posts
[2025-11-05 06:43:03] Success: learnthetypes.com -> 5633 posts
[2025-11-05 06:43:03] Success: laurenfitfoodie.com -> 788 posts
[2025-11-05 06:43:04] Not WordPress or API disabled: legallyfit.net
[2025-11-05 06:43:04] Success: lefurniturerepair.com -> 60 posts
[2025-11-05 06:43:04] WordPress but restricted: legacy.com (HTTP 403)
[2025-11-05 06:43:04] Success: leanwhisper.com -> 402 posts
[2025-11-05 06:43:04] Success: learntogrowgardens.com -> 49 posts
[2025-11-05 06:43:04] Success: leecompany.com -> 396 posts
[2025-11-05 06:43:04] Success: learningtobesustainable.com -> 80 posts
[2025-11-05 06:43:04] Success: lecremedelacrumb.com -> 1375 posts
[2025-11-05 06:43:05] Success: learntable.org -> 0 posts
[2025-11-05 06:43:05] Success: learntostudy.net -> 90 posts
[2025-11-05 06:43:05] Success: learnlanguagesfromhome.com -> 629 posts
[2025-11-05 06:43:05] Success: leatheradvice.com -> 389 posts
[2025-11-05 06:43:05] Success: leftbraincraftbrain.com -> 442 posts
[2025-11-05 06:43:05] Success: lemonlimeadventures.com -> 883 posts
[2025-11-05 06:43:05] Success: lehmanningredients.co.uk -> 17 posts
[2025-11-05 06:43:05] Success: legalsupportworld.com -> 167 posts
[2025-11-05 06:43:05] Success: leitesculinaria.com -> 2728 posts
[2025-11-05 06:43:05] Success: lemonyblog.com -> 3700 posts
[2025-11-05 06:43:05] Success: legallyhealthyblonde.com -> 191 posts
[2025-11-05 06:43:06] Success: lemonslavenderandlaundry.com -> 247 posts
[2025-11-05 06:43:06] Success: lemonblossoms.com -> 520 posts
[2025-11-05 06:43:06] Success: legendarycasual.com -> 124 posts
[2025-11-05 06:43:06] Success: lestylorouge.com -> 953 posts
[2025-11-05 06:43:06] Success: lemonthistle.com -> 878 posts
[2025-11-05 06:43:06] Success: lessismore.org -> 142 posts
[2025-11-05 06:43:06] Success: leoncechenal.com -> 330 posts
[2025-11-05 06:43:07] Success: lemontreedwelling.com -> 1364 posts
[2025-11-05 06:43:07] Connection error: levelup-hq.com
[2025-11-05 06:43:07] Success: leopardgecko.care -> 79 posts
[2025-11-05 06:43:07] Success: letslearntosew.com -> 442 posts
[2025-11-05 06:43:07] Success: lexwhatwear.com -> 1736 posts
[2025-11-05 06:43:07] Success: lessinvest.com -> 148 posts
[2025-11-05 06:43:08] Success: letsgogreen.com -> 27 posts
[2025-11-05 06:43:08] Success: letsrenovate.com -> 6420 posts
[2025-11-05 06:43:08] Success: letscleanthatup.com -> 102 posts
[2025-11-05 06:43:08] Success: letsaddbeauty.com -> 23 posts
[2025-11-05 06:43:08] Success: letsmaketogether.com -> 6 posts
[2025-11-05 06:43:08] Success: lickmyspoon.com -> 521 posts
[2025-11-05 06:43:08] Success: letslearnirish.com -> 284 posts
[2025-11-05 06:43:09] Success: liagriffith.com -> 3694 posts
[2025-11-05 06:43:09] Success: libtitle.com -> 122 posts
[2025-11-05 06:43:09] Success: lifeandabudget.com -> 282 posts
[2025-11-05 06:43:09] Success: lghomecomfort.ca -> 173 posts
[2025-11-05 06:43:09] Success: life-in-the-lofthouse.com -> 1587 posts
[2025-11-05 06:43:09] WordPress but no count header: lifeat.io
[2025-11-05 06:43:09] Success: lifefamilyfun.com -> 928 posts
[2025-11-05 06:43:09] Success: letsdrinktea.com -> 198 posts
[2025-11-05 06:43:09] Success: lethow.com -> 1821 posts
[2025-11-05 06:43:09] Success: lethow.com -> 1821 posts
[2025-11-05 06:43:10] Success: lifeandhealth.org -> 603 posts
[2025-11-05 06:43:10] Success: lifeflight.org -> 3 posts
[2025-11-05 06:43:10] Success: lifecoachhub.com -> 1055 posts
[2025-11-05 06:43:10] Success: lianaskitchen.co.uk -> 698 posts
[2025-11-05 06:43:10] Success: levelwinner.com -> 6565 posts
[2025-11-05 06:43:10] Success: letthyfood.com -> 90 posts
[2025-11-05 06:43:10] Success: lifedev.net -> 727 posts
[2025-11-05 06:43:10] WordPress but restricted: lifehack.org (HTTP 401)
[2025-11-05 06:43:10] Success: lifeasaleowife.com -> 708 posts
[2025-11-05 06:43:10] Success: lifeasastrawberry.com -> 413 posts
[2025-11-05 06:43:11] Success: lifehacks.io -> 761 posts
[2025-11-05 06:43:11] Success: lifeispositive.com -> 832 posts
[2025-11-05 06:43:11] Success: lifehack-solution.com -> 304 posts
[2025-11-05 06:43:11] Not WordPress or API disabled: lifehacker.com
[2025-11-05 06:43:11] Success: lifeispositive.com -> 832 posts
[2025-11-05 06:43:11] Success: lifeconceptual.com -> 10477 posts
[2025-11-05 06:43:11] Success: lifeinlines.com -> 1431 posts
[2025-11-05 06:43:12] Success: lifeasmom.com -> 958 posts
[2025-11-05 06:43:12] WordPress but restricted: lifelabs.com (HTTP 403)
[2025-11-05 06:43:12] Not WordPress or API disabled: lifelong.org
[2025-11-05 06:43:12] Success: lifehackmethod.com -> 189 posts
[2025-11-05 06:43:12] Success: lifeisbetterwithtea.com -> 125 posts
[2025-11-05 06:43:12] Success: lifeisbetterwithtea.com -> 125 posts
[2025-11-05 06:43:12] Success: lifeonthegulfstream.com -> 22 posts
[2025-11-05 06:43:12] Success: lifeissweeterbydesign.com -> 1355 posts
[2025-11-05 06:43:12] Success: lifemadesweeter.com -> 1330 posts
[2025-11-05 06:43:12] Not WordPress or API disabled: lifeplustwins.wordpress.com
[2025-11-05 06:43:13] Success: lgbtqiacounseling.com -> 142 posts
[2025-11-05 06:43:13] Success: lifeimprovement.co.uk -> 103 posts
[2025-11-05 06:43:13] Not WordPress or API disabled: liferebooted.net
[2025-11-05 06:43:13] Success: lifeonvirginiastreet.com -> 2858 posts
[2025-11-05 06:43:13] Success: lifelearn.com -> 669 posts
[2025-11-05 06:43:13] Success: lifenreflection.com -> 432 posts
[2025-11-05 06:43:13] Success: lifenextlevel.com -> 27 posts
[2025-11-05 06:43:13] Success: lifestylemedicine.stanford.edu -> 318 posts
[2025-11-05 06:43:13] Unknown status: lifewire.com (HTTP 460)
[2025-11-05 06:43:13] Success: lifestyleofafoodie.com -> 952 posts
[2025-11-05 06:43:13] Success: lifestyle.org -> 354 posts
[2025-11-05 06:43:13] Success: lifeonsummerhill.com -> 615 posts
[2025-11-05 06:43:14] Not WordPress or API disabled: lifewithclottedcream.com
[2025-11-05 06:43:14] Success: lifescapecolorado.com -> 804 posts
[2025-11-05 06:43:14] Success: lifetimeadoption.com -> 346 posts
[2025-11-05 06:43:14] Success: lifetreeplanner.com -> 277 posts
[2025-11-05 06:43:14] Success: lifestylemedicine.org -> 113 posts
[2025-11-05 06:43:15] Success: lifetransitionskills.org -> 109 posts
[2025-11-05 06:43:15] Success: lifetransitionskills.org -> 109 posts
[2025-11-05 06:43:15] Success: lifewithjs.com -> 832 posts
[2025-11-05 06:43:15] Success: lifewithjs.com -> 832 posts
[2025-11-05 06:43:15] Success: likeavegan.com.au -> 630 posts
[2025-11-05 06:43:16] Success: lifepathscounseling.com -> 33 posts
[2025-11-05 06:43:16] Success: lili.co -> 137 posts
[2025-11-05 06:43:16] Success: lifewithkrich.com -> 30 posts
[2025-11-05 06:43:16] Success: lifewithkrich.com -> 30 posts
[2025-11-05 06:43:16] Success: lightandlayer.com -> 4347 posts
[2025-11-05 06:43:16] Success: lifesahmazing.com -> 50 posts
[2025-11-05 06:43:16] Success: lightingcraze.com -> 48 posts
[2025-11-05 06:43:16] Success: limblecmms.com -> 395 posts
[2025-11-05 06:43:17] Not WordPress or API disabled: link.denverstylemagazine.com
[2025-11-05 06:43:17] Success: lifepart2andbeyond.com -> 766 posts
[2025-11-05 06:43:17] Success: lifewithrumie.com -> 215 posts
[2025-11-05 06:43:17] Success: lionaircooling.com -> 65 posts
[2025-11-05 06:43:17] Success: lionaircooling.com -> 65 posts
[2025-11-05 06:43:17] Success: lilyardor.com -> 218 posts
[2025-11-05 06:43:17] Success: lilluna.com -> 2412 posts
[2025-11-05 06:43:17] Connection error: laundrywala.in
[2025-11-05 06:43:17] Unknown status: liquor.com (HTTP 460)
[2025-11-05 06:43:17] Success: lindnercenterofhope.org -> 714 posts
[2025-11-05 06:43:18] WordPress but restricted: lisasstampstudio.com (HTTP 403)
[2025-11-05 06:43:18] Success: lindiandruss.com -> 906 posts
[2025-11-05 06:43:18] Success: liquidinsider.com -> 17260 posts
[2025-11-05 06:43:18] Success: liquidinsider.com -> 17260 posts
[2025-11-05 06:43:18] Success: lifeunflaked.com -> 55 posts
[2025-11-05 06:43:18] Success: literallydarling.com -> 5997 posts
[2025-11-05 06:43:18] Success: likewhereyouregoing.com -> 260 posts
[2025-11-05 06:43:18] Success: lingualift.com -> 403 posts
[2025-11-05 06:43:19] Success: lissarankin.com -> 657 posts
[2025-11-05 06:43:19] Success: lionsroar.com -> 0 posts
[2025-11-05 06:43:19] Success: listotic.com -> 325 posts
[2025-11-05 06:43:19] Success: lifegoalsmag.com -> 988 posts
[2025-11-05 06:43:19] Success: lithub.com -> 37955 posts
[2025-11-05 06:43:19] Success: lillieeatsandtells.com -> 448 posts
[2025-11-05 06:43:20] Success: lindywell.com -> 844 posts
[2025-11-05 06:43:20] Not WordPress or API disabled: littlehouseoffour.com
[2025-11-05 06:43:20] Success: littleferrarokitchen.com -> 573 posts
[2025-11-05 06:43:20] Success: littafi.com -> 787 posts
[2025-11-05 06:43:20] Success: littlecreekrecovery.org -> 686 posts
[2025-11-05 06:43:21] Success: liquorlaboratory.com -> 1892 posts
[2025-11-05 06:43:21] Success: littlebinsforlittlehands.com -> 1921 posts
[2025-11-05 06:43:21] WordPress but no count header: littlehouseonthecorner.com
[2025-11-05 06:43:21] Success: littlechefwithin.com -> 250 posts
[2025-11-05 06:43:21] Success: littleglassjar.com -> 296 posts
[2025-11-05 06:43:21] Success: littera24.com -> 125 posts
[2025-11-05 06:43:22] Success: littlespicejar.com -> 1009 posts
[2025-11-05 06:43:22] Success: littlethings.com -> 52827 posts
[2025-11-05 06:43:22] Success: lionden.com -> 0 posts
[2025-11-05 06:43:22] Success: littlehouseliving.com -> 1394 posts
[2025-11-05 06:43:22] Success: littlenorthernbakehouse.com -> 65 posts
[2025-11-05 06:43:23] Not WordPress or API disabled: littlewrenpottery.co.uk
[2025-11-05 06:43:23] Connection error: learnlanguagesfast.com
[2025-11-05 06:43:23] Success: lisatannerwriting.com -> 311 posts
[2025-11-05 06:43:23] Success: liveboldandbloom.com -> 1759 posts
[2025-11-05 06:43:23] Success: littletennesseehome.com -> 153 posts
[2025-11-05 06:43:24] Success: liverfoundation.org -> 239 posts
[2025-11-05 06:43:24] Success: littlesugarsnaps.com -> 513 posts
[2025-11-05 06:43:24] Success: littlesproutslearning.co -> 1135 posts
[2025-11-05 06:43:24] Success: livebetterlifestyle.com -> 116 posts
[2025-11-05 06:43:24] WordPress but no count header: livestrong.com
[2025-11-05 06:43:24] Success: livetoplant.com -> 151847 posts
[2025-11-05 06:43:24] Success: livegusto.com -> 368 posts
[2025-11-05 06:43:24] Success: listinspired.com -> 503 posts
[2025-11-05 06:43:24] WordPress but restricted: livewellsouthwest.co.uk (HTTP 403)
[2025-11-05 06:43:25] Success: liquidimageco.com -> 43932 posts
[2025-11-05 06:43:25] Success: livesimply.me -> 953 posts
[2025-11-05 06:43:25] Success: littlevoicebigmatter.com -> 88 posts
[2025-11-05 06:43:25] Not WordPress or API disabled: livforsweetsbakery.com
[2025-11-05 06:43:25] Success: littlemultilingualminds.com -> 11 posts
[2025-11-05 06:43:25] Success: livewell.com -> 16815 posts
[2025-11-05 06:43:25] WordPress but restricted: livingetc.com (HTTP 403)
[2025-11-05 06:43:25] Success: livinator.com -> 5266 posts
[2025-11-05 06:43:25] Not WordPress or API disabled: livingfullblog.health.blog
[2025-11-05 06:43:26] Success: liveeatlearn.com -> 1330 posts
[2025-11-05 06:43:26] Success: livesimplybyannie.com -> 1504 posts
[2025-11-05 06:43:26] Success: liveeatlearn.com -> 1330 posts
[2025-11-05 06:43:26] Success: livingbeyondallergies.com -> 0 posts
[2025-11-05 06:43:26] Success: livetoday4tomorrow.com -> 574 posts
[2025-11-05 06:43:26] Success: livingandeducation.com -> 154 posts
[2025-11-05 06:43:27] Success: livingminimalism.com -> 7 posts
[2025-11-05 06:43:27] Connection error: knockoffwood.com
[2025-11-05 06:43:27] Success: livingouradventures.com -> 76 posts
[2025-11-05 06:43:27] Success: livinggreenandfrugally.com -> 1679 posts
[2025-11-05 06:43:27] Success: livinginatiny.com -> 517 posts
[2025-11-05 06:43:27] Success: livingletterhome.com -> 468 posts
[2025-11-05 06:43:28] Success: livingletterhome.com -> 468 posts
[2025-11-05 06:43:28] Success: livingonthecheap.com -> 1889 posts
[2025-11-05 06:43:28] Success: livingonadime.com -> 1441 posts
[2025-11-05 06:43:28] Success: livingonadime.com -> 1441 posts
[2025-11-05 06:43:28] Success: livinglocurto.com -> 1924 posts
[2025-11-05 06:43:28] Success: livingmontessorinow.com -> 1809 posts
[2025-11-05 06:43:28] Success: livingwell.org.au -> 10 posts
[2025-11-05 06:43:28] Success: livinglocurto.com -> 1924 posts
[2025-11-05 06:43:28] Success: littlelosttravel.com -> 197 posts
[2025-11-05 06:43:28] Success: livingrichlyonabudget.com -> 351 posts
[2025-11-05 06:43:28] WordPress but restricted: lluh.org (HTTP 403)
[2025-11-05 06:43:29] Success: livingsmall.com -> 154 posts
[2025-11-05 06:43:29] Success: life-skills.middletownautism.com -> 0 posts
[2025-11-05 06:43:29] WordPress but no count header: livingyourseniorlife.com
[2025-11-05 06:43:29] Not WordPress or API disabled: livelovediy.com
[2025-11-05 06:43:29] Success: liztex.com -> 1 posts
[2025-11-05 06:43:29] Success: livetheminimalistlifestyle.com -> 182 posts
[2025-11-05 06:43:30] WordPress but no count header: localfloorcleaner.com
[2025-11-05 06:43:30] Success: localdentalsa.com -> 118 posts
[2025-11-05 06:43:30] WordPress but restricted: localfirstbank.com (HTTP 403)
[2025-11-05 06:43:30] Success: livingwellspendingless.com -> 1122 posts
[2025-11-05 06:43:30] Success: lixtle.com -> 202 posts
[2025-11-05 06:43:30] Success: loaids.com -> 424 posts
[2025-11-05 06:43:30] Success: lobsterandswan.com -> 1125 posts
[2025-11-05 06:43:31] Success: localvietnam.com -> 399 posts
[2025-11-05 06:43:31] Success: localiq.com -> 1307 posts
[2025-11-05 06:43:31] Success: livinglowkey.com -> 220 posts
[2025-11-05 06:43:31] Success: livingwildandgreen.com -> 118 posts
[2025-11-05 06:43:31] Success: logisticsinsider.in -> 6744 posts
[2025-11-05 06:43:31] Success: logisticsinsider.in -> 6744 posts
[2025-11-05 06:43:31] Not WordPress or API disabled: logcabins.co.uk
[2025-11-05 06:43:31] Success: loganix.com -> 725 posts
[2025-11-05 06:43:31] Success: livingwellmom.com -> 723 posts
[2025-11-05 06:43:31] Success: lizmarieblog.com -> 3181 posts
[2025-11-05 06:43:31] Not WordPress or API disabled: looksgoodtous.com
[2025-11-05 06:43:31] Not WordPress or API disabled: lonelyplanet.com
[2025-11-05 06:43:31] Not WordPress or API disabled: looready.com
[2025-11-05 06:43:32] Success: livingtheveganlifestyle.org -> 709 posts
[2025-11-05 06:43:32] Connection error: kwikrecipe.com
[2025-11-05 06:43:32] Not WordPress or API disabled: loseit.com
[2025-11-05 06:43:32] Not WordPress or API disabled: loghome.com
[2025-11-05 06:43:32] Success: lookgoodfeelbetter.org -> 108 posts
[2025-11-05 06:43:32] Success: lookinfinite.com -> 181 posts
[2025-11-05 06:43:32] Success: longevityreview.com -> 181 posts
[2025-11-05 06:43:33] Success: longevitycareclinic.com -> 265 posts
[2025-11-05 06:43:33] Success: lollyjane.com -> 1399 posts
[2025-11-05 06:43:33] Success: londonlocalnews.co.uk -> 1153 posts
[2025-11-05 06:43:33] Success: lorabloomquist.com -> 726 posts
[2025-11-05 06:43:33] Success: loveandlemons.com -> 1803 posts
[2025-11-05 06:43:34] Success: localadventurer.com -> 1235 posts
[2025-11-05 06:43:34] Success: loriballen.com -> 350 posts
[2025-11-05 06:43:34] Success: longevity.technology -> 3002 posts
[2025-11-05 06:43:34] Success: louis.pressbooks.pub -> 0 posts
[2025-11-05 06:43:34] Success: loveandmarriageblog.com -> 1761 posts
[2025-11-05 06:43:34] Success: loseweightbyeating.com -> 1261 posts
[2025-11-05 06:43:34] Success: louisvilleantiquerestoration.com -> 0 posts
[2025-11-05 06:43:34] Success: loveasfood.com -> 105 posts
[2025-11-05 06:43:35] Not WordPress or API disabled: lovefood.com
[2025-11-05 06:43:35] Not WordPress or API disabled: lizbreygel.com
[2025-11-05 06:43:35] Not WordPress or API disabled: lovecrafts.com
[2025-11-05 06:43:35] Success: louskitchencorner.freybors.com -> 515 posts
[2025-11-05 06:43:35] Success: lostwithpurpose.com -> 322 posts
[2025-11-05 06:43:35] Success: lostintheozarks.com -> 395 posts
[2025-11-05 06:43:35] Success: loveandrenovations.com -> 1158 posts
[2025-11-05 06:43:35] Success: lostintheozarks.com -> 395 posts
[2025-11-05 06:43:35] Success: lovegrowswild.com -> 1089 posts
[2025-11-05 06:43:35] WordPress but restricted: lovelyindeed.com (HTTP 403)
[2025-11-05 06:43:36] Not WordPress or API disabled: lovehandles.uk.com
[2025-11-05 06:43:36] Success: lovefoodnotcooking.com -> 258 posts
[2025-11-05 06:43:36] Connection error: lildutchuncle.com
[2025-11-05 06:43:36] Success: loveahh.com -> 137 posts
[2025-11-05 06:43:36] Success: lostlife.blog -> 20 posts
[2025-11-05 06:43:36] Success: loveline.com -> 5 posts
[2025-11-05 06:43:36] Success: loveisrespect.org -> 1 posts
[2025-11-05 06:43:36] Success: loveatfirstfight.com -> 31 posts
[2025-11-05 06:43:37] Connection error: limebricks.com
[2025-11-05 06:43:37] Success: logicaldollar.com -> 334 posts
[2025-11-05 06:43:37] Success: lovelifeyarn.com -> 869 posts
[2025-11-05 06:43:37] Success: loveohlust.com -> 2418 posts
[2025-11-05 06:43:37] Success: lovemaegan.com -> 3626 posts
[2025-11-05 06:43:37] Success: lovelifebefit.com -> 250 posts
[2025-11-05 06:43:37] Not WordPress or API disabled: loveproperty.com
[2025-11-05 06:43:37] Success: lovehandmade.net -> 945 posts
[2025-11-05 06:43:37] Success: lovelyetc.com -> 526 posts
[2025-11-05 06:43:37] Success: lovelymomhood.com -> 137 posts
[2025-11-05 06:43:37] Success: lovelifebefit.com -> 250 posts
[2025-11-05 06:43:38] WordPress but restricted: lowes.com (HTTP 403)
[2025-11-05 06:43:38] Success: lovelygreens.com -> 381 posts
[2025-11-05 06:43:38] Not WordPress or API disabled: lowcountryfelicitylife.com
[2025-11-05 06:43:38] Success: lovenotions.com -> 460 posts
[2025-11-05 06:43:38] Success: loveshoppingandfashionblog.com -> 50 posts
[2025-11-05 06:43:38] Success: lowincomerelief.com -> 2001 posts
[2025-11-05 06:43:38] Success: lovetofrugal.com -> 195 posts
[2025-11-05 06:43:38] Success: loveourreallife.com -> 373 posts
[2025-11-05 06:43:38] Success: lovepetrescue.org -> 22 posts
[2025-11-05 06:43:38] Success: lukecoutinho.com -> 1290 posts
[2025-11-05 06:43:38] Success: lovepanky.com -> 3920 posts
[2025-11-05 06:43:38] Success: lovelyimpact.com -> 281 posts
[2025-11-05 06:43:38] Success: lovingitvegan.com -> 661 posts
[2025-11-05 06:43:38] Success: lowdoughfamily.com -> 787 posts
[2025-11-05 06:43:39] Success: lowcarb-nocarb.com -> 3062 posts
[2025-11-05 06:43:39] Success: lowcarbyum.com -> 1244 posts
[2025-11-05 06:43:39] WordPress but restricted: lovetoknow.com (HTTP 403)
[2025-11-05 06:43:39] Success: lowcarbsosimple.com -> 575 posts
[2025-11-05 06:43:39] Success: lunchbox.healthyfood.com -> 461 posts
[2025-11-05 06:43:39] Success: lumiformapp.com -> 0 posts
[2025-11-05 06:43:39] Success: lovetofinance.com -> 97 posts
[2025-11-05 06:43:39] Success: lowfodmapeating.com -> 11907 posts
[2025-11-05 06:43:39] Success: lowcarb-ology.com -> 355 posts
[2025-11-05 06:43:39] WordPress but restricted: luxesource.com (HTTP 403)
[2025-11-05 06:43:40] Connection error: luxemagazine.com
[2025-11-05 06:43:40] Success: lowimpactlove.com -> 64 posts
[2025-11-05 06:43:40] Success: luminli.com -> 369 posts
[2025-11-05 06:43:40] WordPress but restricted: luxurylaunches.com (HTTP 403)
[2025-11-05 06:43:40] Success: lunginstitute.com -> 240 posts
[2025-11-05 06:43:40] Success: lucalampariello.com -> 177 posts
[2025-11-05 06:43:40] Not WordPress or API disabled: luxurycroatiaretreats.com
[2025-11-05 06:43:40] Connection error: luxurytravelmagazine.com
[2025-11-05 06:43:40] Success: luxuo.com -> 22810 posts
[2025-11-05 06:43:41] Success: lushome.com -> 6520 posts
[2025-11-05 06:43:41] Success: lucyskitchenofrecipes.com -> 496 posts
[2025-11-05 06:43:41] Not WordPress or API disabled: lupus.org
[2025-11-05 06:43:41] Success: luxe.digital -> 924 posts
[2025-11-05 06:43:41] WordPress but restricted: maangchi.com (HTTP 403)
[2025-11-05 06:43:41] Success: luxuryhomestuff.com -> 97 posts
[2025-11-05 06:43:41] Not WordPress or API disabled: luxurycoastalescapes.com
[2025-11-05 06:43:41] Success: lyndicohen.com -> 181 posts
[2025-11-05 06:43:41] Success: luxuryindiatours.com -> 10 posts
[2025-11-05 06:43:41] Success: lowhistamineeats.com -> 307 posts
[2025-11-05 06:43:41] Success: lunchsense.com -> 717 posts
[2025-11-05 06:43:42] WordPress but no count header: madeformakers.com
[2025-11-05 06:43:42] Success: lyricflair.com -> 239 posts
[2025-11-05 06:43:42] Not WordPress or API disabled: madeincanadastore.ca
[2025-11-05 06:43:42] Not WordPress or API disabled: madedaily.com
[2025-11-05 06:43:42] Connection error: lungusa.org
[2025-11-05 06:43:42] Not WordPress or API disabled: madeit.com.au
[2025-11-05 06:43:42] Success: maddair.com -> 29 posts
[2025-11-05 06:43:42] WordPress but restricted: madeday.com (HTTP 403)
[2025-11-05 06:43:42] Success: lydioutloud.com -> 517 posts
[2025-11-05 06:43:42] Success: madhansart.com -> 170 posts
[2025-11-05 06:43:42] Success: maddair.com -> 29 posts
[2025-11-05 06:43:43] Success: maalibaba.pk -> 1 posts
[2025-11-05 06:43:43] Success: maa2mom.com -> 100 posts
[2025-11-05 06:43:43] Success: madetosustain.com -> 150 posts
[2025-11-05 06:43:43] Success: madeleineolivia.co.uk -> 362 posts
[2025-11-05 06:43:43] Success: madeintheusamatters.com -> 282 posts
[2025-11-05 06:43:43] Success: magazine.startus.cc -> 2103 posts
[2025-11-05 06:43:43] Success: luxelifemama.com -> 136 posts
[2025-11-05 06:43:43] Connection error: magpiemoanings.com
[2025-11-05 06:43:43] Not WordPress or API disabled: magnolia.com
[2025-11-05 06:43:43] Success: madeinaday.com -> 845 posts
[2025-11-05 06:43:43] Success: madisonearthcare.com -> 10 posts
[2025-11-05 06:43:44] Success: magicdetox.com -> 70 posts
[2025-11-05 06:43:44] Success: magicsew.co.uk -> 1 posts
[2025-11-05 06:43:44] Success: magicdetox.com -> 70 posts
[2025-11-05 06:43:44] Not WordPress or API disabled: madisonking.com
[2025-11-05 06:43:44] Success: maggymaid.com -> 973 posts
[2025-11-05 06:43:44] Success: maidluxe.com -> 149 posts
[2025-11-05 06:43:44] Success: madnessandmethod.com -> 597 posts
[2025-11-05 06:43:44] Success: magtekmechanical.com -> 8 posts
[2025-11-05 06:43:45] WordPress but no count header: mahjonggeek.com
[2025-11-05 06:43:45] Success: maidbrigade.com -> 640 posts
[2025-11-05 06:43:45] Success: madeleinekitchen.com -> 127 posts
[2025-11-05 06:43:45] WordPress but restricted: maids.com (HTTP 403)
[2025-11-05 06:43:45] Success: maidsailors.com -> 259 posts
[2025-11-05 06:43:45] Success: magnifymind.com -> 2297 posts
[2025-11-05 06:43:45] Not WordPress or API disabled: mahalo.health
[2025-11-05 06:43:45] Success: mabababycare.com -> 26 posts
[2025-11-05 06:43:46] Not WordPress or API disabled: maidintheburghpa.com
[2025-11-05 06:43:46] Success: magicguides.com -> 457 posts
[2025-11-05 06:43:46] Success: mailshake.com -> 442 posts
[2025-11-05 06:43:46] Success: maisacademy.com -> 23 posts
[2025-11-05 06:43:46] Success: makedrinks.org -> 435 posts
[2025-11-05 06:43:46] Success: maidthis.com -> 463 posts
[2025-11-05 06:43:46] Success: majorfun.com -> 987 posts
[2025-11-05 06:43:46] Success: maddenguides.com -> 460 posts
[2025-11-05 06:43:47] Success: makedrinks.org -> 435 posts
[2025-11-05 06:43:47] Success: makeitgrateful.com -> 1684 posts
[2025-11-05 06:43:47] Not WordPress or API disabled: makeheadway.com
[2025-11-05 06:43:47] Success: makefoodlovely.com -> 223 posts
[2025-11-05 06:43:47] Success: lovefoodies.com -> 959 posts
[2025-11-05 06:43:47] Success: majesticpulse.com -> 62 posts
[2025-11-05 06:43:47] Success: makerindustry.com -> 209 posts
[2025-11-05 06:43:47] Success: madeyousmileback.com -> 631 posts
[2025-11-05 06:43:47] Success: makeslogan.com -> 0 posts
[2025-11-05 06:43:47] Success: makeslogan.com -> 0 posts
[2025-11-05 06:43:48] Success: makebeautifulcards.com -> 55 posts
[2025-11-05 06:43:48] Success: makeitright.ca -> 4 posts
[2025-11-05 06:43:48] Success: maidsonamissionus.com -> 54 posts
[2025-11-05 06:43:48] WordPress but no count header: makeoverfitness.com
[2025-11-05 06:43:48] Success: maketecheasier.com -> 13467 posts
[2025-11-05 06:43:48] Success: makeitdairyfree.com -> 999 posts
[2025-11-05 06:43:48] Success: makersrow.com -> 1482 posts
[2025-11-05 06:43:48] Success: makingenglishfun.com -> 933 posts
[2025-11-05 06:43:48] Connection error: makeupandbeautyguides.com
[2025-11-05 06:43:48] Success: makingenglishfun.com -> 933 posts
[2025-11-05 06:43:48] Connection error: livingthenourishedlife.com
[2025-11-05 06:43:49] Success: makefoodstay.com -> 56 posts
[2025-11-05 06:43:49] Success: makezine.com -> 73593 posts
[2025-11-05 06:43:49] Success: makefoodstay.com -> 56 posts
[2025-11-05 06:43:49] Success: makeupandbeautyblog.com -> 15285 posts
[2025-11-05 06:43:49] Success: makersgonnalearn.com -> 759 posts
[2025-11-05 06:43:49] Success: makersnook.com -> 140 posts
[2025-11-05 06:43:49] WordPress but restricted: makeyourbabylaugh.com (HTTP 403)
[2025-11-05 06:43:49] Success: makeoverfurniture.com -> 21 posts
[2025-11-05 06:43:49] Success: makeoverfurniture.com -> 21 posts
[2025-11-05 06:43:50] Success: makermama.com -> 715 posts
[2025-11-05 06:43:50] Success: makingitinthemountains.com -> 1236 posts
[2025-11-05 06:43:50] Not WordPress or API disabled: makeuseof.com
[2025-11-05 06:43:50] Success: makingmanzanita.com -> 789 posts
[2025-11-05 06:43:50] Success: makinglifeblissful.com -> 636 posts
[2025-11-05 06:43:50] Not WordPress or API disabled: maidforyou.com
[2025-11-05 06:43:51] Success: makingsenseofcents.com -> 1570 posts
[2025-11-05 06:43:51] Success: mamaandmoney.com -> 176 posts
[2025-11-05 06:43:51] Success: mamabeanparenting.com -> 2625 posts
[2025-11-05 06:43:51] Success: makingmidlifematter.com -> 700 posts
[2025-11-05 06:43:51] WordPress but restricted: mamaknowsglutenfree.com (HTTP 403)
[2025-11-05 06:43:51] Success: makinglemonadeblog.com -> 922 posts
[2025-11-05 06:43:51] Success: makingmidlifematter.com -> 700 posts
[2025-11-05 06:43:51] Success: malekservice.com -> 125 posts
[2025-11-05 06:43:51] Success: mallorynikolaus.com -> 249 posts
[2025-11-05 06:43:51] Success: makeuptutorials.com -> 1175 posts
[2025-11-05 06:43:51] Success: mamagoesbeyond.com -> 109 posts
[2025-11-05 06:43:51] Success: makingthishome.com -> 123 posts
[2025-11-05 06:43:51] Success: mamasnowcooks.com -> 336 posts
[2025-11-05 06:43:52] Success: makinwellness.com -> 290 posts
[2025-11-05 06:43:52] Success: mamabee.com -> 6966 posts
[2025-11-05 06:43:52] Success: mamagourmand.com -> 539 posts
[2025-11-05 06:43:52] Success: makingmommas.com -> 195 posts
[2025-11-05 06:43:52] Success: mamainthetrenches.com -> 10 posts
[2025-11-05 06:43:52] Success: mamaonthehomestead.com -> 224 posts
[2025-11-05 06:43:52] Success: manflowyoga.com -> 790 posts
[2025-11-05 06:43:52] Success: mamamadesimple.com -> 59 posts
[2025-11-05 06:43:53] WordPress but restricted: mamavation.com (HTTP 401)
[2025-11-05 06:43:53] Success: mamateaches.com -> 1450 posts
[2025-11-05 06:43:53] Success: mamaworksfromhome.com -> 27 posts
[2025-11-05 06:43:53] Success: mamapapabubba.com -> 2448 posts
[2025-11-05 06:43:53] Success: manjulaskitchen.com -> 994 posts
[2025-11-05 06:43:53] Success: makinggoodcoffee.com -> 78 posts
[2025-11-05 06:43:53] Success: mamaknowsitall.com -> 1032 posts
[2025-11-05 06:43:54] Success: manmadediy.com -> 1 posts
[2025-11-05 06:43:54] Success: mantelligence.com -> 722 posts
[2025-11-05 06:43:54] Success: manhattan-nest.com -> 424 posts
[2025-11-05 06:43:54] Success: mangolanguages.com -> 0 posts
[2025-11-05 06:43:54] Success: mansewing.com -> 247 posts
[2025-11-05 06:43:54] Success: mamaknowsnutrition.com -> 192 posts
[2025-11-05 06:43:54] Success: mangiabedda.com -> 356 posts
[2025-11-05 06:43:54] WordPress but restricted: marchingnorth.com (HTTP 403)
[2025-11-05 06:43:54] Success: mamashire.com -> 331 posts
[2025-11-05 06:43:54] Success: marcandangel.com -> 1063 posts
[2025-11-05 06:43:55] Success: mantracare.org -> 5235 posts
[2025-11-05 06:43:55] Not WordPress or API disabled: mappcraft.com
[2025-11-05 06:43:55] Success: mapofseattle.com -> 398 posts
[2025-11-05 06:43:55] Success: marathonhandbook.com -> 3387 posts
[2025-11-05 06:43:55] Success: mamareflections.com -> 111 posts
[2025-11-05 06:43:55] WordPress but restricted: marieclaire.com (HTTP 403)
[2025-11-05 06:43:55] Success: mamareflections.com -> 111 posts
[2025-11-05 06:43:55] Success: marathontrainingacademy.com -> 1225 posts
[2025-11-05 06:43:55] Success: mapleplanners.com -> 145 posts
[2025-11-05 06:43:56] Success: marketingartfully.com -> 670 posts
[2025-11-05 06:43:56] Success: march.health -> 264 posts
[2025-11-05 06:43:56] Success: marchbranding.com -> 47 posts
[2025-11-05 06:43:56] Success: marketingscoop.com -> 26539 posts
[2025-11-05 06:43:56] Success: mantechpublications.com -> 258 posts
[2025-11-05 06:43:56] Success: mariocastilloelectric.com -> 95 posts
[2025-11-05 06:43:57] Success: marketbusinessnews.com -> 5798 posts
[2025-11-05 06:43:57] Success: markmanson.net -> 279 posts
[2025-11-05 06:43:57] WordPress but restricted: marksjapanese-european.com (HTTP 403)
[2025-11-05 06:43:57] Success: mapleleaffoods.com -> 183 posts
[2025-11-05 06:43:57] Success: luminouselfcare.com -> 57 posts
[2025-11-05 06:43:57] Success: margaretbourne.com -> 183 posts
[2025-11-05 06:43:57] Success: marialuceydietitian.com -> 132 posts
[2025-11-05 06:43:57] Success: marilyn-manson.com -> 3236 posts
[2025-11-05 06:43:57] Unknown status: marthastewart.com (HTTP 460)
[2025-11-05 06:43:57] Success: marijuanadoctors.com -> 1136 posts
[2025-11-05 06:43:57] WordPress but restricted: marksdailyapple.com (HTTP 403)
[2025-11-05 06:43:58] Success: marieclaire.com.au -> 27609 posts
[2025-11-05 06:43:58] Success: marionskitchen.com -> 1219 posts
[2025-11-05 06:43:58] Success: luminouselfcare.com -> 57 posts
[2025-11-05 06:43:58] Not WordPress or API disabled: martinjenkinsblog2017.medium.com
[2025-11-05 06:43:58] Success: markovate.com -> 337 posts
[2025-11-05 06:43:58] Success: marocmama.com -> 1079 posts
[2025-11-05 06:43:59] Not WordPress or API disabled: mashed.com
[2025-11-05 06:43:59] Success: markjohnsonplumbing.com -> 211 posts
[2025-11-05 06:43:59] Not WordPress or API disabled: mashable.com
[2025-11-05 06:43:59] Success: marysnest.com -> 648 posts
[2025-11-05 06:43:59] Success: masakali.co.uk -> 107 posts
[2025-11-05 06:43:59] Success: masakali.co.uk -> 107 posts
[2025-11-05 06:43:59] Success: marthealthtips.com -> 15 posts
[2025-11-05 06:43:59] Success: marthealthtips.com -> 15 posts
[2025-11-05 06:43:59] Success: marymarthamama.com -> 837 posts
[2025-11-05 06:43:59] Success: marcumsnursery.com -> 13 posts
[2025-11-05 06:43:59] Success: materialsix.com -> 692 posts
[2025-11-05 06:43:59] Success: maryswholelife.com -> 523 posts
[2025-11-05 06:44:00] WordPress but no count header: matchbuilt.com
[2025-11-05 06:44:00] Success: massschoolwellness.org -> 92 posts
[2025-11-05 06:44:00] Success: masterteckrepair.com -> 64 posts
[2025-11-05 06:44:00] Success: masterteckrepair.com -> 64 posts
[2025-11-05 06:44:00] Success: mastergardenersd.org -> 155 posts
[2025-11-05 06:44:00] WordPress but restricted: mavenart.com (HTTP 403)
[2025-11-05 06:44:00] Not WordPress or API disabled: mattioli1885journals.com
[2025-11-05 06:44:00] Success: masterofmocktails.com -> 149 posts
[2025-11-05 06:44:01] Success: mastersofkitchen.com -> 991 posts
[2025-11-05 06:44:01] Success: marrsmarketing.com -> 193 posts
[2025-11-05 06:44:01] Not WordPress or API disabled: massagetherapy.com
[2025-11-05 06:44:01] WordPress but no count header: maxhealthliving.org
[2025-11-05 06:44:01] Success: mattsfitchef.com -> 543 posts
[2025-11-05 06:44:01] Not WordPress or API disabled: mattspoint.com
[2025-11-05 06:44:01] WordPress but restricted: maunikagowardhan.co.uk (HTTP 401)
[2025-11-05 06:44:01] WordPress but no count header: maxhealthliving.org
[2025-11-05 06:44:01] Success: matthewcornell.com.au -> 97 posts
[2025-11-05 06:44:01] Success: mattsfitchef.com -> 543 posts
[2025-11-05 06:44:01] WordPress but restricted: mcpress.mayoclinic.org (HTTP 403)
[2025-11-05 06:44:02] Success: maxcomfortdiy.com -> 2 posts
[2025-11-05 06:44:02] Success: markusfeldrestoration.com -> 5 posts
[2025-11-05 06:44:02] Success: masalachilli.com -> 482 posts
[2025-11-05 06:44:02] Not WordPress or API disabled: maya.net
[2025-11-05 06:44:02] Connection error: me-and-mccartney.com
[2025-11-05 06:44:02] Success: masteryourmoneyplan.com -> 223 posts
[2025-11-05 06:44:02] Success: mattressadvisory.org -> 654 posts
[2025-11-05 06:44:02] WordPress but restricted: mayoclinichealthsystem.org (HTTP 403)
[2025-11-05 06:44:02] Success: maricopa-sbdc.com -> 121 posts
[2025-11-05 06:44:02] Success: marymoorfurniture.com -> 1 posts
[2025-11-05 06:44:02] Success: mchd.org -> 238 posts
[2025-11-05 06:44:02] Success: mdhomedetox.com -> 214 posts
[2025-11-05 06:44:03] Not WordPress or API disabled: mayoclinic.org
[2025-11-05 06:44:03] Success: mealmastermind.com -> 87123 posts
[2025-11-05 06:44:03] WordPress but restricted: mealpro.net (HTTP 403)
[2025-11-05 06:44:03] WordPress but restricted: mealpro.net (HTTP 403)
[2025-11-05 06:44:03] Success: mealprep.com.au -> 423 posts
[2025-11-05 06:44:03] Success: mealprep.com.au -> 423 posts
[2025-11-05 06:44:03] WordPress but restricted: mdlive.com (HTTP 403)
[2025-11-05 06:44:03] Not WordPress or API disabled: mdanderson.org
[2025-11-05 06:44:03] Success: mealplans.dontwastethecrumbs.com -> 1 posts
[2025-11-05 06:44:03] Success: mealpreparationideas.com -> 179 posts
[2025-11-05 06:44:04] Not WordPress or API disabled: meatchurch.com
[2025-11-05 06:44:04] Success: mealplanningblueprints.com -> 78 posts
[2025-11-05 06:44:04] Success: mcnultycounseling.com -> 294 posts
[2025-11-05 06:44:04] Success: mealprepmanual.com -> 782 posts
[2025-11-05 06:44:04] Success: mealpreponfleek.com -> 1216 posts
[2025-11-05 06:44:04] Not WordPress or API disabled: meatwave.com
[2025-11-05 06:44:04] Success: mealswithmaria.site -> 550 posts
[2025-11-05 06:44:04] Not WordPress or API disabled: medicalfuturist.com
[2025-11-05 06:44:04] Success: mealprepmap.com -> 558 posts
[2025-11-05 06:44:04] Success: maximaitalia.com -> 12 posts
[2025-11-05 06:44:04] Success: meadowsfarms.com -> 125 posts
[2025-11-05 06:44:04] Success: meandjorge.com -> 28429 posts
[2025-11-05 06:44:04] Success: meatcheftools.com -> 40204 posts
[2025-11-05 06:44:05] Success: meaningfulspaces.com -> 4886 posts
[2025-11-05 06:44:05] WordPress but no count header: medicareadvocacy.org
[2025-11-05 06:44:05] Success: medikeeper.com -> 332 posts
[2025-11-05 06:44:05] Success: mblexguide.com -> 142 posts
[2025-11-05 06:44:05] Not WordPress or API disabled: medium.com
[2025-11-05 06:44:05] Not WordPress or API disabled: mediterrasian.com
[2025-11-05 06:44:05] Not WordPress or API disabled: medicalxpress.com
[2025-11-05 06:44:05] Not WordPress or API disabled: medicinenet.com
[2025-11-05 06:44:05] Success: mechtrician.com -> 133 posts
[2025-11-05 06:44:05] Not WordPress or API disabled: medicalnewstoday.com
[2025-11-05 06:44:05] Success: med.unc.edu -> 30 posts
[2025-11-05 06:44:06] Not WordPress or API disabled: medicare.gov
[2025-11-05 06:44:06] Success: medicoworlds.com -> 103 posts
[2025-11-05 06:44:06] WordPress but restricted: meilleurtest.fr (HTTP 403)
[2025-11-05 06:44:06] Success: melbellewestern.blog -> 315 posts
[2025-11-05 06:44:06] WordPress but no count header: megacentregroupe.com
[2025-11-05 06:44:06] Connection error: maisoncupcake.com
[2025-11-05 06:44:06] WordPress but restricted: medpagetoday.com (HTTP 403)
[2025-11-05 06:44:06] Success: meetings.skift.com -> 3437 posts
[2025-11-05 06:44:06] Success: mealprepify.com -> 1451 posts
[2025-11-05 06:44:07] Success: megfitt.com -> 7 posts
[2025-11-05 06:44:07] Success: meetyourhome.com -> 166 posts
[2025-11-05 06:44:07] Not WordPress or API disabled: medscape.com
[2025-11-05 06:44:07] Success: mccagues.com -> 67 posts
[2025-11-05 06:44:07] Success: memorymattersutah.org -> 100 posts
[2025-11-05 06:44:07] Success: memorymattersutah.org -> 100 posts
[2025-11-05 06:44:07] Success: meghantelpner.com -> 813 posts
[2025-11-05 06:44:07] Success: mediterraneanliving.com -> 696 posts
[2025-11-05 06:44:07] WordPress but restricted: menards.com (HTTP 403)
[2025-11-05 06:44:07] Success: melissassouthernstylekitchen.com -> 1886 posts
[2025-11-05 06:44:08] Not WordPress or API disabled: menolabs.com
[2025-11-05 06:44:08] Not WordPress or API disabled: medlineplus.gov
[2025-11-05 06:44:08] Not WordPress or API disabled: menopause-aid.blogspot.com
[2025-11-05 06:44:08] Success: medmunch.com -> 260 posts
[2025-11-05 06:44:08] Success: melissaknorris.com -> 419 posts
[2025-11-05 06:44:08] WordPress but restricted: mensfitness.com (HTTP 403)
[2025-11-05 06:44:08] Success: melskitchencafe.com -> 2087 posts
[2025-11-05 06:44:08] Success: meetyourhome.com -> 166 posts
[2025-11-05 06:44:08] WordPress but restricted: mensjournal.com (HTTP 403)
[2025-11-05 06:44:08] Success: mellysews.com -> 1443 posts
[2025-11-05 06:44:08] Success: memorandum.com -> 1384 posts
[2025-11-05 06:44:08] Not WordPress or API disabled: menshealth.com
[2025-11-05 06:44:08] Success: mennohenselmans.com -> 403 posts
[2025-11-05 06:44:09] Success: menopausegoddessblog.com -> 620 posts
[2025-11-05 06:44:09] Success: mensfitness.co.uk -> 1109 posts
[2025-11-05 06:44:09] Success: mentalhealthathome.org -> 831 posts
[2025-11-05 06:44:09] Not WordPress or API disabled: menopausenaturalsolutions.com
[2025-11-05 06:44:09] Success: mensflair.com -> 366 posts
[2025-11-05 06:44:09] Success: mentalhealth.com -> 0 posts
[2025-11-05 06:44:09] Success: mens-talk.online -> 651 posts
[2025-11-05 06:44:09] Success: menshealthnetwork.org -> 65 posts
[2025-11-05 06:44:09] Not WordPress or API disabled: mentalhealth.org.uk
[2025-11-05 06:44:10] Success: mentalhealthamerica.net -> 1 posts
[2025-11-05 06:44:10] Success: mentalhealthcenters.org -> 646 posts
[2025-11-05 06:44:10] Connection error: merakibakes.com
[2025-11-05 06:44:10] Not WordPress or API disabled: mentalfloss.com
[2025-11-05 06:44:10] Success: melaniejadedesign.com -> 1543 posts
[2025-11-05 06:44:10] Success: mentalhealthactivity.com -> 259 posts
[2025-11-05 06:44:10] WordPress but no count header: mentalhealthishealth.us
[2025-11-05 06:44:10] Success: menubly.com -> 185 posts
[2025-11-05 06:44:10] WordPress but restricted: mentalhealth.gov (HTTP 403)
[2025-11-05 06:44:10] WordPress but restricted: mercola.com (HTTP 403)
[2025-11-05 06:44:10] Success: medschoolinsiders.com -> 894 posts
[2025-11-05 06:44:10] Success: melissajanelee.com -> 889 posts
[2025-11-05 06:44:11] Success: merryformoney.com -> 107 posts
[2025-11-05 06:44:11] Not WordPress or API disabled: menwhoblog.com
[2025-11-05 06:44:11] Success: mensplayroom.com -> 101 posts
[2025-11-05 06:44:11] Success: meno-me.com -> 288 posts
[2025-11-05 06:44:11] Success: mentalwellbeing.net -> 68 posts
[2025-11-05 06:44:11] Success: mergemedicalcenter.com -> 0 posts
[2025-11-05 06:44:12] Success: merakilane.com -> 3569 posts
[2025-11-05 06:44:12] Success: mentalwellnesscenter.org -> 39 posts
[2025-11-05 06:44:12] Success: meshpedia.com -> 1695 posts
[2025-11-05 06:44:12] Success: meshpedia.com -> 1695 posts
[2025-11-05 06:44:12] Connection error: mamaneedsaproject.com
[2025-11-05 06:44:12] Not WordPress or API disabled: merckmanuals.com
[2025-11-05 06:44:12] Success: merricksart.com -> 3859 posts
[2025-11-05 06:44:12] Success: mentalhealthmn.org -> 222 posts
[2025-11-05 06:44:13] Success: merrickholm.com -> 75 posts
[2025-11-05 06:44:13] Success: meredithallard.com -> 208 posts
[2025-11-05 06:44:13] WordPress but restricted: mexicoinmykitchen.com (HTTP 403)
[2025-11-05 06:44:13] WordPress but no count header: metropediatrics.com
[2025-11-05 06:44:13] Success: melissaambrosini.com -> 287 posts
[2025-11-05 06:44:13] Success: mercyassistedcare.org -> 101 posts
[2025-11-05 06:44:13] Success: metalfixes.com -> 1405 posts
[2025-11-05 06:44:13] Success: metrobathandtile.com -> 66 posts
[2025-11-05 06:44:13] Success: messforless.net -> 1130 posts
[2025-11-05 06:44:13] Success: methodproducts.co.uk -> 2 posts
[2025-11-05 06:44:13] Success: methodproducts.co.uk -> 2 posts
[2025-11-05 06:44:13] Success: metroformen.com -> 82 posts
[2025-11-05 06:44:13] WordPress but restricted: michaels.com (HTTP 403)
[2025-11-05 06:44:14] Success: mexicanplease.com -> 370 posts
[2025-11-05 06:44:14] Success: mhanational.org -> 1 posts
[2025-11-05 06:44:14] Success: messyvegancook.com -> 558 posts
[2025-11-05 06:44:14] Not WordPress or API disabled: miabites.com
[2025-11-05 06:44:14] Success: mghclaycenter.org -> 581 posts
[2025-11-05 06:44:14] Success: metatierlist.com -> 576 posts
[2025-11-05 06:44:15] Success: mexicancookingonabudget.com -> 75 posts
[2025-11-05 06:44:15] Success: merzkecustomwoodworking.com -> 44 posts
[2025-11-05 06:44:15] Success: mercadodasfloresp.com.br -> 3 posts
[2025-11-05 06:44:15] Success: mentalhealthfirstaid.org -> 370 posts
[2025-11-05 06:44:15] Success: mhacf.org -> 20 posts
[2025-11-05 06:44:15] Success: michealadianedesigns.com -> 159 posts
[2025-11-05 06:44:15] Success: micheleborba.com -> 603 posts
[2025-11-05 06:44:15] Success: michelletomczak.com -> 442 posts
[2025-11-05 06:44:15] Success: michellejdesigns.com -> 586 posts
[2025-11-05 06:44:15] Success: mhnrc.org -> 340 posts
[2025-11-05 06:44:16] Success: mhmyouth.org -> 3 posts
[2025-11-05 06:44:16] Unknown status: midwestliving.com (HTTP 460)
[2025-11-05 06:44:16] Success: midcitiespsychiatry.com -> 0 posts
[2025-11-05 06:44:16] Success: microbeonline.com -> 723 posts
[2025-11-05 06:44:16] Success: middleclassdadmoney.com -> 113 posts
[2025-11-05 06:44:16] Not WordPress or API disabled: midwestblogging66.medium.com
[2025-11-05 06:44:16] Success: microwaveinsider.com -> 9737 posts
[2025-11-05 06:44:16] Success: midhudson.org -> 1265 posts
[2025-11-05 06:44:16] Success: midhudson.org -> 1265 posts
[2025-11-05 06:44:16] Unknown status: migraine.com (HTTP 202)
[2025-11-05 06:44:17] Success: midwestlifeshots.com -> 25 posts
[2025-11-05 06:44:17] Success: migrationology.com -> 954 posts
[2025-11-05 06:44:17] Success: midwestlifeandstyle.com -> 484 posts
[2025-11-05 06:44:17] Success: mightypaint.com -> 1099 posts
[2025-11-05 06:44:18] Success: midtowndentalcare.org -> 43 posts
[2025-11-05 06:44:18] Success: michelelian.com -> 85 posts
[2025-11-05 06:44:18] Success: midtowndentalcare.org -> 43 posts
[2025-11-05 06:44:18] Success: mikesbackyardnursery.com -> 802 posts
[2025-11-05 06:44:18] Success: mightygoodness.com -> 840 posts
[2025-11-05 06:44:18] Success: mightykidsacademy.com -> 2047 posts
[2025-11-05 06:44:18] Success: mightykidsacademy.com -> 2047 posts
[2025-11-05 06:44:18] Success: midyna.com -> 22 posts
[2025-11-05 06:44:18] Success: milestonepa.org -> 13 posts
[2025-11-05 06:44:19] Success: milkallergymom.com -> 713 posts
[2025-11-05 06:44:19] Success: midcenturymodernmommy.com -> 173 posts
[2025-11-05 06:44:19] Success: mikefurniturerestoration.com -> 6 posts
[2025-11-05 06:44:19] WordPress but restricted: mind.family (HTTP 403)
[2025-11-05 06:44:19] WordPress but no count header: millerfamilyhomes.com
[2025-11-05 06:44:19] Success: milkfreemom.com -> 269 posts
[2025-11-05 06:44:19] Success: millennialmagazine.com -> 5597 posts
[2025-11-05 06:44:19] WordPress but restricted: mind.org.uk (HTTP 403)
[2025-11-05 06:44:19] Success: milkandpop.com -> 181 posts
[2025-11-05 06:44:19] Not WordPress or API disabled: mindbodygreen.com
[2025-11-05 06:44:19] Success: mind-monia.com -> 389 posts
[2025-11-05 06:44:20] Success: millennialboss.com -> 406 posts
[2025-11-05 06:44:20] Success: mimigo.tw -> 3592 posts
[2025-11-05 06:44:20] Success: mindandlife.org -> 0 posts
[2025-11-05 06:44:20] Connection error: mindfulhealthy.life
[2025-11-05 06:44:20] WordPress but restricted: mindbodyonline.com (HTTP 403)
[2025-11-05 06:44:20] Success: mind.help -> 212 posts
[2025-11-05 06:44:20] Unknown status: mindfulliving.blog (HTTP 503)
[2025-11-05 06:44:21] Connection error: mindfullyalive.org
[2025-11-05 06:44:21] Success: mindful.health -> 52 posts
[2025-11-05 06:44:21] Success: millhollowworks.org -> 16 posts
[2025-11-05 06:44:21] Not WordPress or API disabled: migraineagain.com
[2025-11-05 06:44:21] Success: mindfulmeggie.com -> 73 posts
[2025-11-05 06:44:21] Success: mhfa.org -> 370 posts
[2025-11-05 06:44:21] Connection error: mindfulness-based-wellness.com
[2025-11-05 06:44:21] Unknown status: mindfulleader.org (HTTP 503)
[2025-11-05 06:44:21] Success: mindfullhive.com -> 69 posts
[2025-11-05 06:44:21] Not WordPress or API disabled: mindfulness.com
[2025-11-05 06:44:21] Success: mikeswoodworkingprojects.com -> 223 posts
[2025-11-05 06:44:21] Success: mindful-ideas.com -> 200 posts
[2025-11-05 06:44:22] Success: mindfulnessforliving.org -> 0 posts
[2025-11-05 06:44:22] Success: mindfulnessexercises.com -> 1256 posts
[2025-11-05 06:44:22] Success: mindfulbnb.com -> 48 posts
[2025-11-05 06:44:22] Success: mindbodyspiritcare.com -> 200 posts
[2025-11-05 06:44:22] Not WordPress or API disabled: midlifemakeover.co.uk
[2025-11-05 06:44:22] Success: mindful.org -> 3666 posts
[2025-11-05 06:44:23] Success: mindfulmomma.com -> 266 posts
[2025-11-05 06:44:23] Success: mindfulnessinschools.org -> 207 posts
[2025-11-05 06:44:23] Success: mindfulnomadics.com -> 286 posts
[2025-11-05 06:44:23] Success: millenialstyle.com -> 122 posts
[2025-11-05 06:44:23] Connection error: mindfulschools.org
[2025-11-05 06:44:23] Success: mindfulnessbox.com -> 89 posts
[2025-11-05 06:44:23] Success: mindfulnessmama.com -> 501 posts
[2025-11-05 06:44:23] Success: mindbodycomplete.com -> 289 posts
[2025-11-05 06:44:23] Success: mikeshomerepairs.com -> 1 posts
[2025-11-05 06:44:23] WordPress but no count header: mindfulnessteacher.com
[2025-11-05 06:44:23] Success: mindremakeproject.org -> 155 posts
[2025-11-05 06:44:23] Not WordPress or API disabled: mindioaten.com
[2025-11-05 06:44:23] Success: mindfulzen.co -> 336 posts
[2025-11-05 06:44:23] WordPress but restricted: minecraft.menu (HTTP 403)
[2025-11-05 06:44:23] Success: mindxmaster.com -> 8599 posts
[2025-11-05 06:44:24] Success: mindfulmocktail.com -> 150 posts
[2025-11-05 06:44:24] Success: mindfulnessworks.com -> 17 posts
[2025-11-05 06:44:24] Success: minimalistbaker.com -> 1639 posts
[2025-11-05 06:44:24] Success: mindfulmocktail.com -> 150 posts
[2025-11-05 06:44:24] Success: mindpeacecincinnati.com -> 0 posts
[2025-11-05 06:44:24] Success: mindtools.com -> 853 posts
[2025-11-05 06:44:24] Success: mindhealth.com.au -> 54 posts
[2025-11-05 06:44:25] Success: mindoverclutter.ca -> 305 posts
[2025-11-05 06:44:25] Success: mindfulnessmeditationinstitute.org -> 87 posts
[2025-11-05 06:44:25] Success: mindovermunch.com -> 742 posts
[2025-11-05 06:44:25] Success: mindrecoverynet.org.uk -> 7 posts
[2025-11-05 06:44:25] Connection error: minimalizemymess.com
[2025-11-05 06:44:25] WordPress but no count header: minimalisthome.ca
[2025-11-05 06:44:25] Connection error: minimalistvegan.com
[2025-11-05 06:44:25] Success: mindfulofthehome.com -> 74 posts
[2025-11-05 06:44:25] Success: minecraft-guides.com -> 220 posts
[2025-11-05 06:44:26] Success: minimalism.co -> 119 posts
[2025-11-05 06:44:26] Success: minimalismmadesimple.com -> 915 posts
[2025-11-05 06:44:26] Success: mindfulslowlife.com -> 103 posts
[2025-11-05 06:44:26] Success: minimalismbasics.com -> 65 posts
[2025-11-05 06:44:26] Success: minimalisthomeblog.com -> 56 posts
[2025-11-05 06:44:27] Success: minimalistroad.com -> 53 posts
[2025-11-05 06:44:27] Success: mintandmallowkitchen.com -> 92 posts
[2025-11-05 06:44:27] Success: mindherway.com -> 75 posts
[2025-11-05 06:44:27] Success: mintarrow.com -> 2060 posts
[2025-11-05 06:44:27] Success: ministryofcurry.com -> 497 posts
[2025-11-05 06:44:27] Success: missionconnectionhealthcare.com -> 160 posts
[2025-11-05 06:44:27] Success: missmustardseed.com -> 4267 posts
[2025-11-05 06:44:28] WordPress but no count header: minnesotamonthly.com
[2025-11-05 06:44:28] Success: miriamwellness.com -> 888 posts
[2025-11-05 06:44:28] Not WordPress or API disabled: mixedmakeup.com
[2025-11-05 06:44:28] Success: mixandmatchmama.com -> 6918 posts
[2025-11-05 06:44:28] Success: misya.info -> 5781 posts
[2025-11-05 06:44:28] Success: miraclemaidpersonnel.com -> 9 posts
[2025-11-05 06:44:29] Success: mlahvet.com -> 63 posts
[2025-11-05 06:44:29] Success: mixthatdrink.com -> 1131 posts
[2025-11-05 06:44:29] Success: mmbites.com -> 313 posts
[2025-11-05 06:44:29] Success: minimaliststylealley.com -> 33 posts
[2025-11-05 06:44:29] Success: mmorpgtips.com -> 183 posts
[2025-11-05 06:44:29] Success: mobilehomefriend.com -> 47 posts
[2025-11-05 06:44:30] Not WordPress or API disabled: mobilebeautysociety.com
[2025-11-05 06:44:30] Success: mmopatchnotes.com -> 78 posts
[2025-11-05 06:44:30] Success: mobilehomerepairtips.com -> 1065 posts
[2025-11-05 06:44:30] Success: mobalytics.gg -> 2393 posts
[2025-11-05 06:44:30] Connection error: mizecpas.com
[2025-11-05 06:44:30] Success: mittelstandinnovativ.de -> 103 posts
[2025-11-05 06:44:30] Not WordPress or API disabled: mobihealthnews.com
[2025-11-05 06:44:30] Success: mobile-pc-medics.com -> 232 posts
[2025-11-05 06:44:30] Success: missmanypennies.com -> 460 posts
[2025-11-05 06:44:30] Success: mobilehomeideas.com -> 732 posts
[2025-11-05 06:44:31] Connection error: mentalxperts.com
[2025-11-05 06:44:31] Success: mobilecellphonerepairing.com -> 222 posts
[2025-11-05 06:44:31] WordPress but no count header: mocktail.net
[2025-11-05 06:44:31] Success: minimalistproducts.com -> 24 posts
[2025-11-05 06:44:31] WordPress but no count header: mocktail.net
[2025-11-05 06:44:31] Success: minimalistproducts.com -> 24 posts
[2025-11-05 06:44:31] Success: mintnotion.com -> 286 posts
[2025-11-05 06:44:31] Success: mobilityathlete.com -> 81 posts
[2025-11-05 06:44:31] Success: modern-physics.org -> 31057 posts
[2025-11-05 06:44:31] Success: modern-physics.org -> 31057 posts
[2025-11-05 06:44:31] Success: mobilehomeliving.org -> 927 posts
[2025-11-05 06:44:31] Success: mobilehomeliving.org -> 927 posts
[2025-11-05 06:44:32] Success: modernfarmer.com -> 5830 posts
[2025-11-05 06:44:32] Success: moderatelymessyrd.com -> 307 posts
[2025-11-05 06:44:32] Not WordPress or API disabled: modernhealth.com
[2025-11-05 06:44:32] Not WordPress or API disabled: modernaustralian.com
[2025-11-05 06:44:32] Success: mode.style -> 211 posts
[2025-11-05 06:44:32] Success: modelhomeimprovement.com -> 347 posts
[2025-11-05 06:44:32] Success: mobilehomesell.com -> 559 posts
[2025-11-05 06:44:32] Success: modernfrugality.com -> 209 posts
[2025-11-05 06:44:32] Success: modernfrugality.com -> 209 posts
[2025-11-05 06:44:32] WordPress but no count header: moderngentlemanmagazine.com
[2025-11-05 06:44:33] Success: modernloss.com -> 690 posts
[2025-11-05 06:44:33] Not WordPress or API disabled: modernism-in-architecture.org
[2025-11-05 06:44:33] Success: modernparenting-onemega.com -> 5109 posts
[2025-11-05 06:44:33] Success: modaknits.com -> 1674 posts
[2025-11-05 06:44:33] Unknown status: modernmomlife.com (HTTP 503)
[2025-11-05 06:44:34] Success: modernhoney.com -> 1064 posts
[2025-11-05 06:44:34] Success: modernminimalism.com -> 69 posts
[2025-11-05 06:44:34] Success: modernwedding.com.au -> 2961 posts
[2025-11-05 06:44:34] Connection error: modestmavenblog.com
[2025-11-05 06:44:34] Success: modern-maids.com -> 186 posts
[2025-11-05 06:44:34] Success: modethesis.com -> 60 posts
[2025-11-05 06:44:34] Success: modernpreschool.com -> 230 posts
[2025-11-05 06:44:34] Success: missnutritiouseats.com -> 129 posts
[2025-11-05 06:44:34] Success: modernsurvivalonline.com -> 968 posts
[2025-11-05 06:44:35] Success: mocoplumbingmd.com -> 106 posts
[2025-11-05 06:44:35] Not WordPress or API disabled: modoyogaonline.com
[2025-11-05 06:44:35] Success: modernmom.com -> 17421 posts
[2025-11-05 06:44:35] Success: modernonmonticello.com -> 932 posts
[2025-11-05 06:44:35] Success: modernfoodideas.com -> 46 posts
[2025-11-05 06:44:35] Connection error: microlife.com
[2025-11-05 06:44:35] WordPress but no count header: modularhomeblog.com
[2025-11-05 06:44:35] Success: modandmint.com -> 228 posts
[2025-11-05 06:44:35] Success: modernzen.org -> 90 posts
[2025-11-05 06:44:35] Success: modpodgerocksblog.com -> 804 posts
[2025-11-05 06:44:35] Success: moftarchive.org -> 1366 posts
[2025-11-05 06:44:36] Success: moldblogger.com -> 342 posts
[2025-11-05 06:44:36] Success: moldfreeliving.com -> 203 posts
[2025-11-05 06:44:36] Success: moldblogger.com -> 342 posts
[2025-11-05 06:44:36] Success: moldfight.com -> 26 posts
[2025-11-05 06:44:36] WordPress but restricted: mollymaid.com (HTTP 403)
[2025-11-05 06:44:36] Not WordPress or API disabled: molekule.com
[2025-11-05 06:44:36] Success: modernparentslife.com -> 14 posts
[2025-11-05 06:44:36] Success: makeandtakes.com -> 2252 posts
[2025-11-05 06:44:37] Success: moldreporter.com -> 936 posts
[2025-11-05 06:44:37] Success: moldhelpforyou.com -> 104 posts
[2025-11-05 06:44:37] Success: mollyshomeguide.com -> 18193 posts
[2025-11-05 06:44:37] Success: minimalistjourneys.com -> 163 posts
[2025-11-05 06:44:37] Success: moldstarremediation.com -> 56 posts
[2025-11-05 06:44:37] Success: momandhomemaker.com -> 574 posts
[2025-11-05 06:44:37] Not WordPress or API disabled: momadvice.com
[2025-11-05 06:44:37] Success: moldinspect.org -> 105 posts
[2025-11-05 06:44:37] Success: mom4real.com -> 1221 posts
[2025-11-05 06:44:38] Success: momentass.com -> 39 posts
[2025-11-05 06:44:38] Success: moldguy.ca -> 174 posts
[2025-11-05 06:44:38] Success: moldzero.com -> 95 posts
[2025-11-05 06:44:38] Success: modernparentslife.com -> 14 posts
[2025-11-05 06:44:38] Success: mommachaos.com -> 1212 posts
[2025-11-05 06:44:38] Success: modern-maids.com -> 186 posts
[2025-11-05 06:44:38] Success: momfabulous.com -> 1571 posts
[2025-11-05 06:44:39] Success: moldbgonega.com -> 196 posts
[2025-11-05 06:44:39] Success: moldsolutions.com -> 163 posts
[2025-11-05 06:44:39] Success: moldsolutions.com -> 163 posts
[2025-11-05 06:44:39] Success: momafterbaby.com -> 328 posts
[2025-11-05 06:44:39] Success: momhacks101.com -> 121 posts
[2025-11-05 06:44:39] Success: momloveshome.net -> 1165 posts
[2025-11-05 06:44:39] Success: momentslog.com -> 41763 posts
[2025-11-05 06:44:39] Success: mollyroseclothing.com -> 24 posts
[2025-11-05 06:44:40] Success: modernteen.co -> 1590 posts
[2025-11-05 06:44:40] Success: mold-heal.com -> 61 posts
[2025-11-05 06:44:40] Success: mommy-diary.com -> 644 posts
[2025-11-05 06:44:40] Success: momblogsociety.com -> 13067 posts
[2025-11-05 06:44:40] Success: mommyonpurpose.com -> 495 posts
[2025-11-05 06:44:40] WordPress but no count header: mommyish.com
[2025-11-05 06:44:40] Success: mommyhatescooking.com -> 3428 posts
[2025-11-05 06:44:40] Success: momjunction.com -> 11808 posts
[2025-11-05 06:44:41] Success: mommalew.com -> 1013 posts
[2025-11-05 06:44:41] Success: mommatogo.com -> 239 posts
[2025-11-05 06:44:41] Not WordPress or API disabled: momondo.com
[2025-11-05 06:44:41] Success: mommyoverwork.com -> 137 posts
[2025-11-05 06:44:41] Not WordPress or API disabled: mommyslove-cakes.com
[2025-11-05 06:44:41] Success: mommysavers.com -> 1552 posts
[2025-11-05 06:44:41] Success: mommyempower.com -> 51 posts
[2025-11-05 06:44:42] Success: momooze.com -> 4832 posts
[2025-11-05 06:44:42] Success: mommycantaffordthat.com -> 62 posts
[2025-11-05 06:44:42] Success: mommypotamus.com -> 903 posts
[2025-11-05 06:44:42] Success: mommoneymap.com -> 178 posts
[2025-11-05 06:44:42] Success: momjunky.com -> 486 posts
[2025-11-05 06:44:42] Success: momlovesbest.com -> 183 posts
[2025-11-05 06:44:42] Success: momminfromscratch.com -> 136 posts
[2025-11-05 06:44:42] Success: mommyshomecooking.com -> 913 posts
[2025-11-05 06:44:42] WordPress but restricted: money.com (HTTP 403)
[2025-11-05 06:44:42] Success: momrewritten.com -> 294 posts
[2025-11-05 06:44:42] Success: momonpurpose.com -> 417 posts
[2025-11-05 06:44:42] Success: mommyrunsit.com -> 329 posts
[2025-11-05 06:44:42] Success: momsprintables.com -> 79 posts
[2025-11-05 06:44:42] WordPress but no count header: moneyandfinance.org
[2025-11-05 06:44:42] Success: mommysplaybook.com -> 180 posts
[2025-11-05 06:44:42] Success: momswhosave.com -> 1518 posts
[2025-11-05 06:44:43] Success: momsbudget.com -> 2311 posts
[2025-11-05 06:44:43] Success: monadnockcommunityhospital.com -> 469 posts
[2025-11-05 06:44:43] Success: monadnockcommunityhospital.com -> 469 posts
[2025-11-05 06:44:43] Success: momswhothink.com -> 8502 posts
[2025-11-05 06:44:43] Success: moneyandyouth.com -> 1 posts
[2025-11-05 06:44:43] Not WordPress or API disabled: moneydigest.com
[2025-11-05 06:44:43] Success: momsandcrafters.com -> 1495 posts
[2025-11-05 06:44:43] WordPress but restricted: moneycrashers.com (HTTP 401)
[2025-11-05 06:44:43] WordPress but restricted: moneysavingmom.com (HTTP 403)
[2025-11-05 06:44:43] Success: monakirstein.com -> 106 posts
[2025-11-05 06:44:44] Success: moneyfit.org -> 363 posts
[2025-11-05 06:44:44] Success: monakirstein.com -> 106 posts
[2025-11-05 06:44:44] Success: moneysense.ca -> 11470 posts
[2025-11-05 06:44:44] Success: moneymindedmom.com -> 257 posts
[2025-11-05 06:44:44] Success: moneyinc.com -> 14754 posts
[2025-11-05 06:44:44] Success: moneybliss.org -> 1183 posts
[2025-11-05 06:44:44] Success: moneybliss.org -> 1183 posts
[2025-11-05 06:44:44] Success: moneyfitmoms.com -> 92 posts
[2025-11-05 06:44:44] Connection error: monsoonspice.com
[2025-11-05 06:44:44] Not WordPress or API disabled: montanafarmhouse.co
[2025-11-05 06:44:44] Success: moneypantry.com -> 2038 posts
[2025-11-05 06:44:44] Success: momtomomnutrition.com -> 724 posts
[2025-11-05 06:44:44] Success: moneyinc.com -> 14754 posts
[2025-11-05 06:44:44] Success: montclareschool.org -> 13 posts
[2025-11-05 06:44:44] Success: moneypatrol.com -> 3 posts
[2025-11-05 06:44:44] Success: moneydoneright.com -> 905 posts
[2025-11-05 06:44:45] WordPress but restricted: monrovia.com (HTTP 403)
[2025-11-05 06:44:45] Success: moneywisesteward.com -> 212 posts
[2025-11-05 06:44:45] Success: monkshomeimprovements.com -> 375 posts
[2025-11-05 06:44:45] Success: mongolianlanguage.mn -> 26 posts
[2025-11-05 06:44:45] Success: moneymisfit.com -> 65 posts
[2025-11-05 06:44:45] Success: monteverdechicago.com -> 1 posts
[2025-11-05 06:44:46] Success: montanahappy.com -> 387 posts
[2025-11-05 06:44:46] Success: moneysmartguides.com -> 835 posts
[2025-11-05 06:44:46] Not WordPress or API disabled: montydon.com
[2025-11-05 06:44:46] Connection error: morelikehome.co
[2025-11-05 06:44:46] Success: moneyforthemamas.com -> 188 posts
[2025-11-05 06:44:46] WordPress but no count header: morebusiness.com
[2025-11-05 06:44:46] Success: montgomerycountycleaningservices.com -> 189 posts
[2025-11-05 06:44:46] Success: mooringsatlewes.org -> 166 posts
[2025-11-05 06:44:46] Success: monroestreetmarket.com -> 119 posts
[2025-11-05 06:44:46] Success: montessori.org -> 2374 posts
[2025-11-05 06:44:46] Success: moodandmindcentre.com -> 67 posts
[2025-11-05 06:44:46] Not WordPress or API disabled: morethanreadingblog.com
[2025-11-05 06:44:46] Success: moodcarehealth.com -> 2384 posts
[2025-11-05 06:44:46] Success: morningchores.com -> 3234 posts
[2025-11-05 06:44:46] Success: monkeysandmountains.com -> 383 posts
[2025-11-05 06:44:47] Not WordPress or API disabled: moodpath.com
[2025-11-05 06:44:47] Success: morethanmainstreet.com -> 203 posts
[2025-11-05 06:44:47] Success: moralfibres.co.uk -> 560 posts
[2025-11-05 06:44:47] WordPress but no count header: morningcreativity.com
[2025-11-05 06:44:47] Success: moodymixologist.com -> 295 posts
[2025-11-05 06:44:47] Success: morningcoffeeshopblog.com -> 50 posts
[2025-11-05 06:44:47] Success: moriahbehavioralhealth.com -> 518 posts
[2025-11-05 06:44:48] WordPress but restricted: motherearthnews.com (HTTP 403)
[2025-11-05 06:44:48] Success: moonandspoonandyum.com -> 848 posts
[2025-11-05 06:44:48] Success: morningcarpool.com -> 3356 posts
[2025-11-05 06:44:48] Success: morefulfilled.com -> 81 posts
[2025-11-05 06:44:48] Success: morflora.com -> 402 posts
[2025-11-05 06:44:48] Success: morewithlesstoday.com -> 665 posts
[2025-11-05 06:44:48] Success: morewithlesstoday.com -> 665 posts
[2025-11-05 06:44:48] Success: mothersalwaysright.com -> 3308 posts
[2025-11-05 06:44:49] Success: morzepcollegecoaching.com -> 63 posts
[2025-11-05 06:44:49] Success: motherrisingbirth.com -> 397 posts
[2025-11-05 06:44:49] Success: mountainmamacooks.com -> 821 posts
[2025-11-05 06:44:49] Success: motherofhealth.com -> 546 posts
[2025-11-05 06:44:49] Success: mother.ly -> 17609 posts
[2025-11-05 06:44:49] Success: mostlyblogging.com -> 2984 posts
[2025-11-05 06:44:50] Success: mouseearmemories.com -> 555 posts
[2025-11-05 06:44:50] Success: mottherless.net -> 74 posts
[2025-11-05 06:44:50] WordPress but restricted: mrfood.com (HTTP 403)
[2025-11-05 06:44:50] Success: mottherless.net -> 74 posts
[2025-11-05 06:44:50] Connection error: mrsfixituk.co.uk
[2025-11-05 06:44:50] Success: mrmoneymustache.com -> 539 posts
[2025-11-05 06:44:50] Success: mrfixitdiy.com -> 114 posts
[2025-11-05 06:44:50] Success: mrplanter.com -> 350 posts
[2025-11-05 06:44:50] WordPress but restricted: mrhandyman.com (HTTP 403)
[2025-11-05 06:44:50] Success: motorsandpump.com -> 17076 posts
[2025-11-05 06:44:50] Success: mothertobaby.org -> 149 posts
[2025-11-05 06:44:50] WordPress but restricted: msf.org (HTTP 403)
[2025-11-05 06:44:50] Success: mowtivatedlandscaping.com -> 0 posts
[2025-11-05 06:44:50] Success: mrfixmaster.com -> 0 posts
[2025-11-05 06:44:50] Success: motorera.com -> 1194 posts
[2025-11-05 06:44:51] Success: motonest.com -> 0 posts
[2025-11-05 06:44:51] Success: momsdish.com -> 1157 posts
[2025-11-05 06:44:51] Not WordPress or API disabled: mouthhealthy.org
[2025-11-05 06:44:51] Success: mrswages.com -> 29 posts
[2025-11-05 06:44:51] Success: mtbakerlodging.com -> 1 posts
[2025-11-05 06:44:51] Success: mumsgrapevine.com.au -> 2908 posts
[2025-11-05 06:44:51] Success: msrachelhollis.com -> 1106 posts
[2025-11-05 06:44:51] WordPress but restricted: mumsmoney.com (HTTP 403)
[2025-11-05 06:44:51] Connection error: mummymishaps.co.uk
[2025-11-05 06:44:51] Success: movewith.com -> 11 posts
[2025-11-05 06:44:51] Success: movemesmart.com -> 1177 posts
[2025-11-05 06:44:52] Success: motorsandpump.com -> 17076 posts
[2025-11-05 06:44:52] Success: mullenhealth.com.au -> 313 posts
[2025-11-05 06:44:52] Success: multiculturalcaregiving.com -> 640 posts
[2025-11-05 06:44:52] Connection error: mumsintheknow.co.uk
[2025-11-05 06:44:52] Success: mspoweruser.com -> 60313 posts
[2025-11-05 06:44:52] Success: mrsrichardsonsclass.com -> 655 posts
[2025-11-05 06:44:52] WordPress but no count header: musclewiki.com
[2025-11-05 06:44:52] Success: mumsmoney.co.nz -> 255 posts
[2025-11-05 06:44:52] Success: morganhandyman.com -> 4 posts
[2025-11-05 06:44:52] Success: msshiandmrhe.com -> 255 posts
[2025-11-05 06:44:52] Success: muffettahousekeeping.com -> 79 posts
[2025-11-05 06:44:52] Success: my.aarpfoundation.org -> 112 posts
[2025-11-05 06:44:53] Success: muslimaguide.com -> 146 posts
[2025-11-05 06:44:53] Not WordPress or API disabled: mumsnet.com
[2025-11-05 06:44:53] Not WordPress or API disabled: my.toneitup.com
[2025-11-05 06:44:53] Success: mundo-excel.com -> 142 posts
[2025-11-05 06:44:53] Success: myalldry.com -> 35 posts
[2025-11-05 06:44:53] Not WordPress or API disabled: my.clevelandclinic.org
[2025-11-05 06:44:53] Success: musingsbymadison.com -> 210 posts
[2025-11-05 06:44:53] Success: mulberryscleaners.com -> 255 posts
[2025-11-05 06:44:54] Success: muybuenoblog.com -> 850 posts
[2025-11-05 06:44:54] Success: muscleandfitness.com -> 43975 posts
[2025-11-05 06:44:54] Success: munchiesandmunchkins.com -> 1247 posts
[2025-11-05 06:44:54] Success: my-inspo.com -> 713 posts
[2025-11-05 06:44:54] Success: my100yearoldhome.com -> 1649 posts
[2025-11-05 06:44:54] Success: myamericannurse.com -> 7884 posts
[2025-11-05 06:44:54] Success: multiplecleaning.com.au -> 22 posts
[2025-11-05 06:44:54] Success: myboardgameguides.com -> 120 posts
[2025-11-05 06:44:55] Success: mybackyardlife.com -> 1310 posts
[2025-11-05 06:44:55] Success: mybartender.com -> 4605 posts
[2025-11-05 06:44:55] Success: mybrightwheel.com -> 0 posts
[2025-11-05 06:44:55] Success: mybakingaddiction.com -> 1688 posts
[2025-11-05 06:44:55] Success: mybrightwheel.com -> 0 posts
[2025-11-05 06:44:55] Success: mrsurvivalist.com -> 693 posts
[2025-11-05 06:44:55] Success: myboredtoddler.com -> 909 posts
[2025-11-05 06:44:55] Success: mybartender.com -> 4605 posts
[2025-11-05 06:44:55] Success: montessoripulse.com -> 34 posts
[2025-11-05 06:44:56] Success: mycardiologist.com -> 18 posts
[2025-11-05 06:44:56] Success: muydelish.com -> 299 posts
[2025-11-05 06:44:56] Success: mycupcakeaddictionblog.com -> 219 posts
[2025-11-05 06:44:56] Not WordPress or API disabled: mycookinghut.com
[2025-11-05 06:44:56] WordPress but no count header: mycookingmagazine.com
[2025-11-05 06:44:56] Success: mybudgetrecipes.com -> 1661 posts
[2025-11-05 06:44:56] Success: mycareerdna.org -> 187 posts
[2025-11-05 06:44:56] Success: mychemicalfreehouse.net -> 368 posts
[2025-11-05 06:44:57] Success: mycolombianrecipes.com -> 1194 posts
[2025-11-05 06:44:57] Connection error: midcenturymodern.com
[2025-11-05 06:44:57] Success: mybrainrewired.com -> 1339 posts
[2025-11-05 06:44:57] Success: mycleaningangel.com -> 267 posts
[2025-11-05 06:44:57] Connection error: mydiyhomedesigns.com
[2025-11-05 06:44:57] Success: mycleaningangel.com -> 267 posts
[2025-11-05 06:44:57] Success: mychefsapron.com -> 205 posts
[2025-11-05 06:44:57] Unknown status: mydomaine.com (HTTP 460)
[2025-11-05 06:44:57] Success: mutualmortgage.com -> 0 posts
[2025-11-05 06:44:57] Success: mydriversedge.com -> 33 posts
[2025-11-05 06:44:57] Success: mydairyfreeglutenfreelife.com -> 1503 posts
[2025-11-05 06:44:57] Not WordPress or API disabled: myfavoritevegan.com
[2025-11-05 06:44:57] Success: myfoodpassion.com -> 108 posts
[2025-11-05 06:44:57] WordPress but no count header: myfermentedfoods.com
[2025-11-05 06:44:57] WordPress but no count header: mycvcreator.com
[2025-11-05 06:44:58] Success: mydentisthub.com -> 5160 posts
[2025-11-05 06:44:58] Success: mycreativedays.com -> 1031 posts
[2025-11-05 06:44:58] Success: mycrazygoodlife.com -> 568 posts
[2025-11-05 06:44:58] Success: myfinancialprograms.com -> 0 posts
[2025-11-05 06:44:58] Success: myfrenchcountryhomemagazine.com -> 659 posts
[2025-11-05 06:44:58] Success: mygarden.co.nz -> 1685 posts
[2025-11-05 06:44:58] Success: mydegreeguide.com -> 181 posts
[2025-11-05 06:44:58] WordPress but no count header: myfussyeater.com
[2025-11-05 06:44:58] Success: myburntorange.com -> 218 posts
[2025-11-05 06:44:59] Success: mygardenlife.com -> 661 posts
[2025-11-05 06:44:59] Success: mydarlingvegan.com -> 502 posts
[2025-11-05 06:44:59] Success: mydiasporakitchen.com -> 290 posts
[2025-11-05 06:44:59] Success: mydecorative.com -> 7608 posts
[2025-11-05 06:44:59] Success: myexceltemplates.com -> 1974 posts
[2025-11-05 06:44:59] Success: mybarc.org -> 97 posts
[2025-11-05 06:44:59] Success: myhomeniche.com -> 24416 posts
[2025-11-05 06:45:00] Connection error: mygreenterra.com
[2025-11-05 06:45:00] Success: mygourmetconnection.com -> 680 posts
[2025-11-05 06:45:00] Success: myeleganthome.com -> 1182 posts
[2025-11-05 06:45:00] Success: myhomeweekly.com -> 275 posts
[2025-11-05 06:45:00] Success: mygoodsmith.com -> 44 posts
[2025-11-05 06:45:00] Success: myhomepros.com -> 905 posts
[2025-11-05 06:45:01] Success: mygorgeousrecipes.com -> 889 posts
[2025-11-05 06:45:01] Success: mygreenmattress.com -> 386 posts
[2025-11-05 06:45:01] Success: myketoplate.com -> 286 posts
[2025-11-05 06:45:01] Success: myhomewizard.com -> 29 posts
[2025-11-05 06:45:01] Success: myfrenchtwist.com -> 514 posts
[2025-11-05 06:45:01] Success: myhomedwelling.com -> 446 posts
[2025-11-05 06:45:01] Success: myinteriorpalace.com -> 599 posts
[2025-11-05 06:45:01] Success: myinteriorpalace.com -> 599 posts
[2025-11-05 06:45:02] Success: myhomemaderoots.com -> 138 posts
[2025-11-05 06:45:02] Success: myindianstove.com -> 158 posts
[2025-11-05 06:45:02] Success: myhelpfulhints.co.uk -> 873 posts
[2025-11-05 06:45:02] Connection error: mykitchenstories.com.au
[2025-11-05 06:45:02] Success: myhomierhome.com -> 198 posts
[2025-11-05 06:45:02] Success: mylittle-kitchen.com -> 55 posts
[2025-11-05 06:45:02] Success: mykoreankitchen.com -> 371 posts
[2025-11-05 06:45:03] Success: mykitchensage.com -> 93 posts
[2025-11-05 06:45:03] Success: mygreentoddler.com -> 71 posts
[2025-11-05 06:45:03] Success: mykidslickthebowl.com -> 570 posts
[2025-11-05 06:45:03] Success: mykidslickthebowl.com -> 570 posts
[2025-11-05 06:45:03] Success: myfrugalhome.com -> 987 posts
[2025-11-05 06:45:03] Success: mykitchenspices.co.uk -> 64 posts
[2025-11-05 06:45:03] Success: mykitchensage.com -> 93 posts
[2025-11-05 06:45:03] Success: mymodernmet.com -> 15597 posts
[2025-11-05 06:45:03] Success: myglobalviewpoint.com -> 2786 posts
[2025-11-05 06:45:03] Success: mykukun.com -> 3232 posts
[2025-11-05 06:45:03] Success: mykukun.com -> 3232 posts
[2025-11-05 06:45:04] Success: mylittleapartment.com -> 35 posts
[2025-11-05 06:45:04] Success: mylifecookbook.com -> 1312 posts
[2025-11-05 06:45:04] WordPress but restricted: mymenopausetransformation.com (HTTP 401)
[2025-11-05 06:45:04] Success: mymoneychronicles.com -> 481 posts
[2025-11-05 06:45:04] Success: mymoneycoach.ca -> 379 posts
[2025-11-05 06:45:05] Success: mylittlebabog.com -> 701 posts
[2025-11-05 06:45:05] Success: mylittlebabog.com -> 701 posts
[2025-11-05 06:45:05] Success: myminichefs.com -> 167 posts
[2025-11-05 06:45:05] Success: mymealrecipes.com -> 386 posts
[2025-11-05 06:45:05] Success: mymilitarybenefits.com -> 1346 posts
[2025-11-05 06:45:05] Not WordPress or API disabled: mynetdiary.com
[2025-11-05 06:45:05] Success: mymoneywizard.com -> 321 posts
[2025-11-05 06:45:05] WordPress but restricted: myoutdoorplans.com (HTTP 403)
[2025-11-05 06:45:05] Success: mymoneywizard.com -> 321 posts
[2025-11-05 06:45:05] Connection error: mypathtozero.com
[2025-11-05 06:45:05] Success: mynsha.com -> 47 posts
[2025-11-05 06:45:06] Success: myohab.com -> 133 posts
[2025-11-05 06:45:06] Success: mycodelesswebsite.com -> 1327 posts
[2025-11-05 06:45:06] Success: mynorth.com -> 9021 posts
[2025-11-05 06:45:06] Not WordPress or API disabled: mymove.com
[2025-11-05 06:45:06] Success: mymerrymessylife.com -> 696 posts
[2025-11-05 06:45:06] Success: mynewroots.org -> 371 posts
[2025-11-05 06:45:06] Success: mypacklove.com -> 499 posts
[2025-11-05 06:45:07] Success: mynorth.com -> 9021 posts
[2025-11-05 06:45:07] Success: myparenting.org -> 49 posts
[2025-11-05 06:45:07] Success: mypositiveparenting.org -> 1412 posts
[2025-11-05 06:45:07] Success: mymydiy.com -> 432 posts
[2025-11-05 06:45:07] Success: myplannedcare.nhs.uk -> 0 posts
[2025-11-05 06:45:07] Success: mymoneycottage.com -> 3047 posts
[2025-11-05 06:45:07] Success: mymoneynotes.com -> 10 posts
[2025-11-05 06:45:07] Not WordPress or API disabled: myrecipecupboard.com
[2025-11-05 06:45:08] Unknown status: myrecipes.com (HTTP 460)
[2025-11-05 06:45:08] Not WordPress or API disabled: mypeoplepatterns.com
[2025-11-05 06:45:08] WordPress but restricted: myreliablerecipes.com (HTTP 403)
[2025-11-05 06:45:08] Success: mygoldenthimble.com -> 382 posts
[2025-11-05 06:45:08] Success: myplantbasedfamily.com -> 810 posts
[2025-11-05 06:45:08] Success: myopencountry.com -> 322 posts
[2025-11-05 06:45:08] Success: myprimalcoach.com -> 90 posts
[2025-11-05 06:45:08] Success: mypuremd.com -> 96 posts
[2025-11-05 06:45:08] Success: mypuremd.com -> 96 posts
[2025-11-05 06:45:08] WordPress but no count header: mypoppet.com.au
[2025-11-05 06:45:08] Success: mypureplants.com -> 419 posts
[2025-11-05 06:45:09] Success: mysolluna.com -> 2740 posts
[2025-11-05 06:45:09] Success: mysocalledcraftylife.com -> 982 posts
[2025-11-05 06:45:09] Success: mypureenvironment.com -> 121 posts
[2025-11-05 06:45:09] Success: myrepurposedlife.com -> 1190 posts
[2025-11-05 06:45:09] Success: myplaceishome.com -> 129 posts
[2025-11-05 06:45:09] Success: myseniorhealthplan.com -> 437 posts
[2025-11-05 06:45:09] Success: myquietkitchen.com -> 491 posts
[2025-11-05 06:45:09] WordPress but no count header: mysteamcarpetsf.com
[2025-11-05 06:45:10] Success: mystudylife.com -> 90 posts
[2025-11-05 06:45:10] Success: mystayathomeadventures.com -> 1606 posts
[2025-11-05 06:45:10] Success: mytherapynyc.com -> 404 posts
[2025-11-05 06:45:11] Success: mysurvivalalliance.net -> 0 posts
[2025-11-05 06:45:11] Success: myspicykitchen.net -> 749 posts
[2025-11-05 06:45:11] Success: mytidycorner.com -> 469 posts
[2025-11-05 06:45:11] Success: myvoda.com -> 47 posts
[2025-11-05 06:45:11] Success: mytbr.co -> 228 posts
[2025-11-05 06:45:11] Success: mytriptocolombia.com -> 258 posts
[2025-11-05 06:45:11] Success: mysweetketo.com -> 319 posts
[2025-11-05 06:45:11] WordPress but restricted: nadiashealthykitchen.com (HTTP 403)
[2025-11-05 06:45:11] Success: mytunbridgewells.com -> 1079 posts
[2025-11-05 06:45:11] Success: mytastycurry.com -> 594 posts
[2025-11-05 06:45:12] Not WordPress or API disabled: naeyc.org
[2025-11-05 06:45:12] Success: mystartup365.com -> 105 posts
[2025-11-05 06:45:12] Success: nadamanley.com -> 1218 posts
[2025-11-05 06:45:12] Success: nad.org -> 598 posts
[2025-11-05 06:45:12] Success: myplacetoyours.com -> 890 posts
[2025-11-05 06:45:12] Success: myveganminimalist.com -> 216 posts
[2025-11-05 06:45:12] Success: nacatraining.org -> 21 posts
[2025-11-05 06:45:13] Success: myzumbabody.com -> 19 posts
[2025-11-05 06:45:13] Success: nafc.org -> 657 posts
[2025-11-05 06:45:13] Success: mystorage.ca -> 163 posts
[2025-11-05 06:45:13] Success: nacoa.org -> 245 posts
[2025-11-05 06:45:14] WordPress but restricted: narcolepsynetwork.org (HTTP 403)
[2025-11-05 06:45:14] Success: nandadiagnoses.com -> 928 posts
[2025-11-05 06:45:14] Success: naptimecrafters.com -> 61 posts
[2025-11-05 06:45:14] Success: nadinefloors.com -> 337 posts
[2025-11-05 06:45:14] Success: namastehomecooking.com -> 135 posts
[2025-11-05 06:45:15] Success: nancyshome.com -> 318 posts
[2025-11-05 06:45:15] Success: nassp.org -> 330 posts
[2025-11-05 06:45:15] Success: natashaskitchen.com -> 1277 posts
[2025-11-05 06:45:15] Success: nancyshousekeepingservice.com -> 89 posts
[2025-11-05 06:45:15] Success: nataliesetareh.com -> 140 posts
[2025-11-05 06:45:16] Success: nasamibeverage.com -> 158 posts
[2025-11-05 06:45:16] Success: nasamibeverage.com -> 158 posts
[2025-11-05 06:45:16] Success: napo-gpc.org -> 360 posts
[2025-11-05 06:45:16] Success: nathanbransford.com -> 2519 posts
[2025-11-05 06:45:16] Success: nationalchickencouncil.org -> 714 posts
[2025-11-05 06:45:16] WordPress but no count header: nathab.com
[2025-11-05 06:45:16] Connection error: naswdc.org
[2025-11-05 06:45:16] Success: mylingo101.com -> 11 posts
[2025-11-05 06:45:17] Success: nationalcprfoundation.com -> 71 posts
[2025-11-05 06:45:17] Success: nationalcprfoundation.com -> 71 posts
[2025-11-05 06:45:17] Success: national.edu -> 362 posts
[2025-11-05 06:45:17] Success: nakedsustainability.com -> 125 posts
[2025-11-05 06:45:17] Success: nationalallergyandent.com -> 192 posts
[2025-11-05 06:45:17] Success: nationalwellnessgroup.com -> 51 posts
[2025-11-05 06:45:18] Client error: nal.usda.gov - 400, message='Got more than 8190 bytes (10330) when reading Header value is too long.', url='https://www.nal.usda.gov/wp-json/wp/v2/posts'
[2025-11-05 06:45:18] Not WordPress or API disabled: nationalgallery.org.uk
[2025-11-05 06:45:18] Success: nationalpost.com -> 685204 posts
[2025-11-05 06:45:18] Success: nationalguitaracademy.com -> 467 posts
[2025-11-05 06:45:18] Success: nativefoods.info -> 2099 posts
[2025-11-05 06:45:18] Success: nativeclinics.com -> 59 posts
[2025-11-05 06:45:18] Connection error: myfairladybway.com
[2025-11-05 06:45:18] Not WordPress or API disabled: nationaltrust.org.uk
[2025-11-05 06:45:18] Success: natural-alternative-therapies.com -> 81 posts
[2025-11-05 06:45:18] Success: nativenatures.com -> 53 posts
[2025-11-05 06:45:18] Success: naturaldentistassociates.com -> 107 posts
[2025-11-05 06:45:18] Success: naturaldentistassociates.com -> 107 posts
[2025-11-05 06:45:18] Success: nativehistory.info -> 4978 posts
[2025-11-05 06:45:19] Not WordPress or API disabled: naturalhandyman.com
[2025-11-05 06:45:19] Success: naturalbeautyobsesseed.com -> 536 posts
[2025-11-05 06:45:19] Success: namimaine.org -> 44 posts
[2025-11-05 06:45:19] Success: naturallyforpets.com -> 0 posts
[2025-11-05 06:45:19] Success: nationaldebtrelief.com -> 1155 posts
[2025-11-05 06:45:20] Success: naturalhealingguides.com -> 328 posts
[2025-11-05 06:45:20] Success: naturallyella.com -> 867 posts
[2025-11-05 06:45:20] WordPress but no count header: naturalremedyideas.com
[2025-11-05 06:45:20] WordPress but no count header: naturalnews.com
[2025-11-05 06:45:20] Success: naturalfoodseries.com -> 962 posts
[2025-11-05 06:45:20] WordPress but restricted: naturopathic.org (HTTP 403)
[2025-11-05 06:45:20] Success: naturalpapa.com -> 745 posts
[2025-11-05 06:45:20] Connection error: navygrain.com
[2025-11-05 06:45:21] Success: naturalbeachliving.com -> 1684 posts
[2025-11-05 06:45:21] Success: naturallivingideas.com -> 703 posts
[2025-11-05 06:45:21] Success: naturalhealingmagazine.com -> 1785 posts
[2025-11-05 06:45:21] Success: naturefreshair.com -> 0 posts
[2025-11-05 06:45:21] Success: naturalmerchants.com -> 227 posts
[2025-11-05 06:45:21] Success: naturemed.org -> 323 posts
[2025-11-05 06:45:21] Success: naturesnurture.co -> 135 posts
[2025-11-05 06:45:21] Success: naturalmadesimple.com -> 24 posts
[2025-11-05 06:45:22] Success: naturalskincare.com -> 67 posts
[2025-11-05 06:45:22] Success: naturalfoodseries.com -> 962 posts
[2025-11-05 06:45:22] Not WordPress or API disabled: nchfp.uga.edu
[2025-11-05 06:45:22] Not WordPress or API disabled: nbcnews.com
[2025-11-05 06:45:23] Success: nccer.org -> 452 posts
[2025-11-05 06:45:23] Not WordPress or API disabled: ncbi.nlm.nih.gov
[2025-11-05 06:45:23] Connection error: momontimeout.com
[2025-11-05 06:45:23] Success: nbclosangeles.com -> 519485 posts
[2025-11-05 06:45:23] Success: nbclosangeles.com -> 519485 posts
[2025-11-05 06:45:23] Connection error: neathousesweethome.net
[2025-11-05 06:45:23] Success: nchh.org -> 326 posts
[2025-11-05 06:45:23] Not WordPress or API disabled: ncoa.org
[2025-11-05 06:45:23] Connection error: naturalhealthmag.com
[2025-11-05 06:45:23] Success: navigatemindfully.com -> 161 posts
[2025-11-05 06:45:23] Not WordPress or API disabled: neatmethod.com
[2025-11-05 06:45:24] Not WordPress or API disabled: ndliving.com
[2025-11-05 06:45:24] Success: nchpad.org -> 0 posts
[2025-11-05 06:45:24] Not WordPress or API disabled: needleandnest.com
[2025-11-05 06:45:24] Success: neilkelly.com -> 271 posts
[2025-11-05 06:45:24] Not WordPress or API disabled: neda.org
[2025-11-05 06:45:24] Success: nbcwashington.com -> 494056 posts
[2025-11-05 06:45:24] Success: nbcwashington.com -> 494056 posts
[2025-11-05 06:45:24] Success: neathousesweethome.com -> 243 posts
[2025-11-05 06:45:25] Success: needitation.com -> 14 posts
[2025-11-05 06:45:25] Success: needsomefun.net -> 10559 posts
[2025-11-05 06:45:25] Success: nelda.org.in -> 107 posts
[2025-11-05 06:45:25] Success: nestingnicely.com -> 22587 posts
[2025-11-05 06:45:25] Success: nerdable.com -> 1427 posts
[2025-11-05 06:45:25] Success: naturadip.com -> 31 posts
[2025-11-05 06:45:25] Not WordPress or API disabled: nestedfi.medium.com
[2025-11-05 06:45:25] Success: nerdy-tech.com -> 204 posts
[2025-11-05 06:45:26] Success: neuraleffects.com -> 75 posts
[2025-11-05 06:45:26] Success: neatex.co.uk -> 440 posts
[2025-11-05 06:45:26] Success: nestofposies-blog.com -> 1537 posts
[2025-11-05 06:45:26] Success: nerdfitness.com -> 1019 posts
[2025-11-05 06:45:26] Success: nenaswellnesscorner.com -> 184 posts
[2025-11-05 06:45:26] Success: ndcpd.org -> 1 posts
[2025-11-05 06:45:26] WordPress but restricted: neverendingfootsteps.com (HTTP 403)
[2025-11-05 06:45:26] Not WordPress or API disabled: netcooks.com
[2025-11-05 06:45:26] Success: nenaswellnesscorner.com -> 184 posts
[2025-11-05 06:45:26] Success: nepaleveresttrekking.com -> 93 posts
[2025-11-05 06:45:26] WordPress but restricted: nestle-family.com (HTTP 403)
[2025-11-05 06:45:26] Success: neurolaunch.com -> 53054 posts
[2025-11-05 06:45:26] Success: newbeauty.com -> 17672 posts
[2025-11-05 06:45:27] Success: nestichomes.com -> 236 posts
[2025-11-05 06:45:27] Success: nestichomes.com -> 236 posts
[2025-11-05 06:45:27] Success: neurotree.io -> 28 posts
[2025-11-05 06:45:27] Success: newfoodmagazine.com -> 0 posts
[2025-11-05 06:45:27] Success: myuncommonsliceofsuburbia.com -> 1607 posts
[2025-11-05 06:45:27] Success: newagebeauty.com -> 23 posts
[2025-11-05 06:45:27] Success: newgenliving.com -> 403 posts
[2025-11-05 06:45:28] Success: neurotechinsider.com -> 626 posts
[2025-11-05 06:45:28] Success: netcurtains.org -> 319 posts
[2025-11-05 06:45:28] Success: newgenliving.com -> 403 posts
[2025-11-05 06:45:28] Success: new.organicfungusnuker.com -> 0 posts
[2025-11-05 06:45:28] Success: neurospicynonsense.com -> 64 posts
[2025-11-05 06:45:28] Success: newmanwebsolutions.com -> 519 posts
[2025-11-05 06:45:28] Success: newburysmiles.com -> 271 posts
[2025-11-05 06:45:28] WordPress but restricted: news-medical.net (HTTP 403)
[2025-11-05 06:45:28] Success: newagainpatiofurniture.com -> 39 posts
[2025-11-05 06:45:28] Unknown status: news.celebrity24h.com (HTTP 502)
[2025-11-05 06:45:28] Success: newportacademy.com -> 470 posts
[2025-11-05 06:45:28] Not WordPress or API disabled: newmexico.org
[2025-11-05 06:45:29] Not WordPress or API disabled: newminimalism.com
[2025-11-05 06:45:29] Success: mysundaytools.com -> 76 posts
[2025-11-05 06:45:29] Success: newlifefertility.com -> 73 posts
[2025-11-05 06:45:29] Success: newmouth.com -> 133 posts
[2025-11-05 06:45:29] Success: newhopehealth.com -> 196 posts
[2025-11-05 06:45:29] Success: newbookrecommendation.com -> 42307 posts
[2025-11-05 06:45:29] Success: news.leavitt.com -> 2050 posts
[2025-11-05 06:45:29] Success: newtraderu.com -> 9477 posts
[2025-11-05 06:45:29] Success: news24online.com -> 79509 posts
[2025-11-05 06:45:29] Success: newtraderu.com -> 9477 posts
[2025-11-05 06:45:30] Success: news.sanfordhealth.org -> 2786 posts
[2025-11-05 06:45:30] Success: news.ultrasignup.com -> 516 posts
[2025-11-05 06:45:30] Success: newshealthwatch.com -> 1734 posts
[2025-11-05 06:45:30] Success: newshealthwatch.com -> 1734 posts
[2025-11-05 06:45:30] Success: neworigins.org -> 51 posts
[2025-11-05 06:45:30] Success: news.va.gov -> 15552 posts
[2025-11-05 06:45:30] Success: newlifeonahomestead.com -> 1977 posts
[2025-11-05 06:45:30] Success: news.harvard.edu -> 27391 posts
[2025-11-05 06:45:30] Success: newtechrecycling.com -> 32 posts
[2025-11-05 06:45:30] Success: newhobbying.com -> 100 posts
[2025-11-05 06:45:31] Success: nextdaycleaning.com -> 63 posts
[2025-11-05 06:45:31] Success: nextlevelchess.com -> 204 posts
[2025-11-05 06:45:31] Success: nexrep.com -> 24 posts
[2025-11-05 06:45:31] Success: newyorkfashionhunter.com -> 847 posts
[2025-11-05 06:45:31] Success: nexirova.com -> 44 posts
[2025-11-05 06:45:32] Success: nextmashup.com -> 360 posts
[2025-11-05 06:45:32] Success: newyorkstreetfood.com -> 4867 posts
[2025-11-05 06:45:32] Success: nextluxury.com -> 4421 posts
[2025-11-05 06:45:32] Success: newyorkstreetfood.com -> 4867 posts
[2025-11-05 06:45:32] Success: nfcihospitality.com -> 716 posts
[2025-11-05 06:45:32] WordPress but restricted: nhsinform.scot (HTTP 403)
[2025-11-05 06:45:32] Success: nflrc.org -> 0 posts
[2025-11-05 06:45:32] Success: nextstepliving.com -> 602 posts
[2025-11-05 06:45:32] Success: nfil.net -> 219 posts
[2025-11-05 06:45:32] Success: ngb.org -> 330 posts
[2025-11-05 06:45:33] Success: nhcps.com -> 197 posts
[2025-11-05 06:45:33] Success: nfcc.org -> 575 posts
[2025-11-05 06:45:33] Success: nfcihospitality.com -> 716 posts
[2025-11-05 06:45:33] Success: nextwhatbusiness.com -> 1047 posts
[2025-11-05 06:45:33] Success: nextleveltint.com -> 31 posts
[2025-11-05 06:45:33] Success: nichepursuits.com -> 3618 posts
[2025-11-05 06:45:33] Success: nicsnutrition.com -> 527 posts
[2025-11-05 06:45:34] Connection error: nantucketfamilyresourcecenter.org
[2025-11-05 06:45:34] Not WordPress or API disabled: nhs.uk
[2025-11-05 06:45:34] Success: nikkianneluxuryliving.com -> 459 posts
[2025-11-05 06:45:34] Success: nikkisplate.com -> 1109 posts
[2025-11-05 06:45:34] Success: ninesliving.com -> 227 posts
[2025-11-05 06:45:35] Success: nikkianneluxuryliving.com -> 459 posts
[2025-11-05 06:45:35] Connection error: niosh.cdc.gov
[2025-11-05 06:45:35] WordPress but restricted: nintendowire.com (HTTP 403)
[2025-11-05 06:45:35] Not WordPress or API disabled: nimh.nih.gov
[2025-11-05 06:45:35] Success: nihaoma-mandarin.com -> 313 posts
[2025-11-05 06:45:35] Success: ninjapromo.io -> 440 posts
[2025-11-05 06:45:35] Success: nilmeierhomerepair.com -> 0 posts
[2025-11-05 06:45:35] Success: ninamagon.com -> 209 posts
[2025-11-05 06:45:35] Success: nicolaslawn.com -> 485 posts
[2025-11-05 06:45:35] Not WordPress or API disabled: nishamadhulika.com
[2025-11-05 06:45:36] Success: nibll.com -> 83 posts
[2025-11-05 06:45:36] Success: ninahendrick.com -> 151 posts
[2025-11-05 06:45:36] Success: njholistichealingandwellness.com -> 0 posts
[2025-11-05 06:45:36] Success: nickishomemadecrafts.com -> 933 posts
[2025-11-05 06:45:36] Success: newmomlife.net -> 86 posts
[2025-11-05 06:45:36] Success: nme.com -> 296411 posts
[2025-11-05 06:45:37] Success: ninjamachinerecipes.com -> 1042 posts
[2025-11-05 06:45:37] WordPress but restricted: njfamily.com (HTTP 403)
[2025-11-05 06:45:37] Connection error: mychicobsession.com
[2025-11-05 06:45:37] Success: noboundaries.marketing -> 419 posts
[2025-11-05 06:45:37] Success: nofussnatural.com -> 1024 posts
[2025-11-05 06:45:37] Success: nomadasaurus.com -> 1106 posts
[2025-11-05 06:45:38] Unknown status: nnlm.gov (HTTP 410)
[2025-11-05 06:45:38] Success: nkba.org -> 577 posts
[2025-11-05 06:45:38] WordPress but restricted: nomadflag.com (HTTP 401)
[2025-11-05 06:45:38] Success: nogettingoffthistrain.com -> 818 posts
[2025-11-05 06:45:38] Success: nomoredebts.org -> 401 posts
[2025-11-05 06:45:38] Success: nomadicmatt.com -> 1118 posts
[2025-11-05 06:45:38] Connection error: noregretsgypsy.com
[2025-11-05 06:45:39] Success: nomoredebts.org -> 401 posts
[2025-11-05 06:45:39] Success: nomeatathlete.com -> 645 posts
[2025-11-05 06:45:39] Success: nomorechores.com -> 171 posts
[2025-11-05 06:45:39] Success: nomadswithapurpose.com -> 339 posts
[2025-11-05 06:45:39] Success: north.newlifechurch.org -> 0 posts
[2025-11-05 06:45:39] Success: nobunplease.com -> 402 posts
[2025-11-05 06:45:39] Not WordPress or API disabled: northernterritory.com
[2025-11-05 06:45:39] Success: norecipes.com -> 573 posts
[2025-11-05 06:45:39] Success: nogluten.com -> 60 posts
[2025-11-05 06:45:40] Success: northernnester.com -> 1737 posts
[2025-11-05 06:45:40] Success: nomatia.com -> 148 posts
[2025-11-05 06:45:40] WordPress but no count header: northumberlandparkmedicalgroup.nhs.uk
[2025-11-05 06:45:40] Not WordPress or API disabled: nlm.nih.gov
[2025-11-05 06:45:40] Success: northnjhvac.com -> 4333 posts
[2025-11-05 06:45:40] Connection error: nosugarlesscrystals.com
[2025-11-05 06:45:40] Success: northerngardener.org -> 1226 posts
[2025-11-05 06:45:40] Success: noom.com -> 822 posts
[2025-11-05 06:45:40] Success: northwestclinic.org -> 337 posts
[2025-11-05 06:45:41] Success: northstarrestorationservices.com -> 108 posts
[2025-11-05 06:45:41] Success: notesfromtheporch.com -> 256 posts
[2025-11-05 06:45:41] Success: northwestacehardware.com -> 2 posts
[2025-11-05 06:45:41] Success: nosidebar.com -> 1285 posts
[2025-11-05 06:45:41] WordPress but no count header: notiondemy.com
[2025-11-05 06:45:41] Success: northwestcareercollege.edu -> 1462 posts
[2025-11-05 06:45:41] Success: notesbythalia.com -> 179 posts
[2025-11-05 06:45:41] WordPress but restricted: nourishandnestle.com (HTTP 403)
[2025-11-05 06:45:41] Not WordPress or API disabled: nothymetocook.com
[2025-11-05 06:45:41] Success: ninjafoodtech.com -> 340 posts
[2025-11-05 06:45:42] Success: norvasen.com -> 3382 posts
[2025-11-05 06:45:42] Success: noted.collectivevoice.com -> 450 posts
[2025-11-05 06:45:42] Success: notsalmon.com -> 4154 posts
[2025-11-05 06:45:42] Success: noshtastic.com -> 369 posts
[2025-11-05 06:45:42] Success: nourishedbynutrition.com -> 222 posts
[2025-11-05 06:45:42] Success: northwestautocollision.com -> 287 posts
[2025-11-05 06:45:42] Success: nourishedkitchen.com -> 522 posts
[2025-11-05 06:45:42] Success: notsomodern.com -> 144 posts
[2025-11-05 06:45:43] Success: nourishingminimalism.com -> 352 posts
[2025-11-05 06:45:43] Success: nosweatvegan.com -> 198 posts
[2025-11-05 06:45:43] Success: nourishedbynic.com -> 525 posts
[2025-11-05 06:45:43] Success: northernservicestoday.com -> 845 posts
[2025-11-05 06:45:44] Success: nourishnutritionblog.com -> 237 posts
[2025-11-05 06:45:44] Success: novicecook.com -> 206 posts
[2025-11-05 06:45:44] Connection error: npsr.qld.gov.au
[2025-11-05 06:45:44] Success: novascotiaspca.ca -> 321 posts
[2025-11-05 06:45:44] Success: nourishmovelove.com -> 633 posts
[2025-11-05 06:45:44] Not WordPress or API disabled: npr.org
[2025-11-05 06:45:44] Success: novelonmymind.com -> 136 posts
[2025-11-05 06:45:44] Success: nourishedwithnatalie.com -> 78 posts
[2025-11-05 06:45:44] Success: nowandpast.com -> 335 posts
[2025-11-05 06:45:45] Success: nowcookthis.com -> 512 posts
[2025-11-05 06:45:45] Success: novascotia.com -> 228 posts
[2025-11-05 06:45:45] Not WordPress or API disabled: nsmb.com
[2025-11-05 06:45:45] WordPress but no count header: nt.org.uk
[2025-11-05 06:45:45] Success: nu.edu -> 1019 posts
[2025-11-05 06:45:45] Success: nubiapage.com -> 2158 posts
[2025-11-05 06:45:46] Success: nrcne.org -> 797 posts
[2025-11-05 06:45:46] Success: nummyrecipes.com -> 8156 posts
[2025-11-05 06:45:46] Not WordPress or API disabled: number6publishing.com
[2025-11-05 06:45:46] Success: ntaskmanager.com -> 463 posts
[2025-11-05 06:45:46] Connection error: nunavuttourism.com
[2025-11-05 06:45:46] Success: nowthaticando.com -> 222 posts
[2025-11-05 06:45:46] Not WordPress or API disabled: nuffieldhealth.com
[2025-11-05 06:45:46] Success: nuhs.edu -> 2103 posts
[2025-11-05 06:45:46] Success: npiweb.com -> 270 posts
[2025-11-05 06:45:46] Connection error: network-guides.com
[2025-11-05 06:45:46] Connection error: network-guides.com
[2025-11-05 06:45:46] Success: number-2-pencil.com -> 675 posts
[2025-11-05 06:45:47] Success: nurturinghomeaid.com -> 20381 posts
[2025-11-05 06:45:47] Success: nursipedia.com -> 837 posts
[2025-11-05 06:45:47] Success: nursipedia.com -> 837 posts
[2025-11-05 06:45:47] Success: nurtureandthriveblog.com -> 97 posts
[2025-11-05 06:45:47] WordPress but restricted: nutribullet.com (HTTP 403)
[2025-11-05 06:45:47] WordPress but restricted: nutribullet.com (HTTP 403)
[2025-11-05 06:45:48] WordPress but no count header: nutrition.org
[2025-11-05 06:45:48] Not WordPress or API disabled: nurses.org
[2025-11-05 06:45:48] Success: nutritionadvance.com -> 611 posts
[2025-11-05 06:45:48] Success: nushoeinspectandcorrect.com -> 290 posts
[2025-11-05 06:45:48] Success: nutritioninthekitch.com -> 719 posts
[2025-11-05 06:45:48] Success: nutrifitonline.com -> 903 posts
[2025-11-05 06:45:48] Success: nowtolove.co.nz -> 34794 posts
[2025-11-05 06:45:48] Success: nutrareviews.org -> 122 posts
[2025-11-05 06:45:48] Success: nshcoa.com -> 48 posts
[2025-11-05 06:45:48] Success: nursing.stkate.edu -> 12 posts
[2025-11-05 06:45:48] WordPress but restricted: nutritionsource.hsph.harvard.edu (HTTP 403)
[2025-11-05 06:45:48] WordPress but no count header: nutritionix.com
[2025-11-05 06:45:49] Success: nutritioninthekitch.com -> 719 posts
[2025-11-05 06:45:49] Success: nutfreewok.com -> 309 posts
[2025-11-05 06:45:49] Success: nutritionresolution.com -> 153 posts
[2025-11-05 06:45:49] Success: nutritionbycarrie.com -> 916 posts
[2025-11-05 06:45:49] Success: nutritionfacts.org -> 1410 posts
[2025-11-05 06:45:49] Not WordPress or API disabled: nutrition-and-you.com
[2025-11-05 06:45:50] WordPress but no count header: nutritiontwins.com
[2025-11-05 06:45:50] Success: nutritiouslife.com -> 1423 posts
[2025-11-05 06:45:50] Success: nutritiouslife.com -> 1423 posts
[2025-11-05 06:45:50] Success: nutritionconsabor.com -> 120 posts
[2025-11-05 06:45:50] Success: nutriciously.com -> 484 posts
[2025-11-05 06:45:50] Client error: nutrition.gov - 400, message='Got more than 8190 bytes (10330) when reading Header value is too long.', url='https://www.nutrition.gov/wp-json/wp/v2/posts'
[2025-11-05 06:45:50] Success: nutritionstripped.com -> 801 posts
[2025-11-05 06:45:51] WordPress but restricted: nypost.com (HTTP 401)
[2025-11-05 06:45:51] Success: nuvkriti.com -> 20 posts
[2025-11-05 06:45:51] WordPress but restricted: nuttyhiker.com (HTTP 401)
[2025-11-05 06:45:51] Success: nwmaids.com -> 1672 posts
[2025-11-05 06:45:51] Success: nyc.cce.cornell.edu -> 86 posts
[2025-11-05 06:45:52] Success: nycbirthandbaby.com -> 0 posts
[2025-11-05 06:45:52] Success: nwmaids.com -> 1672 posts
[2025-11-05 06:45:52] Success: nyssaskitchen.com -> 353 posts
[2025-11-05 06:45:52] Success: nyeditor.com -> 20 posts
[2025-11-05 06:45:52] Not WordPress or API disabled: nytimes.com
[2025-11-05 06:45:52] Success: nyssaskitchen.com -> 353 posts
[2025-11-05 06:45:53] Success: oakandgrainrefinishing.com -> 81 posts
[2025-11-05 06:45:53] Success: oakandgrainrefinishing.com -> 81 posts
[2025-11-05 06:45:53] Success: nytstrands.org -> 0 posts
[2025-11-05 06:45:53] Success: nybabysteps.com -> 322 posts
[2025-11-05 06:45:53] Success: oasismindandbody.com -> 39 posts
[2025-11-05 06:45:54] Success: nycintegrative.com -> 85 posts
[2025-11-05 06:45:54] Success: obsessedwoodworking.com -> 1866 posts
[2025-11-05 06:45:54] Success: nytstrands.com -> 5 posts
[2025-11-05 06:45:54] Success: observationhobbies.com -> 760 posts
[2025-11-05 06:45:55] Success: obfocus.com -> 185 posts
[2025-11-05 06:45:55] Success: occupationalhealth.wustl.edu -> 0 posts
[2025-11-05 06:45:55] Success: nyworkerslaw.com -> 97 posts
[2025-11-05 06:45:55] Success: observer.com -> 226170 posts
[2025-11-05 06:45:56] Success: ocregister.com -> 945128 posts
[2025-11-05 06:45:56] Success: oakloghome.com -> 190 posts
[2025-11-05 06:45:56] Success: obfocus.com -> 185 posts
[2025-11-05 06:45:56] Not WordPress or API disabled: occupationaltherapy.com
[2025-11-05 06:45:57] Success: odor-pros.com -> 19 posts
[2025-11-05 06:45:57] Success: odha.on.ca -> 25 posts
[2025-11-05 06:45:57] Success: nytdr.com -> 129 posts
[2025-11-05 06:45:57] Success: nytdr.com -> 129 posts
[2025-11-05 06:45:57] Unknown status: odorremovalnewmexico.com (HTTP 418)
[2025-11-05 06:45:57] Unknown status: odorremovalnewmexico.com (HTTP 418)
[2025-11-05 06:45:57] Success: odorzx.com -> 62 posts
[2025-11-05 06:45:57] Success: oceanconservancy.org -> 1327 posts
[2025-11-05 06:45:58] Success: officefixes.com -> 794 posts
[2025-11-05 06:45:58] Connection error: noisli.com
[2025-11-05 06:45:58] Success: odahcenter.com -> 14 posts
[2025-11-05 06:45:58] Success: officedynamics.com -> 548 posts
[2025-11-05 06:45:58] Success: ofdc-inc.com -> 41 posts
[2025-11-05 06:45:58] Success: odha.on.ca -> 25 posts
[2025-11-05 06:45:58] Success: offgridharmony.com -> 1072 posts
[2025-11-05 06:45:59] Success: officetutorial.net -> 182 posts
[2025-11-05 06:45:59] Success: officetutorial.net -> 182 posts
[2025-11-05 06:45:59] Connection error: nootropicsplanet.com
[2025-11-05 06:45:59] Success: officelibations.com -> 513 posts
[2025-11-05 06:45:59] WordPress but restricted: ohjoy.com (HTTP 403)
[2025-11-05 06:45:59] Success: offgridhub.com -> 379 posts
[2025-11-05 06:45:59] Success: offthebeatengrid.net -> 600 posts
[2025-11-05 06:45:59] Success: offgridworld.com -> 607 posts
[2025-11-05 06:46:00] WordPress but restricted: ohsheglows.com (HTTP 403)
[2025-11-05 06:46:00] Success: odorcontrolnetwork.com -> 40 posts
[2025-11-05 06:46:00] Success: ofhousesandtrees.com -> 220 posts
[2025-11-05 06:46:00] Success: ohgardener.com -> 290 posts
[2025-11-05 06:46:00] Success: offtheeatenpathblog.com -> 207 posts
[2025-11-05 06:46:01] Success: offgridblog.com -> 48 posts
[2025-11-05 06:46:01] Success: ohmightyhealth.com -> 626 posts
[2025-11-05 06:46:01] Success: ohsospotless.com -> 807 posts
[2025-11-05 06:46:01] Success: ohhowcivilized.com -> 477 posts
[2025-11-05 06:46:01] Success: ohmyveggies.com -> 2500 posts
[2025-11-05 06:46:01] Success: ohsweetbasil.com -> 1906 posts
[2025-11-05 06:46:01] Success: ohthatsgood.com -> 282 posts
[2025-11-05 06:46:01] Success: okfronline.com -> 910 posts
[2025-11-05 06:46:01] Success: ohthatsgood.com -> 282 posts
[2025-11-05 06:46:02] Success: oildiffuserexpert.com -> 233 posts
[2025-11-05 06:46:02] Success: nyimc.org -> 181 posts
[2025-11-05 06:46:02] WordPress but restricted: oldhouseweb.com (HTTP 403)
[2025-11-05 06:46:02] Success: okfronline.com -> 910 posts
[2025-11-05 06:46:02] Success: ohclary.com -> 392 posts
[2025-11-05 06:46:02] Not WordPress or API disabled: oldbrandnew.com
[2025-11-05 06:46:02] Success: oishya.com -> 257 posts
[2025-11-05 06:46:02] Success: ohse.ca -> 951 posts
[2025-11-05 06:46:03] Success: oldworldgardenfarms.com -> 1314 posts
[2025-11-05 06:46:03] Success: oliviabudgen.com -> 90 posts
[2025-11-05 06:46:03] Success: oldentech.com -> 5398 posts
[2025-11-05 06:46:03] Success: okonomikitchen.com -> 713 posts
[2025-11-05 06:46:03] Success: olivaclinic.com -> 622 posts
[2025-11-05 06:46:03] Success: olivetomato.com -> 558 posts
[2025-11-05 06:46:03] Success: olivaclinic.com -> 622 posts
[2025-11-05 06:46:03] Not WordPress or API disabled: omadahealth.com
[2025-11-05 06:46:03] Not WordPress or API disabled: omahafashionweek.com
[2025-11-05 06:46:03] WordPress but no count header: omnihomeideas.com
[2025-11-05 06:46:03] WordPress but restricted: onbetterliving.com (HTTP 403)
[2025-11-05 06:46:04] Success: ohwellyes.com -> 154 posts
[2025-11-05 06:46:04] WordPress but restricted: omnivatelehealth.com (HTTP 403)
[2025-11-05 06:46:04] Success: olivesfordinner.com -> 475 posts
[2025-11-05 06:46:04] Not WordPress or API disabled: omventure.com
[2025-11-05 06:46:04] Success: omgchocolatedesserts.com -> 439 posts
[2025-11-05 06:46:04] Success: olympicclosets.com -> 1 posts
[2025-11-05 06:46:04] Success: onceamonthmeals.com -> 918 posts
[2025-11-05 06:46:04] Success: omnivorescookbook.com -> 753 posts
[2025-11-05 06:46:04] Success: ohmysander.com -> 114 posts
[2025-11-05 06:46:05] Success: oizom.com -> 291 posts
[2025-11-05 06:46:05] Success: oliviascuisine.com -> 567 posts
[2025-11-05 06:46:05] Success: onceinabluemoon.ca -> 21458 posts
[2025-11-05 06:46:05] Success: onceinabluemoon.ca -> 21458 posts
[2025-11-05 06:46:05] Connection error: ntask-appli-ax7ch68c6yko-1144939517.us-east-2.elb.amazonaws.com
[2025-11-05 06:46:05] Success: onecentatatime.com -> 1494 posts
[2025-11-05 06:46:05] Success: onecartao.com -> 762 posts
[2025-11-05 06:46:05] Success: onbudgetmoms.com -> 169 posts
[2025-11-05 06:46:06] Success: onecapitalsolutions.com -> 60 posts
[2025-11-05 06:46:06] Success: onecoastdesign.com -> 76 posts
[2025-11-05 06:46:06] Not WordPress or API disabled: onefinedaychicago.com
[2025-11-05 06:46:06] Success: onedegreeorganics.com -> 52 posts
[2025-11-05 06:46:06] Success: onecrazyhouse.com -> 1217 posts
[2025-11-05 06:46:06] Success: onceuponachef.com -> 1146 posts
[2025-11-05 06:46:06] Success: onegreenplanet.org -> 42626 posts
[2025-11-05 06:46:06] Success: onedishkitchen.com -> 723 posts
[2025-11-05 06:46:06] Success: onefrugalgirl.com -> 1691 posts
[2025-11-05 06:46:06] WordPress but restricted: onegoodthingbyjillee.com (HTTP 403)
[2025-11-05 06:46:07] Connection error: number8cooking.com
[2025-11-05 06:46:07] Success: onehourairftworth.com -> 2099 posts
[2025-11-05 06:46:07] Success: oneessentialcommunity.com -> 201 posts
[2025-11-05 06:46:07] Success: onegirlwholeworld.com -> 488 posts
[2025-11-05 06:46:07] Success: onelittleproject.com -> 1459 posts
[2025-11-05 06:46:07] Not WordPress or API disabled: onekingslane.com
[2025-11-05 06:46:07] Success: oneteamtv.com -> 397 posts
[2025-11-05 06:46:08] Success: oneshetwoshe.com -> 2480 posts
[2025-11-05 06:46:08] Success: oneessentialcommunity.com -> 201 posts
[2025-11-05 06:46:08] Success: online.jwu.edu -> 428 posts
[2025-11-05 06:46:08] Success: omemade.com -> 111 posts
[2025-11-05 06:46:08] Success: oneprojectcloser.com -> 1258 posts
[2025-11-05 06:46:08] Not WordPress or API disabled: online-cookbook.com
[2025-11-05 06:46:08] Success: onfra.io -> 871 posts
[2025-11-05 06:46:09] Success: onehundreddollarsamonth.com -> 10711 posts
[2025-11-05 06:46:09] Success: online-tech-tips.com -> 2586 posts
[2025-11-05 06:46:09] Not WordPress or API disabled: onlinedegrees.bradley.edu
[2025-11-05 06:46:09] Success: onesweetappetite.com -> 935 posts
[2025-11-05 06:46:09] Success: onepotrecipes.com -> 387 posts
[2025-11-05 06:46:09] WordPress but restricted: onlinefirstaid.com (HTTP 403)
[2025-11-05 06:46:09] WordPress but restricted: onlinefirstaid.com (HTTP 403)
[2025-11-05 06:46:09] Success: onlinecomputertips.com -> 1294 posts
[2025-11-05 06:46:09] Success: online-learning-college.com -> 691 posts
[2025-11-05 06:46:09] Success: onmaplelane.com -> 71 posts
[2025-11-05 06:46:09] Success: onmaplelane.com -> 71 posts
[2025-11-05 06:46:10] Not WordPress or API disabled: onlymyhealth.com
[2025-11-05 06:46:10] Success: onlyglutenfreerecipes.com -> 195 posts
[2025-11-05 06:46:10] Not WordPress or API disabled: onnit.com
[2025-11-05 06:46:10] Success: onlineitalianclub.com -> 1988 posts
[2025-11-05 06:46:10] Success: onewholesomelife.com -> 329 posts
[2025-11-05 06:46:10] Success: onekitchenreview.com -> 811 posts
[2025-11-05 06:46:10] Not WordPress or API disabled: onlinemba.ku.edu
[2025-11-05 06:46:10] Success: onlinetoolguides.com -> 884 posts
[2025-11-05 06:46:11] Success: oniusavenezia.com -> 189 posts
[2025-11-05 06:46:11] Success: onlysocial.io -> 610 posts
[2025-11-05 06:46:11] Success: onlineartlessons.com -> 0 posts
[2025-11-05 06:46:11] Success: onmycanvas.com -> 264 posts
[2025-11-05 06:46:11] Success: onyamagazine.com -> 11972 posts
[2025-11-05 06:46:11] Success: onmykidsplate.com -> 574 posts
[2025-11-05 06:46:12] Success: onthespotrepairs.com -> 62 posts
[2025-11-05 06:46:12] Success: oombawkadesigncrochet.com -> 3288 posts
[2025-11-05 06:46:12] Success: onsiteadjusting.com -> 106 posts
[2025-11-05 06:46:12] Success: onsiteadjusting.com -> 106 posts
[2025-11-05 06:46:12] Success: operatorcoffeeco.com -> 450 posts
[2025-11-05 06:46:12] Success: opaye.com -> 179 posts
[2025-11-05 06:46:12] Success: openoregon.pressbooks.pub -> 0 posts
[2025-11-05 06:46:13] Success: opaye.com -> 179 posts
[2025-11-05 06:46:13] Success: openoregon.pressbooks.pub -> 0 posts
[2025-11-05 06:46:13] Not WordPress or API disabled: opm.gov
[2025-11-05 06:46:13] Success: optilingo.com -> 372 posts
[2025-11-05 06:46:13] Connection error: obesitymedicine.org
[2025-11-05 06:46:13] Success: onlineteachinghub.education.purdue.edu -> 1 posts
[2025-11-05 06:46:13] Success: openaccessgovernment.org -> 17074 posts
[2025-11-05 06:46:13] Success: operationfoodsearch.org -> 423 posts
[2025-11-05 06:46:14] WordPress but restricted: oprah.com (HTTP 403)
[2025-11-05 06:46:14] Success: openculture.com -> 15287 posts
[2025-11-05 06:46:14] Success: opplehouse.com -> 3520 posts
[2025-11-05 06:46:14] Success: opeha.com -> 271 posts
[2025-11-05 06:46:14] Not WordPress or API disabled: orangetreeinteriors.com
[2025-11-05 06:46:14] Success: optionsmedicalweightloss.com -> 308 posts
[2025-11-05 06:46:14] Success: ontargetfloorcare.com -> 27 posts
[2025-11-05 06:46:14] Success: oralhealthgroup.com -> 5550 posts
[2025-11-05 06:46:15] WordPress but restricted: orbitz.com (HTTP 403)
[2025-11-05 06:46:15] Connection error: orderlypnw.com
[2025-11-05 06:46:15] WordPress but no count header: orangetheory.com
[2025-11-05 06:46:15] Success: orah.co -> 4858 posts
[2025-11-05 06:46:15] Success: orah.co -> 4858 posts
[2025-11-05 06:46:15] Success: onelifejourneys.com -> 11 posts
[2025-11-05 06:46:15] Connection error: onebodystudio.net
[2025-11-05 06:46:15] Success: oralcarejournal.com -> 66 posts
[2025-11-05 06:46:15] Success: opportunitymarketing.co.uk -> 335 posts
[2025-11-05 06:46:15] Success: oralhealth.knowledgehub.wiley.com -> 462 posts
[2025-11-05 06:46:15] Success: oralhealth.knowledgehub.wiley.com -> 462 posts
[2025-11-05 06:46:15] Success: orchardcottagedental.co.uk -> 35 posts
[2025-11-05 06:46:16] Success: opm.gov.so -> 1504 posts
[2025-11-05 06:46:16] Success: orbitingweb.com -> 728 posts
[2025-11-05 06:46:16] Success: orchidsandsweettea.com -> 1270 posts
[2025-11-05 06:46:16] Success: oregonsbdc.org -> 184 posts
[2025-11-05 06:46:16] Success: organicbeautylover.com -> 451 posts
[2025-11-05 06:46:16] Success: organicallybecca.com -> 316 posts
[2025-11-05 06:46:16] Success: organigarden.ca -> 1 posts
[2025-11-05 06:46:16] Success: ordinarytraveler.com -> 549 posts
[2025-11-05 06:46:17] Success: organiclifetip.com -> 2555 posts
[2025-11-05 06:46:17] Success: organicallywell.com -> 71 posts
[2025-11-05 06:46:17] Success: organicauthority.com -> 11578 posts
[2025-11-05 06:46:17] Success: ontrackfishing.com -> 183 posts
[2025-11-05 06:46:17] Success: organisemyhouse.com -> 617 posts
[2025-11-05 06:46:17] Connection error: organizedbyjess.com
[2025-11-05 06:46:18] Success: organizationaltoast.com -> 112 posts
[2025-11-05 06:46:18] Success: org4life.com -> 323 posts
[2025-11-05 06:46:18] Success: organizationobsessed.com -> 174 posts
[2025-11-05 06:46:18] Not WordPress or API disabled: organizedish.com
[2025-11-05 06:46:18] Not WordPress or API disabled: organizedhome.com
[2025-11-05 06:46:18] Not WordPress or API disabled: organizedinteriors.com
[2025-11-05 06:46:18] Not WordPress or API disabled: organizedsimplicity.com
[2025-11-05 06:46:19] Not WordPress or API disabled: organizedliving.com
[2025-11-05 06:46:19] Not WordPress or API disabled: organizeit.com
[2025-11-05 06:46:19] Success: organizeforliving.com -> 14397 posts
[2025-11-05 06:46:20] Success: organizeforliving.com -> 14397 posts
[2025-11-05 06:46:20] Success: organizeeveryroom.com -> 65 posts
[2025-11-05 06:46:20] Success: organized31.com -> 1133 posts
[2025-11-05 06:46:20] Connection error: organizewithme.net
[2025-11-05 06:46:20] Success: oregonworkforcepartnership.org -> 50 posts
[2025-11-05 06:46:20] Success: organizersincanada.com -> 0 posts
[2025-11-05 06:46:21] Success: organicmartz.com -> 72 posts
[2025-11-05 06:46:21] Not WordPress or API disabled: organizeanddecorateeverything.com
[2025-11-05 06:46:21] Success: organicfacts.net -> 2203 posts
[2025-11-05 06:46:21] Not WordPress or API disabled: organizeyourlife.org
[2025-11-05 06:46:21] Success: organized-home.com -> 1612 posts
[2025-11-05 06:46:21] Success: orlandoweekly.com -> 78087 posts
[2025-11-05 06:46:21] Success: organicaromas.com -> 472 posts
[2025-11-05 06:46:21] WordPress but restricted: osha.gov (HTTP 403)
[2025-11-05 06:46:21] Success: organizewithadhd.com -> 39 posts
[2025-11-05 06:46:22] Success: organizeyourselfskinny.com -> 778 posts
[2025-11-05 06:46:22] Success: organizesimply.com -> 15 posts
[2025-11-05 06:46:22] Success: osrsmoneymaking.guide -> 16269 posts
[2025-11-05 06:46:22] Success: ottawacitizen.com -> 57751 posts
[2025-11-05 06:46:22] WordPress but no count header: osrsguide.com
[2025-11-05 06:46:22] Success: organizenvy.com -> 103 posts
[2025-11-05 06:46:22] Success: orilea.com -> 538 posts
[2025-11-05 06:46:23] Success: ourdailyhomestead.com -> 178 posts
[2025-11-05 06:46:23] Success: ourdailyhomestead.com -> 178 posts
[2025-11-05 06:46:23] Success: ottumwadentist.com -> 154 posts
[2025-11-05 06:46:23] Success: ottumwadentist.com -> 154 posts
[2025-11-05 06:46:23] Success: orwhateveryoudo.com -> 1441 posts
[2025-11-05 06:46:24] Success: organizingmoms.com -> 565 posts
[2025-11-05 06:46:24] Success: ourecofriendlylife.com -> 75 posts
[2025-11-05 06:46:24] Success: oufcu.com -> 8 posts
[2025-11-05 06:46:24] Success: ourcraftymom.com -> 1448 posts
[2025-11-05 06:46:24] Success: ourbestbites.com -> 1462 posts
[2025-11-05 06:46:24] Success: ourhandmadehome.com -> 388 posts
[2025-11-05 06:46:24] Success: ourfamilylifestyle.com -> 4188 posts
[2025-11-05 06:46:25] Success: ourendangeredworld.com -> 696 posts
[2025-11-05 06:46:25] Success: ourfreakingbudget.com -> 576 posts
[2025-11-05 06:46:25] Success: orangecleaning.com.au -> 30 posts
[2025-11-05 06:46:25] Success: ourfamilycode.com -> 254 posts
[2025-11-05 06:46:26] Success: ourgoodbrands.com -> 1424 posts
[2025-11-05 06:46:26] Not WordPress or API disabled: ourhomes.ca
[2025-11-05 06:46:26] Success: ourhappyhive.com -> 189 posts
[2025-11-05 06:46:26] Success: ourhappyhive.com -> 189 posts
[2025-11-05 06:46:26] Success: ourkindofcrazy.com -> 418 posts
[2025-11-05 06:46:27] Success: ourlittlehandmadehome.com -> 113 posts
[2025-11-05 06:46:27] Timeout: myplate.gov
[2025-11-05 06:46:27] Not WordPress or API disabled: organizewithtracy.com
[2025-11-05 06:46:27] Success: ourhomemadeeasy.com -> 540 posts
[2025-11-05 06:46:27] Success: ourheritageofhealth.com -> 189 posts
[2025-11-05 06:46:27] Success: ourhomeonpurpose.com -> 39 posts
[2025-11-05 06:46:28] WordPress but restricted: outback-tours.com (HTTP 403)
[2025-11-05 06:46:28] Success: outdoordoer.com -> 985 posts
[2025-11-05 06:46:28] Success: oursimplehomestead.com -> 260 posts
[2025-11-05 06:46:28] Success: ourrelationship.com -> 124 posts
[2025-11-05 06:46:28] Success: ouroilyhouse.com -> 590 posts
[2025-11-05 06:46:28] Success: ourthriftyideas.com -> 2219 posts
[2025-11-05 06:46:29] Not WordPress or API disabled: outdoorguide.com
[2025-11-05 06:46:29] Success: oursouthernhomesc.com -> 1303 posts
[2025-11-05 06:46:29] Success: outdoorapothecary.com -> 576 posts
[2025-11-05 06:46:29] Not WordPress or API disabled: oureverydaylife.com
[2025-11-05 06:46:29] Success: ourlifehomeschooling.com -> 205 posts
[2025-11-05 06:46:30] Not WordPress or API disabled: outdoorjournal.com
[2025-11-05 06:46:30] Success: ourplantbasedworld.com -> 414 posts
[2025-11-05 06:46:30] Success: outintherealworld.com -> 214 posts
[2025-11-05 06:46:30] Success: outdoorhappens.com -> 887 posts
[2025-11-05 06:46:30] Success: outdoorlife.com -> 8145 posts
[2025-11-05 06:46:30] Success: outdoorsynomad.com -> 118 posts
[2025-11-05 06:46:31] Success: outdoorsdiy.com -> 58 posts
[2025-11-05 06:46:31] Success: outofthe925.com -> 627 posts
[2025-11-05 06:46:31] Success: outfitformulas.com -> 123 posts
[2025-11-05 06:46:31] WordPress but no count header: outsidemagazine.com
[2025-11-05 06:46:31] WordPress but no count header: outsidesuburbia.com
[2025-11-05 06:46:31] Success: owixiwo.com -> 518 posts
[2025-11-05 06:46:32] Success: outdoors.org -> 602 posts
[2025-11-05 06:46:32] Success: outfitonpoint.com -> 118 posts
[2025-11-05 06:46:32] Success: over50feeling40.com -> 4707 posts
[2025-11-05 06:46:32] Success: outliyr.com -> 337 posts
[2025-11-05 06:46:32] Not WordPress or API disabled: overstock.com
[2025-11-05 06:46:32] Success: oxfordhealth.nhs.uk -> 0 posts
[2025-11-05 06:46:32] Success: outsideonline.com -> 47074 posts
[2025-11-05 06:46:33] Success: outsourceaccelerator.com -> 0 posts
[2025-11-05 06:46:33] Success: ourplantbasedworld.com -> 414 posts
[2025-11-05 06:46:33] Not WordPress or API disabled: ozozokegbe.blogspot.com
[2025-11-05 06:46:33] Success: ownyardlife.com -> 2049 posts
[2025-11-05 06:46:33] Success: outbythedoor.com -> 102 posts
[2025-11-05 06:46:33] Success: overthefirecooking.com -> 832 posts
[2025-11-05 06:46:33] Success: oxfordlearning.com -> 617 posts
[2025-11-05 06:46:34] Success: ozaclean.com -> 754 posts
[2025-11-05 06:46:34] Not WordPress or API disabled: oxiclean.com
[2025-11-05 06:46:34] Success: oxifresh.com -> 0 posts
[2025-11-05 06:46:34] Success: pabloespinal.net -> 303 posts
[2025-11-05 06:46:34] Success: paccert.org -> 81 posts
[2025-11-05 06:46:35] Success: oxfordinternationalenglish.com -> 67 posts
[2025-11-05 06:46:35] Success: painting.tube -> 8922 posts
[2025-11-05 06:46:35] Success: paceframing.com -> 229 posts
[2025-11-05 06:46:35] Success: packhacker.com -> 282 posts
[2025-11-05 06:46:35] Success: paceframing.com -> 229 posts
[2025-11-05 06:46:35] Success: pacificsandsrecovery.com -> 311 posts
[2025-11-05 06:46:35] Success: pacificsandsrecovery.com -> 311 posts
[2025-11-05 06:46:36] Success: oxfordonlineenglish.com -> 264 posts
[2025-11-05 06:46:36] Connection error: oreilly.com
[2025-11-05 06:46:36] Success: padhuskitchen.com -> 1258 posts
[2025-11-05 06:46:36] WordPress but restricted: palm.southbeachdiet.com (HTTP 403)
[2025-11-05 06:46:36] Success: pacificneuroscienceinstitute.org -> 529 posts
[2025-11-05 06:46:36] Success: paintloving.com -> 16088 posts
[2025-11-05 06:46:37] Success: paintthekitchenred.com -> 258 posts
[2025-11-05 06:46:37] Success: palatable.app -> 35 posts
[2025-11-05 06:46:37] Success: pageprovan.com.au -> 3133 posts
[2025-11-05 06:46:37] Success: paintingandartists.com -> 84 posts
[2025-11-05 06:46:37] Success: palatable.app -> 35 posts
[2025-11-05 06:46:37] Not WordPress or API disabled: palousemindfulness.com
[2025-11-05 06:46:37] WordPress but no count header: panmastery.com
[2025-11-05 06:46:37] Success: paleorunningmomma.com -> 1022 posts
[2025-11-05 06:46:37] Success: paleostressmanagement.com -> 359 posts
[2025-11-05 06:46:38] Success: panflavor.com -> 12058 posts
[2025-11-05 06:46:38] Success: panflavor.com -> 12058 posts
[2025-11-05 06:46:38] Success: pancakerecipes.com -> 303 posts
[2025-11-05 06:46:38] Success: paperflodesigns.com -> 787 posts
[2025-11-05 06:46:38] Connection error: organizeadhd.com
[2025-11-05 06:46:38] Connection error: paperandstitch.com
[2025-11-05 06:46:38] Success: palmerpletsch.com -> 0 posts
[2025-11-05 06:46:38] Success: panlasangpinoy.com -> 2745 posts
[2025-11-05 06:46:38] WordPress but restricted: paradehomeandgarden.com (HTTP 403)
[2025-11-05 06:46:38] Not WordPress or API disabled: parent.com
[2025-11-05 06:46:38] Connection error: nirandfar.com
[2025-11-05 06:46:39] Success: paperheartfamily.com -> 319 posts
[2025-11-05 06:46:39] Success: paperscissorscraft.com -> 275 posts
[2025-11-05 06:46:39] Success: palmcasual.com -> 1442 posts
[2025-11-05 06:46:39] WordPress but no count header: paleofoodcooking.com
[2025-11-05 06:46:39] WordPress but no count header: parent.guide
[2025-11-05 06:46:39] Success: parambodyfitmind.com -> 272 posts
[2025-11-05 06:46:40] Success: parallelplates.com -> 6558 posts
[2025-11-05 06:46:40] WordPress but restricted: parentingscience.com (HTTP 403)
[2025-11-05 06:46:40] Success: papernstitchblog.com -> 1567 posts
[2025-11-05 06:46:40] Success: parentalquestions.com -> 2767 posts
[2025-11-05 06:46:40] Success: parentalquestions.com -> 2767 posts
[2025-11-05 06:46:40] Success: papedental.ca -> 69 posts
[2025-11-05 06:46:40] Success: papedental.ca -> 69 posts
[2025-11-05 06:46:40] Unknown status: parents.com (HTTP 460)
[2025-11-05 06:46:40] Success: paoleschi.it -> 274 posts
[2025-11-05 06:46:40] Connection error: parentingveda.com
[2025-11-05 06:46:40] Success: parenting-ed.org -> 8 posts
[2025-11-05 06:46:41] Success: parentinghealthybabies.com -> 4738 posts
[2025-11-05 06:46:41] Success: parentinghealthybabies.com -> 4738 posts
[2025-11-05 06:46:41] Not WordPress or API disabled: parisiennefarmgirl.com
[2025-11-05 06:46:41] Not WordPress or API disabled: parkavenuepartners.com
[2025-11-05 06:46:41] Success: parentclub.ca -> 1573 posts
[2025-11-05 06:46:41] Success: parents-together.org -> 1606 posts
[2025-11-05 06:46:41] Success: outdoorgoodness.com -> 292 posts
[2025-11-05 06:46:41] Success: parkersproperties.co.uk -> 350 posts
[2025-11-05 06:46:41] Success: parentsasteachers.org -> 181 posts
[2025-11-05 06:46:42] Connection error: organizing.com
[2025-11-05 06:46:42] Success: parkcitiesathome.com -> 36 posts
[2025-11-05 06:46:42] Success: paseattle.com -> 120 posts
[2025-11-05 06:46:42] Success: parentswithconfidence.com -> 114 posts
[2025-11-05 06:46:42] Success: pasen.org -> 90 posts
[2025-11-05 06:46:42] Success: parentingtoimpress.com -> 2151 posts
[2025-11-05 06:46:42] Success: parenttrust.org -> 266 posts
[2025-11-05 06:46:42] Connection error: owlovertheworld.com
[2025-11-05 06:46:43] Success: partnersinfire.com -> 1216 posts
[2025-11-05 06:46:43] Not WordPress or API disabled: pastryaffair.com
[2025-11-05 06:46:43] Success: pastrieslikeapro.com -> 510 posts
[2025-11-05 06:46:43] Unknown status: parenting.com (HTTP 405)
[2025-11-05 06:46:43] Not WordPress or API disabled: pastrywiz.com
[2025-11-05 06:46:43] Success: passionateaboutfood.net -> 1564 posts
[2025-11-05 06:46:43] Not WordPress or API disabled: patelbros.com
[2025-11-05 06:46:44] Not WordPress or API disabled: pathways.org
[2025-11-05 06:46:44] Not WordPress or API disabled: path.org
[2025-11-05 06:46:44] Not WordPress or API disabled: patiocoversohio.com
[2025-11-05 06:46:44] Success: pathtosurvival.com -> 119 posts
[2025-11-05 06:46:44] Success: pathtopro.com -> 27 posts
[2025-11-05 06:46:44] Success: pathtopro.com -> 27 posts
[2025-11-05 06:46:44] Success: patchproflorida.com -> 78 posts
[2025-11-05 06:46:45] Unknown status: patientadvocate.org (HTTP 503)
[2025-11-05 06:46:45] Success: parlourproject.com -> 23 posts
[2025-11-05 06:46:45] Success: patijinich.com -> 1095 posts
[2025-11-05 06:46:45] Success: pastrychefonline.com -> 656 posts
[2025-11-05 06:46:45] Success: pattersonvetacademy.com -> 1 posts
[2025-11-05 06:46:45] Success: pastrywishes.com -> 207 posts
[2025-11-05 06:46:45] Success: patisseriemakesperfect.co.uk -> 233 posts
[2025-11-05 06:46:45] Success: parsonshouseaustin.com -> 48 posts
[2025-11-05 06:46:45] Success: parsonshouseaustin.com -> 48 posts
[2025-11-05 06:46:45] Success: pawbamacare.com -> 8008 posts
[2025-11-05 06:46:45] Success: pawbamacare.com -> 8008 posts
[2025-11-05 06:46:45] Success: pawleaks.com -> 337 posts
[2025-11-05 06:46:46] Success: pbo.co.uk -> 7578 posts
[2025-11-05 06:46:46] Success: pawsitiveanimalworks.com -> 1422 posts
[2025-11-05 06:46:46] Success: pawsitiveanimalworks.com -> 1422 posts
[2025-11-05 06:46:46] WordPress but restricted: pcaga.gsu.edu (HTTP 403)
[2025-11-05 06:46:46] WordPress but restricted: pcmag.com (HTTP 403)
[2025-11-05 06:46:46] Success: pathsoflearning.net -> 2967 posts
[2025-11-05 06:46:46] Success: pauladeen.com -> 1148 posts
[2025-11-05 06:46:46] Success: pbfingers.com -> 5876 posts
[2025-11-05 06:46:47] Not WordPress or API disabled: pbs.org
[2025-11-05 06:46:47] Success: pca-int.com -> 5 posts
[2025-11-05 06:46:47] Success: paulysplayhouse.com -> 571 posts
[2025-11-05 06:46:47] Success: paulfood.com -> 0 posts
[2025-11-05 06:46:47] Success: pcssnow.org -> 112 posts
[2025-11-05 06:46:47] Success: pcssnow.org -> 112 posts
[2025-11-05 06:46:47] Success: peacefulwarriorswellness.com -> 122 posts
[2025-11-05 06:46:47] Success: paysagisterobertcaucci.com -> 0 posts
[2025-11-05 06:46:48] Not WordPress or API disabled: pcrm.org
[2025-11-05 06:46:48] Success: pcgamesn.com -> 0 posts
[2025-11-05 06:46:48] Success: pctechmag.com -> 15328 posts
[2025-11-05 06:46:48] Success: peaklinehealth.com -> 10 posts
[2025-11-05 06:46:48] Success: peaceofmind4wellness.com -> 130 posts
[2025-11-05 06:46:48] Success: pbsbooks.org -> 80 posts
[2025-11-05 06:46:48] Success: peerbie.com -> 380 posts
[2025-11-05 06:46:48] Success: peaceofmind4wellness.com -> 130 posts
[2025-11-05 06:46:49] Success: pelleshvac.com -> 0 posts
[2025-11-05 06:46:49] Success: pearblossompress.com -> 800 posts
[2025-11-05 06:46:49] Not WordPress or API disabled: peloton.com
[2025-11-05 06:46:49] Not WordPress or API disabled: pc.gc.ca
[2025-11-05 06:46:49] Success: peaceloveandlowcarb.com -> 500 posts
[2025-11-05 06:46:49] Success: peasandcrayons.com -> 1057 posts
[2025-11-05 06:46:49] Success: penniesintopearls.com -> 444 posts
[2025-11-05 06:46:49] Unknown status: people.com (HTTP 460)
[2025-11-05 06:46:49] Success: pcworld.com -> 82495 posts
[2025-11-05 06:46:50] Not WordPress or API disabled: peoplekeep.com
[2025-11-05 06:46:50] Success: perennialrecovery.com -> 886 posts
[2025-11-05 06:46:50] Not WordPress or API disabled: pennykingcrystalsandenergyhealing.com
[2025-11-05 06:46:50] Success: pennypincherfashion.com -> 2515 posts
[2025-11-05 06:46:50] Timeout: newsobserver.com
[2025-11-05 06:46:50] Success: penndutchstructures.com -> 73 posts
[2025-11-05 06:46:50] Connection error: perennialresource.com
[2025-11-05 06:46:50] Success: pennycallingpenny.com -> 456 posts
[2025-11-05 06:46:51] Success: pegasusseniorliving.com -> 728 posts
[2025-11-05 06:46:51] Success: pennlandscaping.com -> 0 posts
[2025-11-05 06:46:51] Success: perinton.org -> 208 posts
[2025-11-05 06:46:51] Success: peoplemanagingpeople.com -> 1073 posts
[2025-11-05 06:46:51] Success: pennypinchinmom.com -> 1693 posts
[2025-11-05 06:46:51] Success: perinton.org -> 208 posts
[2025-11-05 06:46:51] Success: perfumeson.com -> 7157 posts
[2025-11-05 06:46:51] WordPress but restricted: personaltrainerauthority.com (HTTP 403)
[2025-11-05 06:46:51] Success: perfectdailygrind.com -> 3012 posts
[2025-11-05 06:46:51] Not WordPress or API disabled: personalitytraits.blog
[2025-11-05 06:46:52] Success: pennypolly.com -> 164 posts
[2025-11-05 06:46:52] Success: pennypolly.com -> 164 posts
[2025-11-05 06:46:52] Success: penandinktechniques.com -> 5 posts
[2025-11-05 06:46:52] Success: permaculture.org -> 47 posts
[2025-11-05 06:46:52] Success: perudelights.com -> 486 posts
[2025-11-05 06:46:52] Not WordPress or API disabled: periodhomes.co.uk
[2025-11-05 06:46:52] Success: perezlandscaping.llc -> 0 posts
[2025-11-05 06:46:52] Success: personifyhealth.com -> 1 posts
[2025-11-05 06:46:52] Success: petapixel.com -> 46126 posts
[2025-11-05 06:46:52] Success: petemergencyacademy.com -> 0 posts
[2025-11-05 06:46:53] Success: petemergencyeducation.com -> 0 posts
[2025-11-05 06:46:53] Success: personalityunleashed.com -> 2353 posts
[2025-11-05 06:46:53] Not WordPress or API disabled: peterwalshdesign.com
[2025-11-05 06:46:53] Success: personalexcellence.co -> 723 posts
[2025-11-05 06:46:53] Success: pcmechanicfl.com -> 140 posts
[2025-11-05 06:46:53] Success: personalfinanceopinions.com -> 1071 posts
[2025-11-05 06:46:53] Success: petfriendlyhouse.com -> 1396 posts
[2025-11-05 06:46:53] Unknown status: petguide.com (HTTP 406)
[2025-11-05 06:46:54] Success: petfoodreviews.com.au -> 413 posts
[2025-11-05 06:46:54] Success: perfectioncleanresults.com -> 86 posts
[2025-11-05 06:46:54] Success: petnobs.com -> 10598 posts
[2025-11-05 06:46:54] Success: pesdc.org.pk -> 4 posts
[2025-11-05 06:46:54] Success: petittigardencenter.com -> 225 posts
[2025-11-05 06:46:54] Not WordPress or API disabled: petmd.com
[2025-11-05 06:46:54] Success: petitechefs.com -> 206 posts
[2025-11-05 06:46:54] Not WordPress or API disabled: pets4homes.co.uk
[2025-11-05 06:46:54] Not WordPress or API disabled: petplace.com
[2025-11-05 06:46:54] Success: permaculturepractice.com -> 568 posts
[2025-11-05 06:46:54] Success: pethealthhospital.com -> 33 posts
[2025-11-05 06:46:54] Success: ofzenandcomputing.com -> 8511 posts
[2025-11-05 06:46:54] Success: petodorsolution.com -> 84 posts
[2025-11-05 06:46:54] Not WordPress or API disabled: petsworld.in
[2025-11-05 06:46:54] Success: petsittercourse.com -> 0 posts
[2025-11-05 06:46:54] Success: petmag.com -> 240 posts
[2025-11-05 06:46:55] WordPress but restricted: petsradar.com (HTTP 403)
[2025-11-05 06:46:55] Success: pets4life.com.au -> 473 posts
[2025-11-05 06:46:55] Success: petstylistacademy.com.au -> 57 posts
[2025-11-05 06:46:55] Success: petscribbles.com -> 491 posts
[2025-11-05 06:46:55] Success: petsweekly.com -> 1265 posts
[2025-11-05 06:46:55] Not WordPress or API disabled: petworks.com
[2025-11-05 06:46:55] Success: pettech.net -> 5 posts
[2025-11-05 06:46:56] Success: petful.com -> 1478 posts
[2025-11-05 06:46:56] Success: petsplusmag.com -> 9798 posts
[2025-11-05 06:46:56] Not WordPress or API disabled: pfizer.com
[2025-11-05 06:46:56] Connection error: pghevents.net
[2025-11-05 06:46:56] Success: petfinder.com -> 1866 posts
[2025-11-05 06:46:56] Not WordPress or API disabled: petlog.org.uk
[2025-11-05 06:46:56] Success: petboardingcertification.com -> 0 posts
[2025-11-05 06:46:56] Success: pewresearch.org -> 19726 posts
[2025-11-05 06:46:56] Success: petticoatjunktion.com -> 1035 posts
[2025-11-05 06:46:56] Success: pewresearch.org -> 19726 posts
[2025-11-05 06:46:57] Connection error: ordinaryandhappy.com
[2025-11-05 06:46:57] Success: phoenixnap.com -> 0 posts
[2025-11-05 06:46:57] Not WordPress or API disabled: philosophyasawayoflife.medium.com
[2025-11-05 06:46:57] Success: philippinegetaway.com -> 820 posts
[2025-11-05 06:46:57] Success: phi.org -> 0 posts
[2025-11-05 06:46:57] Success: philippinego.com -> 1015 posts
[2025-11-05 06:46:58] Not WordPress or API disabled: phrma.org
[2025-11-05 06:46:58] Success: physicalgold.com -> 0 posts
[2025-11-05 06:46:58] Success: phpionline.co.uk -> 8100 posts
[2025-11-05 06:46:58] Success: phoenixim.com -> 19 posts
[2025-11-05 06:46:58] Success: petscanada.org -> 228 posts
[2025-11-05 06:46:58] Success: phoenixim.com -> 19 posts
[2025-11-05 06:46:59] Success: phyts-usa.com -> 6 posts
[2025-11-05 06:46:59] Success: philippinestravelguides.com -> 4 posts
[2025-11-05 06:46:59] Not WordPress or API disabled: pickuplimes.com
[2025-11-05 06:46:59] Success: pheelpretty.com -> 174 posts
[2025-11-05 06:46:59] Connection error: organize365.com
[2025-11-05 06:46:59] Success: philosophyofyum.com -> 73 posts
[2025-11-05 06:46:59] Success: photogenicmind.com -> 609 posts
[2025-11-05 06:46:59] Not WordPress or API disabled: physicaltherapy.com
[2025-11-05 06:47:00] Success: picklestravel.com -> 427 posts
[2025-11-05 06:47:00] Success: pickyeaterblog.com -> 1097 posts
[2025-11-05 06:47:00] Not WordPress or API disabled: pilates.com
[2025-11-05 06:47:00] Success: pickhvac.com -> 0 posts
[2025-11-05 06:47:00] Success: pickhvac.com -> 0 posts
[2025-11-05 06:47:00] Success: pickledplum.com -> 990 posts
[2025-11-05 06:47:01] Success: pinascuisine.com -> 640 posts
[2025-11-05 06:47:01] Success: pillsburybaking.com -> 0 posts
[2025-11-05 06:47:01] Success: pierrehealth.com -> 684 posts
[2025-11-05 06:47:01] Success: pierrehealth.com -> 684 posts
[2025-11-05 06:47:01] Success: pilotlightchefs.org -> 224 posts
[2025-11-05 06:47:01] Success: physioprospt.com -> 79 posts
[2025-11-05 06:47:01] Success: pierreblake.com -> 1243 posts
[2025-11-05 06:47:01] Success: pickcomfort.com -> 10497 posts
[2025-11-05 06:47:01] Not WordPress or API disabled: pilotplans.com
[2025-11-05 06:47:01] Success: pickcomfort.com -> 10497 posts
[2025-11-05 06:47:01] WordPress but no count header: pinchofdelicious.com
[2025-11-05 06:47:02] Success: pictoclub.com -> 56 posts
[2025-11-05 06:47:02] Success: pinchofyum.com -> 1545 posts
[2025-11-05 06:47:02] WordPress but restricted: pinchofnom.com (HTTP 401)
[2025-11-05 06:47:02] Success: pierres.com -> 270 posts
[2025-11-05 06:47:02] Success: pilatesequipment.fitness -> 270 posts
[2025-11-05 06:47:02] Success: pinkfemme.com -> 582 posts
[2025-11-05 06:47:03] Success: pioneerthinking.com -> 4992 posts
[2025-11-05 06:47:03] Success: pinoycooks.com -> 35 posts
[2025-11-05 06:47:03] Success: pineandprospecthome.com -> 385 posts
[2025-11-05 06:47:03] Success: pinkwhen.com -> 2267 posts
[2025-11-05 06:47:03] Success: pinkwhen.com -> 2267 posts
[2025-11-05 06:47:03] Connection error: pizzazzappliques.com
[2025-11-05 06:47:03] WordPress but restricted: pizzazzerie.com (HTTP 403)
[2025-11-05 06:47:03] WordPress but restricted: pizzapizza.ca (HTTP 403)
[2025-11-05 06:47:04] Success: pinoyrecipe.net -> 894 posts
[2025-11-05 06:47:04] Success: pinksha.com -> 9 posts
[2025-11-05 06:47:04] Success: piquetrealty.com -> 150 posts
[2025-11-05 06:47:04] Success: piquetrealty.com -> 150 posts
[2025-11-05 06:47:04] Success: pixelcrayons.com -> 0 posts
[2025-11-05 06:47:04] Success: pixelatedtales.com -> 1605 posts
[2025-11-05 06:47:04] Success: petsmopolitan.com -> 53 posts
[2025-11-05 06:47:04] WordPress but restricted: planetfitness.com (HTTP 403)
[2025-11-05 06:47:04] Success: pipingpotcurry.com -> 623 posts
[2025-11-05 06:47:04] Success: planetmeditate.com -> 395 posts
[2025-11-05 06:47:05] Success: placeideal.com -> 1257 posts
[2025-11-05 06:47:05] Success: pixolabo.com -> 311 posts
[2025-11-05 06:47:05] Success: pindersnursery.com -> 424 posts
[2025-11-05 06:47:05] Success: plainandsimplehome.com -> 50 posts
[2025-11-05 06:47:05] Success: plainchicken.com -> 3530 posts
[2025-11-05 06:47:05] Success: planetnatural.com -> 1192 posts
[2025-11-05 06:47:05] Connection error: pharmacist.org
[2025-11-05 06:47:05] Success: plannthat.com -> 1146 posts
[2025-11-05 06:47:05] Success: pittsfordfamilydental.com -> 99 posts
[2025-11-05 06:47:05] Success: phoneia.com -> 2727 posts
[2025-11-05 06:47:06] Success: planningtoorganize.com -> 1148 posts
[2025-11-05 06:47:06] Success: planejamentosdeaula.com -> 127166 posts
[2025-11-05 06:47:06] Success: planejamentosdeaula.com -> 127166 posts
[2025-11-05 06:47:06] Success: pillarboxblue.com -> 517 posts
[2025-11-05 06:47:06] Success: physiomantra.co -> 654 posts
[2025-11-05 06:47:06] WordPress but restricted: plannedparenthood.org (HTTP 403)
[2025-11-05 06:47:06] Success: plant-basedpantry.com -> 27 posts
[2025-11-05 06:47:06] Success: plantbasednews.org -> 5320 posts
[2025-11-05 06:47:06] Success: planejadorweb.com.br -> 2943 posts
[2025-11-05 06:47:07] Success: planejadorweb.com.br -> 2943 posts
[2025-11-05 06:47:07] Success: plantbasedjess.com -> 610 posts
[2025-11-05 06:47:07] Success: plantbasedfolk.com -> 313 posts
[2025-11-05 06:47:07] Connection error: pcossupport.org
[2025-11-05 06:47:07] Success: planreadygo.com -> 221 posts
[2025-11-05 06:47:07] Success: plantbasedcooking.com -> 203 posts
[2025-11-05 06:47:07] Success: plantbasedonabudget.com -> 1031 posts
[2025-11-05 06:47:07] Success: plantbasedandbroke.com -> 240 posts
[2025-11-05 06:47:08] Success: planandsimplify.com -> 30 posts
[2025-11-05 06:47:08] Success: plantglossary.com -> 605 posts
[2025-11-05 06:47:08] Success: plantcaretoday.com -> 3337 posts
[2025-11-05 06:47:08] Success: planetpristine.com -> 176 posts
[2025-11-05 06:47:08] Success: planetpilgrim.com -> 3 posts
[2025-11-05 06:47:09] Success: plantedwithkatie.com -> 117 posts
[2025-11-05 06:47:09] Success: plantedwithkatie.com -> 117 posts
[2025-11-05 06:47:09] Success: plantgrowerworld.com -> 10710 posts
[2025-11-05 06:47:09] Success: plantbasedsynergy.com -> 52 posts
[2025-11-05 06:47:09] Success: plantbasedsynergy.com -> 52 posts
[2025-11-05 06:47:09] Success: plantedinthekitchen.com -> 161 posts
[2025-11-05 06:47:09] Success: plantempoweredkitchen.com -> 39 posts
[2025-11-05 06:47:09] Success: plantempoweredkitchen.com -> 39 posts
[2025-11-05 06:47:09] Success: plantbasedrdblog.com -> 603 posts
[2025-11-05 06:47:10] Success: plantiexcel.com -> 44 posts
[2025-11-05 06:47:10] Success: plantisima.com -> 4693 posts
[2025-11-05 06:47:10] Success: plantedwell.com -> 161 posts
[2025-11-05 06:47:10] WordPress but no count header: plantpursuits.com
[2025-11-05 06:47:10] Success: plantnative.org -> 2924 posts
[2025-11-05 06:47:10] Unknown status: plantscapes.com (HTTP 503)
[2025-11-05 06:47:10] Success: plantoeat.com -> 1222 posts
[2025-11-05 06:47:10] Success: plantshospital.com -> 452 posts
[2025-11-05 06:47:10] Success: platingsandpairings.com -> 1546 posts
[2025-11-05 06:47:10] Success: plantophiles.com -> 2371 posts
[2025-11-05 06:47:10] Not WordPress or API disabled: platopettreats.com
[2025-11-05 06:47:11] Success: plantoorganize.com -> 297 posts
[2025-11-05 06:47:11] Success: plasticfantasticdeals.com -> 8756 posts
[2025-11-05 06:47:11] Success: plantillasexcelgratis.com -> 96 posts
[2025-11-05 06:47:11] WordPress but restricted: pliability.com (HTTP 403)
[2025-11-05 06:47:11] WordPress but restricted: pleated-jeans.com (HTTP 403)
[2025-11-05 06:47:11] Success: plantingcoach.com -> 59 posts
[2025-11-05 06:47:11] Success: plantpowercouple.com -> 404 posts
[2025-11-05 06:47:11] Success: planetideal.com -> 112 posts
[2025-11-05 06:47:11] Success: plantingguys.com -> 1783 posts
[2025-11-05 06:47:11] Success: plusmood.com -> 2488 posts
[2025-11-05 06:47:11] Success: planetideal.com -> 112 posts
[2025-11-05 06:47:11] Success: platedcravings.com -> 346 posts
[2025-11-05 06:47:11] Success: planttagg.com -> 80 posts
[2025-11-05 06:47:11] Success: plantyou.com -> 575 posts
[2025-11-05 06:47:12] Success: platinumstarcleaning.com -> 363 posts
[2025-11-05 06:47:12] WordPress but restricted: pocketfriendlyrecipes.com (HTTP 403)
[2025-11-05 06:47:12] WordPress but restricted: pmc.ncbi.nlm.nih.gov (HTTP 403)
[2025-11-05 06:47:12] Success: plt4m.com -> 572 posts
[2025-11-05 06:47:12] Not WordPress or API disabled: podcasts.apple.com
[2025-11-05 06:47:12] Success: playpartyplan.com -> 1206 posts
[2025-11-05 06:47:12] WordPress but restricted: pointman-money.com (HTTP 403)
[2025-11-05 06:47:12] WordPress but restricted: pointman-money.com (HTTP 403)
[2025-11-05 06:47:12] Success: plumvillage.org -> 865 posts
[2025-11-05 06:47:12] Success: playworkeatrepeat.com -> 672 posts
[2025-11-05 06:47:12] Success: plurzo.com -> 856 posts
[2025-11-05 06:47:13] Success: plus39.com.au -> 1 posts
[2025-11-05 06:47:13] Success: plumhealthyfine.com -> 392 posts
[2025-11-05 06:47:13] Success: plantdaddydallas.com -> 1 posts
[2025-11-05 06:47:13] Success: plattertalk.com -> 609 posts
[2025-11-05 06:47:13] Success: plattertalk.com -> 609 posts
[2025-11-05 06:47:13] Success: pocketdentistry.com -> 21203 posts
[2025-11-05 06:47:13] WordPress but no count header: pokecardhq.com
[2025-11-05 06:47:13] Not WordPress or API disabled: polar.com
[2025-11-05 06:47:13] Success: pnmag.com -> 6154 posts
[2025-11-05 06:47:13] Unknown status: popsugar.com (HTTP 420)
[2025-11-05 06:47:14] Success: pocketchangegourmet.com -> 1176 posts
[2025-11-05 06:47:14] Success: poki.co.com -> 124 posts
[2025-11-05 06:47:14] WordPress but restricted: poison.org (HTTP 403)
[2025-11-05 06:47:14] Success: plantbasedrecipe.com -> 224 posts
[2025-11-05 06:47:14] Not WordPress or API disabled: popularmechanics.com
[2025-11-05 06:47:14] Success: polishedhabitat.com -> 550 posts
[2025-11-05 06:47:14] Success: poki.ac -> 119 posts
[2025-11-05 06:47:14] Success: polkadotted.com -> 65 posts
[2025-11-05 06:47:14] Success: poppies.co.uk -> 195 posts
[2025-11-05 06:47:15] Success: pooltipsusa.com -> 3197 posts
[2025-11-05 06:47:15] Success: popularbrands.org -> 215 posts
[2025-11-05 06:47:15] Success: portage.extension.wisc.edu -> 0 posts
[2025-11-05 06:47:15] Success: portosbakery.com -> 0 posts
[2025-11-05 06:47:15] Success: plussizebirth.com -> 219 posts
[2025-11-05 06:47:15] Success: poppycross.co.uk -> 16 posts
[2025-11-05 06:47:16] Success: positivebloom.com -> 10582 posts
[2025-11-05 06:47:16] Success: pornhub000.com -> 16450 posts
[2025-11-05 06:47:16] Success: popsci.com -> 27924 posts
[2025-11-05 06:47:16] Success: popularwoodworking.com -> 11549 posts
[2025-11-05 06:47:16] Success: portraitflip.com -> 325 posts
[2025-11-05 06:47:16] WordPress but restricted: positivepsychology.com (HTTP 403)
[2025-11-05 06:47:16] Success: poshjournal.com -> 620 posts
[2025-11-05 06:47:16] WordPress but restricted: post.edu (HTTP 403)
[2025-11-05 06:47:16] Not WordPress or API disabled: plasticfreemovement.org
[2025-11-05 06:47:16] Success: positivelyfrugal.com -> 69 posts
[2025-11-05 06:47:16] Success: positivityblog.com -> 698 posts
[2025-11-05 06:47:16] Success: positiveparentingconnection.net -> 435 posts
[2025-11-05 06:47:17] Success: positivelysustainable.com -> 101 posts
[2025-11-05 06:47:17] Success: portugalist.com -> 281 posts
[2025-11-05 06:47:17] WordPress but restricted: potterybarn.com (HTTP 403)
[2025-11-05 06:47:17] Success: poshpennies.com -> 192 posts
[2025-11-05 06:47:17] Success: positivephil.com -> 363 posts
[2025-11-05 06:47:17] Success: portraits-made-easy.com -> 3 posts
[2025-11-05 06:47:17] Success: powerofpositivity.com -> 11178 posts
[2025-11-05 06:47:17] Not WordPress or API disabled: postpartumnest.com
[2025-11-05 06:47:17] Success: positiveparentingsolutions.com -> 198 posts
[2025-11-05 06:47:17] Success: positivitysparkles.com -> 75 posts
[2025-11-05 06:47:18] Success: powerfulspeak.com -> 193 posts
[2025-11-05 06:47:18] Success: powerliving.com.au -> 243 posts
[2025-11-05 06:47:18] Success: potomac.edu -> 681 posts
[2025-11-05 06:47:18] Success: ppsthane.com -> 152 posts
[2025-11-05 06:47:18] Success: powerhousecc.org -> 1735 posts
[2025-11-05 06:47:18] Success: powerfulsight.com -> 2134 posts
[2025-11-05 06:47:18] WordPress but restricted: practicalperfectionut.com (HTTP 403)
[2025-11-05 06:47:18] WordPress but restricted: poweryogacanada.com (HTTP 401)
[2025-11-05 06:47:18] Success: poetryofspices.com -> 373 posts
[2025-11-05 06:47:18] Success: practicalcooks.com -> 316 posts
[2025-11-05 06:47:18] Success: portugalresidencyadvisors.com -> 238 posts
[2025-11-05 06:47:18] Success: postcardsfromtheridge.com -> 575 posts
[2025-11-05 06:47:18] Success: portugalresidencyadvisors.com -> 238 posts
[2025-11-05 06:47:18] Success: practical-sailor.com -> 5543 posts
[2025-11-05 06:47:19] WordPress but restricted: practicalmotorhome.com (HTTP 401)
[2025-11-05 06:47:19] Connection error: practigal.com
[2025-11-05 06:47:19] Success: practicalmechanic.com -> 220 posts
[2025-11-05 06:47:19] Success: practicalfrugality.com -> 998 posts
[2025-11-05 06:47:19] Success: practicalpropertyimprovements.com -> 2 posts
[2025-11-05 06:47:19] Success: practicallyhomemade.com -> 663 posts
[2025-11-05 06:47:20] WordPress but no count header: prathaminstitute.org
[2025-11-05 06:47:20] Success: practicetestgeeks.com -> 22767 posts
[2025-11-05 06:47:20] Success: pragativadi.com -> 12061 posts
[2025-11-05 06:47:20] Success: prashantji.com -> 167 posts
[2025-11-05 06:47:20] Not WordPress or API disabled: practo.com
[2025-11-05 06:47:20] Not WordPress or API disabled: pranachy.store
[2025-11-05 06:47:20] Connection error: paperflare.com
[2025-11-05 06:47:20] Success: practicalselfreliance.com -> 978 posts
[2025-11-05 06:47:20] Success: premierhce.com -> 10 posts
[2025-11-05 06:47:20] Success: prakati.in -> 594 posts
[2025-11-05 06:47:21] Success: pouted.com -> 4023 posts
[2025-11-05 06:47:21] Success: practicalmachinist.com -> 2218 posts
[2025-11-05 06:47:21] Success: pragyanam.school -> 205 posts
[2025-11-05 06:47:21] Success: pragyanam.school -> 205 posts
[2025-11-05 06:47:21] Success: practicaloffgridliving.com -> 471 posts
[2025-11-05 06:47:21] Success: prc-pa.net -> 7 posts
[2025-11-05 06:47:21] WordPress but restricted: precisionnutrition.com (HTTP 401)
[2025-11-05 06:47:21] Not WordPress or API disabled: pregnancybirthbaby.org.au
[2025-11-05 06:47:21] Success: pomodorofoodsset.com -> 55 posts
[2025-11-05 06:47:21] Success: practicetestgeeks.com -> 22767 posts
[2025-11-05 06:47:22] Success: premeditatedleftovers.com -> 8 posts
[2025-11-05 06:47:22] Success: pomodorofoodsset.com -> 55 posts
[2025-11-05 06:47:22] Success: prenohq.com -> 266 posts
[2025-11-05 06:47:22] Success: preciouscore.com -> 729 posts
[2025-11-05 06:47:22] Success: premierwomenshealthmn.com -> 173 posts
[2025-11-05 06:47:22] Success: premierwomenshealthmn.com -> 173 posts
[2025-11-05 06:47:22] Success: preparationcall.com -> 928 posts
[2025-11-05 06:47:22] Success: preparationcall.com -> 928 posts
[2025-11-05 06:47:22] Success: premiumclean.au -> 85 posts
[2025-11-05 06:47:22] Success: premiumclean.au -> 85 posts
[2025-11-05 06:47:23] Success: pregnancybydesign.com -> 61 posts
[2025-11-05 06:47:23] Success: preply.com -> 2625 posts
[2025-11-05 06:47:23] Success: prepandrally.com -> 156 posts
[2025-11-05 06:47:23] Success: preppykitchen.com -> 1326 posts
[2025-11-05 06:47:23] Success: preparednessmama.com -> 723 posts
[2025-11-05 06:47:23] Success: preserveandpickle.com -> 123 posts
[2025-11-05 06:47:23] Success: prepperswill.com -> 1518 posts
[2025-11-05 06:47:23] Success: pressbooks.oer.hawaii.edu -> 0 posts
[2025-11-05 06:47:23] Success: prepdish.com -> 809 posts
[2025-11-05 06:47:24] Connection error: prettygreenhomes.com
[2025-11-05 06:47:24] Connection error: prettyorganizedpalace.com
[2025-11-05 06:47:24] Success: preparedness.info -> 772 posts
[2025-11-05 06:47:24] Success: preparedness.info -> 772 posts
[2025-11-05 06:47:24] Success: prenatalyogacenter.com -> 801 posts
[2025-11-05 06:47:24] Not WordPress or API disabled: prevention.com
[2025-11-05 06:47:24] Success: prettyfrugal.com -> 106 posts
[2025-11-05 06:47:25] Success: preschoolplayandlearn.com -> 833 posts
[2025-11-05 06:47:25] Success: prepperspriority.com -> 470 posts
[2025-11-05 06:47:25] Success: prettydeliciouslife.com -> 285 posts
[2025-11-05 06:47:25] Not WordPress or API disabled: priceline.com
[2025-11-05 06:47:25] Success: prestoncrafts.com -> 13 posts
[2025-11-05 06:47:25] Success: precisionscalesinc.com -> 44 posts
[2025-11-05 06:47:25] Connection error: positivehealthwellness.com
[2025-11-05 06:47:25] Success: prettyfluffy.com -> 509 posts
[2025-11-05 06:47:25] Success: prettypurpledoor.com -> 229 posts
[2025-11-05 06:47:25] Success: preventionrd.com -> 1613 posts
[2025-11-05 06:47:26] WordPress but restricted: primermagazine.com (HTTP 403)
[2025-11-05 06:47:26] Success: prettyhandygirl.com -> 1502 posts
[2025-11-05 06:47:26] Success: preservingguide.com -> 113 posts
[2025-11-05 06:47:26] Success: prettysimpleideas.com -> 247 posts
[2025-11-05 06:47:26] Success: primeinsights.in -> 1627 posts
[2025-11-05 06:47:26] Success: preschoolponderings.com -> 1447 posts
[2025-11-05 06:47:26] WordPress but restricted: printblame.com (HTTP 403)
[2025-11-05 06:47:26] Success: preventivemedicinedaily.com -> 1596 posts
[2025-11-05 06:47:26] Success: priceofmeat.com -> 1779 posts
[2025-11-05 06:47:26] Success: preventivemedicinedaily.com -> 1596 posts
[2025-11-05 06:47:27] Success: princetonlibrary.org -> 849 posts
[2025-11-05 06:47:27] Success: primestorage.com -> 160 posts
[2025-11-05 06:47:27] Success: primaledgehealth.com -> 1222 posts
[2025-11-05 06:47:27] Success: presmada.com -> 550 posts
[2025-11-05 06:47:27] Success: primalsurvivor.net -> 947 posts
[2025-11-05 06:47:27] Success: primagames.com -> 63703 posts
[2025-11-05 06:47:27] Success: primegeniusinc.com -> 78 posts
[2025-11-05 06:47:27] WordPress but restricted: procarmanuals.com (HTTP 403)
[2025-11-05 06:47:27] Success: printabulls.com -> 486 posts
[2025-11-05 06:47:27] WordPress but restricted: procarmanuals.com (HTTP 403)
[2025-11-05 06:47:27] Success: printify.com -> 799 posts
[2025-11-05 06:47:28] Success: printableshub.com -> 520 posts
[2025-11-05 06:47:28] Success: printableshub.com -> 520 posts
[2025-11-05 06:47:28] Success: printablesforlife.com -> 331 posts
[2025-11-05 06:47:28] Connection error: progressiveplantpower.com
[2025-11-05 06:47:28] Success: procareclean.com -> 16 posts
[2025-11-05 06:47:28] Success: processkitchens.com -> 616 posts
[2025-11-05 06:47:28] Success: productivityshift.com -> 200 posts
[2025-11-05 06:47:28] Success: project.co -> 153 posts
[2025-11-05 06:47:28] Success: pro-ne.org -> 248 posts
[2025-11-05 06:47:28] Success: profitableventure.com -> 9583 posts
[2025-11-05 06:47:28] WordPress but restricted: proflowers.com (HTTP 403)
[2025-11-05 06:47:29] Success: prodigifirm.com -> 413 posts
[2025-11-05 06:47:29] Not WordPress or API disabled: prohealthfunctionalmedicine.com
[2025-11-05 06:47:29] Success: prodigifirm.com -> 413 posts
[2025-11-05 06:47:29] Success: projecthotmess.com -> 482 posts
[2025-11-05 06:47:29] Success: processkitchens.com -> 616 posts
[2025-11-05 06:47:29] WordPress but restricted: proscapeslawnandtreecare.com (HTTP 403)
[2025-11-05 06:47:29] Success: productivity501.com -> 1040 posts
[2025-11-05 06:47:29] WordPress but no count header: projectwhim.com
[2025-11-05 06:47:29] Success: pressurecookrecipes.com -> 403 posts
[2025-11-05 06:47:29] WordPress but no count header: projectwhim.com
[2025-11-05 06:47:30] Success: proactivecreative.com -> 314 posts
[2025-11-05 06:47:30] Success: productivitypatrol.com -> 114 posts
[2025-11-05 06:47:30] Success: promptsty.com -> 2190 posts
[2025-11-05 06:47:30] WordPress but no count header: pronatalfitness.com
[2025-11-05 06:47:30] Success: prohousekeepers.com -> 0 posts
[2025-11-05 06:47:30] Success: prominentpainting.com -> 485 posts
[2025-11-05 06:47:30] Success: prohikecamp.com -> 196 posts
[2025-11-05 06:47:30] Success: protectearth.foundation -> 83 posts
[2025-11-05 06:47:30] Success: protechcarpetcare.com -> 72 posts
[2025-11-05 06:47:30] WordPress but no count header: prostateconditions.org
[2025-11-05 06:47:31] Success: prostatecancernutrition.com -> 33 posts
[2025-11-05 06:47:31] Success: prosper.com -> 306 posts
[2025-11-05 06:47:31] Success: productivity.ac.uk -> 0 posts
[2025-11-05 06:47:31] Success: protoolreviews.com -> 6911 posts
[2025-11-05 06:47:31] WordPress but no count header: prlog.org
[2025-11-05 06:47:31] Success: prouditaliancook.com -> 806 posts
[2025-11-05 06:47:31] WordPress but restricted: psinergyhealth.com (HTTP 403)
[2025-11-05 06:47:31] WordPress but restricted: pronaturalwellness.com (HTTP 403)
[2025-11-05 06:47:32] Success: prowellness.childrens.pennstatehealth.org -> 796 posts
[2025-11-05 06:47:32] Not WordPress or API disabled: provenwinners.com
[2025-11-05 06:47:32] Success: prudentreviews.com -> 665 posts
[2025-11-05 06:47:32] Success: protocoolac.com -> 0 posts
[2025-11-05 06:47:32] Success: progameguides.com -> 52159 posts
[2025-11-05 06:47:32] Success: prudentpennypincher.com -> 854 posts
[2025-11-05 06:47:32] Success: protoolguide.com -> 417 posts
[2025-11-05 06:47:32] Not WordPress or API disabled: psychcentral.com
[2025-11-05 06:47:32] Success: psu.pb.unizin.org -> 0 posts
[2025-11-05 06:47:32] Success: prototype.fashion -> 64 posts
[2025-11-05 06:47:33] Success: protegrityrestoration.com -> 30 posts
[2025-11-05 06:47:33] Success: proverbialhomemaker.com -> 996 posts
[2025-11-05 06:47:33] Success: psychiatristpleasantonsanramonca.com -> 51 posts
[2025-11-05 06:47:33] Success: psychiatristpleasantonsanramonca.com -> 51 posts
[2025-11-05 06:47:33] Success: psimadethis.com -> 514 posts
[2025-11-05 06:47:33] WordPress but no count header: psychology.iresearchnet.com
[2025-11-05 06:47:33] WordPress but no count header: psychology.iresearchnet.com
[2025-11-05 06:47:33] Success: publichealthinsider.com -> 1301 posts
[2025-11-05 06:47:33] Success: psdf.org.pk -> 61 posts
[2025-11-05 06:47:33] Success: ptaourchildren.org -> 833 posts
[2025-11-05 06:47:33] WordPress but no count header: psychology.tips
[2025-11-05 06:47:33] Success: psychnewsdaily.com -> 2097 posts
[2025-11-05 06:47:34] Success: psychalive.org -> 1444 posts
[2025-11-05 06:47:34] Success: pubity.com -> 4126 posts
[2025-11-05 06:47:34] Success: psychologyfor.com -> 17077 posts
[2025-11-05 06:47:34] Success: psdentalservices.com -> 314 posts
[2025-11-05 06:47:34] WordPress but restricted: pubmed.ncbi.nlm.nih.gov (HTTP 403)
[2025-11-05 06:47:34] Not WordPress or API disabled: publicgoods.com
[2025-11-05 06:47:34] Connection error: poolpak.com
[2025-11-05 06:47:34] Success: psychuniverse.com -> 356 posts
[2025-11-05 06:47:34] Not WordPress or API disabled: ptrehab.ucsf.edu
[2025-11-05 06:47:34] Success: publiclibrariesonline.org -> 2254 posts
[2025-11-05 06:47:34] Not WordPress or API disabled: pumpkinrot.blogspot.com
[2025-11-05 06:47:34] Success: psdentalservices.com -> 314 posts
[2025-11-05 06:47:34] Connection error: purelypatience.com
[2025-11-05 06:47:34] Success: pureandnaturalbody.com -> 32 posts
[2025-11-05 06:47:35] Not WordPress or API disabled: puckarabia.com
[2025-11-05 06:47:35] Success: psychologyoftravel.com -> 106 posts
[2025-11-05 06:47:35] Not WordPress or API disabled: pureindianfoods.com
[2025-11-05 06:47:35] Success: purenvironmental.com -> 56 posts
[2025-11-05 06:47:35] Success: pulivarthigroup.com -> 1760 posts
[2025-11-05 06:47:35] Success: purgula.com -> 517 posts
[2025-11-05 06:47:35] Success: pupsgourmetkitchen.com -> 765 posts
[2025-11-05 06:47:35] Success: purewow.com -> 37718 posts
[2025-11-05 06:47:35] Success: pupsgourmetkitchen.com -> 765 posts
[2025-11-05 06:47:35] Success: psychowellnesscenter.com -> 1603 posts
[2025-11-05 06:47:35] Success: puddlesandpine.com -> 1063 posts
[2025-11-05 06:47:35] Success: psychreg.org -> 20376 posts
[2025-11-05 06:47:35] Success: pupswithchopsticks.com -> 242 posts
[2025-11-05 06:47:35] Success: purelivingforlife.com -> 116 posts
[2025-11-05 06:47:36] Success: pullingcurls.com -> 1813 posts
[2025-11-05 06:47:36] Success: pureoneservices.com -> 96 posts
[2025-11-05 06:47:36] Success: pureairsupply.com -> 34 posts
[2025-11-05 06:47:36] Not WordPress or API disabled: pzizz.com
[2025-11-05 06:47:36] WordPress but no count header: pursueperformance.com
[2025-11-05 06:47:36] Success: qodeinteractive.com -> 0 posts
[2025-11-05 06:47:36] Success: qappsonline.com -> 48 posts
[2025-11-05 06:47:37] Not WordPress or API disabled: pyramidcarpets.co.uk
[2025-11-05 06:47:37] Success: qcmakeupacademy.com -> 0 posts
[2025-11-05 06:47:37] Success: pressmaverick.com -> 10856 posts
[2025-11-05 06:47:37] Success: qdpowerful.com -> 192 posts
[2025-11-05 06:47:37] Success: qualitycarecarpetcleaningtx.com -> 268 posts
[2025-11-05 06:47:37] Success: qualitycarecarpetcleaningtx.com -> 268 posts
[2025-11-05 06:47:37] Success: pressmaverick.com -> 10856 posts
[2025-11-05 06:47:37] Success: qoutescafe.com -> 946 posts
[2025-11-05 06:47:38] Success: purplecare.com -> 167 posts
[2025-11-05 06:47:38] Success: qualityhomeaircare.com -> 5406 posts
[2025-11-05 06:47:38] Success: pureplanetrecycling.co.uk -> 104 posts
[2025-11-05 06:47:38] Unknown status: quebecoriginal.com (HTTP 523)
[2025-11-05 06:47:38] Success: qandacountry.com -> 103 posts
[2025-11-05 06:47:38] Success: purpleimp.com -> 27 posts
[2025-11-05 06:47:38] Success: quadrawellness.com -> 57 posts
[2025-11-05 06:47:38] Success: queenanneupholstery.com -> 74 posts
[2025-11-05 06:47:38] Success: queenmind.com -> 236 posts
[2025-11-05 06:47:39] Success: purepoollife.com -> 241 posts
[2025-11-05 06:47:39] Success: quantumhealingpathways.com -> 1180 posts
[2025-11-05 06:47:39] Success: qualitycleanservice.com -> 138 posts
[2025-11-05 06:47:39] Success: pumpitupparty.com -> 75 posts
[2025-11-05 06:47:39] Success: qbclean.com -> 1154 posts
[2025-11-05 06:47:39] Success: quilterscandy.com -> 202 posts
[2025-11-05 06:47:39] Not WordPress or API disabled: raan.com
[2025-11-05 06:47:39] Success: queenofclean.blog -> 192 posts
[2025-11-05 06:47:39] Success: quickeasycook.com -> 136 posts
[2025-11-05 06:47:40] Success: putthekettleon.ca -> 275 posts
[2025-11-05 06:47:40] Success: quizutopia.com -> 572 posts
[2025-11-05 06:47:40] Success: quizutopia.com -> 572 posts
[2025-11-05 06:47:40] WordPress but restricted: quora.com (HTTP 403)
[2025-11-05 06:47:40] Not WordPress or API disabled: rachaelhartleynutrition.com
[2025-11-05 06:47:40] Success: rabbitfoodformybunnyteeth.com -> 358 posts
[2025-11-05 06:47:41] Success: quantifysleep.com -> 88 posts
[2025-11-05 06:47:41] Success: quinntechco.com -> 194 posts
[2025-11-05 06:47:41] Success: questinate.com -> 31 posts
[2025-11-05 06:47:41] Success: quirkypineapples.com -> 95 posts
[2025-11-05 06:47:41] Success: quietminimal.com -> 840 posts
[2025-11-05 06:47:41] Success: rabbit.org -> 334 posts
[2025-11-05 06:47:41] Success: rachealcook.com -> 0 posts
[2025-11-05 06:47:41] Success: quels-sont.fr -> 165 posts
[2025-11-05 06:47:41] Success: rachnacooks.com -> 753 posts
[2025-11-05 06:47:41] Success: queenofthehousehold.com -> 375 posts
[2025-11-05 06:47:41] Success: purplemomblog.com -> 29 posts
[2025-11-05 06:47:42] Success: rachnas-kitchen.com -> 243 posts
[2025-11-05 06:47:42] Success: radiantlydressed.com -> 146 posts
[2025-11-05 06:47:42] Success: rachelsrecipepantry.com -> 602 posts
[2025-11-05 06:47:43] Success: rachelcooks.com -> 1455 posts
[2025-11-05 06:47:43] Success: purplecraftdiva.com -> 62 posts
[2025-11-05 06:47:43] Success: rainbootsandapronstrings.com -> 58 posts
[2025-11-05 06:47:43] Success: radiashealth.org -> 100 posts
[2025-11-05 06:47:43] Success: rachlmansfield.com -> 1479 posts
[2025-11-05 06:47:43] Success: rachlmansfield.com -> 1479 posts
[2025-11-05 06:47:43] Success: rainbowdelicious.com -> 257 posts
[2025-11-05 06:47:43] Success: rainbowdelicious.com -> 257 posts
[2025-11-05 06:47:43] Success: raise.theallergychef.com -> 1511 posts
[2025-11-05 06:47:43] Success: ralphsway.com -> 3419 posts
[2025-11-05 06:47:43] Success: raisingandrelating.com -> 24 posts
[2025-11-05 06:47:44] Success: raisingveggielovers.com -> 395 posts
[2025-11-05 06:47:44] Not WordPress or API disabled: raisingchildren.net.au
[2025-11-05 06:47:44] Success: raincitymaids.com -> 144 posts
[2025-11-05 06:47:44] Success: rainbowplantlife.com -> 424 posts
[2025-11-05 06:47:44] Success: raisingteenstoday.com -> 954 posts
[2025-11-05 06:47:44] Success: quiltingdaily.com -> 6761 posts
[2025-11-05 06:47:44] WordPress but restricted: randrmagonline.com (HTTP 403)
[2025-11-05 06:47:44] Not WordPress or API disabled: raleighholistichealthcare.com
[2025-11-05 06:47:44] Not WordPress or API disabled: ranker.com
[2025-11-05 06:47:44] Not WordPress or API disabled: ramblingrenovators.ca
[2025-11-05 06:47:44] Not WordPress or API disabled: purdueglobal.edu
[2025-11-05 06:47:44] Success: ramber.com -> 562 posts
[2025-11-05 06:47:45] Success: rakeshinani.com -> 81 posts
[2025-11-05 06:47:45] Success: rakeshinani.com -> 81 posts
[2025-11-05 06:47:45] Success: ranchroofing.com -> 48 posts
[2025-11-05 06:47:45] Not WordPress or API disabled: rankandstyle.com
[2025-11-05 06:47:45] Success: ramonesworld.com -> 1032 posts
[2025-11-05 06:47:45] WordPress but restricted: rd.com (HTTP 403)
[2025-11-05 06:47:45] Success: rakskitchen.net -> 1626 posts
[2025-11-05 06:47:45] Success: raisingarrows.net -> 2030 posts
[2025-11-05 06:47:45] Success: rancherinsights.com -> 52 posts
[2025-11-05 06:47:45] Success: rasamalaysia.com -> 1388 posts
[2025-11-05 06:47:45] WordPress but restricted: readersdigest.ca (HTTP 403)
[2025-11-05 06:47:45] Success: rancherinsights.com -> 52 posts
[2025-11-05 06:47:45] Connection error: readingmytea.com
[2025-11-05 06:47:45] WordPress but no count header: rasnetwork.org
[2025-11-05 06:47:45] Success: readingduck.com -> 0 posts
[2025-11-05 06:47:46] Success: ramdon.com -> 58 posts
[2025-11-05 06:47:46] Success: raise.theallergychef.com -> 1511 posts
[2025-11-05 06:47:46] Success: rankred.com -> 1762 posts
[2025-11-05 06:47:46] Success: rchfh.org -> 0 posts
[2025-11-05 06:47:46] Success: rakomariheshel.com -> 6 posts
[2025-11-05 06:47:46] WordPress but no count header: ravelry.com
[2025-11-05 06:47:46] Success: readingmytealeaves.com -> 2542 posts
[2025-11-05 06:47:46] Success: rcabc.org -> 82 posts
[2025-11-05 06:47:47] Success: raynor.com -> 168 posts
[2025-11-05 06:47:47] Success: readerhaven.com -> 189 posts
[2025-11-05 06:47:47] Success: readynutrition.com -> 2896 posts
[2025-11-05 06:47:47] Success: readysetfeast.com -> 10512 posts
[2025-11-05 06:47:47] Success: raphaelsantiques.com -> 4 posts
[2025-11-05 06:47:47] Success: reachingself.com -> 91 posts
[2025-11-05 06:47:47] WordPress but restricted: realhomes.com (HTTP 403)
[2025-11-05 06:47:47] Success: realbeautyschool.com -> 327 posts
[2025-11-05 06:47:47] Success: readabilitytutor.com -> 771 posts
[2025-11-05 06:47:47] Success: realcajunrecipes.com -> 36 posts
[2025-11-05 06:47:47] Success: realitypathing.com -> 236008 posts
[2025-11-05 06:47:48] Success: realfoodwholelife.com -> 14 posts
[2025-11-05 06:47:48] Success: reachlink.com -> 918 posts
[2025-11-05 06:47:48] Not WordPress or API disabled: ready.gov
[2025-11-05 06:47:48] Not WordPress or API disabled: realfood.tesco.com
[2025-11-05 06:47:48] Unknown status: realsimple.com (HTTP 460)
[2025-11-05 06:47:48] Success: realfoodrealdeals.com -> 619 posts
[2025-11-05 06:47:48] Success: realgreekrecipes.com -> 352 posts
[2025-11-05 06:47:48] Success: projectorsewing.com -> 119 posts
[2025-11-05 06:47:48] Success: realitydaydream.com -> 1364 posts
[2025-11-05 06:47:49] Success: realmomnation.com -> 97 posts
[2025-11-05 06:47:49] Success: realfoodwithsarah.com -> 340 posts
[2025-11-05 06:47:49] Success: realfoodwithjessica.com -> 557 posts
[2025-11-05 06:47:49] Success: realsimplegood.com -> 772 posts
[2025-11-05 06:47:49] Success: realestatemarketingblog.org -> 141 posts
[2025-11-05 06:47:49] Success: rantaustudio.com -> 88 posts
[2025-11-05 06:47:49] Success: reawakenyourbrilliance.com -> 1701 posts
[2025-11-05 06:47:50] Success: realestatespice.com -> 178 posts
[2025-11-05 06:47:50] Success: realmomnutrition.com -> 447 posts
[2025-11-05 06:47:50] Success: realmenrealstyle.com -> 2026 posts
[2025-11-05 06:47:50] Success: realtor.com -> 29025 posts
[2025-11-05 06:47:50] WordPress but no count header: recipe4peace.com
[2025-11-05 06:47:50] Success: recibeauty.com -> 295 posts
[2025-11-05 06:47:50] Success: recibeauty.com -> 295 posts
[2025-11-05 06:47:51] Not WordPress or API disabled: recipecircus.com
[2025-11-05 06:47:51] Success: recipe-diaries.com -> 781 posts
[2025-11-05 06:47:51] Not WordPress or API disabled: recipegoldmine.com
[2025-11-05 06:47:51] Success: recipchef.com -> 69 posts
[2025-11-05 06:47:51] Success: recipecard.io -> 35 posts
[2025-11-05 06:47:51] WordPress but restricted: recipes.fandom.com (HTTP 403)
[2025-11-05 06:47:51] WordPress but restricted: recipecommunity.com.au (HTTP 403)
[2025-11-05 06:47:51] WordPress but no count header: recipes-for-life.com
[2025-11-05 06:47:51] WordPress but no count header: recipes-for-life.com
[2025-11-05 06:47:52] Not WordPress or API disabled: recipeland.com
[2025-11-05 06:47:52] Connection error: rebekahgough.com
[2025-11-05 06:47:52] Not WordPress or API disabled: recipeplace.com
[2025-11-05 06:47:52] Connection error: recipesandreviews.co.uk
[2025-11-05 06:47:52] Not WordPress or API disabled: recipe-free.com
[2025-11-05 06:47:52] Success: recipes4day.com -> 3377 posts
[2025-11-05 06:47:52] Not WordPress or API disabled: recipes.robbiehaf.com
[2025-11-05 06:47:52] WordPress but restricted: recipesmadeeasy.co.uk (HTTP 403)
[2025-11-05 06:47:52] Success: recipefairy.com -> 798 posts
[2025-11-05 06:47:52] Success: recipes.net -> 9099 posts
[2025-11-05 06:47:53] Connection error: recipesource.com
[2025-11-05 06:47:53] Success: recipesfoodandcooking.com -> 1047 posts
[2025-11-05 06:47:53] Success: recipegirl.com -> 2986 posts
[2025-11-05 06:47:53] Success: recipesbyzara.com -> 291 posts
[2025-11-05 06:47:53] Success: realmefoods.com -> 68 posts
[2025-11-05 06:47:53] Success: recipesbyzara.com -> 291 posts
[2025-11-05 06:47:53] Success: recipesmind.com -> 154 posts
[2025-11-05 06:47:54] Success: recipetaken.com -> 123 posts
[2025-11-05 06:47:54] Success: recipesmeat.net -> 124 posts
[2025-11-05 06:47:54] Success: recipethis.com -> 1422 posts
[2025-11-05 06:47:54] Success: reclaimdesign.org -> 114 posts
[2025-11-05 06:47:54] Success: recoveryhomepa.com -> 56 posts
[2025-11-05 06:47:54] Success: recoveryhomepa.com -> 56 posts
[2025-11-05 06:47:54] Success: reclaimdesign.org -> 114 posts
[2025-11-05 06:47:55] WordPress but restricted: recycleaway.com (HTTP 403)
[2025-11-05 06:47:55] Success: recipesfromapantry.com -> 1619 posts
[2025-11-05 06:47:55] Success: recipetogo.com -> 42 posts
[2025-11-05 06:47:56] Success: recyclenation.com -> 2955 posts
[2025-11-05 06:47:56] Success: recycledcrafts.craftgossip.com -> 4104 posts
[2025-11-05 06:47:56] Connection error: realliving.com.au
[2025-11-05 06:47:56] Success: recyclart.org -> 5874 posts
[2025-11-05 06:47:56] Success: recipesforhome.com -> 235 posts
[2025-11-05 06:47:57] Success: recreateddesigns.com -> 430 posts
[2025-11-05 06:47:57] Success: recyclethis.co.uk -> 1144 posts
[2025-11-05 06:47:57] Success: recyclingedu.org -> 28 posts
[2025-11-05 06:47:57] Success: recyclenewmexico.com -> 0 posts
[2025-11-05 06:47:57] WordPress but no count header: reddit.com
[2025-11-05 06:47:57] Success: reddirtramblings.com -> 988 posts
[2025-11-05 06:47:57] Success: redandhoney.com -> 472 posts
[2025-11-05 06:47:57] Success: redbooth.com -> 487 posts
[2025-11-05 06:47:57] Success: recreatedhomes.com -> 8 posts
[2025-11-05 06:47:58] Connection error: redplaidyellowthread.com
[2025-11-05 06:47:58] Not WordPress or API disabled: reclaimeddesignworks.com
[2025-11-05 06:47:58] Not WordPress or API disabled: redcross.org
[2025-11-05 06:47:59] Success: redhousespice.com -> 325 posts
[2025-11-05 06:47:59] Success: redeemedreader.com -> 3617 posts
[2025-11-05 06:47:59] Success: recycling.com -> 79 posts
[2025-11-05 06:47:59] Success: reference.com -> 93605 posts
[2025-11-05 06:47:59] Success: recipetineats.com -> 1634 posts
[2025-11-05 06:47:59] Success: recycling-revolution.com -> 498 posts
[2025-11-05 06:47:59] WordPress but no count header: rainbowkids.com
[2025-11-05 06:47:59] Success: recycling-revolution.com -> 498 posts
[2025-11-05 06:48:00] Success: redemptionpermaculture.com -> 627 posts
[2025-11-05 06:48:00] WordPress but restricted: refreshcamping.com (HTTP 403)
[2025-11-05 06:48:00] Success: reepgreen.ca -> 119 posts
[2025-11-05 06:48:00] Success: redthomes.com -> 138 posts
[2025-11-05 06:48:00] Success: referredroofcleaning.com -> 49 posts
[2025-11-05 06:48:00] WordPress but restricted: rehab.com (HTTP 403)
[2025-11-05 06:48:00] Success: redtedart.com -> 3093 posts
[2025-11-05 06:48:00] WordPress but restricted: relate.org.uk (HTTP 403)
[2025-11-05 06:48:00] Success: rednightconsulting.com -> 224 posts
[2025-11-05 06:48:00] Success: relaxlangmom.com -> 575 posts
[2025-11-05 06:48:00] Success: refold.la -> 0 posts
[2025-11-05 06:48:00] Success: redthomes.com -> 138 posts
[2025-11-05 06:48:01] Not WordPress or API disabled: refinery29.com
[2025-11-05 06:48:01] Not WordPress or API disabled: relaxmelodies.com
[2025-11-05 06:48:01] Success: reformationacres.com -> 540 posts
[2025-11-05 06:48:01] Success: refrigeratorguide.net -> 43 posts
[2025-11-05 06:48:01] Success: regendus.com -> 560 posts
[2025-11-05 06:48:01] Success: refreshrestyle.com -> 1291 posts
[2025-11-05 06:48:01] Success: reflipper.net -> 266 posts
[2025-11-05 06:48:01] Success: reformationacres.com -> 540 posts
[2025-11-05 06:48:02] Success: remodelormove.com -> 186776 posts
[2025-11-05 06:48:02] Success: reinventeddelaware.com -> 539 posts
[2025-11-05 06:48:02] Success: reluctantfrugalist.com -> 276 posts
[2025-11-05 06:48:02] Success: reluctantgourmet.com -> 1587 posts
[2025-11-05 06:48:02] Success: remake.world -> 603 posts
[2025-11-05 06:48:02] Success: reicheltplumbing.com -> 382 posts
[2025-11-05 06:48:03] Success: rematch.in -> 108 posts
[2025-11-05 06:48:03] Success: relationshipsincorporated.com -> 112 posts
[2025-11-05 06:48:03] Success: remodelagain.com -> 1021 posts
[2025-11-05 06:48:03] Success: remexusa.com -> 226 posts
[2025-11-05 06:48:04] Success: removeandreplace.com -> 1487 posts
[2025-11-05 06:48:04] Success: reneenicoleskitchen.com -> 251 posts
[2025-11-05 06:48:04] Success: reneenicoleskitchen.com -> 251 posts
[2025-11-05 06:48:04] Success: removeheavymetals.com -> 683 posts
[2025-11-05 06:48:05] Success: rennersupply.com -> 79 posts
[2025-11-05 06:48:05] Success: remoteworkrebels.com -> 279 posts
[2025-11-05 06:48:05] Success: remodelista.com -> 13380 posts
[2025-11-05 06:48:05] Success: rentalawareness.com -> 1705 posts
[2025-11-05 06:48:05] WordPress but no count header: renovationtherapy.com
[2025-11-05 06:48:06] Success: renovated.com -> 1405 posts
[2025-11-05 06:48:06] Success: renuityhome.com -> 119 posts
[2025-11-05 06:48:06] Success: repairmyfurniture.com -> 3 posts
[2025-11-05 06:48:07] Success: renovatedfaith.com -> 197 posts
[2025-11-05 06:48:07] Success: rentchamber.com -> 110 posts
[2025-11-05 06:48:07] Success: rentchamber.com -> 110 posts
[2025-11-05 06:48:07] Not WordPress or API disabled: reptilinks.com
[2025-11-05 06:48:07] Success: requestletters.com -> 3393 posts
[2025-11-05 06:48:07] Connection error: realestatehomeward.com
[2025-11-05 06:48:07] Success: renodry.us -> 9 posts
[2025-11-05 06:48:07] Success: repeatcrafterme.com -> 1583 posts
[2025-11-05 06:48:08] Success: repurposerising.org -> 0 posts
[2025-11-05 06:48:08] Success: reptilesmagazine.com -> 5223 posts
[2025-11-05 06:48:08] Success: repaintnow.com -> 462 posts
[2025-11-05 06:48:08] Success: repairwhatyouwear.com -> 0 posts
[2025-11-05 06:48:08] Success: research.ecomakery.com -> 478 posts
[2025-11-05 06:48:08] Success: remodelaholic.com -> 5680 posts
[2025-11-05 06:48:08] Success: repaircafe.org -> 512 posts
[2025-11-05 06:48:08] Success: repurposeproject.org -> 9 posts
[2025-11-05 06:48:08] Success: residentialdesignmagazine.com -> 1755 posts
[2025-11-05 06:48:09] Success: residencestyle.com -> 14930 posts
[2025-11-05 06:48:09] Success: resiliencyclinic.com -> 35 posts
[2025-11-05 06:48:09] WordPress but restricted: resincraftsblog.com (HTTP 401)
[2025-11-05 06:48:09] Connection error: realstylenetwork.com
[2025-11-05 06:48:09] Success: residentialsolarpanels.org -> 600 posts
[2025-11-05 06:48:09] Success: reasonstoskipthehousework.com -> 1069 posts
[2025-11-05 06:48:09] Success: resources.pepsicorecyclerally.com -> 0 posts
[2025-11-05 06:48:10] Success: resources.pepsicorecyclerally.com -> 0 posts
[2025-11-05 06:48:10] Success: resolutionsofpalmbeach.com -> 130 posts
[2025-11-05 06:48:10] Connection error: rebath.com
[2025-11-05 06:48:10] Success: reasonstoskipthehousework.com -> 1069 posts
[2025-11-05 06:48:10] WordPress but restricted: restless.co.uk (HTTP 403)
[2025-11-05 06:48:10] Success: restartmed.com -> 667 posts
[2025-11-05 06:48:10] Success: respiratorytherapyzone.com -> 847 posts
[2025-11-05 06:48:10] WordPress but restricted: restoredecorandmore.com (HTTP 403)
[2025-11-05 06:48:10] Success: resolve.org -> 147 posts
[2025-11-05 06:48:10] Connection error: restaurantkitchen.org
[2025-11-05 06:48:11] Success: resourcecenter.lennar.com -> 6150 posts
[2025-11-05 06:48:11] Success: restopros.com -> 391 posts
[2025-11-05 06:48:11] Success: responsiblebudget.org -> 42 posts
[2025-11-05 06:48:11] Success: responsiblebudget.org -> 42 posts
[2025-11-05 06:48:11] Success: restorationmasterfinder.com -> 0 posts
[2025-11-05 06:48:11] WordPress but restricted: retailshout.com (HTTP 403)
[2025-11-05 06:48:11] Success: resplendentkitchen.com -> 124 posts
[2025-11-05 06:48:11] Success: resumeway.com -> 129 posts
[2025-11-05 06:48:12] Success: restonic.com -> 455 posts
[2025-11-05 06:48:12] Success: resultstc.com -> 407 posts
[2025-11-05 06:48:12] Connection error: recipes-plus.com
[2025-11-05 06:48:12] Success: restorationstationok.com -> 1 posts
[2025-11-05 06:48:12] Success: retail-merchandiser.com -> 2659 posts
[2025-11-05 06:48:12] Success: rethinksurvival.com -> 1456 posts
[2025-11-05 06:48:12] Success: resumespice.com -> 279 posts
[2025-11-05 06:48:13] Success: resumehead.com -> 1991 posts
[2025-11-05 06:48:13] WordPress but restricted: retrorenovation.com (HTTP 401)
[2025-11-05 06:48:13] Success: restartcbd.com -> 380 posts
[2025-11-05 06:48:13] Success: retireetoday.com -> 208 posts
[2025-11-05 06:48:13] WordPress but restricted: restless-legs.org (HTTP 401)
[2025-11-05 06:48:13] Success: retirementtipsandtricks.com -> 268 posts
[2025-11-05 06:48:14] Connection error: reviewroller.com
[2025-11-05 06:48:14] Success: reviews.com -> 360 posts
[2025-11-05 06:48:14] Success: rethinkfood.co.uk -> 209 posts
[2025-11-05 06:48:14] Success: rethority.com -> 1003 posts
[2025-11-05 06:48:14] Success: resumeworder.com -> 3752 posts
[2025-11-05 06:48:14] Success: resinobsession.com -> 342 posts
[2025-11-05 06:48:14] WordPress but restricted: revzilla.com (HTTP 403)
[2025-11-05 06:48:14] Success: reversekidneydiseasenaturally.com -> 352 posts
[2025-11-05 06:48:14] Success: reversekidneydiseasenaturally.com -> 352 posts
[2025-11-05 06:48:14] Success: reusegrowenjoy.com -> 711 posts
[2025-11-05 06:48:14] Success: revealedrecipe.com -> 55 posts
[2025-11-05 06:48:15] Unknown status: rheumatoidarthritis.net (HTTP 202)
[2025-11-05 06:48:15] Unknown status: rheumatoidarthritis.net (HTTP 202)
[2025-11-05 06:48:15] Success: reusegrowenjoy.com -> 711 posts
[2025-11-05 06:48:15] Success: retrohousewifegoesgreen.com -> 612 posts
[2025-11-05 06:48:15] Not WordPress or API disabled: rhs.org.uk
[2025-11-05 06:48:15] Success: rfsadermatology.com -> 37 posts
[2025-11-05 06:48:15] Client error: reliize.com - 0, message='', url='https://reliize.com/wp-json/wp/v2/posts'
[2025-11-05 06:48:15] Not WordPress or API disabled: ribit.net
[2025-11-05 06:48:15] Success: rgv-directcare.com -> 137 posts
[2025-11-05 06:48:16] Success: rhymbahillstea.com -> 252 posts
[2025-11-05 06:48:16] Success: rhymbahillstea.com -> 252 posts
[2025-11-05 06:48:16] Success: rheumatologistoncall.com -> 196 posts
[2025-11-05 06:48:16] Success: rhiansrecipes.com -> 585 posts
[2025-11-05 06:48:16] Success: revivalabs.com -> 1191 posts
[2025-11-05 06:48:16] Not WordPress or API disabled: rgare.com
[2025-11-05 06:48:16] Success: ricelawmd.com -> 794 posts
[2025-11-05 06:48:17] Success: ricksfreeautorepairadvice.com -> 2870 posts
[2025-11-05 06:48:17] Success: ricksdailytips.com -> 4171 posts
[2025-11-05 06:48:17] Success: ricettedellanonna.net -> 4101 posts
[2025-11-05 06:48:17] Success: ricearray.org -> 5027 posts
[2025-11-05 06:48:17] Success: right-impact.com -> 21 posts
[2025-11-05 06:48:17] Success: rhythmsofplay.com -> 414 posts
[2025-11-05 06:48:17] Not WordPress or API disabled: ricardocuisine.com
[2025-11-05 06:48:17] Success: ricksfreeautorepairadvice.com -> 2870 posts
[2025-11-05 06:48:17] Connection error: rightinbox.com
[2025-11-05 06:48:18] Success: rippleeffectmartialarts.com -> 239 posts
[2025-11-05 06:48:18] Success: retrosusie.com -> 14 posts
[2025-11-05 06:48:18] Success: retrosusie.com -> 14 posts
[2025-11-05 06:48:18] WordPress but restricted: riverslawns.com (HTTP 403)
[2025-11-05 06:48:18] Success: rikeneville.com -> 137 posts
[2025-11-05 06:48:18] Success: retrorecipebook.com -> 141 posts
[2025-11-05 06:48:19] WordPress but restricted: risepeople.com (HTTP 401)
[2025-11-05 06:48:19] Success: risemagazine.org -> 770 posts
[2025-11-05 06:48:19] Success: risemagazine.org -> 770 posts
[2025-11-05 06:48:19] Success: riseandblend.com -> 94 posts
[2025-11-05 06:48:19] Success: riseandblend.com -> 94 posts
[2025-11-05 06:48:19] Success: ringsidenews.com -> 127584 posts
[2025-11-05 06:48:19] Success: ringsidenews.com -> 127584 posts
[2025-11-05 06:48:19] Not WordPress or API disabled: roadscholar.org
[2025-11-05 06:48:19] Success: riviamind.com -> 331 posts
[2025-11-05 06:48:19] Success: riviamind.com -> 331 posts
[2025-11-05 06:48:19] Not WordPress or API disabled: ricksteves.com
[2025-11-05 06:48:19] Success: rixincosmetics.com -> 154 posts
[2025-11-05 06:48:19] Connection error: robjgreenfield.com
[2025-11-05 06:48:20] Success: robots.net -> 67380 posts
[2025-11-05 06:48:20] Not WordPress or API disabled: road-trip-usa.com
[2025-11-05 06:48:20] Success: roadsandkingdoms.com -> 3244 posts
[2025-11-05 06:48:20] Success: richingmatcha.com -> 852 posts
[2025-11-05 06:48:20] Success: robeks.com -> 0 posts
[2025-11-05 06:48:20] Success: richingmatcha.com -> 852 posts
[2025-11-05 06:48:20] WordPress but no count header: rockboxfitness.com
[2025-11-05 06:48:20] Success: robertsgaragedoors.com -> 31 posts
[2025-11-05 06:48:20] Success: rockstarrandmoon.com -> 238 posts
[2025-11-05 06:48:21] Success: roadtrippers.com -> 1188 posts
[2025-11-05 06:48:21] Success: rockrecipes.com -> 1868 posts
[2025-11-05 06:48:21] Success: rockinmama.net -> 5416 posts
[2025-11-05 06:48:21] Success: robpowellbizblog.com -> 179 posts
[2025-11-05 06:48:21] Success: rockykanaka.com -> 2508 posts
[2025-11-05 06:48:21] Success: rockykanaka.com -> 2508 posts
[2025-11-05 06:48:21] Success: rocknrollbride.com -> 8799 posts
[2025-11-05 06:48:22] Success: rodaleinstitute.org -> 289 posts
[2025-11-05 06:48:22] Success: roaffee.com -> 266 posts
[2025-11-05 06:48:22] Success: roaffee.com -> 266 posts
[2025-11-05 06:48:22] WordPress but restricted: rome2rio.com (HTTP 403)
[2025-11-05 06:48:22] Success: robin-wood.co.uk -> 777 posts
[2025-11-05 06:48:22] Success: robynmariecoaching.com -> 77 posts
[2025-11-05 06:48:22] Success: romerohardwoodfloor.com -> 361 posts
[2025-11-05 06:48:22] Not WordPress or API disabled: robertsfamilyinsurance.net
[2025-11-05 06:48:22] Success: robertshomerepairs.com -> 1 posts
[2025-11-05 06:48:22] Success: rocnkitchen.com -> 65 posts
[2025-11-05 06:48:22] WordPress but restricted: rhodeislandredfoodtours.com (HTTP 401)
[2025-11-05 06:48:23] Success: rogersenpai.com -> 330 posts
[2025-11-05 06:48:23] Connection error: remodr.com
[2025-11-05 06:48:23] Connection error: remodr.com
[2025-11-05 06:48:23] Success: ronalyntalston.com -> 312 posts
[2025-11-05 06:48:23] Success: rollingstone.com -> 162638 posts
[2025-11-05 06:48:23] Success: rollingout.com -> 135385 posts
[2025-11-05 06:48:23] Success: rookiemoms.com -> 2691 posts
[2025-11-05 06:48:23] Success: ronvil.com -> 291 posts
[2025-11-05 06:48:23] Success: roomfortuesday.com -> 1280 posts
[2025-11-05 06:48:23] Success: rootsaid.com -> 345 posts
[2025-11-05 06:48:24] Success: rootwholebody.com -> 368 posts
[2025-11-05 06:48:24] Success: rootswingsandwellness.com -> 52 posts
[2025-11-05 06:48:24] Not WordPress or API disabled: ronhazelton.com
[2025-11-05 06:48:24] Success: roolandscaping.com -> 0 posts
[2025-11-05 06:48:24] Success: romeing.it -> 1380 posts
[2025-11-05 06:48:24] Not WordPress or API disabled: roughguides.com
[2025-11-05 06:48:24] Success: rolleatusa.com -> 45 posts
[2025-11-05 06:48:24] Not WordPress or API disabled: rpstrength.com
[2025-11-05 06:48:24] Success: roomyretreat.com -> 1356 posts
[2025-11-05 06:48:24] WordPress but restricted: royal.uk (HTTP 403)
[2025-11-05 06:48:25] Not WordPress or API disabled: rove.me
[2025-11-05 06:48:25] Not WordPress or API disabled: row.facethefuture.store
[2025-11-05 06:48:25] Success: ropo.fi -> 586 posts
[2025-11-05 06:48:25] Unknown status: rubbermaid.com (HTTP 410)
[2025-11-05 06:48:25] Success: rswellness.org -> 98 posts
[2025-11-05 06:48:25] Success: rootsy.org -> 224 posts
[2025-11-05 06:48:25] Success: rualengg.com -> 0 posts
[2025-11-05 06:48:25] Success: rosenthalinjurylaw.com -> 904 posts
[2025-11-05 06:48:26] Success: routine-ready.com -> 41 posts
[2025-11-05 06:48:26] Success: rosenberryrooms.com -> 5816 posts
[2025-11-05 06:48:26] Success: roomcrush.com -> 364 posts
[2025-11-05 06:48:26] Success: roofmasterconstruction.com -> 110 posts
[2025-11-05 06:48:26] Success: rozaliee.com -> 109 posts
[2025-11-05 06:48:26] Not WordPress or API disabled: ruffdetails.com
[2025-11-05 06:48:26] Success: ruffledblog.com -> 6788 posts
[2025-11-05 06:48:26] Success: rugcare.com -> 140 posts
[2025-11-05 06:48:26] Success: rtwin30days.com -> 367 posts
[2025-11-05 06:48:27] Success: rugcare.com -> 140 posts
[2025-11-05 06:48:27] Success: rugdoctor.com -> 72 posts
[2025-11-05 06:48:27] Success: rugdoctor.com -> 72 posts
[2025-11-05 06:48:27] Success: roscoeleather.com -> 8 posts
[2025-11-05 06:48:27] Success: routine.is -> 17 posts
[2025-11-05 06:48:27] Not WordPress or API disabled: runna.com
[2025-11-05 06:48:27] Success: ruled.me -> 1574 posts
[2025-11-05 06:48:27] Success: royalbambino.com -> 525 posts
[2025-11-05 06:48:27] Not WordPress or API disabled: runningdutchie.org
[2025-11-05 06:48:27] Success: ruqintravel.com -> 1726 posts
[2025-11-05 06:48:27] Success: ruchiskitchen.com -> 683 posts
[2025-11-05 06:48:28] Success: ruralsprout.com -> 1429 posts
[2025-11-05 06:48:28] Success: runeatrepeat.com -> 6204 posts
[2025-11-05 06:48:28] Success: rusticwise.com -> 415 posts
[2025-11-05 06:48:28] Success: runtothefinish.com -> 1608 posts
[2025-11-05 06:48:28] Not WordPress or API disabled: rutlandnurseries.com
[2025-11-05 06:48:28] Success: russellbranchdental.com -> 13 posts
[2025-11-05 06:48:28] Success: russellbranchdental.com -> 13 posts
[2025-11-05 06:48:28] Success: rukycooks.com -> 9 posts
[2025-11-05 06:48:28] Success: rosettamentalhealth.com -> 7 posts
[2025-11-05 06:48:28] Not WordPress or API disabled: rxlist.com
[2025-11-05 06:48:28] Success: ryan0c9f7f8d7e3-wxcgu.wpcomstaging.com -> 13 posts
[2025-11-05 06:48:28] Success: rvownerhq.com -> 308 posts
[2025-11-05 06:48:29] Success: rustic-crafts.com -> 825 posts
[2025-11-05 06:48:29] Success: rvblogger.com -> 727 posts
[2025-11-05 06:48:29] WordPress but restricted: rwjf.org (HTTP 403)
[2025-11-05 06:48:29] Success: ryanzofay.com -> 264 posts
[2025-11-05 06:48:29] Success: runwaylive.com -> 1403 posts
[2025-11-05 06:48:29] Success: runningonrealfood.com -> 812 posts
[2025-11-05 06:48:29] Unknown status: sadieseasongoods.com (HTTP 503)
[2025-11-05 06:48:29] Success: rvinspiration.com -> 283 posts
[2025-11-05 06:48:29] Success: saarith.com -> 0 posts
[2025-11-05 06:48:30] Success: safehome.org -> 0 posts
[2025-11-05 06:48:30] Success: safeandsanitaryhomes.org -> 2501 posts
[2025-11-05 06:48:30] Success: runawayrice.com -> 319 posts
[2025-11-05 06:48:30] Success: sabreheating.com -> 0 posts
[2025-11-05 06:48:30] Success: safeorexpired.com -> 189 posts
[2025-11-05 06:48:30] Success: safetypostershop.com -> 610 posts
[2025-11-05 06:48:30] Success: safetypostershop.com -> 610 posts
[2025-11-05 06:48:31] Success: safehometestkits.com -> 397 posts
[2025-11-05 06:48:31] Connection error: restaurantkitchen.org
[2025-11-05 06:48:31] Success: safetymanualosha.com -> 564 posts
[2025-11-05 06:48:31] Success: safetymanualosha.com -> 564 posts
[2025-11-05 06:48:31] WordPress but no count header: sagealphagal.com
[2025-11-05 06:48:31] Success: safekitchens.com -> 35 posts
[2025-11-05 06:48:31] WordPress but no count header: sagealphagal.com
[2025-11-05 06:48:32] Not WordPress or API disabled: sagehealthwellness.com
[2025-11-05 06:48:32] Success: ruth-ellen.com -> 272 posts
[2025-11-05 06:48:32] Success: sagesure.com -> 0 posts
[2025-11-05 06:48:32] Success: safetynotes.net -> 72 posts
[2025-11-05 06:48:32] Success: rythmoftheworld.com -> 203 posts
[2025-11-05 06:48:32] Success: salesworksgroup.com -> 141 posts
[2025-11-05 06:48:32] Success: rythmoftheworld.com -> 203 posts
[2025-11-05 06:48:32] Success: sailusfood.com -> 946 posts
[2025-11-05 06:48:32] Success: safetypedia.com -> 66 posts
[2025-11-05 06:48:33] Success: sajeevdev.com -> 3418 posts
[2025-11-05 06:48:33] Success: sagefamily.com -> 211 posts
[2025-11-05 06:48:33] Success: saffrontrail.com -> 809 posts
[2025-11-05 06:48:33] Success: sagecleaner.com -> 11 posts
[2025-11-05 06:48:33] Success: sagapens.com -> 131 posts
[2025-11-05 06:48:33] Success: salesconnector.com -> 84 posts
[2025-11-05 06:48:33] WordPress but restricted: salepepe.it (HTTP 401)
[2025-11-05 06:48:33] Success: salon.com -> 256810 posts
[2025-11-05 06:48:33] Success: sals.co.nz -> 37 posts
[2025-11-05 06:48:34] Success: saliwell.com -> 51 posts
[2025-11-05 06:48:34] Success: salimaskitchen.com -> 319 posts
[2025-11-05 06:48:34] Success: sallysbakingaddiction.com -> 1340 posts
[2025-11-05 06:48:34] Success: saltyskitchen.com -> 1038 posts
[2025-11-05 06:48:34] Not WordPress or API disabled: samanka.xyz
[2025-11-05 06:48:34] Success: saltandlavender.com -> 1287 posts
[2025-11-05 06:48:35] Success: saltinmycoffee.com -> 516 posts
[2025-11-05 06:48:35] Success: salvagedinspirations.com -> 670 posts
[2025-11-05 06:48:35] Success: salvagedinspirations.com -> 670 posts
[2025-11-05 06:48:35] WordPress but restricted: samhsa.gov (HTTP 403)
[2025-11-05 06:48:35] Success: safelyio.com -> 66 posts
[2025-11-05 06:48:35] Unknown status: salvagesisterandmister.com (HTTP 500)
[2025-11-05 06:48:35] Success: samdoesherbest.com -> 342 posts
[2025-11-05 06:48:36] Success: safetysection.com -> 148 posts
[2025-11-05 06:48:36] Not WordPress or API disabled: samsung.com
[2025-11-05 06:48:36] Success: samanthacassetty.com -> 129 posts
[2025-11-05 06:48:36] Success: sammsheatingandair.com -> 113 posts
[2025-11-05 06:48:36] Success: samanthacassetty.com -> 129 posts
[2025-11-05 06:48:36] Success: sammibrondo.com -> 346 posts
[2025-11-05 06:48:37] Success: sampleboard.com -> 1578 posts
[2025-11-05 06:48:37] Success: saltinourhair.com -> 540 posts
[2025-11-05 06:48:37] Success: sandersfamilydental.com -> 130 posts
[2025-11-05 06:48:37] Success: sandiegohomecaregivers.com -> 86 posts
[2025-11-05 06:48:37] Success: sandiegohomecaregivers.com -> 86 posts
[2025-11-05 06:48:37] Success: salvilaw.com -> 157 posts
[2025-11-05 06:48:37] Success: safewise.com -> 1898 posts
[2025-11-05 06:48:37] Success: salvilaw.com -> 157 posts
[2025-11-05 06:48:37] Success: samdoesherbest.com -> 342 posts
[2025-11-05 06:48:37] Connection error: sanvello.com
[2025-11-05 06:48:38] Success: sandinmysuitcase.com -> 351 posts
[2025-11-05 06:48:38] Success: sageandsirius.com -> 113 posts
[2025-11-05 06:48:38] Success: sandiegodetox.com -> 256 posts
[2025-11-05 06:48:38] Success: sammyapproves.com -> 485 posts
[2025-11-05 06:48:38] Connection error: riseandbakewithjulie.com
[2025-11-05 06:48:38] Success: saniprofessional.com -> 251 posts
[2025-11-05 06:48:38] Success: saniprofessional.com -> 251 posts
[2025-11-05 06:48:38] Success: sanjosementalhealth.org -> 74 posts
[2025-11-05 06:48:38] WordPress but restricted: saporie.com (HTTP 403)
[2025-11-05 06:48:39] Success: sarahblooms.com -> 152 posts
[2025-11-05 06:48:39] Success: sanitydaily.com -> 352 posts
[2025-11-05 06:48:39] Success: sarfatycomms.com -> 14 posts
[2025-11-05 06:48:39] Success: sarahsvegankitchen.com -> 181 posts
[2025-11-05 06:48:39] Not WordPress or API disabled: sarowly.me
[2025-11-05 06:48:39] Success: sarkarilist.in -> 1068 posts
[2025-11-05 06:48:39] Success: sandoff.com -> 1103 posts
[2025-11-05 06:48:39] Success: sarahbakesgfree.com -> 572 posts
[2025-11-05 06:48:39] Success: sanfranciscomeditation.org -> 23 posts
[2025-11-05 06:48:39] Success: sarahjoyblog.com -> 1316 posts
[2025-11-05 06:48:39] Success: sarafinaskitchen.com -> 429 posts
[2025-11-05 06:48:39] Success: sarahscucinabella.com -> 1703 posts
[2025-11-05 06:48:39] Success: saratogafarmersmarket.org -> 102 posts
[2025-11-05 06:48:39] Success: sanitationspecialists.com -> 53 posts
[2025-11-05 06:48:40] Unknown status: savingadvice.com (HTTP 307)
[2025-11-05 06:48:40] Success: sarah-tucker.com -> 1615 posts
[2025-11-05 06:48:40] Success: sarsas.org.uk -> 88 posts
[2025-11-05 06:48:40] Success: sarahsfitfood.com -> 44 posts
[2025-11-05 06:48:40] Not WordPress or API disabled: saveur.com
[2025-11-05 06:48:40] Success: sauceandbites.com -> 17686 posts
[2025-11-05 06:48:40] Success: sauceandbites.com -> 17686 posts
[2025-11-05 06:48:40] Success: sassytownhouseliving.com -> 1857 posts
[2025-11-05 06:48:40] Success: savingandsimplicity.com -> 529 posts
[2025-11-05 06:48:41] Success: savingk.com -> 1127 posts
[2025-11-05 06:48:41] Success: satspapershub.co.uk -> 67 posts
[2025-11-05 06:48:41] Success: sassyfeeds.com -> 324 posts
[2025-11-05 06:48:41] Success: savorandsavvy.com -> 728 posts
[2025-11-05 06:48:41] WordPress but no count header: savorytooth.com
[2025-11-05 06:48:41] Success: savebly.com -> 201 posts
[2025-11-05 06:48:41] Success: savorrecipes.com -> 180 posts
[2025-11-05 06:48:41] Success: savorrecipes.com -> 180 posts
[2025-11-05 06:48:41] Success: savorandsmile.com -> 1299 posts
[2025-11-05 06:48:41] Success: savorthebest.com -> 1630 posts
[2025-11-05 06:48:42] Success: sashashairopshub.com -> 62 posts
[2025-11-05 06:48:42] Success: savorylotus.com -> 653 posts
[2025-11-05 06:48:42] Success: satyamevajayate.co.in -> 54 posts
[2025-11-05 06:48:42] Success: savvygardening.com -> 783 posts
[2025-11-05 06:48:42] Success: satisfysingrecipes.com -> 166 posts
[2025-11-05 06:48:42] WordPress but restricted: savvyhomemade.com (HTTP 401)
[2025-11-05 06:48:42] Not WordPress or API disabled: scandinaviandesigns.com
[2025-11-05 06:48:43] Success: savorysweetspoon.com -> 154 posts
[2025-11-05 06:48:43] Not WordPress or API disabled: scarymommy.com
[2025-11-05 06:48:43] Success: savoryexperiments.com -> 1924 posts
[2025-11-05 06:48:43] Success: savvyhoney.com -> 695 posts
[2025-11-05 06:48:43] Success: sawdustgirl.com -> 1000 posts
[2025-11-05 06:48:43] Success: sawshub.com -> 974 posts
[2025-11-05 06:48:44] Success: savvyfrugalmom.com -> 59 posts
[2025-11-05 06:48:44] Success: scatteredsquirrel.com -> 584 posts
[2025-11-05 06:48:44] Success: scentedpromo.com -> 20 posts
[2025-11-05 06:48:44] Success: scentedpromo.com -> 20 posts
[2025-11-05 06:48:44] Success: schmalzlandscaping.com -> 3 posts
[2025-11-05 06:48:45] Success: schisandraandbergamot.com -> 159 posts
[2025-11-05 06:48:45] Success: schisandraandbergamot.com -> 159 posts
[2025-11-05 06:48:45] Success: sayheyrecords.com -> 3169 posts
[2025-11-05 06:48:45] Success: sayheyrecords.com -> 3169 posts
[2025-11-05 06:48:45] Success: schmidt-arch.com -> 580 posts
[2025-11-05 06:48:45] Success: scaleits.com -> 7 posts
[2025-11-05 06:48:46] Success: schooloftraditionalskills.com -> 0 posts
[2025-11-05 06:48:46] Success: savings4savvymums.co.uk -> 1574 posts
[2025-11-05 06:48:46] Success: schoolhabits.com -> 314 posts
[2025-11-05 06:48:46] Success: school-of-life.net -> 2520 posts
[2025-11-05 06:48:46] Success: sciencesensei.com -> 1633 posts
[2025-11-05 06:48:46] Not WordPress or API disabled: sciencedaily.com
[2025-11-05 06:48:46] Not WordPress or API disabled: scissortailstudio.com
[2025-11-05 06:48:46] Success: sciencenewstoday.org -> 6331 posts
[2025-11-05 06:48:46] WordPress but restricted: scitechdaily.com (HTTP 403)
[2025-11-05 06:48:46] Success: sawsonskates.com -> 448 posts
[2025-11-05 06:48:47] Success: sciencealert.com -> 32508 posts
[2025-11-05 06:48:47] Success: santaair.com -> 213 posts
[2025-11-05 06:48:47] Success: santaair.com -> 213 posts
[2025-11-05 06:48:47] Success: sciph.info -> 172 posts
[2025-11-05 06:48:47] Success: scissorsandspatulas.com -> 12 posts
[2025-11-05 06:48:47] Success: scientificallysweet.com -> 473 posts
[2025-11-05 06:48:48] WordPress but restricted: scotsman.com (HTTP 403)
[2025-11-05 06:48:48] Success: scentsandinspiration.com -> 30 posts
[2025-11-05 06:48:48] Success: scolary.blog -> 15702 posts
[2025-11-05 06:48:48] Success: scaleits.com -> 7 posts
[2025-11-05 06:48:48] Success: scoolinary.com -> 0 posts
[2025-11-05 06:48:48] Connection error: rutherford.tennessee.edu
[2025-11-05 06:48:49] WordPress but restricted: scoophvac.com (HTTP 403)
[2025-11-05 06:48:49] Success: scottsdalerecovery.com -> 824 posts
[2025-11-05 06:48:49] WordPress but restricted: scoophvac.com (HTTP 403)
[2025-11-05 06:48:49] WordPress but restricted: scrapbook.com (HTTP 403)
[2025-11-05 06:48:49] Success: scottishmum.com -> 994 posts
[2025-11-05 06:48:49] Success: scruffandsteph.com -> 118 posts
[2025-11-05 06:48:49] Not WordPress or API disabled: scriptmag.com
[2025-11-05 06:48:49] Success: scottishscran.com -> 159 posts
[2025-11-05 06:48:49] Success: scienceofmind.org -> 815 posts
[2025-11-05 06:48:49] Success: scottish-recipes.com -> 25 posts
[2025-11-05 06:48:49] Success: scottmcgillivray.com -> 338 posts
[2025-11-05 06:48:49] Success: scrambledchefs.com -> 716 posts
[2025-11-05 06:48:50] Success: scottsdaleazdetox.com -> 587 posts
[2025-11-05 06:48:50] Success: scottsdaleazdetox.com -> 587 posts
[2025-11-05 06:48:50] Success: screening.mhanational.org -> 0 posts
[2025-11-05 06:48:50] Success: searchenginejournal.com -> 25328 posts
[2025-11-05 06:48:50] Success: sealed.com -> 0 posts
[2025-11-05 06:48:50] Success: scrubnbubbles.com -> 134 posts
[2025-11-05 06:48:50] Success: scratchandstitch.com -> 201 posts
[2025-11-05 06:48:50] Success: scienceofpeople.com -> 953 posts
[2025-11-05 06:48:50] Success: scratchtobasics.com -> 214 posts
[2025-11-05 06:48:50] Success: scvairsolutions.com -> 14 posts
[2025-11-05 06:48:51] Success: schoolofnaturalskincare.com -> 278 posts
[2025-11-05 06:48:51] Success: sealed.com -> 0 posts
[2025-11-05 06:48:51] Success: seafoodhealthfacts.org -> 6 posts
[2025-11-05 06:48:51] Success: sdocpa.com -> 64 posts
[2025-11-05 06:48:51] Not WordPress or API disabled: seas4life.com
[2025-11-05 06:48:51] Success: scrummylane.com -> 370 posts
[2025-11-05 06:48:51] Success: searchengineland.com -> 28179 posts
[2025-11-05 06:48:51] Success: secretlifeofhomesteaders.com -> 150 posts
[2025-11-05 06:48:51] WordPress but no count header: sebiguide.com
[2025-11-05 06:48:52] Not WordPress or API disabled: seat61.com
[2025-11-05 06:48:52] Success: secretlifeofmom.com -> 3830 posts
[2025-11-05 06:48:52] Success: secondtimearoundrefinishing.com -> 0 posts
[2025-11-05 06:48:52] Success: seattlewire.com -> 450 posts
[2025-11-05 06:48:52] Success: secretsofthegreengarden.com -> 1901 posts
[2025-11-05 06:48:52] Success: seasonedcitizenprepper.com -> 263 posts
[2025-11-05 06:48:52] Connection error: sagementalwellness.com
[2025-11-05 06:48:52] Success: sealy.co.nz -> 61 posts
[2025-11-05 06:48:53] Success: seedsavers.org -> 230 posts

[2025-11-05 06:48:53] Success: seacrestrecoverycenteroh.com -> 1131 posts
[2025-11-05 06:48:53] Success: seekatesew.com -> 1154 posts
[2025-11-05 06:48:53] Success: seeafricatoday.com -> 2031 posts
[2025-11-05 06:48:53] Success: seasidesundays.com -> 483 posts
[2025-11-05 06:48:53] Success: sectionhiker.com -> 2973 posts
[2025-11-05 06:48:53] Success: segmentnext.com -> 16730 posts
[2025-11-05 06:48:53] Success: seejanedrill.com -> 742 posts
[2025-11-05 06:48:54] Success: seeninthecity.co.uk -> 4031 posts
[2025-11-05 06:48:54] Not WordPress or API disabled: self.com
[2025-11-05 06:48:54] WordPress but no count header: selfhelp.education
[2025-11-05 06:48:54] Success: sekamoving.com -> 331 posts
[2025-11-05 06:48:54] WordPress but restricted: selectkitchendesign.com (HTTP 403)
[2025-11-05 06:48:54] Success: seebykelly.com -> 116 posts
[2025-11-05 06:48:54] Success: self-build.co.uk -> 1611 posts
[2025-11-05 06:48:54] Success: seasoncontrolhvac.com -> 81 posts
[2025-11-05 06:48:54] Success: selfpublishing.com -> 781 posts
[2025-11-05 06:48:54] Connection error: selfsufficienthomesteading.com
[2025-11-05 06:48:54] Success: sehbac.com -> 428 posts
[2025-11-05 06:48:55] Success: selfsufficiencyfrugalliving.com -> 1846 posts
[2025-11-05 06:48:55] Success: segeriusbrucephotography.com -> 538 posts
[2025-11-05 06:48:55] Success: selfmanagementresource.com -> 17 posts
[2025-11-05 06:48:55] Success: seniorfitness.org -> 1158 posts
[2025-11-05 06:48:55] Success: seniorfitness.org -> 1158 posts
[2025-11-05 06:48:55] Success: seema.com -> 4813 posts
[2025-11-05 06:48:55] Success: seema.com -> 4813 posts
[2025-11-05 06:48:56] Success: seniorsafetyadvice.com -> 886 posts
[2025-11-05 06:48:56] Success: seniorservicesofamerica.com -> 0 posts
[2025-11-05 06:48:56] Success: sensibledigs.com -> 886 posts
[2025-11-05 06:48:56] Success: selfsufficientprojects.com -> 1072 posts
[2025-11-05 06:48:56] Unknown status: seriouseats.com (HTTP 460)
[2025-11-05 06:48:56] Success: serenityloghomes.com -> 51 posts
[2025-11-05 06:48:56] Success: serenitybrew.com -> 696 posts
[2025-11-05 06:48:56] Success: serenitybrew.com -> 696 posts
[2025-11-05 06:48:56] Success: searchversity.com -> 469 posts
[2025-11-05 06:48:56] Success: sensityapp.com -> 12 posts
[2025-11-05 06:48:56] Success: seths.blog -> 9514 posts
[2025-11-05 06:48:57] Success: seniorslifestylemag.com -> 2987 posts
[2025-11-05 06:48:57] Connection error: seriousfoodie.com
[2025-11-05 06:48:57] Success: seniorliving.org -> 537 posts
[2025-11-05 06:48:57] Success: setupmyhotel.com -> 868 posts
[2025-11-05 06:48:57] Connection error: sewcanimprove.com
[2025-11-05 06:48:57] Success: seonkyounglongest.com -> 605 posts
[2025-11-05 06:48:57] Success: serenarecipes.com -> 1673 posts
[2025-11-05 06:48:57] Success: serenitytalks.com -> 649 posts
[2025-11-05 06:48:57] Success: serigreen.com -> 14 posts
[2025-11-05 06:48:57] Success: serendipityandspice.com -> 793 posts
[2025-11-05 06:48:57] Success: sewdirect.com -> 285 posts
[2025-11-05 06:48:57] Success: serveitupsafe.com -> 31 posts
[2025-11-05 06:48:58] Not WordPress or API disabled: sewdiy.com
[2025-11-05 06:48:58] Success: sevenlayercharlotte.com -> 654 posts
[2025-11-05 06:48:58] Success: sevenlayercharlotte.com -> 654 posts
[2025-11-05 06:48:58] Success: settingforfour.com -> 971 posts
[2025-11-05 06:48:58] Success: sewfrenchcrossstitch.com -> 4540 posts
[2025-11-05 06:48:59] Success: sewing.com -> 438 posts
[2025-11-05 06:48:59] Success: servicemasterbyzaba.com -> 247 posts
[2025-11-05 06:48:59] Success: sewcanshe.com -> 1303 posts
[2025-11-05 06:48:59] Success: serescodehumidifiers.com -> 17 posts
[2025-11-05 06:48:59] Success: sewing.craftgossip.com -> 22871 posts
[2025-11-05 06:48:59] Connection error: sewmuchcrafts.com
[2025-11-05 06:48:59] Success: sewcraftyme.com -> 363 posts
[2025-11-05 06:48:59] Success: sewingcrafters.com -> 34 posts
[2025-11-05 06:49:00] Success: servicealliancegroup.com -> 35 posts
[2025-11-05 06:49:00] Success: sewingmachinefun.com -> 305 posts
[2025-11-05 06:49:00] Success: settingpoints.com -> 150 posts
[2025-11-05 06:49:00] Success: sewingfromhome.com -> 185 posts
[2025-11-05 06:49:00] Success: sewwoodsy.com -> 375 posts
[2025-11-05 06:49:00] Success: sewingforaliving.com -> 72 posts
[2025-11-05 06:49:00] Connection error: shabbynestblog.com
[2025-11-05 06:49:00] Success: sewsweetness.com -> 1813 posts
[2025-11-05 06:49:01] Success: sewingtrip.com -> 4712 posts
[2025-11-05 06:49:01] Success: seymourlawnmaint.com -> 16 posts
[2025-11-05 06:49:01] Success: sewingers.com -> 145 posts
[2025-11-05 06:49:01] WordPress but no count header: shabbycreekcottage.com
[2025-11-05 06:49:01] Not WordPress or API disabled: shabazzseafood.com
[2025-11-05 06:49:01] Success: sfcitizen.com -> 2269 posts
[2025-11-05 06:49:01] Unknown status: shape.com (HTTP 460)
[2025-11-05 06:49:01] Success: sewingsociety.com -> 266 posts
[2025-11-05 06:49:02] Success: shalanicely.com -> 116 posts
[2025-11-05 06:49:02] Success: shannontorrens.com -> 401 posts
[2025-11-05 06:49:02] Success: shabbyartboutique.com -> 2459 posts
[2025-11-05 06:49:02] Success: sewndesign.com.au -> 30 posts
[2025-11-05 06:49:02] Success: sexualabuseclaimsblog.com -> 262 posts
[2025-11-05 06:49:03] Success: shakeguys.com -> 172 posts
[2025-11-05 06:49:03] Success: sharpologist.com -> 2013 posts
[2025-11-05 06:49:03] Success: sewnadaptive.com -> 11 posts
[2025-11-05 06:49:03] Not WordPress or API disabled: shapeamerica.org
[2025-11-05 06:49:03] Success: sharpologist.com -> 2013 posts
[2025-11-05 06:49:03] Success: shaneandsimple.com -> 523 posts
[2025-11-05 06:49:03] Success: shanty-2-chic.com -> 1356 posts
[2025-11-05 06:49:03] Success: shannonssewandsew.com -> 211 posts
[2025-11-05 06:49:03] Not WordPress or API disabled: sheerluxe.com
[2025-11-05 06:49:04] Success: sheholdsdearly.com -> 376 posts
[2025-11-05 06:49:04] Success: sharksmind.com -> 1241 posts
[2025-11-05 06:49:04] Success: share.upmc.com -> 4541 posts
[2025-11-05 06:49:04] Success: sharonpalmer.com -> 1813 posts
[2025-11-05 06:49:04] Success: shansmart.store -> 4 posts
[2025-11-05 06:49:04] Success: sharmispassions.com -> 1548 posts
[2025-11-05 06:49:04] Success: shebokusiyo.com -> 360 posts
[2025-11-05 06:49:05] Success: sheknows.com -> 146836 posts
[2025-11-05 06:49:05] Success: shelflifesecrets.com -> 3419 posts
[2025-11-05 06:49:05] Success: sheneedscoffee.com -> 194 posts
[2025-11-05 06:49:05] Success: shelflifesecrets.com -> 3419 posts
[2025-11-05 06:49:05] Success: shelleywipper.com -> 32 posts
[2025-11-05 06:49:05] Success: shelfcooking.com -> 425 posts
[2025-11-05 06:49:05] Connection error: scholistico.com
[2025-11-05 06:49:05] WordPress but no count header: shilpaahuja.com
[2025-11-05 06:49:05] Connection error: scholistico.com
[2025-11-05 06:49:05] Success: shebokusiyo.com -> 360 posts
[2025-11-05 06:49:05] Success: shapiroe.com -> 188 posts
[2025-11-05 06:49:05] WordPress but restricted: shiplapandshells.com (HTTP 403)
[2025-11-05 06:49:06] Success: shelterness.com -> 7358 posts
[2025-11-05 06:49:06] Success: shereadsromancebooks.com -> 906 posts
[2025-11-05 06:49:06] Not WordPress or API disabled: shop.bodybuilding.com
[2025-11-05 06:49:06] Success: shewearsmanyhats.com -> 1094 posts
[2025-11-05 06:49:06] Success: shelooksgooddaily.com -> 76 posts
[2025-11-05 06:49:06] Success: shetravelschic.com -> 158 posts
[2025-11-05 06:49:06] Success: shortfoodblog.com -> 21848 posts
[2025-11-05 06:49:06] Success: shineofsolar.com -> 7326 posts
[2025-11-05 06:49:06] Success: shineofsolar.com -> 7326 posts
[2025-11-05 06:49:07] Success: shineyourlightblog.com -> 843 posts
[2025-11-05 06:49:07] Success: shineyourlightblog.com -> 843 posts
[2025-11-05 06:49:07] Timeout: realestate.usnews.com
[2025-11-05 06:49:07] Success: showmethecurry.com -> 1074 posts
[2025-11-05 06:49:07] Success: shopinroom.com -> 161 posts
[2025-11-05 06:49:08] Success: shop5thavenuecakes.com -> 88 posts
[2025-11-05 06:49:08] Success: shivanilovesfood.com -> 100 posts
[2025-11-05 06:49:08] Success: shetriedwhat.com -> 149 posts
[2025-11-05 06:49:08] Success: shugarysweets.com -> 1602 posts
[2025-11-05 06:49:08] Success: sidingpro.co -> 113 posts
[2025-11-05 06:49:08] WordPress but restricted: shrm.org (HTTP 403)
[2025-11-05 06:49:08] Success: sigmaearth.com -> 5335 posts
[2025-11-05 06:49:08] Success: shulman-hill.com -> 77 posts
[2025-11-05 06:49:08] WordPress but restricted: shetlandnature.net (HTTP 401)
[2025-11-05 06:49:09] Success: shrinkthatfootprint.com -> 954 posts
[2025-11-05 06:49:09] Success: siempreexcel.com -> 243 posts
[2025-11-05 06:49:09] Success: shoppeblack.us -> 1529 posts
[2025-11-05 06:49:09] Success: silverlininglessons.com -> 1708 posts
[2025-11-05 06:49:09] Success: siegeuniversity.com -> 15 posts
[2025-11-05 06:49:09] Success: shinecarpetcleaning.ca -> 14 posts
[2025-11-05 06:49:09] Success: shinecarpetcleaning.ca -> 14 posts
[2025-11-05 06:49:09] Not WordPress or API disabled: signaturedesignskitchenbath.com
[2025-11-05 06:49:09] Success: silk.com -> 1 posts
[2025-11-05 06:49:10] Success: sideshow.com -> 8695 posts
[2025-11-05 06:49:10] Success: silvermistrecovery.com -> 376 posts
[2025-11-05 06:49:10] Success: silvermaple.com -> 81 posts
[2025-11-05 06:49:10] Success: siliconrepublic.com -> 76913 posts
[2025-11-05 06:49:10] Not WordPress or API disabled: simlocal.com
[2025-11-05 06:49:10] Unknown status: similarweb.com (HTTP 202)
[2025-11-05 06:49:10] Connection error: scvairsolutions.com
[2025-11-05 06:49:10] Success: silkymahajan.com -> 475 posts
[2025-11-05 06:49:10] Success: silkymahajan.com -> 475 posts
[2025-11-05 06:49:11] Success: simonstapleton.com -> 5849 posts
[2025-11-05 06:49:11] Success: simple-life.com -> 86 posts
[2025-11-05 06:49:11] Success: sidehustlenation.com -> 640 posts
[2025-11-05 06:49:11] Success: simple-veganista.com -> 545 posts
[2025-11-05 06:49:11] Success: simple-nourished-living.com -> 2646 posts
[2025-11-05 06:49:11] Not WordPress or API disabled: simplefood.blog
[2025-11-05 06:49:11] Success: satisfysingrecipes.com -> 166 posts
[2025-11-05 06:49:11] Connection error: simplegreenlab.com
[2025-11-05 06:49:11] Success: simpleandsoulful.blog -> 115 posts
[2025-11-05 06:49:11] Success: shoestringcottage.com -> 1032 posts
[2025-11-05 06:49:12] Success: simplehomeedit.com -> 512 posts
[2025-11-05 06:49:12] Success: simpleandseasonal.com -> 746 posts
[2025-11-05 06:49:12] Success: silversurfers.com -> 12832 posts
[2025-11-05 06:49:12] Success: simplediyhomestead.com -> 31 posts
[2025-11-05 06:49:12] Success: simplebites.net -> 1542 posts
[2025-11-05 06:49:12] Success: simmertoslimmer.com -> 468 posts
[2025-11-05 06:49:12] Success: simplehouseholdhacks.com -> 35 posts
[2025-11-05 06:49:12] Success: simple.money -> 258 posts
[2025-11-05 06:49:13] Success: silversurfers.com -> 12832 posts
[2025-11-05 06:49:13] Success: simplegreensmoothies.com -> 464 posts
[2025-11-05 06:49:13] Success: simplegraytshirt.com -> 237 posts
[2025-11-05 06:49:13] Success: simpleandsavory.com -> 433 posts
[2025-11-05 06:49:13] Success: simplehealthykitchen.com -> 239 posts
[2025-11-05 06:49:13] Success: simplejoy.com -> 1537 posts
[2025-11-05 06:49:13] Success: simplecleanhome.com -> 76 posts
[2025-11-05 06:49:13] Success: simplelivingdaily.com -> 176 posts
[2025-11-05 06:49:13] Success: simplelionheartlife.com -> 297 posts
[2025-11-05 06:49:14] Success: simplecleanhome.com -> 76 posts
[2025-11-05 06:49:14] Success: simplelifemom.com -> 541 posts
[2025-11-05 06:49:14] Success: simpleholisticgirl.com -> 174 posts
[2025-11-05 06:49:14] Success: simplelivingcountrygal.com -> 618 posts
[2025-11-05 06:49:14] Success: simpleliving.com -> 85 posts
[2025-11-05 06:49:15] Success: simpleneathome.com -> 123 posts
[2025-11-05 06:49:15] Success: simplemadepretty.com -> 514 posts
[2025-11-05 06:49:15] Success: simplestructuredmama.com -> 88 posts
[2025-11-05 06:49:15] Success: simplelifeofacountrywife.com -> 490 posts
[2025-11-05 06:49:15] Success: simpleintentional.com -> 38 posts
[2025-11-05 06:49:15] Success: simplehomelife.com.au -> 33 posts
[2025-11-05 06:49:15] Connection error: seniorlivingdiscounts.com
[2025-11-05 06:49:15] Success: simplenursing.com -> 410 posts
[2025-11-05 06:49:15] Not WordPress or API disabled: simplesavvylife.com
[2025-11-05 06:49:16] Success: simplerootswellness.com -> 617 posts
[2025-11-05 06:49:16] WordPress but restricted: simplifylivelove.com (HTTP 403)
[2025-11-05 06:49:16] Success: simplebathohio.net -> 51 posts
[2025-11-05 06:49:16] Success: simplepurposefulliving.com -> 0 posts
[2025-11-05 06:49:16] WordPress but restricted: simplespaces.net (HTTP 401)
[2025-11-05 06:49:16] Success: simplerootswellness.com -> 617 posts
[2025-11-05 06:49:16] Success: simplepurebeauty.com -> 283 posts
[2025-11-05 06:49:16] Success: simplilearn.com -> 741 posts
[2025-11-05 06:49:16] Success: simplifyllc.com -> 0 posts
[2025-11-05 06:49:17] Success: simplemocktailrecipes.com -> 169 posts
[2025-11-05 06:49:17] Success: simplifyingfamily.com -> 667 posts
[2025-11-05 06:49:17] Success: simplifyelegance.com -> 22 posts
[2025-11-05 06:49:17] Success: simplestylings.com -> 317 posts
[2025-11-05 06:49:17] Success: simpleveganblog.com -> 479 posts
[2025-11-05 06:49:17] Success: simplisticallyliving.com -> 1247 posts
[2025-11-05 06:49:18] WordPress but no count header: simplyclean.home.blog
[2025-11-05 06:49:18] Success: simplycookingrecipes.com -> 0 posts
[2025-11-05 06:49:18] Success: simplifyplants.com -> 1292 posts
[2025-11-05 06:49:18] Success: simplifygardening.com -> 563 posts
[2025-11-05 06:49:18] Success: simplelivingmama.com -> 1072 posts
[2025-11-05 06:49:18] WordPress but no count header: simplygrove.com
[2025-11-05 06:49:19] Success: simplybeyondherbs.com -> 480 posts
[2025-11-05 06:49:19] Success: simplycanning.com -> 297 posts
[2025-11-05 06:49:19] Success: simplyclearly.com -> 185 posts
[2025-11-05 06:49:19] Success: simplyhomeandhealth.com -> 320 posts
[2025-11-05 06:49:19] Success: simplygreatrecipes.com -> 662 posts
[2025-11-05 06:49:19] Success: simplyfiercely.com -> 290 posts
[2025-11-05 06:49:19] Success: simplifycreateinspire.com -> 460 posts
[2025-11-05 06:49:19] Connection error: simplynaturallyhealthy.com
[2025-11-05 06:49:19] Success: simpltea.com -> 89 posts
[2025-11-05 06:49:20] Unknown status: simplyrecipes.com (HTTP 460)
[2025-11-05 06:49:20] Success: simplylivingnc.com -> 70 posts
[2025-11-05 06:49:20] Connection error: simplysarah.ca
[2025-11-05 06:49:20] Success: silverbobbin.com -> 869 posts
[2025-11-05 06:49:20] Success: simply-well-balanced.com -> 292 posts
[2025-11-05 06:49:20] WordPress but restricted: simplysimplestamping.com (HTTP 403)
[2025-11-05 06:49:20] Success: simplysimplecooking.net -> 24 posts
[2025-11-05 06:49:20] Success: simplysoundadvice.com -> 607 posts
[2025-11-05 06:49:20] Success: simplylifebybri.com -> 203 posts
[2025-11-05 06:49:20] Success: simplypsychology.org -> 1918 posts
[2025-11-05 06:49:20] Connection error: simplyspotless.com.au
[2025-11-05 06:49:20] Not WordPress or API disabled: simplysensationalfood.com
[2025-11-05 06:49:20] Success: simplelivingonrepeat.com -> 58 posts
[2025-11-05 06:49:20] Connection error: simplysparklingsoda.com
[2025-11-05 06:49:20] Connection error: simplysparklingsoda.com
[2025-11-05 06:49:20] Connection error: simplywellbalanced.com
[2025-11-05 06:49:21] Success: simplyholisticwc.com -> 295 posts
[2025-11-05 06:49:21] Success: simplyfrugal.ca -> 9644 posts
[2025-11-05 06:49:21] Success: simplyorganized.me -> 1016 posts
[2025-11-05 06:49:21] Success: simplymarla.com -> 237 posts
[2025-11-05 06:49:21] Not WordPress or API disabled: simplywholefoods.com
[2025-11-05 06:49:21] Success: simplyquinoa.com -> 1073 posts
[2025-11-05 06:49:21] WordPress but restricted: simplytaralynn.com (HTTP 401)
[2025-11-05 06:49:21] Connection error: shanahanonliteracy.com
[2025-11-05 06:49:22] Not WordPress or API disabled: simplycook.com:443
[2025-11-05 06:49:22] Success: simplyrootedfamily.com -> 319 posts
[2025-11-05 06:49:22] Success: sinaunangpanahon.com -> 1020 posts
[2025-11-05 06:49:22] Success: simplyhomedecorating.com -> 68 posts
[2025-11-05 06:49:22] Success: sinfullyspicy.com -> 421 posts
[2025-11-05 06:49:22] Success: sincerelysarad.com -> 580 posts
[2025-11-05 06:49:22] Success: sims4life.gg -> 747 posts
[2025-11-05 06:49:23] WordPress but no count header: sitbacklounge.com
[2025-11-05 06:49:23] Success: siouxnationpetclinic.com -> 0 posts
[2025-11-05 06:49:23] Success: simplesustainablehome.com -> 19 posts
[2025-11-05 06:49:23] Success: sipsipsmoothie.com -> 143 posts
[2025-11-05 06:49:23] Success: sipsipsmoothie.com -> 143 posts
[2025-11-05 06:49:23] Not WordPress or API disabled: sitebuilderreport.com
[2025-11-05 06:49:23] Success: sixtyandme.com -> 10189 posts
[2025-11-05 06:49:23] Success: sincerelysaturday.com -> 142 posts
[2025-11-05 06:49:24] Success: sincebread.com -> 7 posts
[2025-11-05 06:49:24] Success: sixdollarfamily.com -> 698 posts
[2025-11-05 06:49:24] Success: sizzleroom.com -> 8475 posts
[2025-11-05 06:49:24] Success: sixsigmastudyguide.com -> 360 posts
[2025-11-05 06:49:24] Success: sixsistersstuff.com -> 27 posts
[2025-11-05 06:49:24] Unknown status: sjvc.edu (HTTP 503)
[2025-11-05 06:49:24] Success: sixfiguresunder.com -> 727 posts
[2025-11-05 06:49:24] Connection error: simplyandfiercely.com
[2025-11-05 06:49:24] Success: skilledsurvival.com -> 307 posts
[2025-11-05 06:49:25] Success: skillindiahub.com -> 6 posts
[2025-11-05 06:49:25] Success: skellyskills.com -> 1 posts
[2025-11-05 06:49:25] Not WordPress or API disabled: skillshare.com
[2025-11-05 06:49:25] Success: skillschool.co.in -> 84 posts
[2025-11-05 06:49:25] Success: skillsuccess.com -> 7 posts
[2025-11-05 06:49:25] Success: skillsaustralia.edu.au -> 169 posts
[2025-11-05 06:49:25] Success: skillsetsonline.com -> 1 posts
[2025-11-05 06:49:25] Success: skillabilly.com -> 383 posts
[2025-11-05 06:49:26] Success: skillscouter.com -> 311 posts
[2025-11-05 06:49:26] Success: skillmastertc.com -> 30 posts
[2025-11-05 06:49:26] Success: skillsetmag.com -> 1372 posts
[2025-11-05 06:49:26] Success: simplysustainablelifestyle.com -> 31 posts
[2025-11-05 06:49:26] Success: simplysustainablelifestyle.com -> 31 posts
[2025-11-05 06:49:26] Success: skillscompetencescanada.com -> 299 posts
[2025-11-05 06:49:27] WordPress but restricted: skiptomylou.org (HTTP 403)
[2025-11-05 06:49:27] Success: skincancer.org -> 400 posts
[2025-11-05 06:49:27] Success: skinnyfitalicious.com -> 928 posts
[2025-11-05 06:49:27] Success: skillsinthekitchen.com -> 10 posts
[2025-11-05 06:49:27] Success: skinnyms.com -> 7236 posts
[2025-11-05 06:49:27] WordPress but no count header: skincareox.com
[2025-11-05 06:49:27] Success: skinnytaste.com -> 2789 posts
[2025-11-05 06:49:27] Success: skinnyfitmama.com -> 216 posts
[2025-11-05 06:49:27] Success: skinnycomfort.com -> 65 posts
[2025-11-05 06:49:27] Connection error: showit.com
[2025-11-05 06:49:27] Success: sleepapnea.org -> 0 posts
[2025-11-05 06:49:28] WordPress but no count header: sleepassociation.org
[2025-11-05 06:49:28] Success: skinsense.sg -> 1467 posts
[2025-11-05 06:49:28] Success: skinnykitchen.com -> 1157 posts
[2025-11-05 06:49:28] Not WordPress or API disabled: skyscanner.com
[2025-11-05 06:49:28] Success: singingdogvanilla.com -> 19 posts
[2025-11-05 06:49:28] Success: skyryedesign.com -> 4188 posts
[2025-11-05 06:49:28] Success: sleepfoundation.org -> 0 posts
[2025-11-05 06:49:28] WordPress but no count header: sleepaction.org
[2025-11-05 06:49:28] Success: slashedbeauty.com -> 1238 posts
[2025-11-05 06:49:28] Not WordPress or API disabled: sleepbot.com
[2025-11-05 06:49:29] Success: sleepinginstitute.org -> 113 posts
[2025-11-05 06:49:29] Success: simplyhouseplants.com -> 38 posts
[2025-11-05 06:49:29] Success: sleepeducation.org -> 555 posts
[2025-11-05 06:49:29] WordPress but restricted: sleepiq.sleepnumber.com (HTTP 403)
[2025-11-05 06:49:29] Success: slapdashmom.com -> 1706 posts
[2025-11-05 06:49:29] Success: slayathomemother.com -> 312 posts
[2025-11-05 06:49:29] Success: skinsimpletrue.com -> 257 posts
[2025-11-05 06:49:29] Success: sleepreviewmag.com -> 19170 posts
[2025-11-05 06:49:29] WordPress but no count header: sleepio.com
[2025-11-05 06:49:29] Success: slimmingsolutions.com -> 1520 posts
[2025-11-05 06:49:30] Success: sleepopolis.com -> 1429 posts
[2025-11-05 06:49:30] Success: sleepresearchfoundation.com -> 225 posts
[2025-11-05 06:49:30] Not WordPress or API disabled: slimmingworld.co.uk
[2025-11-05 06:49:30] Success: sleepfit101.com -> 171 posts
[2025-11-05 06:49:30] Connection error: slowdishtuesday.com
[2025-11-05 06:49:30] Success: slotspod.com -> 316 posts
[2025-11-05 06:49:30] Not WordPress or API disabled: slumberland.com
[2025-11-05 06:49:30] Success: sloatgardens.com -> 1745 posts
[2025-11-05 06:49:31] Success: sloancreekdental.com -> 175 posts
[2025-11-05 06:49:31] Success: sleephealth.org -> 53 posts
[2025-11-05 06:49:31] Success: slofoodbank.org -> 100 posts
[2025-11-05 06:49:31] Success: slurpculinaryacademy.com -> 12 posts
[2025-11-05 06:49:31] Success: sloancreekdental.com -> 175 posts
[2025-11-05 06:49:31] Success: slowcookerfromscratch.com -> 258 posts
[2025-11-05 06:49:31] WordPress but restricted: smartcentsforlife.com (HTTP 403)
[2025-11-05 06:49:31] Success: sleephealthnetwork.com -> 43 posts
[2025-11-05 06:49:32] Success: sleepstation.org.uk -> 99 posts
[2025-11-05 06:49:32] Success: smarter.com -> 29550 posts
[2025-11-05 06:49:32] Success: smalldogsheaven.com -> 20379 posts
[2025-11-05 06:49:32] Success: smallhousedecor.com -> 1707 posts
[2025-11-05 06:49:32] Success: smalldogguides.com -> 17860 posts
[2025-11-05 06:49:32] Success: skinandhairmanufacturinghub.com -> 0 posts
[2025-11-05 06:49:32] Success: skinandhairmanufacturinghub.com -> 0 posts
[2025-11-05 06:49:32] Success: slowcookerfoodie.com -> 106 posts
[2025-11-05 06:49:32] Success: smallbiztrends.com -> 10202 posts
[2025-11-05 06:49:33] WordPress but no count header: smarthomeliving.com
[2025-11-05 06:49:33] Success: smallspacesgreatlife.com -> 136 posts
[2025-11-05 06:49:33] Success: smarthomeace.com -> 11930 posts
[2025-11-05 06:49:33] Success: sloww.co -> 718 posts
[2025-11-05 06:49:33] Success: smartkiddoslearning.com -> 74 posts
[2025-11-05 06:49:33] Success: smartechmolabs.com -> 5046 posts
[2025-11-05 06:49:34] Success: smarthomebeast.com -> 913 posts
[2025-11-05 06:49:34] Success: smartgaragesolutions.com -> 0 posts
[2025-11-05 06:49:34] Success: smartertravel.com -> 23403 posts
[2025-11-05 06:49:34] WordPress but no count header: smartmoneyhabits.com
[2025-11-05 06:49:35] Success: smarthealthclubs.com -> 134 posts
[2025-11-05 06:49:35] Not WordPress or API disabled: smartslowcooker.com
[2025-11-05 06:49:35] Success: smarthomemuse.com -> 232 posts
[2025-11-05 06:49:35] Not WordPress or API disabled: smh.com.au
[2025-11-05 06:49:35] Success: smartparentguides.com -> 221 posts
[2025-11-05 06:49:35] Success: slowmotionmama.com -> 35 posts
[2025-11-05 06:49:35] Success: smittenkitchen.com -> 1447 posts
[2025-11-05 06:49:35] Success: smartliving365.com -> 644 posts
[2025-11-05 06:49:36] Success: smbceo.com -> 5992 posts
[2025-11-05 06:49:36] Success: smartlittlecookie.net -> 240 posts
[2025-11-05 06:49:36] Success: smiledesigndentistry.com -> 195 posts
[2025-11-05 06:49:36] WordPress but restricted: smithsonianmag.com (HTTP 403)
[2025-11-05 06:49:36] Success: smartacsolutions.com -> 1425 posts
[2025-11-05 06:49:36] Success: smashingclean.com -> 15 posts
[2025-11-05 06:49:36] Success: smashingclean.com -> 15 posts
[2025-11-05 06:49:37] Success: smoothiegains.com -> 327 posts
[2025-11-05 06:49:37] Success: smartgardenhome.com -> 8 posts
[2025-11-05 06:49:37] Success: smarteatslab.com -> 47 posts
[2025-11-05 06:49:37] Success: snazzylittlethings.com -> 227 posts
[2025-11-05 06:49:37] Success: snappyliving.com -> 700 posts
[2025-11-05 06:49:37] Success: smartnextup.com -> 255 posts
[2025-11-05 06:49:38] Success: smoothiesandshakes.com -> 153 posts
[2025-11-05 06:49:38] WordPress but restricted: snugscent.co.uk (HTTP 403)
[2025-11-05 06:49:38] WordPress but restricted: snugscent.co.uk (HTTP 403)
[2025-11-05 06:49:38] Success: sncleaninginc.com -> 23 posts
[2025-11-05 06:49:38] Success: snoopviews.com -> 360 posts
[2025-11-05 06:49:39] Success: smoothiediet.com -> 54 posts
[2025-11-05 06:49:39] Success: snootysims.com -> 1656 posts
[2025-11-05 06:49:39] Success: sneb.org -> 408 posts
[2025-11-05 06:49:39] Success: snippetsthroughthewindow.com -> 251 posts
[2025-11-05 06:49:39] Success: snallergy.com -> 101 posts
[2025-11-05 06:49:39] Success: sobereastbourne.co.uk -> 3 posts
[2025-11-05 06:49:39] Success: smoothbellies.com -> 65 posts
[2025-11-05 06:49:39] Success: smoothbellies.com -> 65 posts
[2025-11-05 06:49:39] Success: smokedbbqsource.com -> 807 posts
[2025-11-05 06:49:40] Success: smorescience.com -> 1578 posts
[2025-11-05 06:49:40] Success: sobha.com -> 0 posts
[2025-11-05 06:49:40] Success: snyderpsychology.com -> 35 posts
[2025-11-05 06:49:40] Success: socialifestylemag.com -> 6709 posts
[2025-11-05 06:49:40] Success: sochgreen.com -> 48 posts
[2025-11-05 06:49:40] Success: sobrietyandwellbeing.com -> 56 posts
[2025-11-05 06:49:41] Success: sobrietyandwellbeing.com -> 56 posts
[2025-11-05 06:49:41] WordPress but restricted: sofi.com (HTTP 403)
[2025-11-05 06:49:41] Success: socialself.com -> 634 posts
[2025-11-05 06:49:41] Success: socialrecoverycenter.com -> 588 posts
[2025-11-05 06:49:41] Success: socialbee.com -> 489 posts
[2025-11-05 06:49:41] Success: soapmate.eu -> 63 posts
[2025-11-05 06:49:41] Not WordPress or API disabled: sofritoproject.com
[2025-11-05 06:49:42] Success: socialworkerstoolbox.com -> 846 posts
[2025-11-05 06:49:42] Success: sobrietycentersofnh.com -> 272 posts
[2025-11-05 06:49:42] Success: socialwork.institute -> 2012 posts
[2025-11-05 06:49:42] Success: socialbuzzhive.com -> 485 posts
[2025-11-05 06:49:42] Success: sofeminine.co.uk -> 2602 posts
[2025-11-05 06:49:42] Success: soilscents.com -> 8 posts
[2025-11-05 06:49:42] Success: sogoodly.com -> 1404 posts
[2025-11-05 06:49:42] Success: soapmate.eu -> 63 posts
[2025-11-05 06:49:42] Success: soft-launch.com -> 38 posts
[2025-11-05 06:49:42] Success: softflow.jp -> 63 posts
[2025-11-05 06:49:43] Success: sohappyyoulikedit.com -> 706 posts
[2025-11-05 06:49:43] Success: sofy.in -> 348 posts
[2025-11-05 06:49:43] Success: solutionsreview.com -> 12272 posts
[2025-11-05 06:49:43] Success: solveyourtech.com -> 19606 posts
[2025-11-05 06:49:44] Success: solutions4sleep.com -> 4375 posts
[2025-11-05 06:49:44] Not WordPress or API disabled: solatubesouth.co.uk
[2025-11-05 06:49:44] Success: soloappliancerepair.com -> 113 posts
[2025-11-05 06:49:44] Success: solvingdad.com -> 238 posts
[2025-11-05 06:49:44] Success: slurrp.com -> 355 posts
[2025-11-05 06:49:44] Success: solutionsuggest.com -> 976 posts
[2025-11-05 06:49:45] Success: somarawellness.com -> 60 posts
[2025-11-05 06:49:45] Success: somebodyfeedseb.com -> 863 posts
[2025-11-05 06:49:45] Success: solotravelerworld.com -> 623 posts
[2025-11-05 06:49:45] Success: songbirdblog.com -> 375 posts
[2025-11-05 06:49:45] Connection error: sophiekitchenuganda.com
[2025-11-05 06:49:45] Success: sonsofuniverse.com -> 1494 posts
[2025-11-05 06:49:46] Success: sometimes-homemade.com -> 615 posts
[2025-11-05 06:49:46] Success: sixstoreys.com -> 3454 posts
[2025-11-05 06:49:46] Connection error: skilltogrow.com
[2025-11-05 06:49:46] Success: sophieuliano.com -> 1681 posts
[2025-11-05 06:49:46] Success: somethingborrowedpdx.com -> 584 posts
[2025-11-05 06:49:46] Success: somewhatsimple.com -> 1411 posts
[2025-11-05 06:49:47] Success: soothingspices.com -> 306 posts
[2025-11-05 06:49:47] Success: soothingspices.com -> 306 posts
[2025-11-05 06:49:47] Success: somewheresierra.com -> 44 posts
[2025-11-05 06:49:47] Success: solitude.net -> 175 posts
[2025-11-05 06:49:47] Success: soundproofsandiego.com -> 84 posts
[2025-11-05 06:49:47] Success: soundproofsandiego.com -> 84 posts
[2025-11-05 06:49:47] Success: somewhatsimpleliving.com -> 133 posts
[2025-11-05 06:49:47] Not WordPress or API disabled: soulcycle.com
[2025-11-05 06:49:47] Not WordPress or API disabled: soundstrue.com
[2025-11-05 06:49:47] Success: sosrestoration.com -> 84 posts
[2025-11-05 06:49:47] Success: soreyfitness.com -> 801 posts
[2025-11-05 06:49:47] Success: slurrp.com -> 355 posts
[2025-11-05 06:49:47] Success: sophiamavridi.com -> 33 posts
[2025-11-05 06:49:47] Success: sortingwithstyle.com -> 76 posts
[2025-11-05 06:49:47] Success: solelyrecipes.com -> 244 posts
[2025-11-05 06:49:48] Not WordPress or API disabled: souschef.co.uk
[2025-11-05 06:49:48] Success: sourceofsources.com -> 83 posts
[2025-11-05 06:49:48] Connection error: sleep.ai
[2025-11-05 06:49:48] Not WordPress or API disabled: southaustralia.com
[2025-11-05 06:49:49] Success: sosimpleideas.com -> 123 posts
[2025-11-05 06:49:49] Success: southernbite.com -> 973 posts
[2025-11-05 06:49:49] Success: southdenver.com -> 433 posts
[2025-11-05 06:49:49] Success: southdenver.com -> 433 posts
[2025-11-05 06:49:49] Unknown status: southernliving.com (HTTP 460)
[2025-11-05 06:49:49] Not WordPress or API disabled: southernkitchen.com
[2025-11-05 06:49:49] Success: sourcifychina.com -> 189901 posts
[2025-11-05 06:49:49] Success: southernfoodjunkie.com -> 151 posts
[2025-11-05 06:49:49] Success: soup.io -> 8646 posts
[2025-11-05 06:49:50] Success: soup.io -> 8646 posts
[2025-11-05 06:49:50] Success: south-craft.com -> 217 posts
[2025-11-05 06:49:50] Success: sous-vide.cooking -> 353 posts
[2025-11-05 06:49:50] Success: southernlivingplants.com -> 481 posts
[2025-11-05 06:49:50] Unknown status: southernmadesimple.com (HTTP 500)
[2025-11-05 06:49:50] Success: southernhospitalityblog.com -> 4498 posts
[2025-11-05 06:49:50] Success: southernxreptiles.com -> 4110 posts
[2025-11-05 06:49:50] Success: southeastasiabackpacker.com -> 597 posts
[2025-11-05 06:49:51] Success: sowsmallgarden.com -> 94 posts
[2025-11-05 06:49:51] Success: sourdough.co.uk -> 219 posts
[2025-11-05 06:49:51] Success: soyummyrecipes.com -> 268 posts
[2025-11-05 06:49:51] Success: soyummy.com -> 4422 posts
[2025-11-05 06:49:51] Success: soulfoodcooking101.com -> 202 posts
[2025-11-05 06:49:52] Success: sorry-about-the-mess.co.uk -> 736 posts
[2025-11-05 06:49:52] Success: souvlakiforthesoul.com -> 317 posts
[2025-11-05 06:49:52] Success: southfloridacontractors.com -> 663 posts
[2025-11-05 06:49:52] Success: sparrowrefashion.com -> 299 posts
[2025-11-05 06:49:52] Success: spanishboom.com -> 0 posts
[2025-11-05 06:49:53] Success: spandexsimplified.com -> 70 posts
[2025-11-05 06:49:53] Connection error: smartgardenist.com
[2025-11-05 06:49:54] Success: sparklestosprinkles.com -> 1574 posts
[2025-11-05 06:49:54] Not WordPress or API disabled: sparktraffic.com
[2025-11-05 06:49:54] Success: sparshhospital.com -> 1 posts
[2025-11-05 06:49:54] Success: sparkleandshine.today -> 105 posts
[2025-11-05 06:49:54] Success: spanishsabores.com -> 866 posts
[2025-11-05 06:49:54] WordPress but restricted: specialdiet.healthyfood.com (HTTP 403)
[2025-11-05 06:49:54] Success: spaghettitraveller.com -> 468 posts
[2025-11-05 06:49:55] WordPress but restricted: spectacularnwt.com (HTTP 403)
[2025-11-05 06:49:55] Unknown status: spearhead-training.com (HTTP 307)
[2025-11-05 06:49:55] Success: sparklingandbeyond.com -> 468 posts
[2025-11-05 06:49:55] Success: spcnonline.org -> 13 posts
[2025-11-05 06:49:55] Success: spavelous.com -> 1645 posts
[2025-11-05 06:49:55] Unknown status: spca.org (HTTP 503)
[2025-11-05 06:49:55] Success: spatuladesserts.com -> 3607 posts
[2025-11-05 06:49:55] Success: speedyfurniturerepair.com -> 0 posts
[2025-11-05 06:49:56] Success: speechtherapy.com -> 4 posts
[2025-11-05 06:49:56] Success: spiceindiaonline.com -> 1962 posts
[2025-11-05 06:49:56] Not WordPress or API disabled: sparkrecipes.com
[2025-11-05 06:49:56] Success: speedyprep.com -> 71 posts
[2025-11-05 06:49:56] Not WordPress or API disabled: spain-recipes.com
[2025-11-05 06:49:57] Success: spendwithpennies.com -> 3065 posts
[2025-11-05 06:49:57] Success: spaldinghandyman.co.uk -> 12 posts
[2025-11-05 06:49:57] Success: southsideweekly.com -> 3895 posts
[2025-11-05 06:49:57] Connection error: spicyworld.in
[2025-11-05 06:49:57] Success: spiceitupp.com -> 108 posts
[2025-11-05 06:49:57] Success: sparshhospital.com -> 1 posts
[2025-11-05 06:49:58] Success: southwestcleaners.co.uk -> 30 posts
[2025-11-05 06:49:58] Success: spicesinmydna.com -> 733 posts
[2025-11-05 06:49:58] Success: spicysouthernkitchen.com -> 2448 posts
[2025-11-05 06:49:58] Connection error: spotlesspot.com
[2025-11-05 06:49:58] Not WordPress or API disabled: spicytreats.net
[2025-11-05 06:49:58] Success: spicetraveller.com -> 194 posts
[2025-11-05 06:49:59] Success: spoonuniversity.com -> 47813 posts
[2025-11-05 06:49:59] Success: splashoftaste.com -> 2535 posts
[2025-11-05 06:49:59] Success: spicescooking.com -> 134 posts
[2025-11-05 06:49:59] Success: spicestoryteller.com -> 5702 posts
[2025-11-05 06:49:59] Success: spartancapitalgroup.com -> 105 posts
[2025-11-05 06:49:59] Success: spotlightfeature.com -> 1427 posts
[2025-11-05 06:49:59] Success: spiritualout.com -> 649 posts
[2025-11-05 06:50:00] Connection error: simplyfamilyrecipes.com
[2025-11-05 06:50:00] Success: springtomorrow.com -> 2118 posts
[2025-11-05 06:50:00] Success: spicetheplate.com -> 176 posts
[2025-11-05 06:50:00] Success: sprintkitchen.com -> 330 posts
[2025-11-05 06:50:01] Success: sproutsschools.com -> 167 posts
[2025-11-05 06:50:01] Not WordPress or API disabled: sproutedkitchen.cc
[2025-11-05 06:50:01] Connection error: socialfans4.me
[2025-11-05 06:50:01] Connection error: squirrelandthehive.com
[2025-11-05 06:50:01] Success: sproutinue.com -> 285 posts
[2025-11-05 06:50:01] Success: spoonforkbacon.com -> 928 posts
[2025-11-05 06:50:01] Success: sprucebath.com -> 254 posts
[2025-11-05 06:50:01] Success: sprudge.com -> 9569 posts
[2025-11-05 06:50:01] Success: springtimeinmysoul.com -> 720 posts
[2025-11-05 06:50:02] Success: spring.org.uk -> 5770 posts
[2025-11-05 06:50:02] Success: spring.org.uk -> 5770 posts
[2025-11-05 06:50:02] Success: southridingpediatrics.com -> 208 posts
[2025-11-05 06:50:02] Success: squeakycleaning.com -> 110 posts
[2025-11-05 06:50:02] Success: springfieldrenaissanceschool.com -> 104 posts
[2025-11-05 06:50:02] Not WordPress or API disabled: stackexchange.com
[2025-11-05 06:50:02] Success: spiegato.com -> 823640 posts
[2025-11-05 06:50:03] Success: srhs.org -> 190 posts
[2025-11-05 06:50:03] Success: srhs.org -> 190 posts
[2025-11-05 06:50:03] Success: sssedit.com -> 1218 posts
[2025-11-05 06:50:03] WordPress but restricted: stanleysteemer.com (HTTP 403)
[2025-11-05 06:50:03] Not WordPress or API disabled: standard.co.uk
[2025-11-05 06:50:03] Success: squirrelsofafeather.com -> 109 posts
[2025-11-05 06:50:03] Success: squirrelsofafeather.com -> 109 posts
[2025-11-05 06:50:03] Success: squaredawaylife.com -> 10 posts
[2025-11-05 06:50:03] WordPress but restricted: startearly.org (HTTP 403)
[2025-11-05 06:50:03] Connection error: sologuides.com
[2025-11-05 06:50:03] Success: staceyhomemaker.com -> 176 posts
[2025-11-05 06:50:04] Success: sprucedup.com -> 316 posts
[2025-11-05 06:50:04] Success: staceyssimplemeals.com -> 60 posts
[2025-11-05 06:50:04] Connection error: startquestion.com
[2025-11-05 06:50:04] Success: sprevatrop.com -> 2107 posts
[2025-11-05 06:50:04] Success: start-a-garden.com -> 1342 posts
[2025-11-05 06:50:05] Success: startathomedecor.com -> 567 posts
[2025-11-05 06:50:05] Success: stampwithtami.com -> 5137 posts
[2025-11-05 06:50:05] Success: startup.info -> 4192 posts
[2025-11-05 06:50:05] Success: startupsavant.com -> 0 posts
[2025-11-05 06:50:05] Success: stackingcents.com -> 47 posts
[2025-11-05 06:50:05] Success: star-recipes.com -> 202 posts
[2025-11-05 06:50:05] Success: stagg-design.com -> 955 posts
[2025-11-05 06:50:05] Success: sph.umn.edu -> 1469 posts
[2025-11-05 06:50:05] Success: stackingcents.com -> 47 posts
[2025-11-05 06:50:06] Success: startsat60.com -> 66356 posts
[2025-11-05 06:50:06] WordPress but no count header: stateofwatourism.com
[2025-11-05 06:50:06] Success: starttech.vc -> 499 posts
[2025-11-05 06:50:06] Success: starterskitchen.com -> 42046 posts
[2025-11-05 06:50:06] WordPress but restricted: staysafe.org (HTTP 403)
[2025-11-05 06:50:06] WordPress but restricted: staysafe.org (HTTP 403)
[2025-11-05 06:50:06] Success: standardpetcompany.com -> 14 posts
[2025-11-05 06:50:06] Success: staygreengarden.com -> 263 posts
[2025-11-05 06:50:06] Success: startmotionmedia.com -> 6085 posts
[2025-11-05 06:50:07] Success: staydeco.com -> 98 posts
[2025-11-05 06:50:07] Success: startupadviceguy.com -> 1 posts
[2025-11-05 06:50:07] Success: steamsolo.com -> 1 posts
[2025-11-05 06:50:07] Success: steakschool.com -> 156 posts
[2025-11-05 06:50:07] Success: steamykitchen.com -> 3619 posts
[2025-11-05 06:50:08] Success: startupmafia.eu -> 920 posts
[2025-11-05 06:50:08] Connection error: stelmathebest.com
[2025-11-05 06:50:08] Success: startups.co.uk -> 3842 posts
[2025-11-05 06:50:08] Success: startupguide.hbs.edu -> 54 posts
[2025-11-05 06:50:08] Success: staydryroofing.com -> 154 posts
[2025-11-05 06:50:08] Success: starcrestcleaners.com -> 22 posts
[2025-11-05 06:50:08] Success: stellanonna.com -> 716 posts
[2025-11-05 06:50:09] Connection error: southernaccents.com
[2025-11-05 06:50:09] Success: spoonnspice.com -> 635 posts
[2025-11-05 06:50:09] Success: stellanonna.com -> 716 posts
[2025-11-05 06:50:09] Success: startupwise.com -> 415 posts
[2025-11-05 06:50:10] Success: stemandspoon.com -> 365 posts
[2025-11-05 06:50:10] Success: stemandspoon.com -> 365 posts
[2025-11-05 06:50:10] Success: stepbystepbusiness.com -> 1323 posts
[2025-11-05 06:50:10] Success: stemilt.com -> 429 posts
[2025-11-05 06:50:10] Success: stepawayfromthecarbs.com -> 1161 posts
[2025-11-05 06:50:10] Success: stepawayfromthecarbs.com -> 1161 posts
[2025-11-05 06:50:10] Success: stellanspice.com -> 159 posts
[2025-11-05 06:50:10] Success: staysnatched.com -> 1026 posts
[2025-11-05 06:50:10] Success: stemilt.com -> 429 posts
[2025-11-05 06:50:10] Success: sterling-exteriors.com -> 320 posts
[2025-11-05 06:50:11] Success: statisticalaid.com -> 181 posts
[2025-11-05 06:50:11] WordPress but no count header: stevepavlina.com
[2025-11-05 06:50:11] Success: statisticalaid.com -> 181 posts
[2025-11-05 06:50:11] Success: stitchnsew.com -> 5 posts
[2025-11-05 06:50:12] Success: steadrush.com -> 624 posts
[2025-11-05 06:50:12] Success: stonegableblog.com -> 1633 posts
[2025-11-05 06:50:12] Success: stitchpiecenpurl.com -> 120 posts
[2025-11-05 06:50:12] Success: story.motherhood.com.my -> 4056 posts
[2025-11-05 06:50:12] Success: stockingmypantry.com -> 226 posts
[2025-11-05 06:50:12] Success: storage-solutions.org -> 106 posts
[2025-11-05 06:50:12] Success: squarehvac.com -> 110 posts
[2025-11-05 06:50:12] Success: storamericastorage.com -> 194 posts
[2025-11-05 06:50:13] Success: stmarysmaine.com -> 118 posts
[2025-11-05 06:50:13] Unknown status: stoxx.com (HTTP 307)
[2025-11-05 06:50:13] Success: statclimate.ca -> 70 posts
[2025-11-05 06:50:13] Success: strangecharmed.com -> 1315 posts
[2025-11-05 06:50:13] Success: storylearning.com -> 1399 posts
[2025-11-05 06:50:14] Success: stevethompsoncoaching.com -> 49 posts
[2025-11-05 06:50:14] Connection error: storefrontlife.com
[2025-11-05 06:50:14] Success: storyandhome.com -> 578 posts
[2025-11-05 06:50:14] WordPress but restricted: streeteasy.com (HTTP 403)
[2025-11-05 06:50:14] Not WordPress or API disabled: streetfoodman.com
[2025-11-05 06:50:15] Success: strangeideascomics.ca -> 12 posts
[2025-11-05 06:50:15] Success: streetwisejournal.com -> 8239 posts
[2025-11-05 06:50:15] Success: storylikeself.com -> 68 posts
[2025-11-05 06:50:15] Success: strbehavioralhealth.com -> 455 posts
[2025-11-05 06:50:15] Success: storyteller.travel -> 313 posts
[2025-11-05 06:50:15] Success: stomatologist.org -> 3214 posts
[2025-11-05 06:50:15] Success: strengthlog.com -> 614 posts
[2025-11-05 06:50:16] WordPress but restricted: stroke.org (HTTP 403)
[2025-11-05 06:50:16] Success: streamscheme.com -> 742 posts
[2025-11-05 06:50:16] Success: storylinebooks.com -> 5 posts
[2025-11-05 06:50:16] Success: stress.org -> 0 posts
[2025-11-05 06:50:16] Success: strongeryoufit.com -> 54 posts
[2025-11-05 06:50:16] Success: strategyguideshq.com -> 32 posts
[2025-11-05 06:50:16] Success: stripodor.com -> 89 posts
[2025-11-05 06:50:16] Success: streetsmartnutrition.com -> 369 posts
[2025-11-05 06:50:17] Success: strivemag.com -> 215 posts
[2025-11-05 06:50:17] Not WordPress or API disabled: strugglecare.com
[2025-11-05 06:50:17] Success: stepstone.de -> 0 posts
[2025-11-05 06:50:17] Success: strengthandsunshine.com -> 1379 posts
[2025-11-05 06:50:17] Success: storsquare.com -> 1668 posts
[2025-11-05 06:50:17] Success: stresslessbehealthy.com -> 380 posts
[2025-11-05 06:50:17] Success: strongeru.com -> 490 posts
[2025-11-05 06:50:17] Connection error: studie.jp
[2025-11-05 06:50:17] Success: strongeru.com -> 490 posts
[2025-11-05 06:50:17] Success: studeospaces.com -> 56 posts
[2025-11-05 06:50:18] Success: storagesolutionsplus.com -> 1 posts
[2025-11-05 06:50:18] WordPress but no count header: studio-mcgee.com
[2025-11-05 06:50:18] Success: stuartslandscaping.com -> 18 posts
[2025-11-05 06:50:18] WordPress but restricted: study.com (HTTP 403)
[2025-11-05 06:50:18] Success: structuraliving.com -> 78 posts
[2025-11-05 06:50:19] Success: studiodiy.com -> 1311 posts
[2025-11-05 06:50:19] Success: studentrecipes.com -> 5904 posts
[2025-11-05 06:50:19] Not WordPress or API disabled: students.dartmouth.edu
[2025-11-05 06:50:19] Success: stuarttan.com -> 318 posts
[2025-11-05 06:50:19] Success: studiopilates.com -> 236 posts
[2025-11-05 06:50:19] Success: studyinternational.com -> 16501 posts
[2025-11-05 06:50:20] Success: studyabroadassociation.com -> 15 posts
[2025-11-05 06:50:20] Unknown status: studypress.blog (HTTP 500)
[2025-11-05 06:50:20] Success: strugglingwithaddiction.com -> 177 posts
[2025-11-05 06:50:20] Success: studycli.org -> 297 posts
[2025-11-05 06:50:20] Success: studyskillup.com -> 52 posts
[2025-11-05 06:50:20] WordPress but restricted: styleathome.com (HTTP 403)
[2025-11-05 06:50:21] Success: strengthafter50.com -> 56 posts
[2025-11-05 06:50:21] Success: styleblueprint.com -> 0 posts
[2025-11-05 06:50:21] Success: stylebyemilyhenderson.com -> 4482 posts
[2025-11-05 06:50:21] Success: studiobotanica.com -> 359 posts
[2025-11-05 06:50:22] Success: stylecaster.com -> 38080 posts
[2025-11-05 06:50:22] Success: styleatacertainage.com -> 4358 posts
[2025-11-05 06:50:22] Success: strengthafter50.com -> 56 posts
[2025-11-05 06:50:22] Success: strengthrunning.com -> 1076 posts
[2025-11-05 06:50:22] Success: styledegree.sg -> 276 posts
[2025-11-05 06:50:22] Success: studioloot.com -> 936 posts
[2025-11-05 06:50:22] Success: student.com -> 332 posts
[2025-11-05 06:50:22] Success: strongmocha.com -> 14442 posts
[2025-11-05 06:50:23] Success: stylendesigns.com -> 386 posts
[2025-11-05 06:50:23] Success: studyweg.com -> 3 posts
[2025-11-05 06:50:23] WordPress but restricted: stylespot.com (HTTP 403)
[2025-11-05 06:50:23] Success: stylecurator.com.au -> 1557 posts
[2025-11-05 06:50:23] Success: stylepersuit.com -> 889 posts
[2025-11-05 06:50:23] Success: stylebysavina.com -> 195 posts
[2025-11-05 06:50:23] Success: stylepersuit.com -> 889 posts
[2025-11-05 06:50:23] WordPress but no count header: stylevanity.com
[2025-11-05 06:50:23] Success: stylishlyme.com -> 403 posts
[2025-11-05 06:50:23] WordPress but no count header: stylerave.com
[2025-11-05 06:50:24] Success: stylesweekly.com -> 1074 posts
[2025-11-05 06:50:24] Success: styleconfidenceclub.com -> 6 posts
[2025-11-05 06:50:24] Not WordPress or API disabled: sublimelife.in
[2025-11-05 06:50:24] Success: stylewhirl.com -> 12910 posts
[2025-11-05 06:50:24] Success: styleguru.org -> 4360 posts
[2025-11-05 06:50:24] Success: stylinbysarita.com -> 243 posts
[2025-11-05 06:50:24] Success: stylewithingrace.com -> 220 posts
[2025-11-05 06:50:25] WordPress but restricted: successconsciousness.com (HTTP 401)
[2025-11-05 06:50:26] Connection error: startupjungle.com
[2025-11-05 06:50:26] Success: stylisteer.com -> 116 posts
[2025-11-05 06:50:26] Success: stylebaggage.com -> 1022 posts
[2025-11-05 06:50:26] Success: suburbansimplicity.com -> 535 posts
[2025-11-05 06:50:26] Success: styleyouroccasion.com -> 468 posts
[2025-11-05 06:50:26] Connection error: statesofmind.com
[2025-11-05 06:50:26] Success: suddenlunch.com -> 216 posts
[2025-11-05 06:50:27] Success: substituteegg.com -> 51 posts
[2025-11-05 06:50:27] Success: stylemepretty.com -> 41446 posts
[2025-11-05 06:50:27] Success: suburbia-unwrapped.com -> 759 posts
[2025-11-05 06:50:27] Success: substituteegg.com -> 51 posts
[2025-11-05 06:50:28] Success: successformulalab.com -> 130 posts
[2025-11-05 06:50:28] Success: sugarandsoul.co -> 1400 posts
[2025-11-05 06:50:28] Success: successfulblackparenting.com -> 1373 posts
[2025-11-05 06:50:28] Success: suicidepreventionlifeline.org -> 0 posts
[2025-11-05 06:50:29] Success: sugarfreesprinkles.com -> 128 posts
[2025-11-05 06:50:29] Success: sugarfreemom.com -> 1838 posts
[2025-11-05 06:50:29] WordPress but restricted: summer.harvard.edu (HTTP 403)
[2025-11-05 06:50:29] Success: sugarandcloth.com -> 1417 posts
[2025-11-05 06:50:29] Success: success.com -> 6040 posts
[2025-11-05 06:50:29] Success: suburbangrandma.com -> 743 posts
[2025-11-05 06:50:29] Success: suite101.com -> 2399 posts
[2025-11-05 06:50:29] Success: successfullysustainable.com -> 65 posts
[2025-11-05 06:50:29] Success: styleglamor.com -> 248 posts
[2025-11-05 06:50:29] Success: summertomato.com -> 1223 posts
[2025-11-05 06:50:29] Success: sugarspunrun.com -> 1052 posts
[2025-11-05 06:50:29] Success: sugarthegoldenretriever.com -> 2583 posts
[2025-11-05 06:50:30] Success: styleglamor.com -> 248 posts
[2025-11-05 06:50:30] Success: sugarspiceandglitter.com -> 2440 posts
[2025-11-05 06:50:30] Not WordPress or API disabled: sumoftheirstories.com
[2025-11-05 06:50:30] Success: successlearned.com -> 546 posts
[2025-11-05 06:50:31] Success: sunitsolutions.ca -> 225 posts
[2025-11-05 06:50:31] Success: sumhr.com -> 325 posts
[2025-11-05 06:50:31] Success: sumogardener.com -> 566 posts
[2025-11-05 06:50:31] Success: sumogardener.com -> 566 posts
[2025-11-05 06:50:31] Success: sunriseandgrind.com -> 47 posts
[2025-11-05 06:50:32] Success: summitbrands.com -> 95 posts
[2025-11-05 06:50:32] Not WordPress or API disabled: summerhealing.org
[2025-11-05 06:50:32] Success: sunlightliving.com -> 198 posts
[2025-11-05 06:50:32] Success: summitcleaningco.com -> 13 posts
[2025-11-05 06:50:32] Success: sullyrestoration.com -> 0 posts
[2025-11-05 06:50:33] Success: sunriserecoverycare.com -> 359 posts
[2025-11-05 06:50:33] Success: superiorrestore.com -> 204 posts
[2025-11-05 06:50:33] Success: supergoldenbakes.com -> 1189 posts
[2025-11-05 06:50:33] Success: sunset.com -> 19634 posts
[2025-11-05 06:50:33] Success: sunrisespecialty.com -> 502 posts
[2025-11-05 06:50:33] Not WordPress or API disabled: supersupergirl-food.blogspot.com
[2025-11-05 06:50:33] Success: sunriselandscape.com -> 55 posts
[2025-11-05 06:50:34] Success: superhealthykids.com -> 1911 posts
[2025-11-05 06:50:34] Success: sunadomusic.sundayadoga.com.ng -> 2639 posts
[2025-11-05 06:50:34] Success: support.therapytribe.com -> 21047 posts
[2025-11-05 06:50:34] Success: supersimple.com -> 569 posts
[2025-11-05 06:50:34] Not WordPress or API disabled: survival.news
[2025-11-05 06:50:34] Success: superhealthykids.com -> 1911 posts
[2025-11-05 06:50:34] Success: stoneheatair.com -> 275 posts
[2025-11-05 06:50:34] Success: stoneheatair.com -> 275 posts
[2025-11-05 06:50:34] Success: sunshinevalleywv.com -> 324 posts
[2025-11-05 06:50:34] Success: superbee.me -> 101 posts
[2025-11-05 06:50:34] Success: suggefy.com -> 0 posts
[2025-11-05 06:50:35] Success: superhitideas.com -> 877 posts
[2025-11-05 06:50:36] Unknown status: surefirelocal.com (HTTP 503)
[2025-11-05 06:50:36] WordPress but no count header: supernanny.co.uk
[2025-11-05 06:50:36] Success: supportyourtech.com -> 16192 posts
[2025-11-05 06:50:36] Success: survivallife.com -> 3539 posts
[2025-11-05 06:50:36] Success: susanbringsdessert.com -> 97 posts
[2025-11-05 06:50:36] Success: survivalskillzone.com -> 2736 posts
[2025-11-05 06:50:37] Success: survivalsullivan.com -> 2151 posts
[2025-11-05 06:50:37] Connection error: susanuneal.com
[2025-11-05 06:50:37] Success: styl-inc.com -> 842 posts
[2025-11-05 06:50:37] Connection error: sustainabilityisfun.com
[2025-11-05 06:50:37] Success: susanburkholder.com -> 120 posts
[2025-11-05 06:50:37] Success: survivalstoic.com -> 176 posts
[2025-11-05 06:50:37] WordPress but no count header: sustainabilitycubed.com
[2025-11-05 06:50:38] Success: sustainablecorvallis.org -> 332 posts
[2025-11-05 06:50:39] Success: susanbranch.com -> 611 posts
[2025-11-05 06:50:39] Success: survivorsnetwork.org.uk -> 126 posts
[2025-11-05 06:50:39] Success: superstaff.com -> 1200 posts
[2025-11-05 06:50:39] Success: sustainability-success.com -> 534 posts
[2025-11-05 06:50:39] Success: sustainable-usa.org -> 89 posts
[2025-11-05 06:50:39] Success: sustainabledaisy.com -> 142 posts
[2025-11-05 06:50:39] Connection error: sustainablejungle.net
[2025-11-05 06:50:39] Not WordPress or API disabled: sustainabledish.com
[2025-11-05 06:50:39] Success: sustaia.com -> 12 posts
[2025-11-05 06:50:39] Connection error: sustainablelifestyle.org
[2025-11-05 06:50:40] Success: sustainability.shiksha -> 683 posts
[2025-11-05 06:50:40] Success: sustainablebusinessmagazine.net -> 1874 posts
[2025-11-05 06:50:40] Success: sustainablecooks.com -> 693 posts
[2025-11-05 06:50:40] WordPress but restricted: sustainablejungle.com (HTTP 401)
[2025-11-05 06:50:40] Success: sustainablelifeideas.com -> 32 posts
[2025-11-05 06:50:40] WordPress but no count header: sustainableninja.com
[2025-11-05 06:50:40] Success: sustainablebusinesstoolkit.com -> 1492 posts
[2025-11-05 06:50:40] Success: sustainablelivingguide.org -> 0 posts
[2025-11-05 06:50:41] Success: sustainableliving.org.nz -> 710 posts
[2025-11-05 06:50:41] Success: sustainably-chic.com -> 584 posts
[2025-11-05 06:50:41] Success: survivalpreppersupply.com -> 111 posts
[2025-11-05 06:50:41] Success: survivalpreppersupply.com -> 111 posts
[2025-11-05 06:50:41] Success: sustainablehomemag.com -> 256 posts
[2025-11-05 06:50:42] Success: sundayrainday.com -> 99 posts
[2025-11-05 06:50:42] Connection error: stylecraze.com
[2025-11-05 06:50:42] Success: sustainablegardeningnews.com -> 930 posts
[2025-11-05 06:50:42] Unknown status: sutterhealth.org (HTTP 429)
[2025-11-05 06:50:42] Success: sustainablethrive.com -> 39 posts
[2025-11-05 06:50:42] Not WordPress or API disabled: suunto.com
[2025-11-05 06:50:42] Success: sustainablyforward.com -> 313 posts
[2025-11-05 06:50:42] Client error: sustainablelivingblog.com - Server disconnected
[2025-11-05 06:50:42] Success: sustainablesundays.com -> 60 posts
[2025-11-05 06:50:42] Success: survivalistprepper.net -> 598 posts
[2025-11-05 06:50:43] Success: suzycohen.com -> 1252 posts
[2025-11-05 06:50:43] Success: sustainablesundays.com -> 60 posts
[2025-11-05 06:50:43] Success: sustainablereview.com -> 530 posts
[2025-11-05 06:50:43] Not WordPress or API disabled: sustainablyrooted.com
[2025-11-05 06:50:43] Success: svach.lbl.gov -> 1 posts
[2025-11-05 06:50:43] Success: svach.lbl.gov -> 1 posts
[2025-11-05 06:50:43] Success: sustainableecolife.com -> 2 posts
[2025-11-05 06:50:44] Connection error: swanstudy.org
[2025-11-05 06:50:44] Connection error: stylesatlife.com
[2025-11-05 06:50:44] Success: swaggermagazine.com -> 5596 posts
[2025-11-05 06:50:44] Unknown status: sweetandsavorybyshinee.com (HTTP 307)
[2025-11-05 06:50:44] Success: sweepsouth.com -> 1660 posts
[2025-11-05 06:50:44] Not WordPress or API disabled: swansonsnursery.com
[2025-11-05 06:50:44] Success: surviveready.com -> 117 posts
[2025-11-05 06:50:44] Success: sustainmycrafthabit.com -> 1113 posts
[2025-11-05 06:50:44] Success: sustainablykindliving.com -> 383 posts
[2025-11-05 06:50:45] Connection error: surfandsunshine.com
[2025-11-05 06:50:45] Success: svthw.org -> 6 posts
[2025-11-05 06:50:45] Success: sweetlifebake.com -> 1197 posts
[2025-11-05 06:50:45] Success: sweatguy.com -> 354 posts
[2025-11-05 06:50:45] Success: sweetgrasstradingco.com -> 287 posts
[2025-11-05 06:50:45] Success: sweetandsavorymeals.com -> 1645 posts
[2025-11-05 06:50:46] WordPress but restricted: swimswam.com (HTTP 403)
[2025-11-05 06:50:46] Success: sweetpotatosoul.com -> 542 posts
[2025-11-05 06:50:46] Success: swagcycle.net -> 33 posts
[2025-11-05 06:50:46] Success: swagcycle.net -> 33 posts
[2025-11-05 06:50:46] Success: sweetpeasandsaffron.com -> 930 posts
[2025-11-05 06:50:46] Success: sweetsandthankyou.com -> 294 posts
[2025-11-05 06:50:46] Success: sybersue.com -> 588 posts
[2025-11-05 06:50:46] Success: swhr.org -> 541 posts
[2025-11-05 06:50:46] Success: sweetsimplevegan.com -> 833 posts
[2025-11-05 06:50:47] Success: sweetandsavory.co -> 2638 posts
[2025-11-05 06:50:47] Not WordPress or API disabled: sydney.com
[2025-11-05 06:50:47] Success: sweetsavoryandsteph.com -> 476 posts
[2025-11-05 06:50:47] Success: swimuniversity.com -> 225 posts
[2025-11-05 06:50:47] Not WordPress or API disabled: sustainablychic.com
[2025-11-05 06:50:47] Success: sweeterthanoats.com -> 319 posts
[2025-11-05 06:50:47] Success: swhd.org -> 295 posts
[2025-11-05 06:50:47] Success: sveltemag.com -> 1114 posts
[2025-11-05 06:50:47] Success: swoodsonsays.com -> 718 posts
[2025-11-05 06:50:47] Success: swcommercialcleaning.com -> 23 posts
[2025-11-05 06:50:48] Success: swcommercialcleaning.com -> 23 posts
[2025-11-05 06:50:48] Success: symega.com -> 91 posts
[2025-11-05 06:50:48] Success: sworkit.com -> 306 posts
[2025-11-05 06:50:48] WordPress but restricted: syndicode.com (HTTP 403)
[2025-11-05 06:50:48] Not WordPress or API disabled: sydneyoperahouse.com
[2025-11-05 06:50:48] Not WordPress or API disabled: sykescottages.co.uk
[2025-11-05 06:50:48] Success: synonympro.com -> 3599 posts
[2025-11-05 06:50:48] Not WordPress or API disabled: t-nation.com
[2025-11-05 06:50:49] Success: sydneyloveskitchen.com -> 13 posts
[2025-11-05 06:50:49] WordPress but no count header: tablestl.com
[2025-11-05 06:50:49] Success: tableo.com -> 229 posts
[2025-11-05 06:50:49] Success: sweetlyclean.com -> 6 posts
[2025-11-05 06:50:49] Success: tailor-academy.com -> 0 posts
[2025-11-05 06:50:49] Not WordPress or API disabled: taim.io
[2025-11-05 06:50:49] Success: tagvault.org -> 24748 posts
[2025-11-05 06:50:50] Success: tablefortwoblog.com -> 1320 posts
[2025-11-05 06:50:50] WordPress but restricted: talkbitz.com (HTTP 403)
[2025-11-05 06:50:50] Success: tactical.com -> 199 posts
[2025-11-05 06:50:50] Success: tactical.com -> 199 posts
[2025-11-05 06:50:50] Unknown status: talkofthevillages.com (HTTP 307)
[2025-11-05 06:50:50] Success: tailwindapp.com -> 851 posts
[2025-11-05 06:50:50] Unknown status: talkofthevillages.com (HTTP 307)
[2025-11-05 06:50:50] Success: taiarts.com -> 146 posts
[2025-11-05 06:50:50] Success: talltimbersonline.com -> 210 posts
[2025-11-05 06:50:50] Success: tabletmonkeys.com -> 6040 posts
[2025-11-05 06:50:51] Success: talesfromthekitchenshed.com -> 152 posts
[2025-11-05 06:50:51] Success: taleof2backpackers.com -> 447 posts
[2025-11-05 06:50:51] WordPress but restricted: tallgrasskitchen.com (HTTP 403)
[2025-11-05 06:50:51] Success: synergyhomesfl.com -> 260 posts
[2025-11-05 06:50:51] WordPress but no count header: tangolearn.com
[2025-11-05 06:50:51] Success: synergyhomesfl.com -> 260 posts
[2025-11-05 06:50:52] Not WordPress or API disabled: tallpinesdrywall.com
[2025-11-05 06:50:52] Success: talk2gether.nhs.uk -> 0 posts
[2025-11-05 06:50:52] WordPress but no count header: tangolearn.com
[2025-11-05 06:50:52] Unknown status: target.com (HTTP 429)
[2025-11-05 06:50:52] Success: takehomesmile.com -> 191 posts
[2025-11-05 06:50:52] Success: tallysolutions.com -> 855 posts
[2025-11-05 06:50:52] Not WordPress or API disabled: tartanspoon.co.uk
[2025-11-05 06:50:52] Success: tangyhouse.com -> 288 posts
[2025-11-05 06:50:52] Not WordPress or API disabled: swimtastic.com
[2025-11-05 06:50:52] Success: tampanails.com -> 11 posts
[2025-11-05 06:50:53] Success: talesrecipes.com -> 34 posts
[2025-11-05 06:50:53] Success: tanmenciasdental.com -> 577 posts
[2025-11-05 06:50:53] Success: swoonworthy.co.uk -> 1153 posts
[2025-11-05 06:50:53] Success: tasmania.com -> 0 posts
[2025-11-05 06:50:53] Success: tamingtwins.com -> 533 posts
[2025-11-05 06:50:53] Success: tantrumsandtools.com -> 167 posts
[2025-11-05 06:50:53] Success: taskbeat.com -> 176 posts
[2025-11-05 06:50:53] WordPress but restricted: taste.com.au (HTTP 403)
[2025-11-05 06:50:53] Success: tailorscouture.com -> 20 posts
[2025-11-05 06:50:53] Success: tasteofhome.com -> 5757 posts
[2025-11-05 06:50:54] Success: sustainlify.com -> 60 posts
[2025-11-05 06:50:54] Success: tap.health -> 4975 posts
[2025-11-05 06:50:54] Success: sustainlify.com -> 60 posts
[2025-11-05 06:50:54] Success: tasteitwithtia.com -> 216 posts
[2025-11-05 06:50:55] Success: tammileetips.com -> 1712 posts
[2025-11-05 06:50:55] Success: tastesbetterfromscratch.com -> 1373 posts
[2025-11-05 06:50:55] Success: tastesdelicious.com -> 7250 posts
[2025-11-05 06:50:55] Success: tastesfood.com -> 17347 posts
[2025-11-05 06:50:55] Success: tasteread.com -> 17373 posts
[2025-11-05 06:50:55] Not WordPress or API disabled: tastingpage.com
[2025-11-05 06:50:55] Success: tasteandtellblog.com -> 1781 posts
[2025-11-05 06:50:55] Connection error: tastyeasyfoodrecipe.com
[2025-11-05 06:50:55] Not WordPress or API disabled: tastingtales.com
[2025-11-05 06:50:56] Success: tasteofmaroc.com -> 122 posts
[2025-11-05 06:50:56] Success: sweettoothteaching.com -> 115 posts
[2025-11-05 06:50:56] Success: tasteofmaroc.com -> 122 posts
[2025-11-05 06:50:56] Not WordPress or API disabled: tastykitchen.com
[2025-11-05 06:50:56] Not WordPress or API disabled: tasty.co
[2025-11-05 06:50:56] Success: talentlogic.com -> 347 posts
[2025-11-05 06:50:56] Success: tastesoflizzyt.com -> 1499 posts
[2025-11-05 06:50:56] Connection error: tea-for-turmeric.com
[2025-11-05 06:50:56] Not WordPress or API disabled: tastingtable.com
[2025-11-05 06:50:56] Success: tastesofhomemade.com -> 409 posts
[2025-11-05 06:50:56] Success: tastefullyminimalist.com -> 36 posts
[2025-11-05 06:50:56] Success: tastyairfryerrecipes.com -> 140 posts
[2025-11-05 06:50:57] Success: tasteandflavors.com -> 3507 posts
[2025-11-05 06:50:57] Not WordPress or API disabled: tate.org.uk
[2025-11-05 06:50:57] Success: tastefulspace.com -> 18597 posts
[2025-11-05 06:50:57] Success: tastetarka.com -> 56 posts
[2025-11-05 06:50:57] Success: tarkettsportsindoor.com -> 49 posts
[2025-11-05 06:50:57] Success: tastychomps.com -> 3015 posts
[2025-11-05 06:50:57] Success: tastyislandhawaii.com -> 8 posts
[2025-11-05 06:50:57] WordPress but no count header: taskrabbit.com
[2025-11-05 06:50:58] Success: teacheducator.com -> 2672 posts
[2025-11-05 06:50:58] Success: teachstone.com -> 28 posts
[2025-11-05 06:50:58] Not WordPress or API disabled: tazachocolate.com
[2025-11-05 06:50:58] Success: teachpreschool.org -> 1680 posts
[2025-11-05 06:50:58] Success: teachgogreen.com -> 176 posts
[2025-11-05 06:50:58] Success: taylorfarms.com -> 112 posts
[2025-11-05 06:50:59] WordPress but no count header: teachingexpertise.com
[2025-11-05 06:50:59] WordPress but no count header: teachingexpertise.com
[2025-11-05 06:50:59] Success: teachthought.com -> 2716 posts
[2025-11-05 06:50:59] Success: tasty-indonesian-food.com -> 13 posts
[2025-11-05 06:50:59] Success: teachingmama.org -> 1084 posts
[2025-11-05 06:50:59] Success: teachsprout.com -> 21 posts
[2025-11-05 06:51:00] Success: teahow.com -> 139 posts
[2025-11-05 06:51:00] Success: teahow.com -> 139 posts
[2025-11-05 06:51:00] Success: teadelight.net -> 95 posts
[2025-11-05 06:51:00] Success: teamassurance.com -> 101 posts
[2025-11-05 06:51:00] Success: teablendguide.com -> 148 posts
[2025-11-05 06:51:00] Success: teachgogreen.com -> 176 posts
[2025-11-05 06:51:00] Success: tastykitchenpro.com -> 39 posts
[2025-11-05 06:51:00] Success: teablendguide.com -> 148 posts
[2025-11-05 06:51:00] Success: teamhood.com -> 321 posts
[2025-11-05 06:51:00] Success: teamjp.net -> 2 posts
[2025-11-05 06:51:01] Success: teajoy.com -> 137 posts
[2025-11-05 06:51:01] Success: teajoy.com -> 137 posts
[2025-11-05 06:51:01] Success: tastykitchenpro.com -> 39 posts
[2025-11-05 06:51:01] Success: tech.co -> 10810 posts
[2025-11-05 06:51:02] Success: techbloat.com -> 341887 posts
[2025-11-05 06:51:02] Success: teainabstraction.com -> 143 posts
[2025-11-05 06:51:02] Success: techcrunch.com -> 257267 posts
[2025-11-05 06:51:02] Success: tealnotes.com -> 640 posts
[2025-11-05 06:51:02] Success: techbullion.com -> 123653 posts
[2025-11-05 06:51:02] Unknown status: teabrands.org (HTTP 520)
[2025-11-05 06:51:03] Success: tech.sites.ucsc.edu -> 82 posts
[2025-11-05 06:51:03] Success: teatips101.com -> 18 posts
[2025-11-05 06:51:03] Success: techiehomeschoolmom.com -> 408 posts
[2025-11-05 06:51:03] Success: teasingtea.com -> 130 posts
[2025-11-05 06:51:03] Success: tech2geek.net -> 3529 posts
[2025-11-05 06:51:03] Success: teaoflifeapothecary.com -> 17 posts
[2025-11-05 06:51:03] Success: teachmehowtobake.com -> 111 posts
[2025-11-05 06:51:04] Success: techdhome.com -> 231 posts
[2025-11-05 06:51:04] Success: techexplorist.com -> 14795 posts
[2025-11-05 06:51:04] Success: teamjapanese.com -> 210 posts
[2025-11-05 06:51:04] Success: technipages.com -> 4910 posts
[2025-11-05 06:51:04] Success: teamredbyte.com -> 237 posts
[2025-11-05 06:51:04] Success: techround.co.uk -> 18780 posts
[2025-11-05 06:51:05] Success: technologiideas.com -> 536 posts
[2025-11-05 06:51:05] Success: techresearchs.com -> 837 posts
[2025-11-05 06:51:05] Not WordPress or API disabled: technologynetworks.com
[2025-11-05 06:51:05] Success: teabrands.org -> 288 posts
[2025-11-05 06:51:05] Unknown status: techflog.com (HTTP 500)
[2025-11-05 06:51:06] WordPress but restricted: techradar.com (HTTP 403)
[2025-11-05 06:51:06] Success: techviral.net -> 14488 posts
[2025-11-05 06:51:06] Success: techcommuters.com -> 756 posts
[2025-11-05 06:51:06] Not WordPress or API disabled: techsafety.org
[2025-11-05 06:51:06] Success: techova.co.uk -> 129 posts
[2025-11-05 06:51:06] Success: techyboys.com -> 207 posts
[2025-11-05 06:51:06] Success: techyboys.com -> 207 posts
[2025-11-05 06:51:06] Success: techreviewly.com -> 188 posts
[2025-11-05 06:51:06] Success: techwiser.com -> 12376 posts
[2025-11-05 06:51:07] Success: techserviceguru.com -> 139 posts
[2025-11-05 06:51:07] Success: techlasi.com -> 784 posts
[2025-11-05 06:51:07] Success: teamtomeducation.com -> 157 posts
[2025-11-05 06:51:07] Success: techypak.com -> 81 posts
[2025-11-05 06:51:07] Success: techypak.com -> 81 posts
[2025-11-05 06:51:07] Success: tecnobits.com -> 107538 posts
[2025-11-05 06:51:07] Success: tedswoodworkingsplans.com -> 2 posts
[2025-11-05 06:51:07] Connection error: tellingtailsandtails.com
[2025-11-05 06:51:07] Success: techlasi.com -> 784 posts
[2025-11-05 06:51:07] Success: techyv.com -> 190 posts
[2025-11-05 06:51:08] Success: teea.tamu.edu -> 1 posts
[2025-11-05 06:51:08] Connection error: ten-percent-happier.com
[2025-11-05 06:51:08] Not WordPress or API disabled: teenvogue.com
[2025-11-05 06:51:08] Success: techyshub.com -> 10 posts
[2025-11-05 06:51:08] Success: teethwisdom.org -> 60 posts
[2025-11-05 06:51:08] Success: teenswannaknow.com -> 2378 posts
[2025-11-05 06:51:08] Success: teethwisdom.org -> 60 posts
[2025-11-05 06:51:08] Success: techrockstars.com -> 368 posts
[2025-11-05 06:51:08] Success: tedwoodplans.com -> 240 posts
[2025-11-05 06:51:08] WordPress but restricted: teladochealth.com (HTTP 403)
[2025-11-05 06:51:09] WordPress but restricted: terrabellaseniorliving.com (HTTP 403)
[2025-11-05 06:51:09] Success: teatips101.com -> 18 posts
[2025-11-05 06:51:09] WordPress but restricted: telegraph.co.uk (HTTP 403)
[2025-11-05 06:51:09] WordPress but restricted: teenlife.com (HTTP 401)
[2025-11-05 06:51:09] Success: techtec.com.br -> 21 posts
[2025-11-05 06:51:09] Success: temperaturemaster.com -> 791 posts
[2025-11-05 06:51:09] Success: tennesseemonthly.com -> 348 posts
[2025-11-05 06:51:09] Success: terrariumquest.com -> 19 posts
[2025-11-05 06:51:09] Success: temptalia.com -> 37859 posts
[2025-11-05 06:51:09] Success: telescopeguides.com -> 497 posts
[2025-11-05 06:51:09] Success: terravitaidaho.com -> 15 posts
[2025-11-05 06:51:10] Success: texashomesteader.com -> 1163 posts
[2025-11-05 06:51:10] Success: templatehaven.com -> 1397 posts
[2025-11-05 06:51:10] Client error: tetw.org - Server disconnected
[2025-11-05 06:51:10] Success: textmagic.com -> 0 posts
[2025-11-05 06:51:11] Success: tervene.com -> 71 posts
[2025-11-05 06:51:11] Success: tentoonerum.com -> 0 posts
[2025-11-05 06:51:11] Success: textellent.com -> 0 posts
[2025-11-05 06:51:11] Success: tesdaonlineprogram.com -> 784 posts
[2025-11-05 06:51:11] Success: texas-truckaccidentlawyer.com -> 371 posts
[2025-11-05 06:51:11] Success: texas-truckaccidentlawyer.com -> 371 posts
[2025-11-05 06:51:11] Success: textmei.com -> 37 posts
[2025-11-05 06:51:11] Success: tfninternational.com -> 3 posts
[2025-11-05 06:51:12] Success: texasview.org -> 535 posts
[2025-11-05 06:51:12] Not WordPress or API disabled: tes.com
[2025-11-05 06:51:12] Success: textilelearner.net -> 2195 posts
[2025-11-05 06:51:12] Success: thankyourgarden.com -> 580 posts
[2025-11-05 06:51:12] Not WordPress or API disabled: thatch.com
[2025-11-05 06:51:12] Success: tgguide.com -> 39 posts
[2025-11-05 06:51:13] WordPress but no count header: the-ethos.co
[2025-11-05 06:51:13] Success: tennisworldlive.com -> 18583 posts
[2025-11-05 06:51:13] Success: texasairrepair.com -> 23 posts
[2025-11-05 06:51:13] Success: thatskinnychickcanbake.com -> 1622 posts
[2025-11-05 06:51:14] Success: the-bella-vita.com -> 327 posts
[2025-11-05 06:51:14] Success: thatpracticalmom.com -> 569 posts
[2025-11-05 06:51:14] Success: the-bella-vita.com -> 327 posts
[2025-11-05 06:51:14] Success: thatspicychick.com -> 364 posts
[2025-11-05 06:51:14] Connection error: the351project.com
[2025-11-05 06:51:14] Success: the-girl-who-ate-everything.com -> 1022 posts
[2025-11-05 06:51:14] Success: texaspregnancy.org -> 3 posts
[2025-11-05 06:51:14] Success: the-gingerbread-house.co.uk -> 5667 posts
[2025-11-05 06:51:15] Success: the-daily-vibe.com -> 6 posts
[2025-11-05 06:51:15] Success: the-inkline.com -> 785 posts
[2025-11-05 06:51:15] Success: theabsolutefoodie.com -> 462 posts
[2025-11-05 06:51:15] Not WordPress or API disabled: the15milefoodie.com
[2025-11-05 06:51:15] Success: thacleaning.com -> 724 posts
[2025-11-05 06:51:15] Success: theacademyofpetcareers.com -> 119 posts
[2025-11-05 06:51:16] Not WordPress or API disabled: the-scientist.com
[2025-11-05 06:51:16] Not WordPress or API disabled: the-recipe-exchange.com
[2025-11-05 06:51:16] Success: the36thavenue.com -> 1759 posts
[2025-11-05 06:51:16] Success: tekacleaning.co.uk -> 412 posts
[2025-11-05 06:51:16] Success: theadultingguideline.com -> 32 posts
[2025-11-05 06:51:16] Success: theacdr.com -> 65 posts
[2025-11-05 06:51:17] Success: the-peak.ca -> 14074 posts
[2025-11-05 06:51:17] Success: the-peak.ca -> 14074 posts
[2025-11-05 06:51:17] Success: theadultman.com -> 781 posts
[2025-11-05 06:51:17] Success: theadultspeechtherapyworkbook.com -> 225 posts
[2025-11-05 06:51:17] Success: texicureans.com -> 184 posts
[2025-11-05 06:51:17] Success: texicureans.com -> 184 posts
[2025-11-05 06:51:17] Success: theactherapist.com -> 231 posts
[2025-11-05 06:51:18] Success: theanimalcare.org -> 25 posts
[2025-11-05 06:51:18] Success: theactherapist.com -> 231 posts
[2025-11-05 06:51:18] Success: theadultspeechtherapyworkbook.com -> 225 posts
[2025-11-05 06:51:18] Success: thearcnw.org -> 240 posts
[2025-11-05 06:51:19] Success: theabilitytoolbox.com -> 563 posts
[2025-11-05 06:51:19] Connection error: testicularcancerawareness.org
[2025-11-05 06:51:19] Success: theartistoutpost.com -> 29 posts
[2025-11-05 06:51:19] Success: thearchitectsdiary.com -> 8623 posts
[2025-11-05 06:51:19] Success: theartofhandtools.com -> 59 posts
[2025-11-05 06:51:19] Success: theaquariumexpert.com -> 8774 posts
[2025-11-05 06:51:19] Success: theaquariumexpert.com -> 8774 posts
[2025-11-05 06:51:19] Success: theartofdoingstuff.com -> 1454 posts
[2025-11-05 06:51:19] Success: theallergychef.com -> 308 posts
[2025-11-05 06:51:20] Success: theantiquedjourney.com -> 383 posts
[2025-11-05 06:51:20] Success: theavtub.com -> 62 posts
[2025-11-05 06:51:20] Not WordPress or API disabled: thebackpackcouple.com
[2025-11-05 06:51:20] Success: theartofmastery.com -> 48 posts
[2025-11-05 06:51:20] Success: theallergyfriendlykitchen.com -> 187 posts
[2025-11-05 06:51:20] Unknown status: thebalancemoney.com (HTTP 460)
[2025-11-05 06:51:20] Success: thebalancedlife.com -> 22 posts
[2025-11-05 06:51:20] Success: theawesomedaily.com -> 4668 posts
[2025-11-05 06:51:20] WordPress but no count header: thebackyardbaron.com
[2025-11-05 06:51:21] Success: theartisticmind.com -> 1861 posts
[2025-11-05 06:51:21] Success: theaspireclub.com -> 217 posts
[2025-11-05 06:51:21] Success: theartyteacher.com -> 304 posts
[2025-11-05 06:51:21] Connection error: thebeadinggem.com
[2025-11-05 06:51:21] Success: thebakermama.com -> 1220 posts
[2025-11-05 06:51:21] Unknown status: thebalance.com (HTTP 460)
[2025-11-05 06:51:21] Success: thebakersalmanac.com -> 105 posts
[2025-11-05 06:51:21] Success: thebeautyholic.com -> 817 posts
[2025-11-05 06:51:21] Success: theatlasheart.com -> 413 posts
[2025-11-05 06:51:22] Not WordPress or API disabled: thebeautybarn.com
[2025-11-05 06:51:22] Success: theattitudeadvantage.com -> 462 posts
[2025-11-05 06:51:22] Success: theballeronabudget.com -> 233 posts
[2025-11-05 06:51:22] Success: thebananadiaries.com -> 720 posts
[2025-11-05 06:51:23] Success: thebeautyinstitute.edu -> 52 posts
[2025-11-05 06:51:23] Success: thebakingchocolatess.com -> 1149 posts
[2025-11-05 06:51:23] Success: thebeloveddog.com -> 13480 posts
[2025-11-05 06:51:23] Success: thebeloveddog.com -> 13480 posts
[2025-11-05 06:51:23] Success: thebalancednutritionist.com -> 411 posts
[2025-11-05 06:51:23] Success: thebeerexchange.io -> 1306 posts
[2025-11-05 06:51:23] Success: thebeerexchange.io -> 1306 posts
[2025-11-05 06:51:23] Success: thebeautraveler.com -> 1301 posts
[2025-11-05 06:51:24] Success: thebekindpeopleproject.org -> 251 posts
[2025-11-05 06:51:24] Success: thebiggreenk.com -> 306 posts
[2025-11-05 06:51:24] Success: thebehavioralscientist.com -> 267 posts
[2025-11-05 06:51:24] Success: thebestideasforkids.com -> 946 posts
[2025-11-05 06:51:25] Success: theadventuresabound.com -> 58 posts
[2025-11-05 06:51:25] Success: thebettyrocker.com -> 760 posts
[2025-11-05 06:51:25] Success: thebeautyinsiders.com -> 1023 posts
[2025-11-05 06:51:25] Success: thebetterfish.com -> 93 posts
[2025-11-05 06:51:25] Success: thebigmansworld.com -> 1635 posts
[2025-11-05 06:51:25] Success: theanaghaedit.com -> 108 posts
[2025-11-05 06:51:26] Success: thebestblogrecipes.com -> 1376 posts
[2025-11-05 06:51:26] Success: theblindfactoryohio.com -> 34 posts
[2025-11-05 06:51:26] Success: thebatterytips.com -> 21355 posts
[2025-11-05 06:51:26] Success: theblindfactoryohio.com -> 34 posts
[2025-11-05 06:51:26] Success: thebigsweettooth.com -> 1875 posts
[2025-11-05 06:51:26] Success: theblendergirl.com -> 0 posts
[2025-11-05 06:51:27] Success: thebloomup.com -> 1240 posts
[2025-11-05 06:51:27] Success: thebite2night.com -> 105 posts
[2025-11-05 06:51:27] Not WordPress or API disabled: thebodycoach.com
[2025-11-05 06:51:27] Success: thebobs.com -> 181 posts
[2025-11-05 06:51:27] Success: thebostondaybook.com -> 6731 posts
[2025-11-05 06:51:27] WordPress but restricted: thebump.com (HTTP 403)
[2025-11-05 06:51:28] Success: theblondeabroad.com -> 1538 posts
[2025-11-05 06:51:28] Success: thebellevieblog.com -> 693 posts
[2025-11-05 06:51:28] Connection error: templafy.com
[2025-11-05 06:51:28] Success: thebeautydeeplife.com -> 130 posts
[2025-11-05 06:51:28] Success: thebudgetdecorator.com -> 229 posts
[2025-11-05 06:51:29] Success: thebridalbox.com -> 16805 posts
[2025-11-05 06:51:29] Success: thebrokebackpacker.com -> 4676 posts
[2025-11-05 06:51:29] Success: thecaninehealthnut.com -> 112 posts
[2025-11-05 06:51:29] Success: theblogsocial.com -> 302 posts
[2025-11-05 06:51:29] Success: thebusybaker.ca -> 1026 posts
[2025-11-05 06:51:29] Success: thebms.org.uk -> 123 posts
[2025-11-05 06:51:29] Success: theblendery.com -> 79 posts
[2025-11-05 06:51:29] Success: thebrewingmind.com -> 45 posts
[2025-11-05 06:51:30] Success: theceliacdiva.com -> 63 posts
[2025-11-05 06:51:30] Connection error: theceramicsblog.com
[2025-11-05 06:51:30] Success: thebuzzedartist.com -> 141 posts
[2025-11-05 06:51:30] Not WordPress or API disabled: thebrickhouse.com
[2025-11-05 06:51:30] Success: thecafesucrefarine.com -> 2001 posts
[2025-11-05 06:51:30] Success: thecarefreekitchen.com -> 1019 posts
[2025-11-05 06:51:30] Success: thecarefreekitchen.com -> 1019 posts
[2025-11-05 06:51:30] Success: thebrowngirlbeautyguide.com -> 114 posts
[2025-11-05 06:51:30] Unknown status: thechannel46.com (HTTP 500)
[2025-11-05 06:51:31] Success: thechrysalisbrewproject.com -> 695 posts
[2025-11-05 06:51:31] Success: theblissfulmind.com -> 236 posts
[2025-11-05 06:51:31] Success: thebestofculinary.com -> 109 posts
[2025-11-05 06:51:31] Not WordPress or API disabled: thechoppingblock.com
[2025-11-05 06:51:31] Success: thechampatree.in -> 1691 posts
[2025-11-05 06:51:32] Success: thebusyllama.com -> 126 posts
[2025-11-05 06:51:32] Success: thechilddevelopment.com -> 50 posts
[2025-11-05 06:51:32] Success: thechunkychef.com -> 956 posts
[2025-11-05 06:51:32] Connection error: thankfulhomemaker.com
[2025-11-05 06:51:32] Success: thechicagoschool.edu -> 0 posts
[2025-11-05 06:51:33] Success: thecleaneatingcouple.com -> 648 posts
[2025-11-05 06:51:33] Success: thebudgetmom.com -> 479 posts
[2025-11-05 06:51:33] Success: thecleaningmommy.com -> 207 posts
[2025-11-05 06:51:33] Success: thecoconutmama.com -> 4737 posts
[2025-11-05 06:51:33] Success: thecarpentersdaughter.co.uk -> 313 posts
[2025-11-05 06:51:33] Success: thecharmingdancer.com -> 93 posts
[2025-11-05 06:51:33] Success: thecheekychickpea.com -> 352 posts
[2025-11-05 06:51:33] WordPress but restricted: thecollegeinvestor.com (HTTP 403)
[2025-11-05 06:51:33] Success: thechicsite.com -> 1106 posts
[2025-11-05 06:51:33] Success: thebuslifekitchen.com -> 164 posts
[2025-11-05 06:51:33] Connection error: thecongolesecookbook.com
[2025-11-05 06:51:33] Success: thebusinessdive.com -> 261 posts
[2025-11-05 06:51:34] Not WordPress or API disabled: theconversation.com
[2025-11-05 06:51:34] Connection error: thecoffeemom.net
[2025-11-05 06:51:34] Success: thecoastaloak.com -> 225 posts
[2025-11-05 06:51:34] Success: thecleaninggurus.co.uk -> 31 posts
[2025-11-05 06:51:34] Success: thecommoncentsclub.com -> 88 posts
[2025-11-05 06:51:35] Success: thecookingbooks.com -> 20302 posts
[2025-11-05 06:51:35] Success: thecoffeefiles.com -> 127 posts
[2025-11-05 06:51:35] Success: thecompleteherbalguide.com -> 3130 posts
[2025-11-05 06:51:35] Success: theconfusedmillennial.com -> 900 posts
[2025-11-05 06:51:35] Success: theclothingmanufacturers.com -> 71 posts
[2025-11-05 06:51:35] Not WordPress or API disabled: thecookinmama.com
[2025-11-05 06:51:35] Success: thecomputerbasics.com -> 328 posts
[2025-11-05 06:51:35] Success: thecoolist.com -> 2479 posts
[2025-11-05 06:51:36] Success: thecookingfacts.com -> 86742 posts
[2025-11-05 06:51:36] Success: thecookierookie.com -> 2269 posts
[2025-11-05 06:51:36] Connection error: thecraftaholic.co.uk
[2025-11-05 06:51:36] Success: theconfidentmom.com -> 1105 posts
[2025-11-05 06:51:36] WordPress but no count header: thecortezkitchen.com
[2025-11-05 06:51:36] WordPress but no count header: thecortezkitchen.com
[2025-11-05 06:51:36] Success: thecookingfoodie.com -> 681 posts
[2025-11-05 06:51:36] Success: thecoffeeguru.net -> 486 posts
[2025-11-05 06:51:36] Not WordPress or API disabled: thecleaningauthority.com
[2025-11-05 06:51:37] Success: thecountrycook.net -> 2257 posts
[2025-11-05 06:51:37] Success: theconsciousplantkitchen.com -> 1117 posts
[2025-11-05 06:51:37] Success: thecottagemarket.com -> 7217 posts
[2025-11-05 06:51:37] Success: thecoolingco.com -> 325 posts
[2025-11-05 06:51:37] Success: thecraftedsparrow.com -> 857 posts
[2025-11-05 06:51:37] Success: thecooldown.com -> 44398 posts
[2025-11-05 06:51:38] Connection error: thecraftycrow.net
[2025-11-05 06:51:38] WordPress but no count header: thecraftaholicwitch.com
[2025-11-05 06:51:38] Success: thecraftedlife.com -> 1116 posts
[2025-11-05 06:51:38] Success: thecraftingnook.com -> 403 posts
[2025-11-05 06:51:38] Success: thecraftingnook.com -> 403 posts
[2025-11-05 06:51:38] Success: thecozycook.com -> 597 posts
[2025-11-05 06:51:38] Success: thecountrychiccottage.net -> 2539 posts
[2025-11-05 06:51:38] Success: thecraftpatchblog.com -> 938 posts
[2025-11-05 06:51:39] Success: thecrafttrain.com -> 649 posts
[2025-11-05 06:51:39] Success: thecraftyblogstalker.com -> 1506 posts
[2025-11-05 06:51:39] Success: theconsciousinsider.com -> 162 posts
[2025-11-05 06:51:39] Success: thecrazycraftlady.com -> 1142 posts
[2025-11-05 06:51:39] Success: thecrispychef.com -> 1259 posts
[2025-11-05 06:51:39] Success: thecreativeshour.com -> 1512 posts
[2025-11-05 06:51:40] Connection error: thecraftnest.com
[2025-11-05 06:51:40] Success: thecreativefolk.com -> 1180 posts
[2025-11-05 06:51:40] Success: thecreativemuggle.com -> 578 posts
[2025-11-05 06:51:40] Connection error: theayurveda.org
[2025-11-05 06:51:41] Success: thecraftcorner.ca -> 172 posts
[2025-11-05 06:51:41] Success: thedailysew.com -> 274 posts
[2025-11-05 06:51:41] Not WordPress or API disabled: thedailymeal.com
[2025-11-05 06:51:42] Success: thedacare.org -> 646 posts
[2025-11-05 06:51:42] Success: thecurriculumchoice.com -> 1623 posts
[2025-11-05 06:51:42] Success: thedailydish.us -> 726 posts
[2025-11-05 06:51:42] Success: thecrownedgoat.com -> 1445 posts
[2025-11-05 06:51:42] Success: thecuriouschickpea.com -> 332 posts
[2025-11-05 06:51:42] Success: thecrownchoice.com -> 274 posts
[2025-11-05 06:51:43] Success: thedairydish.com -> 530 posts
[2025-11-05 06:51:43] Success: thedaleydose.com -> 261 posts
[2025-11-05 06:51:43] Success: thedecorvault.blog -> 71 posts
[2025-11-05 06:51:43] Success: thedailydiy.net -> 149 posts
[2025-11-05 06:51:44] Success: thedailylifemagazine.com -> 106 posts
[2025-11-05 06:51:44] Success: thedefineddish.com -> 1003 posts
[2025-11-05 06:51:44] Success: thedayzofdavid.com -> 201 posts
[2025-11-05 06:51:44] Success: thedeclutteringco.com.au -> 148 posts
[2025-11-05 06:51:44] Success: thedermspot.com -> 1018 posts
[2025-11-05 06:51:44] Success: thedesignfiles.net -> 7003 posts
[2025-11-05 06:51:45] Not WordPress or API disabled: thedirt.georgiaorganics.org
[2025-11-05 06:51:46] Success: thedetanglednest.com -> 134 posts
[2025-11-05 06:51:46] Not WordPress or API disabled: thedesignedit.com.au
[2025-11-05 06:51:46] WordPress but restricted: thedigitalprojectmanager.com (HTTP 403)
[2025-11-05 06:51:46] Connection error: thediydazzle.com
[2025-11-05 06:51:46] Success: thedelishrecipe.com -> 2045 posts
[2025-11-05 06:51:46] WordPress but no count header: thedesignconfidential.com
[2025-11-05 06:51:47] Success: thedietchefs.com -> 808 posts
[2025-11-05 06:51:47] Success: thedeliberatemom.com -> 1086 posts
[2025-11-05 06:51:47] WordPress but no count header: thedatascientist.com
[2025-11-05 06:51:48] Not WordPress or API disabled: thediyschool.co.uk
[2025-11-05 06:51:48] Success: thediyandcrafts.com -> 18 posts
[2025-11-05 06:51:48] Success: thecraftofcopywriting.com -> 11 posts
[2025-11-05 06:51:48] Success: thediabetescouncil.com -> 840 posts
[2025-11-05 06:51:49] Success: thedollarstretcher.com -> 1311 posts
[2025-11-05 06:51:49] Success: thediyplaybook.com -> 1833 posts
[2025-11-05 06:51:49] Not WordPress or API disabled: thedomesticman.com
[2025-11-05 06:51:49] Success: thediyplan.com -> 292 posts
[2025-11-05 06:51:50] Success: thediynuts.com -> 177 posts
[2025-11-05 06:51:50] Success: thediyvillage.com -> 423 posts
[2025-11-05 06:51:50] Success: thedrinksproject.com -> 9548 posts
[2025-11-05 06:51:50] Not WordPress or API disabled: theearthywanderer.com
[2025-11-05 06:51:50] Success: thedizzycook.com -> 406 posts
[2025-11-05 06:51:50] Not WordPress or API disabled: thedodo.com
[2025-11-05 06:51:51] Success: thecraftygentleman.net -> 4418 posts
[2025-11-05 06:51:51] Success: thediydreamer.com -> 949 posts
[2025-11-05 06:51:51] Success: thedrinkdiaries.com -> 203 posts
[2025-11-05 06:51:51] Success: thedrinksproject.com -> 9548 posts
[2025-11-05 06:51:52] Success: theenlightenmentjourney.com -> 66449 posts
[2025-11-05 06:51:52] Success: theeleganceedit.com -> 96 posts
[2025-11-05 06:51:52] WordPress but restricted: theeverygirl.com (HTTP 403)
[2025-11-05 06:51:53] Success: theecohub.com -> 424 posts
[2025-11-05 06:51:53] WordPress but restricted: theeverymom.com (HTTP 403)
[2025-11-05 06:51:53] Success: thedutchmanslaundry.com -> 99 posts
[2025-11-05 06:51:53] Success: thedutchmanslaundry.com -> 99 posts
[2025-11-05 06:51:53] Connection error: thanksfully.com
[2025-11-05 06:51:53] Success: theecoedit.co -> 148 posts
[2025-11-05 06:51:53] Success: theelegantaesthetic.com -> 600 posts
[2025-11-05 06:51:54] Success: theenterpriseworld.com -> 8604 posts
[2025-11-05 06:51:54] Success: theenglishwoodworker.com -> 386 posts
[2025-11-05 06:51:55] Success: theeverydayfarmhouse.com -> 329 posts
[2025-11-05 06:51:55] Success: thefarmgirlgabs.com -> 1111 posts
[2025-11-05 06:51:55] Success: thefashionography.com -> 3400 posts
[2025-11-05 06:51:55] Success: thefarmerslamp.com -> 287 posts
[2025-11-05 06:51:55] Success: thefashionisto.com -> 38130 posts
[2025-11-05 06:51:55] Success: thefashionspot.com -> 37382 posts
[2025-11-05 06:51:55] Success: theendlessmeal.com -> 1422 posts
[2025-11-05 06:51:56] Success: thefamilypartnership.org -> 78 posts
[2025-11-05 06:51:56] Success: thefastveganbrand.com -> 327 posts
[2025-11-05 06:51:56] Success: thefemmena.com -> 60 posts
[2025-11-05 06:51:56] Success: thefield.co.uk -> 2611 posts
[2025-11-05 06:51:56] Success: thefigtreeblog.com -> 292 posts
[2025-11-05 06:51:56] Connection error: thecrazykitchen.co.uk
[2025-11-05 06:51:56] Connection error: thefitfoodieblog.com
[2025-11-05 06:51:57] Success: thefitcookie.com -> 903 posts
[2025-11-05 06:51:57] Success: thefamilyvacationguide.com -> 1764 posts
[2025-11-05 06:51:57] Success: thefitnessphantom.com -> 551 posts
[2025-11-05 06:51:57] Success: thefiltery.com -> 416 posts
[2025-11-05 06:51:57] Success: thefirstmess.com -> 555 posts
[2025-11-05 06:51:58] Success: thefedupfoodie.com -> 449 posts
[2025-11-05 06:51:58] Success: thefinancekey.com -> 5047 posts
[2025-11-05 06:51:58] Success: thefinancialgeek.com -> 331 posts
[2025-11-05 06:51:58] Success: theecofriend.net -> 111 posts
[2025-11-05 06:51:58] Success: theflattopking.com -> 231 posts
[2025-11-05 06:51:58] Success: thefoodaholic.co.uk -> 720 posts
[2025-11-05 06:51:59] Success: thefoodiediary.com -> 2526 posts
[2025-11-05 06:51:59] Connection error: thecraftsmanblog.com
[2025-11-05 06:51:59] Success: thefoodcharlatan.com -> 997 posts
[2025-11-05 06:51:59] Success: thefinancekey.com -> 5047 posts
[2025-11-05 06:51:59] Success: thecrownchoice.com -> 274 posts
[2025-11-05 06:52:00] Success: thefoodieeats.com -> 195 posts
[2025-11-05 06:52:00] Success: thefoodieeats.com -> 195 posts
[2025-11-05 06:52:00] WordPress but restricted: thefoodellers.com (HTTP 401)
[2025-11-05 06:52:00] Success: thefoodsafetydad.com -> 317 posts
[2025-11-05 06:52:00] Success: thefmextra.com -> 6606 posts
[2025-11-05 06:52:01] Success: thefoodietakesflight.com -> 438 posts
[2025-11-05 06:52:01] Success: thefoxclick.com -> 4188 posts
[2025-11-05 06:52:01] Success: thefreerangelife.com -> 324 posts
[2025-11-05 06:52:02] Success: thefoxmagazine.com -> 9457 posts
[2025-11-05 06:52:02] Success: thefoodieaffair.com -> 946 posts
[2025-11-05 06:52:02] Connection error: thedailyspud.com
[2025-11-05 06:52:02] Success: theforgottenchef.com -> 11 posts
[2025-11-05 06:52:02] Success: theforgottenchef.com -> 11 posts
[2025-11-05 06:52:02] WordPress but restricted: thefrugalgirls.com (HTTP 403)
[2025-11-05 06:52:02] Success: thefoodtrust.org -> 35 posts
[2025-11-05 06:52:03] Success: thefrugalfarmgirl.com -> 697 posts
[2025-11-05 06:52:03] Success: thefrugalbite.com -> 27 posts
[2025-11-05 06:52:03] Success: thefrugalexpat.com -> 1774 posts
[2025-11-05 06:52:03] Success: thefrugalsouth.com -> 221 posts
[2025-11-05 06:52:03] Success: thefrugalexpat.com -> 1774 posts
[2025-11-05 06:52:03] WordPress but restricted: thegamersguides.com (HTTP 403)
[2025-11-05 06:52:03] Success: thefoodconnoisseur.co.uk -> 905 posts
[2025-11-05 06:52:03] Success: thefrisky.com -> 23917 posts
[2025-11-05 06:52:03] Not WordPress or API disabled: thefunktionalnutritionist.com
[2025-11-05 06:52:04] Success: theenvironmentalblog.org -> 1593 posts
[2025-11-05 06:52:04] Success: theflavorvortex.com -> 198 posts
[2025-11-05 06:52:04] Success: thefullheartedhome.com -> 139 posts
[2025-11-05 06:52:05] Success: thecocktailnovice.com -> 95 posts
[2025-11-05 06:52:05] Success: thefrugalgirl.com -> 4470 posts
[2025-11-05 06:52:05] Success: thegardenersworld.com -> 102 posts
[2025-11-05 06:52:05] Success: thegameslayer.com -> 2474 posts
[2025-11-05 06:52:05] Success: thegardenglove.com -> 338 posts
[2025-11-05 06:52:05] Success: thegardengrazer.com -> 306 posts
[2025-11-05 06:52:05] WordPress but restricted: thegardenstyle.com (HTTP 403)
[2025-11-05 06:52:05] WordPress but restricted: thegastronomicbong.com (HTTP 403)
[2025-11-05 06:52:06] Success: thefuturisticminds.com -> 110 posts
[2025-11-05 06:52:06] Success: thegardenbeds.com -> 1137 posts
[2025-11-05 06:52:06] Success: thegardenmagazine.com -> 5395 posts
[2025-11-05 06:52:06] Success: thegardeningtips.com -> 860 posts
[2025-11-05 06:52:06] Success: thegardening.org -> 490 posts
[2025-11-05 06:52:06] Success: thegardeningdad.com -> 8674 posts
[2025-11-05 06:52:06] WordPress but restricted: thegeriatricdietitian.com (HTTP 403)
[2025-11-05 06:52:07] Success: thefurniturerepaircenter.com -> 4 posts
[2025-11-05 06:52:07] Success: thefullhelping.com -> 1835 posts
[2025-11-05 06:52:07] WordPress but no count header: theglowmemo.com
[2025-11-05 06:52:07] Success: thegadgetoffice.com -> 524 posts
[2025-11-05 06:52:07] Success: thegetawayz.com -> 123 posts
[2025-11-05 06:52:07] Success: thegamingmecca.com -> 2442 posts
[2025-11-05 06:52:08] Success: thegardeningcook.com -> 1252 posts
[2025-11-05 06:52:08] Success: thegatsbycraft.com -> 71 posts
[2025-11-05 06:52:08] Success: thedermreview.com -> 1402 posts
[2025-11-05 06:52:08] Success: thegingeredwhisk.com -> 674 posts
[2025-11-05 06:52:08] Success: theglossynest.com -> 121 posts
[2025-11-05 06:52:08] Success: theglossylocks.com -> 3997 posts
[2025-11-05 06:52:08] Success: thegirlonbloor.com -> 696 posts
[2025-11-05 06:52:08] Not WordPress or API disabled: theglutenfreetravelers.com
[2025-11-05 06:52:09] Not WordPress or API disabled: theglobeandmail.com
[2025-11-05 06:52:09] Success: thegoodalliance.org -> 80 posts
[2025-11-05 06:52:09] Success: thegentlealbum.com -> 485 posts
[2025-11-05 06:52:09] Success: thegirlwithashovel.com -> 121 posts
[2025-11-05 06:52:10] Success: thegoodnesswell.com -> 186 posts
[2025-11-05 06:52:10] Success: thegoodmotherproject.com -> 1837 posts
[2025-11-05 06:52:10] WordPress but restricted: thegrio.com (HTTP 403)
[2025-11-05 06:52:10] Success: thegreenhubonline.com -> 607 posts
[2025-11-05 06:52:11] Success: thegraciouspantry.com -> 2046 posts
[2025-11-05 06:52:11] WordPress but no count header: thegrow.net
[2025-11-05 06:52:11] Success: thegoodsidaho.com -> 5 posts
[2025-11-05 06:52:11] Success: thegrocerystoreguy.com -> 328 posts
[2025-11-05 06:52:11] Success: thefrugalnavywife.com -> 1488 posts
[2025-11-05 06:52:11] Success: thegoodsidaho.com -> 5 posts
[2025-11-05 06:52:11] Success: thegolfacademy.org -> 58 posts
[2025-11-05 06:52:11] Success: thegreenloot.com -> 334 posts
[2025-11-05 06:52:11] WordPress but restricted: thehandmadehome.net (HTTP 403)
[2025-11-05 06:52:11] Success: thegrubbypuppy.com -> 14572 posts
[2025-11-05 06:52:11] Success: thegrubbypuppy.com -> 14572 posts
[2025-11-05 06:52:11] Not WordPress or API disabled: theguardian.com
[2025-11-05 06:52:12] Success: thegourmetrecipes.com -> 422 posts
[2025-11-05 06:52:12] Success: thegreenthumbler.com -> 93 posts
[2025-11-05 06:52:12] Success: thegoodtrade.com -> 2370 posts
[2025-11-05 06:52:12] Success: thegraydetails.com -> 882 posts
[2025-11-05 06:52:12] WordPress but no count header: thehappyhomebody.com
[2025-11-05 06:52:13] Success: thegunnysack.com -> 962 posts
[2025-11-05 06:52:13] Success: thegreenfields.org -> 322 posts
[2025-11-05 06:52:13] Success: thehappycatsite.com -> 436 posts
[2025-11-05 06:52:13] Success: thehappylovedlife.com -> 403 posts
[2025-11-05 06:52:13] Success: thehappyhousie.com -> 1366 posts
[2025-11-05 06:52:13] Success: thehappiestblogonearth.com -> 267 posts
[2025-11-05 06:52:13] Success: theharvestkitchen.com -> 652 posts
[2025-11-05 06:52:14] Success: thegreenfields.org -> 322 posts
[2025-11-05 06:52:14] Success: thehdprogram.com -> 75 posts
[2025-11-05 06:52:14] Success: thehappyhousecleaning.co.uk -> 163 posts
[2025-11-05 06:52:15] Success: thehealthcareblog.com -> 12997 posts
[2025-11-05 06:52:15] Success: thehappychickencoop.com -> 1042 posts
[2025-11-05 06:52:15] Success: thehappierhomemaker.com -> 802 posts
[2025-11-05 06:52:15] WordPress but restricted: thehealthy.com (HTTP 403)
[2025-11-05 06:52:15] Connection error: thefashionfest.com
[2025-11-05 06:52:15] Success: thehdprogram.com -> 75 posts
[2025-11-05 06:52:15] Success: thehawaiivacationguide.com -> 345 posts
[2025-11-05 06:52:15] Success: thehealthsciencejournal.com -> 1268 posts
[2025-11-05 06:52:15] Success: thehappinessindex.com -> 0 posts
[2025-11-05 06:52:15] WordPress but no count header: thehealthyfoodie.com
[2025-11-05 06:52:16] Success: thehappyturtlestraw.com -> 242 posts
[2025-11-05 06:52:16] WordPress but no count header: thehealthyhomechef.com
[2025-11-05 06:52:16] WordPress but no count header: thehealthyhomechef.com
[2025-11-05 06:52:16] Success: thehealthyconsultant.com -> 211 posts
[2025-11-05 06:52:16] WordPress but restricted: theherbalacademy.com (HTTP 403)
[2025-11-05 06:52:16] Success: thehealthyconsultant.com -> 211 posts
[2025-11-05 06:52:16] Success: thehandymansdaughter.com -> 473 posts
[2025-11-05 06:52:17] Success: thegreekfoodie.com -> 235 posts
[2025-11-05 06:52:17] Success: theheartysoul.com -> 5867 posts
[2025-11-05 06:52:17] Success: thehealthymaven.com -> 1037 posts
[2025-11-05 06:52:17] Success: theherbexchange.com -> 305 posts
[2025-11-05 06:52:17] Success: thehealthyhomeeconomist.com -> 2378 posts
[2025-11-05 06:52:17] Success: thehelpfulgf.com -> 322 posts
[2025-11-05 06:52:18] Success: thehome.blog -> 161 posts
[2025-11-05 06:52:18] Not WordPress or API disabled: thehomeedit.com
[2025-11-05 06:52:18] Success: thehobbykraze.com -> 1888 posts
[2025-11-05 06:52:18] Success: thehealthsite.com -> 87536 posts
[2025-11-05 06:52:18] Success: theholisticmama.com -> 147 posts
[2025-11-05 06:52:19] Success: theheartfulparent.com -> 219 posts
[2025-11-05 06:52:19] WordPress but no count header: theholisticliving.org.in
[2025-11-05 06:52:19] Success: thehealthclubs.com -> 37 posts
[2025-11-05 06:52:19] Success: theherbprof.com -> 2641 posts
[2025-11-05 06:52:19] Success: thehomeatlas.com -> 2933 posts
[2025-11-05 06:52:19] Success: thehikingadventure.com -> 300 posts
[2025-11-05 06:52:19] Success: thehomeimproving.com -> 1454 posts
[2025-11-05 06:52:19] Success: theherbalhub.com -> 4 posts
[2025-11-05 06:52:19] Success: theherbalhub.com -> 4 posts
[2025-11-05 06:52:19] Success: thehealthsciencesacademy.org -> 314 posts
[2025-11-05 06:52:19] Success: theholymess.com -> 1309 posts
[2025-11-05 06:52:20] Not WordPress or API disabled: thehomemakery.co.uk
[2025-11-05 06:52:20] Success: thehomemenders.com -> 57 posts
[2025-11-05 06:52:20] Success: thehomesteadsurvival.com -> 14341 posts
[2025-11-05 06:52:20] WordPress but no count header: thehomesteady.com
[2025-11-05 06:52:21] Success: thehomesapiens.com -> 309 posts
[2025-11-05 06:52:21] Success: thehomesteadchallenge.com -> 163 posts
[2025-11-05 06:52:21] Success: thehomeintent.com -> 160 posts
[2025-11-05 06:52:21] WordPress but restricted: thehonoursystem.com (HTTP 403)
[2025-11-05 06:52:21] Success: thehomesteadingrd.com -> 125 posts
[2025-11-05 06:52:21] Connection error: thefreedomadventure.com
[2025-11-05 06:52:21] Success: thehomereviews.com -> 2834 posts
[2025-11-05 06:52:22] Success: thehomesihavemade.com -> 885 posts
[2025-11-05 06:52:22] Success: thehobbywife.com -> 237 posts
[2025-11-05 06:52:22] Success: thehomesihavemade.com -> 885 posts
[2025-11-05 06:52:22] Success: thehomesteadinghippy.com -> 1544 posts
[2025-11-05 06:52:22] Not WordPress or API disabled: thehouseofwood.com
[2025-11-05 06:52:22] Success: thehouseholdblog.com -> 265 posts
[2025-11-05 06:52:22] Success: thehoneycombhome.com -> 845 posts
[2025-11-05 06:52:22] Success: thehomesteadguide.com -> 49 posts
[2025-11-05 06:52:22] Success: thehorsefacts.com -> 995 posts
[2025-11-05 06:52:23] Success: thehometrotters.com -> 681 posts
[2025-11-05 06:52:23] Success: thehubcoworks.com -> 104 posts
[2025-11-05 06:52:23] Success: thehouseandhomestead.com -> 219 posts
[2025-11-05 06:52:23] Success: thehomesteadguide.com -> 49 posts
[2025-11-05 06:52:23] Success: thehowtohome.com -> 1683 posts
[2025-11-05 06:52:23] Success: thehungryhutch.com -> 476 posts
[2025-11-05 06:52:23] Success: thehousethatlarsbuilt.com -> 2269 posts
[2025-11-05 06:52:23] Success: thehungrygourmet.com -> 1720 posts
[2025-11-05 06:52:23] Success: thehomesteadingway.com -> 115 posts
[2025-11-05 06:52:24] Success: thehorsefacts.com -> 995 posts
[2025-11-05 06:52:24] Success: thehouseplantguru.com -> 354 posts
[2025-11-05 06:52:24] Success: theimpactfulco.com -> 66 posts
[2025-11-05 06:52:24] Success: thehotjem.com -> 4327 posts
[2025-11-05 06:52:25] Success: theinfusionchef.com -> 870 posts
[2025-11-05 06:52:25] Success: thehumbledhomemaker.com -> 1109 posts
[2025-11-05 06:52:25] Success: theincrementalmama.com -> 200 posts
[2025-11-05 06:52:25] Success: theinspirationboard.com -> 344 posts
[2025-11-05 06:52:25] Success: theinfusionchef.com -> 870 posts
[2025-11-05 06:52:25] Success: theinspirationedit.com -> 3785 posts
[2025-11-05 06:52:25] Success: theinspiredtreehouse.com -> 1116 posts
[2025-11-05 06:52:25] Success: theinspiredroom.net -> 3546 posts
[2025-11-05 06:52:25] Success: thehvacservice.ca -> 271 posts
[2025-11-05 06:52:26] Success: theintrepidguide.com -> 413 posts
[2025-11-05 06:52:26] Not WordPress or API disabled: thejapanesepantry.com
[2025-11-05 06:52:26] Success: thehvacservice.ca -> 271 posts
[2025-11-05 06:52:26] Success: theintentionhabit.com -> 112 posts
[2025-11-05 06:52:26] Success: thekitchenandalatte.com -> 152 posts
[2025-11-05 06:52:26] Success: theivykitchen.com -> 208 posts
[2025-11-05 06:52:27] Success: thekingsleyclinic.com -> 2278 posts
[2025-11-05 06:52:27] Success: thekingsleyclinic.com -> 2278 posts
[2025-11-05 06:52:27] Success: theivlounge.com -> 294 posts
[2025-11-05 06:52:27] Success: thekitchenbuzzz.com -> 347 posts
[2025-11-05 06:52:27] Success: thekitchenknacks.com -> 0 posts
[2025-11-05 06:52:28] Success: theicn.org -> 374 posts
[2025-11-05 06:52:28] Success: thekitchenpursuits.com -> 19603 posts
[2025-11-05 06:52:28] Success: thekitchensnob.com -> 127 posts
[2025-11-05 06:52:28] Not WordPress or API disabled: thekitchn.com
[2025-11-05 06:52:28] Success: thekickboxing.com -> 9 posts
[2025-11-05 06:52:28] Success: thekitchenchalkboard.com -> 172 posts
[2025-11-05 06:52:28] Success: thekitchenapothecary.com -> 55 posts
[2025-11-05 06:52:28] Success: thekelliekitchen.com -> 272 posts
[2025-11-05 06:52:28] Success: theinspiredhome.com -> 1449 posts
[2025-11-05 06:52:28] Success: thekidsguide.com -> 13 posts
[2025-11-05 06:52:29] Success: thekitchentimes.com -> 375 posts
[2025-11-05 06:52:29] WordPress but restricted: thelancet.com (HTTP 403)
[2025-11-05 06:52:29] Success: theidearoom.net -> 2723 posts
[2025-11-05 06:52:29] Success: thehealthyeatingguide.com -> 65 posts
[2025-11-05 06:52:29] Success: thekitchensaid.com -> 864 posts
[2025-11-05 06:52:29] Not WordPress or API disabled: thekrazycouponlady.com
[2025-11-05 06:52:30] Success: thelanguagegarage.com -> 681 posts
[2025-11-05 06:52:30] Success: thekitchenapothecary.com -> 55 posts
[2025-11-05 06:52:30] Success: thekonsulthub.com -> 828 posts
[2025-11-05 06:52:30] Success: theinspiringjournal.com -> 2695 posts
[2025-11-05 06:52:30] Success: thekoreanvegan.com -> 230 posts
[2025-11-05 06:52:30] Not WordPress or API disabled: thelazygeniuscollective.com
[2025-11-05 06:52:30] Success: thelazydish.com -> 135 posts
[2025-11-05 06:52:31] Success: thekittchen.com -> 1848 posts
[2025-11-05 06:52:31] Success: thekreativelife.com -> 210 posts
[2025-11-05 06:52:31] Success: thelavenderchair.com -> 864 posts
[2025-11-05 06:52:31] WordPress but no count header: thelifeology.com
[2025-11-05 06:52:31] Success: theliterarycompass.com -> 115 posts
[2025-11-05 06:52:31] Success: theletteredcottage.net -> 2068 posts
[2025-11-05 06:52:31] Connection error: thelittlegreendot.com
[2025-11-05 06:52:31] Success: theitalyedit.com -> 215 posts
[2025-11-05 06:52:32] Success: thelifehand.com -> 214 posts
[2025-11-05 06:52:32] Success: thelastfoodblog.com -> 285 posts
[2025-11-05 06:52:32] Success: thelifesciencesmagazine.com -> 2663 posts
[2025-11-05 06:52:33] Success: thelifehand.com -> 214 posts
[2025-11-05 06:52:33] Success: thekliners.kitchen -> 4 posts
[2025-11-05 06:52:33] Success: thelilypadcottage.com -> 718 posts
[2025-11-05 06:52:33] Success: thelittleshine.com -> 1395 posts
[2025-11-05 06:52:33] Connection error: thelondonfoodie.co.uk
[2025-11-05 06:52:33] WordPress but restricted: theloopywhisk.com (HTTP 403)
[2025-11-05 06:52:33] Success: thelittlefrugalhouse.com -> 556 posts
[2025-11-05 06:52:33] Success: theliterarylifestyle.com -> 624 posts
[2025-11-05 06:52:33] Success: thelifejolie.com -> 494 posts
[2025-11-05 06:52:34] Connection error: themakerette.net
[2025-11-05 06:52:34] Success: themaintenanceexpertschicago.com -> 1 posts
[2025-11-05 06:52:34] Unknown status: thelifesynthesis.com (HTTP 503)
[2025-11-05 06:52:34] Success: themaintenanceexpertslasvegas.com -> 1 posts
[2025-11-05 06:52:34] Success: themaintenanceexpertshuntsville.com -> 1 posts
[2025-11-05 06:52:34] Success: thelittlekitchen.net -> 555 posts
[2025-11-05 06:52:34] Success: themaintenanceexpertsmilwaukee.com -> 1 posts
[2025-11-05 06:52:34] Success: thelunahive.com -> 18780 posts
[2025-11-05 06:52:34] Success: themaintenanceexpertsvirginiabeach.com -> 1 posts
[2025-11-05 06:52:34] Success: themakerista.com -> 471 posts
[2025-11-05 06:52:35] Success: thelifestyleofus.com -> 146 posts
[2025-11-05 06:52:35] Success: themaintenanceexpertslosangeles.com -> 1 posts
[2025-11-05 06:52:35] Success: thelittlepine.com -> 607 posts
[2025-11-05 06:52:35] Success: thelocalrose.com -> 793 posts
[2025-11-05 06:52:35] Success: thelaststitch.com -> 640 posts
[2025-11-05 06:52:35] Not WordPress or API disabled: themansonfamily-mtts.medium.com
[2025-11-05 06:52:36] Success: themarthablog.com -> 5129 posts
[2025-11-05 06:52:36] WordPress but no count header: thehealthyfoodie.com
[2025-11-05 06:52:36] Success: themenopausecharity.org -> 90 posts
[2025-11-05 06:52:36] Success: themakeyourownzone.com -> 630 posts
[2025-11-05 06:52:36] Success: themamahandbook.com -> 104 posts
[2025-11-05 06:52:37] Success: themerrythought.com -> 1569 posts
[2025-11-05 06:52:37] Success: thekiwivegan.com -> 14 posts
[2025-11-05 06:52:37] Success: themediterraneandish.com -> 1289 posts
[2025-11-05 06:52:37] Success: themindfool.com -> 553 posts
[2025-11-05 06:52:37] Success: themechanicdoctor.com -> 649 posts
[2025-11-05 06:52:37] Success: themindfool.com -> 553 posts
[2025-11-05 06:52:37] Success: themamapirate.com -> 371 posts
[2025-11-05 06:52:38] Success: themighty.com -> 51380 posts
[2025-11-05 06:52:38] Success: themakersmap.com -> 649 posts
[2025-11-05 06:52:38] Success: themightyrib.com -> 1229 posts
[2025-11-05 06:52:38] Success: theminimalistmom.com -> 476 posts
[2025-11-05 06:52:38] Success: themandagies.com -> 500 posts
[2025-11-05 06:52:38] Success: themilliondollarmama.com -> 636 posts
[2025-11-05 06:52:38] Success: theminimalists.com -> 622 posts
[2025-11-05 06:52:39] WordPress but no count header: themodernfarmhouse.com
[2025-11-05 06:52:39] Success: theminifigurestore.uk -> 148 posts
[2025-11-05 06:52:39] Success: themealprepninja.com -> 167 posts
[2025-11-05 06:52:39] Unknown status: thegoodhuman.com (HTTP 520)
[2025-11-05 06:52:39] Success: themindfulword.org -> 3395 posts
[2025-11-05 06:52:40] Success: themamamanual.com -> 373 posts
[2025-11-05 06:52:40] Success: themodernlife.com -> 62 posts
[2025-11-05 06:52:40] WordPress but no count header: themixer.com
[2025-11-05 06:52:40] Not WordPress or API disabled: themodernproper.com
[2025-11-05 06:52:40] Success: themamamanual.com -> 373 posts
[2025-11-05 06:52:40] Success: themodernwomanly.com -> 85 posts
[2025-11-05 06:52:40] Success: themost10.com -> 551 posts
[2025-11-05 06:52:40] Success: themerrymomma.com -> 368 posts
[2025-11-05 06:52:40] Connection error: themusejobs.com
[2025-11-05 06:52:41] Success: thenakeddiabetic.com -> 218 posts
[2025-11-05 06:52:41] Success: themost10.com -> 551 posts
[2025-11-05 06:52:41] Success: themom100.com -> 200 posts
[2025-11-05 06:52:41] Success: thenakeddiabetic.com -> 218 posts
[2025-11-05 06:52:41] Success: themakinglife.com -> 97 posts
[2025-11-05 06:52:41] Success: themommylabs.com -> 48 posts
[2025-11-05 06:52:41] Success: themommylabs.com -> 48 posts
[2025-11-05 06:52:41] Success: themodestman.com -> 4270 posts
[2025-11-05 06:52:41] Success: themommadiaries.com -> 1814 posts
[2025-11-05 06:52:41] Success: thenerddaily.com -> 9389 posts
[2025-11-05 06:52:42] Success: theminimalistvegan.com -> 296 posts
[2025-11-05 06:52:42] Success: themouldmen.com -> 11 posts
[2025-11-05 06:52:42] Success: themostlysimplelife.com -> 611 posts
[2025-11-05 06:52:42] Success: thenationalcouncil.org -> 207 posts
[2025-11-05 06:52:42] Success: thenashvillehandyman.com -> 12 posts
[2025-11-05 06:52:43] Success: themoldassassins.com -> 300 posts
[2025-11-05 06:52:43] Success: thenerdyfarmwife.com -> 337 posts
[2025-11-05 06:52:43] Success: themoneyprinciple.com -> 619 posts
[2025-11-05 06:52:43] Success: thenessykitchen.com -> 377 posts
[2025-11-05 06:52:43] Success: thenestingchronicles.org -> 8 posts
[2025-11-05 06:52:43] Success: thenatureofhome.com -> 3717 posts
[2025-11-05 06:52:43] Success: thenavagepatch.com -> 731 posts
[2025-11-05 06:52:44] Success: thenetworkinstallers.com -> 230 posts
[2025-11-05 06:52:44] Success: thenookon32.com -> 57 posts
[2025-11-05 06:52:44] Success: thenovicehomestead.com -> 62 posts
[2025-11-05 06:52:44] Not WordPress or API disabled: theordinarylovely.com
[2025-11-05 06:52:45] WordPress but no count header: theoldhouse.com
[2025-11-05 06:52:45] Success: themountainfarmhouse.com -> 79 posts
[2025-11-05 06:52:45] Not WordPress or API disabled: theodysseyonline.com
[2025-11-05 06:52:45] Success: theoklahomahomesteader.com -> 138 posts
[2025-11-05 06:52:46] Success: theorganisedmum.com -> 299 posts
[2025-11-05 06:52:46] Success: theorganisedhousewife.com.au -> 2851 posts
[2025-11-05 06:52:46] Success: theorganizedmama.com -> 621 posts
[2025-11-05 06:52:46] Not WordPress or API disabled: theorganisedyou.com
[2025-11-05 06:52:46] Success: themoneyprinciple.com -> 619 posts
[2025-11-05 06:52:46] Connection error: thepaintedhome.co
[2025-11-05 06:52:46] Success: theneonteaparty.com -> 202 posts
[2025-11-05 06:52:46] Success: theoneliner.in -> 1058 posts
[2025-11-05 06:52:47] Success: theoldschoolhouse.com -> 3711 posts
[2025-11-05 06:52:47] Success: thensf.org -> 172 posts
[2025-11-05 06:52:47] WordPress but restricted: thepennyhoarder.com (HTTP 403)
[2025-11-05 06:52:47] Success: thepeacefulhaven.com -> 643 posts
[2025-11-05 06:52:48] Success: theownerbuildernetwork.co -> 925 posts
[2025-11-05 06:52:48] Success: theofflinekid.com -> 137 posts
[2025-11-05 06:52:48] Success: theownerbuildernetwork.co -> 925 posts
[2025-11-05 06:52:48] Success: thepaleodiet.com -> 532 posts
[2025-11-05 06:52:48] Success: thepassportkitchen.com -> 1699 posts
[2025-11-05 06:52:48] Success: thepeoplewhoshare.com -> 697 posts
[2025-11-05 06:52:49] Success: thepetinstitute.com -> 280 posts
[2025-11-05 06:52:49] Success: thepeoplewhoshare.com -> 697 posts
[2025-11-05 06:52:49] Success: theperfectloaf.com -> 189 posts
[2025-11-05 06:52:49] Success: thephotoargus.com -> 602 posts
[2025-11-05 06:52:49] Success: thepeachkitchen.com -> 3747 posts
[2025-11-05 06:52:50] Success: theorganizedfamilyblog.com -> 117 posts
[2025-11-05 06:52:50] Success: thepetitecook.com -> 501 posts
[2025-11-05 06:52:50] Not WordPress or API disabled: thepioneerwoman.com
[2025-11-05 06:52:50] Connection error: thelatinkitchen.com
[2025-11-05 06:52:51] Not WordPress or API disabled: thenest.com
[2025-11-05 06:52:51] Success: theplantbaseddiet.com -> 160 posts
[2025-11-05 06:52:51] Success: theplantbaseddiet.com -> 160 posts
[2025-11-05 06:52:51] Success: thepiddlerlife.com -> 4 posts
[2025-11-05 06:52:51] Success: theplainsimplelife.com -> 167 posts
[2025-11-05 06:52:51] Success: theportablelaundry.com -> 1320 posts
[2025-11-05 06:52:51] Success: thepinkgoose.com -> 1935 posts
[2025-11-05 06:52:51] Success: themindfulsteward.com -> 233 posts
[2025-11-05 06:52:51] Success: thepiton.com -> 3210 posts
[2025-11-05 06:52:51] Success: thepiton.com -> 3210 posts
[2025-11-05 06:52:52] Not WordPress or API disabled: thepointsguy.com
[2025-11-05 06:52:52] Success: theplantbasedschool.com -> 778 posts
[2025-11-05 06:52:52] Success: thepracticalplanter.com -> 1371 posts
[2025-11-05 06:52:52] Success: thepremierdaily.com -> 2670 posts
[2025-11-05 06:52:53] Success: thepondsfarmhouse.com -> 1052 posts
[2025-11-05 06:52:53] Connection error: theplantlist.org
[2025-11-05 06:52:54] Success: thepracticalherbalist.com -> 1152 posts
[2025-11-05 06:52:54] Success: theplanetd.com -> 1476 posts
[2025-11-05 06:52:54] Success: theprepared.com -> 701 posts
[2025-11-05 06:52:54] Success: theproperblog.com -> 851 posts
[2025-11-05 06:52:54] Success: theprocesshacker.com -> 543 posts
[2025-11-05 06:52:54] Success: theprairiehomestead.com -> 624 posts
[2025-11-05 06:52:55] Success: theprofessionalhobo.com -> 865 posts
[2025-11-05 06:52:55] Success: thepreppingguide.com -> 268 posts
[2025-11-05 06:52:55] WordPress but restricted: thepoortraveler.net (HTTP 401)
[2025-11-05 06:52:56] Success: thepowertoolwebsite.com -> 99 posts
[2025-11-05 06:52:56] Success: theproteinchef.co -> 637 posts
[2025-11-05 06:52:56] Success: thequotehive.com -> 443 posts
[2025-11-05 06:52:56] Success: theprettybee.com -> 954 posts
[2025-11-05 06:52:56] Success: thequeenzone.com -> 1543 posts
[2025-11-05 06:52:56] Success: therapyforblackgirls.com -> 698 posts
[2025-11-05 06:52:56] Success: theprettyplaneteer.com -> 89 posts
[2025-11-05 06:52:56] Success: thepurposefulpantry.com -> 227 posts
[2025-11-05 06:52:56] WordPress but restricted: thereadingresidence.com (HTTP 403)
[2025-11-05 06:52:56] WordPress but restricted: thereadingresidence.com (HTTP 403)
[2025-11-05 06:52:57] Success: therandomvibez.com -> 2959 posts
[2025-11-05 06:52:57] Success: theptdc.com -> 1948 posts
[2025-11-05 06:52:57] Success: therealspectrum.com -> 53 posts
[2025-11-05 06:52:57] Success: therainbowplanner.com -> 94 posts
[2025-11-05 06:52:57] Success: thepaintedhive.net -> 346 posts
[2025-11-05 06:52:57] Success: therapygroupdc.com -> 434 posts
[2025-11-05 06:52:57] Success: therealfooddietitians.com -> 872 posts
[2025-11-05 06:52:58] WordPress but no count header: thereadingnook.com.au
[2025-11-05 06:52:58] Connection error: thereeledsister.com
[2025-11-05 06:52:58] Success: thenaturallivingsite.com -> 3386 posts
[2025-11-05 06:52:58] Success: thenaturallivingsite.com -> 3386 posts
[2025-11-05 06:52:58] WordPress but restricted: therarewelshbit.com (HTTP 401)
[2025-11-05 06:52:58] Success: therealfoodrds.com -> 872 posts
[2025-11-05 06:52:58] Success: therecipecritic.com -> 3676 posts
[2025-11-05 06:52:59] Success: therefined.co -> 450 posts
[2025-11-05 06:52:59] Success: therealmealdeal.com -> 132 posts
[2025-11-05 06:52:59] Timeout: theculturetrip.com
[2025-11-05 06:52:59] Not WordPress or API disabled: theravive.com
[2025-11-05 06:52:59] Success: thereelstars.com -> 2076 posts
[2025-11-05 06:52:59] Success: therecycleguide.org -> 509 posts
[2025-11-05 06:53:00] Success: therecoveryvillage.com -> 4 posts
[2025-11-05 06:53:00] Success: therenaissanceshop.com -> 4 posts
[2025-11-05 06:53:00] Success: theriagames.com -> 353 posts
[2025-11-05 06:53:00] Success: theraingauge.com -> 170 posts
[2025-11-05 06:53:00] Success: therelationshippsychics.com -> 645 posts
[2025-11-05 06:53:00] Success: therepurposinglife.com -> 277 posts
[2025-11-05 06:53:00] Success: therepurposinglife.com -> 277 posts
[2025-11-05 06:53:01] Success: theraingauge.com -> 170 posts
[2025-11-05 06:53:01] Success: thereluctantfoodie.com -> 33 posts
[2025-11-05 06:53:01] Success: thereciperebel.com -> 1286 posts
[2025-11-05 06:53:01] Success: thermomixdivarecipes.com -> 163 posts
[2025-11-05 06:53:01] Success: thermomixdivarecipes.com -> 163 posts
[2025-11-05 06:53:01] WordPress but restricted: theroot.com (HTTP 403)
[2025-11-05 06:53:01] Success: thereislifeafterwheat.com -> 180 posts
[2025-11-05 06:53:01] Success: therestfulhome.com -> 220 posts
[2025-11-05 06:53:01] Success: theresumeclinic.com -> 273 posts
[2025-11-05 06:53:02] Success: theroastedroot.net -> 2314 posts
[2025-11-05 06:53:02] Connection error: thesaucysitch.com
[2025-11-05 06:53:02] Success: theroundup.org -> 384 posts
[2025-11-05 06:53:02] Success: therunningadvisor.com -> 866 posts
[2025-11-05 06:53:02] Success: therunningadvisor.com -> 866 posts
[2025-11-05 06:53:02] Success: theroamingfork.com -> 253 posts
[2025-11-05 06:53:03] Success: therovingfoodie.com -> 64 posts
[2025-11-05 06:53:03] Success: therootedfarmhouse.com -> 210 posts
[2025-11-05 06:53:03] WordPress but no count header: therusticlife.com
[2025-11-05 06:53:03] Success: thesavvymama.com -> 444 posts
[2025-11-05 06:53:03] WordPress but no count header: theresidentially.com
[2025-11-05 06:53:03] Connection error: theseasedhomemaker.com
[2025-11-05 06:53:04] Success: thesavvycouple.com -> 558 posts
[2025-11-05 06:53:04] Success: thesageapron.com -> 171 posts
[2025-11-05 06:53:04] Success: therunnerbeans.com -> 1340 posts
[2025-11-05 06:53:04] Success: therecipebuffet.com -> 106 posts
[2025-11-05 06:53:05] Success: thesawguy.com -> 800 posts
[2025-11-05 06:53:05] Success: therusticelk.com -> 356 posts
[2025-11-05 06:53:05] Success: theseamanmom.com -> 997 posts
[2025-11-05 06:53:05] Success: thesavvysparrow.com -> 624 posts
[2025-11-05 06:53:05] Success: theschooloflife.com -> 70 posts
[2025-11-05 06:53:05] Connection error: theorderexpert.com
[2025-11-05 06:53:05] Success: thescoutguide.com -> 12403 posts
[2025-11-05 06:53:05] Success: thesewingloftblog.com -> 1201 posts
[2025-11-05 06:53:05] Success: theseasonedmom.com -> 2719 posts
[2025-11-05 06:53:06] Not WordPress or API disabled: thesill.com
[2025-11-05 06:53:06] Success: thesimpledad.com -> 145 posts
[2025-11-05 06:53:06] Success: theselfstoragecompany.co -> 52 posts
[2025-11-05 06:53:07] Success: thesaltedpepper.com -> 562 posts
[2025-11-05 06:53:07] Success: thesimpledollar.com -> 1 posts
[2025-11-05 06:53:07] Success: thesavvydreamer.com -> 97 posts
[2025-11-05 06:53:07] Success: thesimpledaisy.com -> 98 posts
[2025-11-05 06:53:07] Success: theselfsufficientliving.com -> 251 posts
[2025-11-05 06:53:07] Success: thesimplicityhabit.com -> 691 posts
[2025-11-05 06:53:08] Success: theshakencocktail.com -> 72 posts
[2025-11-05 06:53:08] Success: thesimpleparadise.com -> 156 posts
[2025-11-05 06:53:08] Success: thesagesaver.com -> 202 posts
[2025-11-05 06:53:08] Success: thesmartlocal.jp -> 769 posts
[2025-11-05 06:53:08] Success: thesleepsavvy.com -> 334 posts
[2025-11-05 06:53:08] Success: thesoughtafter.com -> 491 posts
[2025-11-05 06:53:08] Success: thesimpleliferevival.com -> 142 posts
[2025-11-05 06:53:09] Unknown status: thespruce.com (HTTP 460)
[2025-11-05 06:53:09] Unknown status: thespruceeats.com (HTTP 460)
[2025-11-05 06:53:09] Unknown status: thesprucepets.com (HTTP 460)
[2025-11-05 06:53:09] Not WordPress or API disabled: thesorrygirls.com
[2025-11-05 06:53:09] Success: thesmoothieguy.com -> 23 posts
[2025-11-05 06:53:09] Success: theselfhelplibrary.com -> 5872 posts
[2025-11-05 06:53:09] Success: thesefourwallsblog.com -> 836 posts
[2025-11-05 06:53:09] Not WordPress or API disabled: thespicehouse.com
[2025-11-05 06:53:10] Success: thesmileacademy.com -> 22 posts
[2025-11-05 06:53:10] Success: thesouthernladycooks.com -> 1734 posts
[2025-11-05 06:53:10] Success: thestartupmag.com -> 5593 posts
[2025-11-05 06:53:10] Success: theskincarewhisperer.com -> 185 posts
[2025-11-05 06:53:10] Connection error: thepinnaclelist.com
[2025-11-05 06:53:10] Connection error: thepinnaclelist.com
[2025-11-05 06:53:10] Success: thestatesmanindia.com -> 628 posts
[2025-11-05 06:53:11] WordPress but restricted: theskinnyconfidential.com (HTTP 401)
[2025-11-05 06:53:11] Success: thestayathomechef.com -> 1463 posts
[2025-11-05 06:53:11] Success: thestitchinmommy.com -> 1840 posts
[2025-11-05 06:53:11] Success: thestrive.co -> 809 posts
[2025-11-05 06:53:11] Success: thestrive.co -> 809 posts
[2025-11-05 06:53:12] Success: thestreetfoodguy.com -> 1042 posts
[2025-11-05 06:53:12] Success: thesolospoon.com -> 70 posts
[2025-11-05 06:53:12] Success: thestreetblogger.com -> 165 posts
[2025-11-05 06:53:12] Success: thesoulfoodpot.com -> 308 posts
[2025-11-05 06:53:12] Success: thestylecycle.com -> 115 posts
[2025-11-05 06:53:13] Success: theshabbycreekcottage.com -> 331 posts
[2025-11-05 06:53:13] Success: thestudyjournal.com -> 532 posts
[2025-11-05 06:53:13] Success: thestrugglingwarrior.com -> 280 posts
[2025-11-05 06:53:13] Success: thestyledabode.com -> 35 posts
[2025-11-05 06:53:13] Success: thesugarfreediva.com -> 752 posts
[2025-11-05 06:53:13] Success: thesustainablebrandsjournal.com -> 405 posts
[2025-11-05 06:53:13] Success: thestingyvegan.com -> 204 posts
[2025-11-05 06:53:13] Connection error: theswitchpod.com
[2025-11-05 06:53:13] Success: thesunnysideupblog.com -> 2172 posts
[2025-11-05 06:53:13] Success: thestoriedrecipe.com -> 405 posts
[2025-11-05 06:53:14] Success: thesmoothiebird.com -> 114 posts
[2025-11-05 06:53:14] Connection error: thesweetestthingblog.com
[2025-11-05 06:53:14] WordPress but no count header: thesurvivaljournal.com
[2025-11-05 06:53:14] Success: thesurvivalmom.com -> 651 posts
[2025-11-05 06:53:14] Not WordPress or API disabled: thetakeout.com
[2025-11-05 06:53:14] Success: thesprucetools.com -> 162 posts
[2025-11-05 06:53:15] Success: thesurvivalsummit.com -> 51 posts
[2025-11-05 06:53:15] Success: thetastynest.com -> 200 posts
[2025-11-05 06:53:15] Success: thetastynest.com -> 200 posts
[2025-11-05 06:53:15] Success: thethaiger.com -> 99086 posts
[2025-11-05 06:53:15] Success: thesun.co.uk -> 1324377 posts
[2025-11-05 06:53:15] Success: thetastefulkitchen.com -> 18 posts
[2025-11-05 06:53:16] Success: thesummeryumbrella.com -> 371 posts
[2025-11-05 06:53:16] Success: thetidylady.co.nz -> 310 posts
[2025-11-05 06:53:16] Success: thetechylife.com -> 42918 posts
[2025-11-05 06:53:16] Success: thesustainable.life -> 383 posts
[2025-11-05 06:53:16] Success: thetechedvocate.org -> 123840 posts
[2025-11-05 06:53:16] Success: thethriftyapartment.com -> 404 posts
[2025-11-05 06:53:17] Success: thetinylife.com -> 769 posts
[2025-11-05 06:53:17] Success: thesustainablelivingguide.com -> 232 posts
[2025-11-05 06:53:17] Success: thethriftymindset.com -> 2891 posts
[2025-11-05 06:53:17] Success: thethriftymindset.com -> 2891 posts
[2025-11-05 06:53:17] Success: thetexmexmom.com -> 324 posts
[2025-11-05 06:53:17] Not WordPress or API disabled: thetotalliving.medium.com
[2025-11-05 06:53:17] Success: thetnhempcompany.com -> 120 posts
[2025-11-05 06:53:17] Success: thetalesofatraveler.com -> 208 posts
[2025-11-05 06:53:17] Success: thetastesoflife.com -> 631 posts
[2025-11-05 06:53:17] Not WordPress or API disabled: thetrainline.com
[2025-11-05 06:53:18] Success: thetoolcupboard.com -> 484 posts
[2025-11-05 06:53:18] Success: thesmartestsprout.com -> 33 posts
[2025-11-05 06:53:18] Success: thetravelmagazine.net -> 3021 posts
[2025-11-05 06:53:18] Success: thesmartestsprout.com -> 33 posts
[2025-11-05 06:53:18] Success: thethoughtfulgamer.com -> 483 posts
[2025-11-05 06:53:19] Success: thetrek.co -> 25274 posts
[2025-11-05 06:53:19] Success: theunlikelyhostess.com -> 269 posts
[2025-11-05 06:53:19] Success: thetravelhack.com -> 1516 posts
[2025-11-05 06:53:19] Success: thetravelbible.com -> 632 posts
[2025-11-05 06:53:19] Success: thetravelerbd.com -> 527 posts
[2025-11-05 06:53:19] Success: theturquoisehome.com -> 777 posts
[2025-11-05 06:53:20] Success: thetwordtravel.com -> 106 posts
[2025-11-05 06:53:20] Success: thevietvegan.com -> 475 posts
[2025-11-05 06:53:20] Success: theviewfromgreatisland.com -> 2537 posts
[2025-11-05 06:53:20] Success: theurbancrews.com -> 1000 posts
[2025-11-05 06:53:20] Success: theultimatehomestead.com -> 455 posts
[2025-11-05 06:53:20] Not WordPress or API disabled: thevintagescene.com
[2025-11-05 06:53:21] Success: thevou.com -> 758 posts
[2025-11-05 06:53:21] Success: thewalkingmermaid.com -> 179 posts
[2025-11-05 06:53:21] Success: theupcycledfamily.com -> 263 posts
[2025-11-05 06:53:21] Success: thevgnway.com -> 210 posts
[2025-11-05 06:53:21] Success: thetriviaquizsite.com -> 196 posts
[2025-11-05 06:53:21] Success: thevacationer.com -> 301 posts
[2025-11-05 06:53:21] WordPress but no count header: thewelcominghome.com
[2025-11-05 06:53:21] Success: theteacupattic.com -> 71 posts
[2025-11-05 06:53:22] Success: theurbenlife.com -> 584 posts
[2025-11-05 06:53:22] Success: thewalletmoth.com -> 255 posts
[2025-11-05 06:53:22] Success: thevegspace.co.uk -> 262 posts
[2025-11-05 06:53:22] Success: thewebimpact.com -> 224 posts
[2025-11-05 06:53:22] Success: thewanderlustkitchen.com -> 723 posts
[2025-11-05 06:53:22] Success: thevanabondtales.com -> 279 posts
[2025-11-05 06:53:22] Success: thewellbeingdiary.com -> 107 posts
[2025-11-05 06:53:23] Success: thewellco.co -> 55 posts
[2025-11-05 06:53:23] Success: thewaystowealth.com -> 399 posts
[2025-11-05 06:53:23] Success: thewerkscleaning.com -> 6 posts
[2025-11-05 06:53:23] Success: thewerkscleaning.com -> 6 posts
[2025-11-05 06:53:23] Not WordPress or API disabled: thewinechef.com
[2025-11-05 06:53:23] Success: theteacupattic.com -> 71 posts
[2025-11-05 06:53:23] Success: thewellco.co -> 55 posts
[2025-11-05 06:53:23] Success: theword360.com -> 1639 posts
[2025-11-05 06:53:23] Success: thewebimpact.com -> 224 posts
[2025-11-05 06:53:23] WordPress but restricted: theworkoutmama.com (HTTP 403)
[2025-11-05 06:53:23] Success: thewiegands.com -> 2878 posts
[2025-11-05 06:53:23] Success: thewellnesssociety.org -> 7 posts
[2025-11-05 06:53:23] Success: thewiredhomeschool.com -> 59 posts
[2025-11-05 06:53:23] Success: thewoksoflife.com -> 1693 posts
[2025-11-05 06:53:24] Success: thewholepack.com -> 203 posts
[2025-11-05 06:53:24] Success: theworldtravelguy.com -> 333 posts
[2025-11-05 06:53:24] Success: theworldpursuit.com -> 773 posts
[2025-11-05 06:53:25] Success: thewritepractice.com -> 1974 posts
[2025-11-05 06:53:25] Success: thewanderinggirl.com -> 608 posts
[2025-11-05 06:53:25] Success: thhnw.org -> 27 posts
[2025-11-05 06:53:25] Success: thhnw.org -> 27 posts
[2025-11-05 06:53:25] Success: thewoodenify.com -> 1135 posts
[2025-11-05 06:53:25] Success: theworkathomewoman.com -> 1554 posts
[2025-11-05 06:53:25] Success: thewonderforest.com -> 994 posts
[2025-11-05 06:53:25] Success: thewonderforest.com -> 994 posts
[2025-11-05 06:53:25] Success: thewoodwhisperer.com -> 5 posts
[2025-11-05 06:53:25] Success: theyashgoyal.com -> 41 posts
[2025-11-05 06:53:25] Success: theyogacollective.com -> 140 posts
[2025-11-05 06:53:25] Success: theyogacollective.com -> 140 posts
[2025-11-05 06:53:25] Success: thewholeworldisaplayground.com -> 631 posts
[2025-11-05 06:53:25] Success: thie-online.eu -> 0 posts
[2025-11-05 06:53:25] Success: theworktop.com -> 371 posts
[2025-11-05 06:53:26] Success: thinker.net.au -> 21 posts
[2025-11-05 06:53:26] Success: thirstpals.com -> 266 posts
[2025-11-05 06:53:26] Success: thirstpals.com -> 266 posts
[2025-11-05 06:53:26] Success: thinker.net.au -> 21 posts
[2025-11-05 06:53:26] Success: thie-online.eu -> 0 posts
[2025-11-05 06:53:26] Success: thirstytales.com -> 4697 posts
[2025-11-05 06:53:26] Success: thinkhealthcare.org -> 245 posts
[2025-11-05 06:53:26] Success: thinkhealthcare.org -> 245 posts
[2025-11-05 06:53:26] Connection error: thiskitchenlife.com
[2025-11-05 06:53:26] Success: thezerowastelife.com -> 149 posts
[2025-11-05 06:53:26] Success: thinkimpact.com -> 108 posts
[2025-11-05 06:53:27] Success: thinkstewartville.com -> 942 posts
[2025-11-05 06:53:27] Success: thisismygarden.com -> 639 posts
[2025-11-05 06:53:27] WordPress but restricted: thissillygirlskitchen.com (HTTP 403)
[2025-11-05 06:53:27] Success: thisgalcooks.com -> 1028 posts
[2025-11-05 06:53:27] Success: thishealthytable.com -> 874 posts
[2025-11-05 06:53:27] Success: thirtyhandmadedays.com -> 1925 posts
[2025-11-05 06:53:27] Success: thinkremote.com -> 2262 posts
[2025-11-05 06:53:28] Success: thirstpriority.com -> 105 posts
[2025-11-05 06:53:28] Success: thinkingsustainably.com -> 343 posts
[2025-11-05 06:53:28] Success: thismakesthat.com -> 879 posts
[2025-11-05 06:53:28] Connection error: thistlegirl.com
[2025-11-05 06:53:28] Success: thistlewoodfarms.com -> 2848 posts
[2025-11-05 06:53:28] Unknown status: thoughtco.com (HTTP 460)
[2025-11-05 06:53:28] Success: thiswellness.com -> 54 posts
[2025-11-05 06:53:28] Success: thiswellness.com -> 54 posts
[2025-11-05 06:53:28] Success: thispilgrimlife.com -> 710 posts
[2025-11-05 06:53:29] Success: thissimplebalance.com -> 304 posts
[2025-11-05 06:53:29] Success: thoughtcatalog.com -> 35787 posts
[2025-11-05 06:53:29] Success: thisolderhouse.com -> 1310 posts
[2025-11-05 06:53:29] WordPress but no count header: thisoldhouse.com
[2025-11-05 06:53:29] WordPress but restricted: thriftdiving.com (HTTP 403)
[2025-11-05 06:53:29] Success: thismamablogs.com -> 425 posts
[2025-11-05 06:53:29] WordPress but no count header: thriftdecor.com
[2025-11-05 06:53:29] Success: thoughtfulparent.com -> 321 posts
[2025-11-05 06:53:30] Success: threesnackateers.com -> 351 posts
[2025-11-05 06:53:30] Success: thiswaytoitaly.com -> 417 posts
[2025-11-05 06:53:30] Not WordPress or API disabled: thriftydecorchick.com
[2025-11-05 06:53:30] Success: thishyggehome.com -> 129 posts
[2025-11-05 06:53:30] Success: thriftyintrovert.com -> 54 posts
[2025-11-05 06:53:30] Success: thishyggehome.com -> 129 posts
[2025-11-05 06:53:31] Success: threadsmonthly.com -> 228 posts
[2025-11-05 06:53:31] Not WordPress or API disabled: thriftyandchic.com
[2025-11-05 06:53:31] Success: thouswell.com -> 1367 posts
[2025-11-05 06:53:31] Success: thriftyfrugalmom.com -> 376 posts
[2025-11-05 06:53:31] Success: thresholds.org -> 111 posts
[2025-11-05 06:53:32] Not WordPress or API disabled: thrillist.com
[2025-11-05 06:53:32] Success: thresholds.org -> 111 posts
[2025-11-05 06:53:32] Success: thispixiecreates.com -> 152 posts
[2025-11-05 06:53:32] Success: thriveworks.com -> 2161 posts
[2025-11-05 06:53:33] Success: thrivewithjanie.com -> 344 posts
[2025-11-05 06:53:33] Not WordPress or API disabled: thriftyfun.com
[2025-11-05 06:53:33] Success: thinkoutsidethecubiclenow.com -> 1717 posts
[2025-11-05 06:53:33] Success: thriftylesley.com -> 911 posts
[2025-11-05 06:53:33] Success: thrivingcenterofpsych.com -> 205 posts
[2025-11-05 06:53:33] Success: thrivewithjanie.com -> 344 posts
[2025-11-05 06:53:33] Success: thrivemyway.com -> 1451 posts
[2025-11-05 06:53:33] Connection error: thunderwoodhandyman.com
[2025-11-05 06:53:34] Success: thrivinghomeblog.com -> 673 posts
[2025-11-05 06:53:34] Success: thrivepersonally.com -> 669 posts
[2025-11-05 06:53:34] Success: thriveyard.com -> 37 posts
[2025-11-05 06:53:34] Success: thrivingthroughitall.com -> 61 posts
[2025-11-05 06:53:34] Success: thisevergreenhome.com -> 880 posts
[2025-11-05 06:53:34] Unknown status: thumbtack.com (HTTP 202)
[2025-11-05 06:53:34] Success: thrivethemes.com -> 593 posts
[2025-11-05 06:53:34] Success: thryv.com -> 2530 posts
[2025-11-05 06:53:35] Connection error: tidyhomeblog.com
[2025-11-05 06:53:35] Success: thrivingsustainably.com -> 82 posts
[2025-11-05 06:53:35] Success: thygesenapparel.com -> 207 posts
[2025-11-05 06:53:36] Connection error: tidylife.co.uk
[2025-11-05 06:53:36] Success: throughthephases.com -> 140 posts
[2025-11-05 06:53:36] Success: ticoandtina.com -> 790 posts
[2025-11-05 06:53:36] Not WordPress or API disabled: tide.com
[2025-11-05 06:53:36] Success: tidbitsofexperience.com -> 3018 posts
[2025-11-05 06:53:36] Success: tim.blog -> 2017 posts
[2025-11-05 06:53:36] Success: thsc.org -> 526 posts
[2025-11-05 06:53:36] Success: thyroid.org -> 885 posts
[2025-11-05 06:53:36] Success: tilt.colostate.edu -> 103 posts
[2025-11-05 06:53:36] Success: tidylifehappywife.com -> 94 posts
[2025-11-05 06:53:36] Success: thrivingwonders.com -> 102 posts
[2025-11-05 06:53:37] Success: tidydiary.com -> 68 posts
[2025-11-05 06:53:37] Connection error: time-management-ninja.com
[2025-11-05 06:53:37] Success: thriveinthailand.com -> 91 posts
[2025-11-05 06:53:37] Success: tiffytaffy.com -> 2467 posts
[2025-11-05 06:53:37] Success: tidymalism.com -> 153 posts
[2025-11-05 06:53:38] Success: tidymom.net -> 1834 posts
[2025-11-05 06:53:38] Success: time-management.org -> 30 posts
[2025-11-05 06:53:39] Success: timehackz.com -> 60 posts
[2025-11-05 06:53:39] Success: tiltedmap.com -> 119 posts
[2025-11-05 06:53:39] Success: timetackle.com -> 385 posts
[2025-11-05 06:53:39] Success: tidyhomeguide.com -> 7897 posts
[2025-11-05 06:53:39] WordPress but restricted: tinandthyme.uk (HTTP 403)
[2025-11-05 06:53:39] Success: timeshood.com -> 155 posts
[2025-11-05 06:53:39] Not WordPress or API disabled: timesonline.com
[2025-11-05 06:53:40] Connection error: thrively.co
[2025-11-05 06:53:40] Not WordPress or API disabled: tinnedtomatoes.com
[2025-11-05 06:53:40] Not WordPress or API disabled: tinycanalcottage.com
[2025-11-05 06:53:40] Success: timbertime.uk -> 16 posts
[2025-11-05 06:53:41] Success: tinybuddha.com -> 9980 posts
[2025-11-05 06:53:41] Success: timehackz.com -> 60 posts
[2025-11-05 06:53:41] Success: tinybeans.com -> 22088 posts
[2025-11-05 06:53:41] Success: tinykitchendivas.com -> 13993 posts
[2025-11-05 06:53:41] Success: timodelle-magazine.com -> 2447 posts
[2025-11-05 06:53:42] Success: tidbits-cami.com -> 743 posts
[2025-11-05 06:53:42] Success: tinygardenhabit.com -> 769 posts
[2025-11-05 06:53:42] Success: timewatch.com -> 199 posts
[2025-11-05 06:53:42] Success: ticktocktech.com -> 859 posts
[2025-11-05 06:53:42] Success: tinyeco.com -> 287 posts
[2025-11-05 06:53:42] WordPress but restricted: tipnut.com (HTTP 403)
[2025-11-05 06:53:42] WordPress but restricted: tipjunkie.com (HTTP 403)
[2025-11-05 06:53:42] Success: tinytreedecor.com -> 166 posts
[2025-11-05 06:53:42] Success: tinyworkshops.com -> 278 posts
[2025-11-05 06:53:42] WordPress but restricted: tiphero.com (HTTP 403)
[2025-11-05 06:53:42] Success: tinyurbankitchen.com -> 1967 posts
[2025-11-05 06:53:42] Success: tinyhouseuniverse.com -> 408 posts
[2025-11-05 06:53:42] Success: tinyhouseuniverse.com -> 408 posts
[2025-11-05 06:53:42] WordPress but no count header: tipsbulletin.com
[2025-11-05 06:53:43] Success: timthepcassistant.com -> 95 posts
[2025-11-05 06:53:43] Success: timbersill.com -> 337 posts
[2025-11-05 06:53:43] Success: tobyamidornutrition.com -> 654 posts
[2025-11-05 06:53:43] Success: tlcgarden.com -> 188 posts
[2025-11-05 06:53:44] Success: tips.simplygoodstuff.com -> 406 posts
[2025-11-05 06:53:44] Success: tipsytiaras.com -> 1695 posts
[2025-11-05 06:53:44] Success: tnmagazine.org -> 2614 posts
[2025-11-05 06:53:44] WordPress but no count header: todayshomeowner.com
[2025-11-05 06:53:44] WordPress but no count header: tinyidahomes.com
[2025-11-05 06:53:45] Success: tivazo.com -> 1182 posts
[2025-11-05 06:53:45] Success: tinymindsworld.com -> 128 posts
[2025-11-05 06:53:45] Success: toddlerapproved.com -> 2141 posts
[2025-11-05 06:53:45] Success: tjhandymanservicesllc.com -> 96 posts
[2025-11-05 06:53:46] Success: tncomputermedics.com -> 121 posts
[2025-11-05 06:53:46] Success: toddtechservices.com -> 4 posts
[2025-11-05 06:53:47] Success: togethertoeat.com -> 130 posts
[2025-11-05 06:53:47] Success: toilettravels.com -> 106 posts
[2025-11-05 06:53:47] Unknown status: tomrostron.com (HTTP 503)
[2025-11-05 06:53:47] Success: todyapp.com -> 0 posts
[2025-11-05 06:53:47] Success: todyapp.com -> 0 posts
[2025-11-05 06:53:47] Success: todaysrdh.com -> 1780 posts
[2025-11-05 06:53:47] Success: toilettravels.com -> 106 posts
[2025-11-05 06:53:48] Success: tonygentilcore.com -> 2470 posts
[2025-11-05 06:53:48] WordPress but no count header: toolsweek.com
[2025-11-05 06:53:48] WordPress but restricted: tomsguide.com (HTTP 403)
[2025-11-05 06:53:48] WordPress but no count header: toolsweek.com
[2025-11-05 06:53:48] Success: toolingideas.com -> 39390 posts
[2025-11-05 06:53:48] Success: toolingideas.com -> 39390 posts
[2025-11-05 06:53:48] Success: tipstohomesteading.com -> 1241 posts
[2025-11-05 06:53:48] Not WordPress or API disabled: tomtom.com
[2025-11-05 06:53:48] Success: todays-dates.com -> 33 posts
[2025-11-05 06:53:48] Not WordPress or API disabled: today.com
[2025-11-05 06:53:48] Success: toolsinaction.com -> 2673 posts
[2025-11-05 06:53:49] Success: tips-around.me -> 61 posts
[2025-11-05 06:53:49] Success: topcarelandscapes.com -> 12 posts
[2025-11-05 06:53:49] Success: toolstroke.com -> 0 posts
[2025-11-05 06:53:50] Success: tonys-landscaping.com -> 1 posts
[2025-11-05 06:53:50] WordPress but no count header: topgamingtips.com
[2025-11-05 06:53:50] Success: topflightapps.com -> 309 posts
[2025-11-05 06:53:50] Success: topmopscleaning.com -> 120 posts
[2025-11-05 06:53:50] Success: toolzview.com -> 810 posts
[2025-11-05 06:53:51] WordPress but restricted: toriavey.com (HTTP 403)
[2025-11-05 06:53:51] Success: topwoodplans.com -> 0 posts
[2025-11-05 06:53:51] Success: topteny.com -> 2705 posts
[2025-11-05 06:53:51] Success: topdogtips.com -> 6100 posts
[2025-11-05 06:53:51] Success: toplinemd.com -> 366 posts
[2025-11-05 06:53:51] Success: topmoneytips.com -> 17 posts
[2025-11-05 06:53:51] WordPress but restricted: topwithcinnamon.com (HTTP 401)
[2025-11-05 06:53:51] Success: totalhomehandbook.com -> 287 posts
[2025-11-05 06:53:52] Success: toptenreviewed.com -> 44511 posts
[2025-11-05 06:53:52] Success: toptrendsguide.com -> 159 posts
[2025-11-05 06:53:52] Success: topcleaningfl.com -> 74 posts
[2025-11-05 06:53:52] Success: torontoshinecleaning.ca -> 377 posts
[2025-11-05 06:53:52] Success: tomakeamommy.com -> 142 posts
[2025-11-05 06:53:53] Success: tooltrip.com -> 1785 posts
[2025-11-05 06:53:53] Connection error: thestyled.com
[2025-11-05 06:53:53] Success: torrenglabs.com -> 1127 posts
[2025-11-05 06:53:53] Success: totalcleanz.com -> 147 posts
[2025-11-05 06:53:54] Success: totallythebomb.com -> 19428 posts
[2025-11-05 06:53:54] Success: torontoshinecleaning.ca -> 377 posts
[2025-11-05 06:53:54] Success: totallymaintained.com -> 79 posts
[2025-11-05 06:53:54] Success: totallymaintained.com -> 79 posts
[2025-11-05 06:53:54] Success: totalhumanhealth.com -> 36 posts
[2025-11-05 06:53:54] Success: totkay.com -> 173 posts
[2025-11-05 06:53:54] WordPress but no count header: tourism.australia.com
[2025-11-05 06:53:55] Success: totalstoragesolutions.com -> 121 posts
[2025-11-05 06:53:55] Success: touristsecrets.com -> 98618 posts
[2025-11-05 06:53:55] Success: touristsecrets.com -> 98618 posts
[2025-11-05 06:53:55] Success: totallywilduk.co.uk -> 772 posts
[2025-11-05 06:53:55] Connection error: tourismtoronto.com
[2025-11-05 06:53:55] Not WordPress or API disabled: tourismnewfoundland.com
[2025-11-05 06:53:55] Success: totalstoragesolutions.com -> 121 posts
[2025-11-05 06:53:55] Success: totalhealthandfitness.com -> 108 posts
[2025-11-05 06:53:56] Not WordPress or API disabled: townandcountrymag.com
[2025-11-05 06:53:56] Not WordPress or API disabled: tourismvancouver.com
[2025-11-05 06:53:56] Success: toytheater.com -> 476 posts
[2025-11-05 06:53:56] Not WordPress or API disabled: tourismcalgary.com
[2025-11-05 06:53:56] Not WordPress or API disabled: tourismsaskatchewan.com
[2025-11-05 06:53:57] Success: tra.extension.colostate.edu -> 7 posts
[2025-11-05 06:53:57] Success: tradiezone.com.au -> 632 posts
[2025-11-05 06:53:57] Success: tpcjournal.nbcc.org -> 571 posts
[2025-11-05 06:53:57] Success: traditionalgardening.com -> 195 posts
[2025-11-05 06:53:57] Not WordPress or API disabled: tourismpei.com
[2025-11-05 06:53:58] WordPress but no count header: traffictail.com
[2025-11-05 06:53:58] Success: toxicfreechoice.com -> 185 posts
[2025-11-05 06:53:58] Success: towards-sustainability.com -> 458 posts
[2025-11-05 06:53:58] Success: tpd.edu.au -> 540 posts
[2025-11-05 06:53:58] Success: tpchd.org -> 892 posts
[2025-11-05 06:53:59] Success: tracyssewingstudio.com -> 556 posts
[2025-11-05 06:53:59] Success: town-n-country-living.com -> 3110 posts
[2025-11-05 06:53:59] Success: traditionalcookingschool.com -> 1694 posts
[2025-11-05 06:53:59] Success: tradebe.com -> 37 posts
[2025-11-05 06:53:59] Success: threephrase.com -> 100 posts
[2025-11-05 06:54:00] Not WordPress or API disabled: trainerize.com
[2025-11-05 06:54:00] Success: touaregtrails.com -> 40 posts
[2025-11-05 06:54:00] Unknown status: trashisfortossers.com (HTTP 500)
[2025-11-05 06:54:00] Success: training.com.au -> 0 posts
[2025-11-05 06:54:00] Success: trainest.com -> 273 posts
[2025-11-05 06:54:00] Success: traditionalhomebaking.com -> 160 posts
[2025-11-05 06:54:00] Unknown status: travelandleisure.com (HTTP 460)
[2025-11-05 06:54:01] Success: transvitae.com -> 1499 posts
[2025-11-05 06:54:01] Success: trashbackwards.com -> 122 posts
[2025-11-05 06:54:01] Success: trashbackwards.com -> 122 posts
[2025-11-05 06:54:01] Not WordPress or API disabled: tourismnb.ca
[2025-11-05 06:54:02] Success: travelanddestinations.com -> 846 posts
[2025-11-05 06:54:02] Unknown status: travelagewest.com (HTTP 405)
[2025-11-05 06:54:02] Success: travelcroop.com -> 50 posts
[2025-11-05 06:54:02] Success: traveldudes.com -> 1588 posts
[2025-11-05 06:54:03] Success: travelandoo.com -> 201 posts
[2025-11-05 06:54:03] Success: travelfreak.com -> 330 posts
[2025-11-05 06:54:03] Not WordPress or API disabled: travelglutenfreepodcast.com
[2025-11-05 06:54:03] Not WordPress or API disabled: travelgirlyoga.com
[2025-11-05 06:54:04] Success: traveldonesimple.com -> 4 posts
[2025-11-05 06:54:04] Success: translatorsjournal.com -> 87 posts
[2025-11-05 06:54:04] Success: travelingwellforless.com -> 1362 posts
[2025-11-05 06:54:04] Success: traumaresearchuk.org -> 134 posts
[2025-11-05 06:54:04] Not WordPress or API disabled: travelalberta.com
[2025-11-05 06:54:05] Not WordPress or API disabled: travelwithbender.com
[2025-11-05 06:54:05] WordPress but restricted: travelocity.com (HTTP 403)
[2025-11-05 06:54:06] Success: travelreveal.com -> 1884 posts
[2025-11-05 06:54:06] WordPress but restricted: travelyukon.com (HTTP 403)
[2025-11-05 06:54:06] Timeout: theorganizedmom.net
[2025-11-05 06:54:06] Unknown status: treehugger.com (HTTP 460)
[2025-11-05 06:54:06] Success: travelness.com -> 478 posts
[2025-11-05 06:54:06] Success: travellemming.com -> 2212 posts
[2025-11-05 06:54:07] Success: trees.com -> 192 posts
[2025-11-05 06:54:07] Success: travis-tx.tamu.edu -> 135 posts
[2025-11-05 06:54:07] Success: treadingmyownpath.com -> 431 posts
[2025-11-05 06:54:08] Success: treeier.com -> 695 posts
[2025-11-05 06:54:08] Not WordPress or API disabled: travelmanitoba.com
[2025-11-05 06:54:08] Success: trendir.com -> 5934 posts
[2025-11-05 06:54:08] Success: trendingnowonbing.com -> 3 posts
[2025-11-05 06:54:08] Success: travelfashiongirl.com -> 1878 posts
[2025-11-05 06:54:09] Not WordPress or API disabled: tres-bien.com
[2025-11-05 06:54:09] Success: trembom.com -> 866 posts
[2025-11-05 06:54:09] Success: travelswithtalek.com -> 208 posts
[2025-11-05 06:54:09] Success: timberlaketrussworks.com -> 14038 posts
[2025-11-05 06:54:09] Not WordPress or API disabled: triadfoodies.com
[2025-11-05 06:54:09] Success: trendreflect.com -> 83 posts
[2025-11-05 06:54:09] Success: trendsetteralist.com -> 169 posts
[2025-11-05 06:54:10] Success: trembelingart.com -> 87 posts
[2025-11-05 06:54:10] Success: traditionallymodernfood.com -> 1193 posts
[2025-11-05 06:54:10] Success: trendyuniverse.com -> 4429 posts
[2025-11-05 06:54:10] WordPress but restricted: tripadvisor.com (HTTP 403)
[2025-11-05 06:54:11] Success: trinityhealth.org -> 939 posts
[2025-11-05 06:54:11] Not WordPress or API disabled: trimfitnessstudio.com
[2025-11-05 06:54:11] Success: timberlaketrussworks.com -> 14038 posts
[2025-11-05 06:54:11] Unknown status: tripsavvy.com (HTTP 460)
[2025-11-05 06:54:11] Success: treefrogmarketing.com -> 188 posts
[2025-11-05 06:54:11] Success: triedandtrueblog.com -> 1042 posts
[2025-11-05 06:54:11] Connection error: torbayandsouthdevon.nhs.uk
[2025-11-05 06:54:11] Success: tricksntravel.com -> 10 posts
[2025-11-05 06:54:11] WordPress but restricted: tripwire.com (HTTP 403)
[2025-11-05 06:54:11] Success: tricorehealth.com -> 36 posts
[2025-11-05 06:54:12] Not WordPress or API disabled: tropicalmba.com
[2025-11-05 06:54:12] Success: tropicalfruitsy.com -> 721 posts
[2025-11-05 06:54:12] WordPress but no count header: triphobo.com
[2025-11-05 06:54:12] WordPress but restricted: trendhunter.com (HTTP 403)
[2025-11-05 06:54:12] WordPress but no count header: trueactivist.com
[2025-11-05 06:54:12] Success: tripswithtykes.com -> 470 posts
[2025-11-05 06:54:12] Success: tri-countyfurniture.com -> 9 posts
[2025-11-05 06:54:13] Not WordPress or API disabled: trivago.com
[2025-11-05 06:54:13] Success: trubahamianfoodtours.com -> 71 posts
[2025-11-05 06:54:13] WordPress but no count header: trueactivist.com
[2025-11-05 06:54:13] Success: triptomotherhood.com -> 89 posts
[2025-11-05 06:54:13] Success: trowbridgeelectrical.com -> 5774 posts
[2025-11-05 06:54:13] Success: trilliummontessori.org -> 547 posts
[2025-11-05 06:54:13] Success: truemortgageplus.com -> 818 posts
[2025-11-05 06:54:14] Client error: trundless.com - 0, message='', url='https://trundless.com/wp-json/wp/v2/posts'
[2025-11-05 06:54:15] Success: truecleanohio.com -> 6 posts
[2025-11-05 06:54:15] Success: trueblueac.com -> 3724 posts
[2025-11-05 06:54:15] Success: trueblueac.com -> 3724 posts
[2025-11-05 06:54:15] Success: travelbeginning.com -> 25 posts
[2025-11-05 06:54:15] Success: truevalue.com -> 452 posts
[2025-11-05 06:54:15] Success: truvaga.com -> 58 posts
[2025-11-05 06:54:15] Success: truvaga.com -> 58 posts
[2025-11-05 06:54:15] Success: trustedhouseplantguide.com -> 274 posts
[2025-11-05 06:54:15] Success: trustmymechanic.com -> 3340 posts
[2025-11-05 06:54:16] Success: tryingtogether.org -> 1802 posts
[2025-11-05 06:54:16] Success: tsfitnessnyc.com -> 111 posts
[2025-11-05 06:54:16] Success: trulyboho.com -> 12 posts
[2025-11-05 06:54:17] Success: trustedreviews.com -> 74328 posts
[2025-11-05 06:54:17] Success: trystressmanagement.com -> 705 posts
[2025-11-05 06:54:17] Success: trvst.world -> 2021 posts
[2025-11-05 06:54:17] Success: tulsa-health.org -> 568 posts
[2025-11-05 06:54:18] Success: tuppennysfireplace.com -> 432 posts
[2025-11-05 06:54:18] Success: tulsa-health.org -> 568 posts
[2025-11-05 06:54:18] Success: turkeyguzel.com -> 93 posts
[2025-11-05 06:54:19] Success: turnerandschoel.com -> 0 posts
[2025-11-05 06:54:19] Success: turnertimemanagement.com -> 924 posts
[2025-11-05 06:54:19] Success: tvtonight.com.au -> 95739 posts
[2025-11-05 06:54:19] Success: turbomode.ai -> 113 posts
[2025-11-05 06:54:19] Connection error: transaware.net
[2025-11-05 06:54:19] Success: turningclockback.com -> 1260 posts
[2025-11-05 06:54:20] Success: twinfinite.net -> 95014 posts
[2025-11-05 06:54:20] Success: twigandthistle.com -> 2128 posts
[2025-11-05 06:54:20] Success: tvtonight.com.au -> 95739 posts
[2025-11-05 06:54:20] Success: twistedsifter.com -> 41463 posts
[2025-11-05 06:54:20] Success: ttp-hard-drills.com -> 58 posts
[2025-11-05 06:54:20] Success: turningclockback.com -> 1260 posts
[2025-11-05 06:54:20] Success: twocoatsofpaint.com -> 3824 posts
[2025-11-05 06:54:20] WordPress but restricted: twinsmommy.com (HTTP 401)
[2025-11-05 06:54:20] Connection error: traumainformedny.org
[2025-11-05 06:54:21] WordPress but no count header: twocityvegans.com
[2025-11-05 06:54:21] Success: twodrifters.us -> 399 posts
[2025-11-05 06:54:21] Success: twogalsandabroomkc.com -> 178 posts
[2025-11-05 06:54:21] Success: twogalsandabroomkc.com -> 178 posts
[2025-11-05 06:54:22] Connection error: tinybatchcooking.com
[2025-11-05 06:54:22] Success: twinscience.com -> 268 posts
[2025-11-05 06:54:22] Success: twogreenleaves.org -> 2284 posts
[2025-11-05 06:54:22] Success: twopeasandtheirpod.com -> 2521 posts
[2025-11-05 06:54:22] Success: txmg.org -> 4 posts
[2025-11-05 06:54:22] Success: twobarrels.com -> 30 posts
[2025-11-05 06:54:22] Success: twokooksinthekitchen.com -> 492 posts
[2025-11-05 06:54:22] Success: twinkleandtassles.com -> 46 posts
[2025-11-05 06:54:22] Success: txm.com -> 419 posts
[2025-11-05 06:54:23] WordPress but restricted: u-pull-it.com (HTTP 403)
[2025-11-05 06:54:23] Connection error: uaex.edu
[2025-11-05 06:54:23] Success: tundraland.com -> 145 posts
[2025-11-05 06:54:23] Success: twoverbs.com -> 840 posts
[2025-11-05 06:54:23] Success: twospoons.ca -> 465 posts
[2025-11-05 06:54:23] Success: typicallytopical.com -> 156 posts
[2025-11-05 06:54:23] Success: twospoons.ca -> 465 posts
[2025-11-05 06:54:23] WordPress but restricted: uberartisan.com (HTTP 403)
[2025-11-05 06:54:23] WordPress but restricted: uberartisan.com (HTTP 403)
[2025-11-05 06:54:24] Success: typicallysimple.com -> 233 posts
[2025-11-05 06:54:24] Success: uark.pressbooks.pub -> 2 posts
[2025-11-05 06:54:24] Success: tysonsgynecology.com -> 339 posts
[2025-11-05 06:54:24] Connection error: travelmath.com
[2025-11-05 06:54:24] Success: txhomesrealty.com -> 326 posts
[2025-11-05 06:54:25] WordPress but restricted: uchealth.org (HTTP 403)
[2025-11-05 06:54:25] Success: twodogzoo.com -> 92 posts
[2025-11-05 06:54:25] WordPress but no count header: ufixit.com
[2025-11-05 06:54:25] WordPress but no count header: ufixit.com
[2025-11-05 06:54:25] Success: u.osu.edu -> 28 posts
[2025-11-05 06:54:25] Not WordPress or API disabled: uk.style.yahoo.com
[2025-11-05 06:54:25] Success: ucook.com -> 0 posts
[2025-11-05 06:54:26] Success: udderlyfit.com -> 55 posts
[2025-11-05 06:54:26] Success: udderlyfit.com -> 55 posts
[2025-11-05 06:54:26] Success: ugreen.io -> 320 posts
[2025-11-05 06:54:26] Success: ukrainiancourse.com -> 0 posts
[2025-11-05 06:54:26] Success: uglyducklinghouse.com -> 1511 posts
[2025-11-05 06:54:27] Success: ultimatemealplans.com -> 34 posts
[2025-11-05 06:54:27] Success: ultimatemealplans.com -> 34 posts
[2025-11-05 06:54:27] WordPress but no count header: ukcleaningsupplies.co.uk
[2025-11-05 06:54:27] Success: ugandatravelblog.com -> 202 posts
[2025-11-05 06:54:28] Not WordPress or API disabled: ultrarunmd.com
[2025-11-05 06:54:28] Not WordPress or API disabled: uluru.com
[2025-11-05 06:54:28] Success: ultimatesimsguides.com -> 718 posts
[2025-11-05 06:54:28] Success: ultra-guard.com -> 81 posts
[2025-11-05 06:54:28] Success: ultra-guard.com -> 81 posts
[2025-11-05 06:54:29] Success: umatechnology.org -> 1172980 posts
[2025-11-05 06:54:29] Success: umamigirl.com -> 766 posts
[2025-11-05 06:54:29] WordPress but restricted: uhc.com (HTTP 403)
[2025-11-05 06:54:29] Success: umangherbals.com -> 4757 posts
[2025-11-05 06:54:29] Success: ultimate-cosmetics.com -> 40 posts
[2025-11-05 06:54:29] Success: umami.site -> 473 posts
[2025-11-05 06:54:30] Success: uef.org -> 64 posts
[2025-11-05 06:54:30] WordPress but no count header: ultrawoodworking.com
[2025-11-05 06:54:30] Success: ukhomeimprovement.co.uk -> 1826 posts
[2025-11-05 06:54:30] Success: unboundwellness.com -> 1230 posts
[2025-11-05 06:54:31] Success: unclutteredsimplicity.com -> 225 posts
[2025-11-05 06:54:31] Connection error: trendyfashionguide.com
[2025-11-05 06:54:31] Success: unbottleyourtea.com -> 534 posts
[2025-11-05 06:54:31] Success: unbottleyourtea.com -> 534 posts
[2025-11-05 06:54:31] Success: unboundwellness.com -> 1230 posts
[2025-11-05 06:54:32] Success: uncovercounseling.com -> 856 posts
[2025-11-05 06:54:32] Success: ultimatemoldcrew.ca -> 120 posts
[2025-11-05 06:54:32] Success: unicothings.com -> 4906 posts
[2025-11-05 06:54:32] Success: unicothings.com -> 4906 posts
[2025-11-05 06:54:32] Success: under30ceo.com -> 11810 posts
[2025-11-05 06:54:32] Success: unfuckyourhabitat.com -> 66 posts
[2025-11-05 06:54:32] Connection error: trishulhomecare.com
[2025-11-05 06:54:32] Connection error: tropicalacai.com
[2025-11-05 06:54:32] Success: undoubtedgrace.com -> 249 posts
[2025-11-05 06:54:33] Success: u-createcrafts.com -> 955 posts
[2025-11-05 06:54:33] Success: unfinishedsuccess.com -> 1096 posts
[2025-11-05 06:54:34] Success: uniquelawn.com -> 28 posts
[2025-11-05 06:54:34] Success: uncorneredmarket.com -> 509 posts
[2025-11-05 06:54:34] Success: unicornsinthekitchen.com -> 964 posts
[2025-11-05 06:54:34] Success: unity.edu -> 1230 posts
[2025-11-05 06:54:35] Success: universalcoachinstitute.com -> 51 posts
[2025-11-05 06:54:35] Success: unitedtinyhomes.com -> 110 posts
[2025-11-05 06:54:35] Success: unlock.com -> 224 posts
[2025-11-05 06:54:35] Success: unitedrestorationfl.com -> 54 posts
[2025-11-05 06:54:35] Success: unstoppablerise.com -> 80 posts
[2025-11-05 06:54:35] Success: unite.ai -> 4799 posts
[2025-11-05 06:54:36] Success: unwomenmag.com -> 24137 posts
[2025-11-05 06:54:36] Success: unexpectedlydomestic.com -> 651 posts
[2025-11-05 06:54:36] Success: unitedrestorationfl.com -> 54 posts
[2025-11-05 06:54:36] Not WordPress or API disabled: unitehealth.com.au
[2025-11-05 06:54:37] Success: upcyclemystuff.com -> 210 posts
[2025-11-05 06:54:37] Not WordPress or API disabled: uppymama.com
[2025-11-05 06:54:37] Success: upbeetkitchen.com -> 595 posts
[2025-11-05 06:54:37] WordPress but restricted: upswingpoker.com (HTTP 403)
[2025-11-05 06:54:37] Success: upcyclethat.com -> 791 posts
[2025-11-05 06:54:37] Success: uploadcommunication.com -> 15 posts
[2025-11-05 06:54:38] Success: upmetrics.co -> 310 posts
[2025-11-05 06:54:38] Connection error: uptownwithchris.com
[2025-11-05 06:54:38] Success: uptowncraftworks.com -> 20600 posts
[2025-11-05 06:54:38] Success: upjourney.com -> 2814 posts
[2025-11-05 06:54:38] Success: unsustainablemagazine.com -> 1355 posts
[2025-11-05 06:54:38] Success: urbangardeningideas.com -> 125 posts
[2025-11-05 06:54:39] Success: uopeople.edu -> 1079 posts
[2025-11-05 06:54:39] Success: urbanmop.ca -> 19 posts
[2025-11-05 06:54:39] Success: urbanmop.ca -> 19 posts
[2025-11-05 06:54:39] Success: upcyclethisdiythat.com -> 191 posts
[2025-11-05 06:54:40] Success: upstairsdownstairscleaning.com -> 58 posts
[2025-11-05 06:54:40] Success: urbanmamaz.com -> 1296 posts
[2025-11-05 06:54:40] Success: urbakibeauty.com -> 541 posts
[2025-11-05 06:54:40] Success: uncommonlywell.co -> 166 posts
[2025-11-05 06:54:40] Success: uptownreservations.com -> 77 posts
[2025-11-05 06:54:40] Success: urbangardeningspace.com -> 379 posts
[2025-11-05 06:54:40] WordPress but no count header: uptodate.com
[2025-11-05 06:54:41] Unknown status: urologyhealth.org (HTTP 307)
[2025-11-05 06:54:41] Unknown status: urbanorganicgardener.com (HTTP 500)
[2025-11-05 06:54:41] Success: urbangreenlab.org -> 132 posts
[2025-11-05 06:54:41] Success: urbangreenlab.org -> 132 posts
[2025-11-05 06:54:41] Success: upcycledaroundtown.com -> 163 posts
[2025-11-05 06:54:41] Not WordPress or API disabled: urbantasker.com
[2025-11-05 06:54:41] Success: usarmybasic.com -> 152 posts
[2025-11-05 06:54:42] Success: urbantastebud.com -> 480 posts
[2025-11-05 06:54:42] Success: urbansurvivalsite.com -> 1478 posts
[2025-11-05 06:54:42] Success: urbansurvivalsite.com -> 1478 posts
[2025-11-05 06:54:42] Success: urdailyrecipes.com -> 116 posts
[2025-11-05 06:54:42] Success: totalshape.com -> 1721 posts
[2025-11-05 06:54:42] Success: upcyclely.com -> 252 posts
[2025-11-05 06:54:43] Success: usagardeningguide.com -> 34 posts
[2025-11-05 06:54:43] Success: usenaturalstone.org -> 291 posts
[2025-11-05 06:54:43] Success: usfoodsearch.com -> 8907 posts
[2025-11-05 06:54:43] Success: usenaturalstone.org -> 291 posts
[2025-11-05 06:54:44] Success: urc-chs.com -> 150 posts
[2025-11-05 06:54:44] Success: usinsider.com -> 3469 posts
[2025-11-05 06:54:44] Success: us.moodmedia.com -> 154 posts
[2025-11-05 06:54:44] Not WordPress or API disabled: usatoday.com
[2025-11-05 06:54:44] Success: usa.edu -> 628 posts
[2025-11-05 06:54:44] Connection error: typesofartstyles.com
[2025-11-05 06:54:45] Success: usaclub.us -> 113 posts
[2025-11-05 06:54:45] Success: usvintagewood.com -> 170 posts
[2025-11-05 06:54:45] Success: usherbals.com -> 237 posts
[2025-11-05 06:54:45] Success: usgbcnf.org -> 18 posts
[2025-11-05 06:54:45] Not WordPress or API disabled: uspreventiveservicestaskforce.org
[2025-11-05 06:54:45] Success: usgbcnf.org -> 18 posts
[2025-11-05 06:54:45] WordPress but no count header: vahrehvah.com
[2025-11-05 06:54:45] WordPress but restricted: valrc.org (HTTP 403)
[2025-11-05 06:54:45] WordPress but restricted: valuepenguin.com (HTTP 403)
[2025-11-05 06:54:46] Success: vacuumjudge.com -> 52 posts
[2025-11-05 06:54:46] Success: unlockedpotentials.com -> 233 posts
[2025-11-05 06:54:46] Success: valentinascorner.com -> 711 posts
[2025-11-05 06:54:46] Success: valleycomfortheatingandair.com -> 698 posts
[2025-11-05 06:54:47] Success: vacationpointers.com -> 80 posts
[2025-11-05 06:54:47] Success: uvcarmel.org -> 156 posts
[2025-11-05 06:54:47] Not WordPress or API disabled: vasantmasala.com
[2025-11-05 06:54:47] Success: vanillaandbean.com -> 416 posts
[2025-11-05 06:54:48] Success: valiantceo.com -> 12422 posts
[2025-11-05 06:54:48] Success: utterlyallergic.com -> 32 posts
[2025-11-05 06:54:49] Success: vanitywellnesscenter.com -> 281 posts
[2025-11-05 06:54:49] Connection error: veganaturalmom.com
[2025-11-05 06:54:49] Success: uspm.com -> 89 posts
[2025-11-05 06:54:49] Unknown status: unclutterer.com (HTTP 522)
[2025-11-05 06:54:49] Success: vbriudaipur.org -> 439 posts
[2025-11-05 06:54:50] Success: vanburencd.org -> 139 posts
[2025-11-05 06:54:50] Success: valueyourwatch.com -> 276 posts
[2025-11-05 06:54:50] Success: utterlyallergic.com -> 32 posts
[2025-11-05 06:54:50] Success: vasindux.com -> 163 posts
[2025-11-05 06:54:50] Success: vasindux.com -> 163 posts
[2025-11-05 06:54:50] Success: veahero.com -> 0 posts
[2025-11-05 06:54:50] Success: vegan.com -> 425 posts
[2025-11-05 06:54:51] Success: veenaazmanov.com -> 1388 posts
[2025-11-05 06:54:51] Not WordPress or API disabled: vegankidsnutrition.com
[2025-11-05 06:54:51] Success: veganeatsmap.com -> 30 posts
[2025-11-05 06:54:51] Success: veganfriendly.org.uk -> 29 posts
[2025-11-05 06:54:51] WordPress but restricted: veganfoodandliving.com (HTTP 403)
[2025-11-05 06:54:52] Success: veganhealth.org -> 84 posts
[2025-11-05 06:54:52] Not WordPress or API disabled: veganchef.com
[2025-11-05 06:54:52] Success: vegaspergola.com -> 211 posts
[2025-11-05 06:54:52] Success: veganuary.com -> 452 posts
[2025-11-05 06:54:52] WordPress but no count header: veganlovlie.com
[2025-11-05 06:54:53] Success: vectorsleepclinic.com -> 239 posts
[2025-11-05 06:54:53] Success: veganavenue.com -> 524 posts
[2025-11-05 06:54:53] Success: vanillapapers.net -> 71 posts
[2025-11-05 06:54:53] Success: vegetarianzen.com -> 642 posts
[2025-11-05 06:54:53] Connection error: unifiedwomenshealthcare.com
[2025-11-05 06:54:53] Success: veggiedesserts.com -> 910 posts
[2025-11-05 06:54:53] Success: veggieknowledge.com -> 9689 posts
[2025-11-05 06:54:53] Success: vegancocotte.com -> 385 posts
[2025-11-05 06:54:53] Success: veganonboard.com -> 260 posts
[2025-11-05 06:54:54] Not WordPress or API disabled: vegweb.com
[2025-11-05 06:54:54] Success: veggums.com -> 180 posts
[2025-11-05 06:54:54] Success: venteny.com -> 348 posts
[2025-11-05 06:54:54] WordPress but restricted: vegrecipesofindia.com (HTTP 401)
[2025-11-05 06:54:54] Success: vegetariantimes.com -> 2398 posts
[2025-11-05 06:54:54] Success: vellaclean.com -> 143 posts
[2025-11-05 06:54:54] Success: vegkitchen.com -> 2846 posts
[2025-11-05 06:54:55] Success: vekge.com -> 275 posts
[2025-11-05 06:54:55] Success: vegkit.com -> 0 posts
[2025-11-05 06:54:55] Success: veggiesabroad.com -> 284 posts
[2025-11-05 06:54:55] Success: ventureharbour.com -> 294 posts
[2025-11-05 06:54:55] Connection error: verygoodtrade.com
[2025-11-05 06:54:55] Success: veganricha.com -> 1921 posts
[2025-11-05 06:54:55] Unknown status: verywellfit.com (HTTP 460)
[2025-11-05 06:54:55] Success: veinard.org -> 764 posts
[2025-11-05 06:54:55] Success: veggievisa.com -> 121 posts
[2025-11-05 06:54:56] Success: vepoclean.com -> 256 posts
[2025-11-05 06:54:56] Unknown status: verywellhealth.com (HTTP 460)
[2025-11-05 06:54:56] Unknown status: verywellmind.com (HTTP 460)
[2025-11-05 06:54:56] Not WordPress or API disabled: veranda.com
[2025-11-05 06:54:56] Success: verilymag.com -> 7855 posts
[2025-11-05 06:54:56] WordPress but restricted: vestinda.com (HTTP 403)
[2025-11-05 06:54:57] Success: veryeasymakeup.com -> 588 posts
[2025-11-05 06:54:57] Success: verywellmindset.com -> 196 posts
[2025-11-05 06:54:57] Not WordPress or API disabled: vegnews.com
[2025-11-05 06:54:57] Success: verywellhealth.us -> 54 posts
[2025-11-05 06:54:57] Success: verywellhealth.us -> 54 posts
[2025-11-05 06:54:57] Success: verybigbrain.com -> 2285 posts
[2025-11-05 06:54:58] Success: vetexplainspets.com -> 180447 posts
[2025-11-05 06:54:58] Success: vickypham.com -> 454 posts
[2025-11-05 06:54:58] Success: verticalwise.com -> 1106 posts
[2025-11-05 06:54:58] Success: veterinarysecrets.com -> 1847 posts
[2025-11-05 06:54:58] WordPress but restricted: victra.com (HTTP 403)
[2025-11-05 06:54:58] Success: vdh.virginia.gov -> 422 posts
[2025-11-05 06:54:59] Success: vet-grade.com -> 20 posts
[2025-11-05 06:54:59] Success: verywelhome.com -> 10 posts
[2025-11-05 06:54:59] Success: vertu.com -> 2792 posts
[2025-11-05 06:54:59] WordPress but no count header: vijayshanthibuilders.com
[2025-11-05 06:55:00] Success: videoculinary.com -> 0 posts
[2025-11-05 06:55:00] Success: vibrantlygfree.com -> 216 posts
[2025-11-05 06:55:00] Success: vickymyerscreations.co.uk -> 608 posts
[2025-11-05 06:55:00] Success: vibrantskinbar.com -> 368 posts
[2025-11-05 06:55:00] Success: vice.com -> 812798 posts
[2025-11-05 06:55:00] Success: view-hobby.com -> 128 posts
[2025-11-05 06:55:00] Not WordPress or API disabled: vinmec.com
[2025-11-05 06:55:01] Success: vidhyanjaliacademy.com -> 329 posts
[2025-11-05 06:55:01] Success: vidhyanjaliacademy.com -> 329 posts
[2025-11-05 06:55:01] Success: vindusfans.com -> 6 posts
[2025-11-05 06:55:01] Success: vibranthappyhealthy.com -> 172 posts
[2025-11-05 06:55:01] Success: villagiowoodfloors.com -> 46 posts
[2025-11-05 06:55:01] Success: vigour-group.com -> 206 posts
[2025-11-05 06:55:01] Success: villagiowoodfloors.com -> 46 posts
[2025-11-05 06:55:01] Success: vintageclothingguides.com -> 7298 posts
[2025-11-05 06:55:01] WordPress but restricted: vintagemakeupguide.com (HTTP 403)
[2025-11-05 06:55:02] Success: vintageisthenewold.com -> 7235 posts
[2025-11-05 06:55:02] Success: vintageisthenewold.com -> 7235 posts
[2025-11-05 06:55:02] Success: vintagedancer.com -> 674 posts
[2025-11-05 06:55:02] Success: vikingcustomhomes.com -> 219 posts
[2025-11-05 06:55:03] Success: vikalinka.com -> 977 posts
[2025-11-05 06:55:03] Success: vintageboothpro.com -> 61 posts
[2025-11-05 06:55:03] Success: vipcleanersdelivery.com -> 134 posts
[2025-11-05 06:55:03] Not WordPress or API disabled: visitcanberra.com.au
[2025-11-05 06:55:04] WordPress but no count header: visitbrisbane.com.au
[2025-11-05 06:55:04] Not WordPress or API disabled: virginactive.co.uk
[2025-11-05 06:55:04] WordPress but restricted: visitbritain.com (HTTP 403)
[2025-11-05 06:55:04] Success: viralhealthrecipes.com -> 29 posts
[2025-11-05 06:55:04] Success: vintagerevivals.com -> 1200 posts
[2025-11-05 06:55:04] Connection error: usahouselife.com
[2025-11-05 06:55:05] Success: vippetcare.com -> 11 posts
[2025-11-05 06:55:05] WordPress but restricted: visitmelbourne.com (HTTP 403)
[2025-11-05 06:55:05] Connection error: utia.tennessee.edu
[2025-11-05 06:55:05] Connection error: visitnyc.com
[2025-11-05 06:55:05] Success: visitinsidejapan.com -> 3638 posts
[2025-11-05 06:55:05] Success: visitkc.com -> 40 posts
[2025-11-05 06:55:05] Success: visitidaho.org -> 0 posts
[2025-11-05 06:55:05] Connection error: uclahealth.org
[2025-11-05 06:55:06] Success: visitfranceguide.com -> 7265 posts
[2025-11-05 06:55:06] WordPress but restricted: visitlondon.com (HTTP 403)
[2025-11-05 06:55:07] Success: vitadigest.com -> 22 posts
[2025-11-05 06:55:07] Success: vivaveltoro.com -> 1390 posts
[2025-11-05 06:55:07] Success: vivaveltoro.com -> 1390 posts
[2025-11-05 06:55:07] Success: vjcooks.com -> 726 posts
[2025-11-05 06:55:07] Not WordPress or API disabled: visitokc.com
[2025-11-05 06:55:08] Client error: visitwales.com - 400, message='Got more than 8190 bytes (9324) when reading Header value is too long.', url='https://www.visitwales.com/wp-json/wp/v2/posts'
[2025-11-05 06:55:08] Success: vjseomarketing.com -> 31 posts
[2025-11-05 06:55:08] Success: vjseomarketing.com -> 31 posts
[2025-11-05 06:55:08] Success: vmh.org -> 21 posts
[2025-11-05 06:55:08] Success: viterecipe.com -> 262 posts
[2025-11-05 06:55:08] Not WordPress or API disabled: vogue.co.uk
[2025-11-05 06:55:09] WordPress but restricted: vogue.sg (HTTP 401)
[2025-11-05 06:55:09] Success: virtuallanguagecenter.com -> 13 posts
[2025-11-05 06:55:09] Success: vogue.ph -> 3762 posts
[2025-11-05 06:55:10] Success: voyoeats.com -> 100000 posts
[2025-11-05 06:55:10] Success: voyoeats.com -> 100000 posts
[2025-11-05 06:55:10] Success: vogue.in -> 24062 posts
[2025-11-05 06:55:11] Success: vishakablone.com -> 294 posts
[2025-11-05 06:55:11] Not WordPress or API disabled: visitscotland.com
[2025-11-05 06:55:11] WordPress but restricted: vogue.com.au (HTTP 403)
[2025-11-05 06:55:12] WordPress but no count header: waddleandcluck.com
[2025-11-05 06:55:12] Success: vintagelifestyle.com -> 95 posts
[2025-11-05 06:55:12] Success: visualartspassage.com -> 159 posts
[2025-11-05 06:55:12] Connection error: walkingbyways.com
[2025-11-05 06:55:12] Not WordPress or API disabled: vrg.org
[2025-11-05 06:55:12] Success: vlhhealth.com -> 226 posts
[2025-11-05 06:55:12] Success: vulkk.com -> 3803 posts
[2025-11-05 06:55:13] Not WordPress or API disabled: walkinpets.com
[2025-11-05 06:55:13] Success: wagnergreenhouses.com -> 104 posts
[2025-11-05 06:55:13] Not WordPress or API disabled: vogue.com
[2025-11-05 06:55:13] Success: vtgardens.org -> 190 posts
[2025-11-05 06:55:13] Success: voyagenic.com -> 61 posts
[2025-11-05 06:55:14] Success: wall-ebuilders.com -> 1773 posts
[2025-11-05 06:55:14] WordPress but restricted: wanderingearl.com (HTTP 403)
[2025-11-05 06:55:14] Success: vtfurnitureworks.com -> 561 posts
[2025-11-05 06:55:14] Success: walletminded.com -> 619 posts
[2025-11-05 06:55:15] Success: waggingright.com -> 32 posts
[2025-11-05 06:55:15] Success: vikingcustomhomes.com -> 219 posts
[2025-11-05 06:55:15] Success: wallethacks.com -> 1332 posts
[2025-11-05 06:55:15] Success: wanderinghoofranch.com -> 0 posts
[2025-11-05 06:55:15] Success: voguetidings.com -> 30 posts
[2025-11-05 06:55:15] Success: walkingonsunshinerecipes.com -> 2126 posts
[2025-11-05 06:55:15] WordPress but no count header: wanderlog.com
[2025-11-05 06:55:15] Success: walkingonsunshinerecipes.com -> 2126 posts
[2025-11-05 06:55:16] Connection error: verbiton.com
[2025-11-05 06:55:16] Connection error: verbiton.com
[2025-11-05 06:55:16] Connection error: wanderlustdiaries.com
[2025-11-05 06:55:16] Success: warcrafttavern.com -> 0 posts
[2025-11-05 06:55:16] Success: wanderlustchloe.com -> 843 posts
[2025-11-05 06:55:16] WordPress but no count header: warnerroofinginc.com
[2025-11-05 06:55:16] Connection error: wastefreeplanet.net
[2025-11-05 06:55:17] Success: wanderlustmagazine.com -> 8170 posts
[2025-11-05 06:55:17] Success: wartonwoodworks.com -> 158 posts
[2025-11-05 06:55:17] WordPress but restricted: wasteremovalusa.com (HTTP 403)
[2025-11-05 06:55:17] Success: washguides.com -> 126 posts
[2025-11-05 06:55:17] Success: washguides.com -> 126 posts
[2025-11-05 06:55:17] Not WordPress or API disabled: watch-me-eat.blogspot.com
[2025-11-05 06:55:17] WordPress but no count header: watch.magnolia.com
[2025-11-05 06:55:17] Success: wander-lush.org -> 665 posts
[2025-11-05 06:55:17] Success: wareable.com -> 7470 posts
[2025-11-05 06:55:18] Success: wanderlyworld.com -> 19 posts
[2025-11-05 06:55:18] WordPress but restricted: wea.org.uk (HTTP 403)
[2025-11-05 06:55:18] Success: wastedtalentinc.com -> 419 posts
[2025-11-05 06:55:18] Success: wandabrunstetter.com -> 196 posts
[2025-11-05 06:55:18] Success: waysidekitchens.com -> 45 posts
[2025-11-05 06:55:18] Connection error: verywellfamily.com
[2025-11-05 06:55:18] WordPress but no count header: walmart.com
[2025-11-05 06:55:18] Success: wealthview.co.in -> 102 posts
[2025-11-05 06:55:19] Connection error: wearethehueys.com
[2025-11-05 06:55:19] Success: watercrestseniorliving.com -> 0 posts
[2025-11-05 06:55:19] Success: wearesovegan.com -> 511 posts
[2025-11-05 06:55:19] Success: wcsu.edu -> 12 posts
[2025-11-05 06:55:19] Success: watchwired.com -> 0 posts
[2025-11-05 06:55:20] Success: wealthtender.com -> 1906 posts
[2025-11-05 06:55:20] WordPress but no count header: webcookingclasses.com
[2025-11-05 06:55:20] Success: wealthywomanfinance.com -> 398 posts
[2025-11-05 06:55:20] Not WordPress or API disabled: wayfair.com
[2025-11-05 06:55:20] Success: weavinggirl.com -> 173 posts
[2025-11-05 06:55:21] Success: weareteachers.com -> 6270 posts
[2025-11-05 06:55:22] Success: warehousewanderer.com -> 124 posts
[2025-11-05 06:55:22] Success: wash.com -> 112 posts
[2025-11-05 06:55:22] Success: way2goodlife.com -> 675 posts
[2025-11-05 06:55:22] Success: webbair.com -> 0 posts
[2025-11-05 06:55:22] Success: wecareearth.com -> 74 posts
[2025-11-05 06:55:22] Not WordPress or API disabled: webmd.com
[2025-11-05 06:55:23] Success: wegotthiscovered.com -> 204659 posts
[2025-11-05 06:55:23] Success: wecleanyourhouse.com -> 183 posts
[2025-11-05 06:55:23] Success: weelicious.com -> 1348 posts
[2025-11-05 06:55:23] Success: wegotthiscovered.com -> 204659 posts
[2025-11-05 06:55:23] Success: weekendcraft.com -> 759 posts
[2025-11-05 06:55:24] WordPress but restricted: wehavekids.com (HTTP 403)
[2025-11-05 06:55:24] Success: wecookrecipes.com -> 155 posts
[2025-11-05 06:55:24] Success: websterfirst.com -> 133 posts
[2025-11-05 06:55:24] Success: web-hobbies.com -> 497 posts
[2025-11-05 06:55:24] Success: welcomecorps.org -> 1 posts
[2025-11-05 06:55:24] Success: welbehealth.com -> 225 posts
[2025-11-05 06:55:25] Success: welcome-to-greece.com -> 403 posts
[2025-11-05 06:55:25] Success: welcometohoustontx.us -> 215 posts
[2025-11-05 06:55:25] Success: welcometothescene.com -> 744 posts
[2025-11-05 06:55:25] Success: welcometoable.co.uk -> 67 posts
[2025-11-05 06:55:26] Success: weirdunsocializedhomeschoolers.com -> 2371 posts
[2025-11-05 06:55:26] Success: weljii.com -> 295 posts
[2025-11-05 06:55:26] Connection error: visualmodo.com
[2025-11-05 06:55:26] Success: wearekashvi.com -> 2 posts
[2025-11-05 06:55:27] Success: well-polished.com -> 49 posts
[2025-11-05 06:55:27] Connection error: vivaglammagazine.com
[2025-11-05 06:55:27] Success: wellbeinginfo.org -> 1361 posts
[2025-11-05 06:55:27] WordPress but no count header: wellandgood.com
[2025-11-05 06:55:27] Success: wellbeing.com.au -> 10627 posts
[2025-11-05 06:55:27] Success: wellbalancednutrition.com -> 341 posts
[2025-11-05 06:55:27] Success: wellbalancednutrition.com -> 341 posts
[2025-11-05 06:55:27] Success: wellbeingmagazine.com -> 7149 posts
[2025-11-05 06:55:27] Success: wellbeing.com.au -> 10627 posts
[2025-11-05 06:55:27] Success: weiss-johnson.com -> 106 posts
[2025-11-05 06:55:28] WordPress but no count header: wellgood.com
[2025-11-05 06:55:28] Success: welikesewing.com -> 0 posts
[2025-11-05 06:55:29] Success: wellbeingscounselling.ca -> 166 posts
[2025-11-05 06:55:29] WordPress but restricted: wellhub.com (HTTP 403)
[2025-11-05 06:55:29] Success: wellfoodrecipes.com -> 7723 posts
[2025-11-05 06:55:29] Connection error: wellnessbeauty.com
[2025-11-05 06:55:30] Success: wellingtonhometeam.com -> 2863 posts
[2025-11-05 06:55:30] Success: wellfitinsider.com -> 1307 posts
[2025-11-05 06:55:30] Success: wellhaven.com -> 26 posts
[2025-11-05 06:55:30] Not WordPress or API disabled: weekand.com
[2025-11-05 06:55:30] Success: welinku.com -> 62 posts
[2025-11-05 06:55:30] Success: wellness.guide -> 829 posts
[2025-11-05 06:55:30] Success: wellness.carleton.ca -> 0 posts
[2025-11-05 06:55:31] Success: wellkeptclutter.com -> 45 posts
[2025-11-05 06:55:31] Not WordPress or API disabled: wellics.com
[2025-11-05 06:55:31] Timeout: tripit.com
[2025-11-05 06:55:31] Success: wellkeptwallet.com -> 846 posts
[2025-11-05 06:55:31] Success: wellnessgaze.com -> 54 posts
[2025-11-05 06:55:31] Success: wellnessbells.com -> 244 posts
[2025-11-05 06:55:31] Success: wellnessville.ph -> 137 posts
[2025-11-05 06:55:32] Success: wellnessbells.com -> 244 posts
[2025-11-05 06:55:32] Connection error: wellnesstopics.net
[2025-11-05 06:55:32] Connection error: wellnesstopics.net
[2025-11-05 06:55:32] Success: wellnessbum.com -> 921 posts
[2025-11-05 06:55:32] Success: wellnessmama.com -> 1788 posts
[2025-11-05 06:55:32] Success: wellnessgaps.com -> 78 posts
[2025-11-05 06:55:32] Success: wellnessvoice.com -> 6380 posts
[2025-11-05 06:55:33] Success: weddingforward.com -> 1152 posts
[2025-11-05 06:55:33] WordPress but no count header: welovequizzes.com
[2025-11-05 06:55:33] Success: wellspringprevention.org -> 219 posts
[2025-11-05 06:55:33] Success: wellnessed.com -> 412 posts
[2025-11-05 06:55:34] Success: wellnessed.com -> 412 posts
[2025-11-05 06:55:34] Success: wellplated.com -> 1762 posts
[2025-11-05 06:55:34] WordPress but restricted: westelm.com (HTTP 403)
[2025-11-05 06:55:34] WordPress but restricted: westernaustralia.com (HTTP 403)
[2025-11-05 06:55:34] Success: wellfacets.com -> 301 posts
[2025-11-05 06:55:34] Success: wellvegan.com -> 490 posts
[2025-11-05 06:55:34] Success: westernliving.ca -> 1 posts
[2025-11-05 06:55:34] Success: weramblers.com -> 117 posts
[2025-11-05 06:55:34] Success: wellwithtiff.com -> 14 posts
[2025-11-05 06:55:34] Unknown status: wewillfixit.com (HTTP 307)
[2025-11-05 06:55:34] Connection error: wamsinc.com
[2025-11-05 06:55:34] Success: wellnessvoice.com -> 6380 posts
[2025-11-05 06:55:34] Success: welllivingideas.com -> 118 posts
[2025-11-05 06:55:34] Success: weseektravel.com -> 825 posts
[2025-11-05 06:55:35] Success: weshare.net -> 504 posts
[2025-11-05 06:55:35] Not WordPress or API disabled: wellsteps.com
[2025-11-05 06:55:35] Success: westernyouthservices.org -> 129 posts
[2025-11-05 06:55:35] Not WordPress or API disabled: whatfix.com
[2025-11-05 06:55:35] Not WordPress or API disabled: wellnesswithwendytraylor.com
[2025-11-05 06:55:35] Success: whatgreatgrandmaate.com -> 810 posts
[2025-11-05 06:55:35] Success: wfla.com -> 290287 posts
[2025-11-05 06:55:35] Success: whatkatysaid.com -> 2793 posts
[2025-11-05 06:55:35] Success: wfla.com -> 290287 posts
[2025-11-05 06:55:36] Success: westlandhvac.com -> 452 posts
[2025-11-05 06:55:36] Success: whatisshewearing.com -> 156 posts
[2025-11-05 06:55:36] Success: whatnerd.com -> 2520 posts
[2025-11-05 06:55:36] Success: wethreeshanes.com -> 321 posts
[2025-11-05 06:55:36] Success: whatsgabycooking.com -> 1535 posts
[2025-11-05 06:55:37] Success: whatisgreenliving.com -> 446 posts
[2025-11-05 06:55:37] Success: westhartfordcarpetcleaners.com -> 28 posts
[2025-11-05 06:55:38] Not WordPress or API disabled: whattocook.substack.com
[2025-11-05 06:55:38] Success: whatscookinchicago.com -> 3994 posts
[2025-11-05 06:55:38] Success: whatscookingamerica.net -> 2898 posts
[2025-11-05 06:55:38] Success: westislandnursery.com -> 1 posts
[2025-11-05 06:55:38] Success: whattheforkfoodblog.com -> 515 posts
[2025-11-05 06:55:38] Success: whatthefab.com -> 1828 posts
[2025-11-05 06:55:38] Success: wfmnyc.com -> 119 posts
[2025-11-05 06:55:38] Success: whattocooktoday.com -> 2277 posts
[2025-11-05 06:55:39] Success: whatsgoodonline.co.uk -> 99 posts
[2025-11-05 06:55:39] Success: whattogetmy.com -> 1258 posts
[2025-11-05 06:55:39] Success: whats4eats.com -> 24 posts
[2025-11-05 06:55:39] Success: wheelsandmotion.com -> 5174 posts
[2025-11-05 06:55:39] Success: wheelsandmotion.com -> 5174 posts
[2025-11-05 06:55:40] Success: whatawonderfulworld.guide -> 250 posts
[2025-11-05 06:55:40] Success: whatthecraft.com -> 230 posts
[2025-11-05 06:55:40] Success: wheelofbaking.com -> 145 posts
[2025-11-05 06:55:40] Success: whatyourbossthinks.com -> 389 posts
[2025-11-05 06:55:41] Not WordPress or API disabled: who.int
[2025-11-05 06:55:41] Success: whatmommydoes.com -> 660 posts
[2025-11-05 06:55:41] Success: whereismyspoon.co -> 1222 posts
[2025-11-05 06:55:41] Success: wholeandhappyliving.com -> 75 posts
[2025-11-05 06:55:41] Success: whiskbakesmile.com -> 133 posts
[2025-11-05 06:55:41] Success: whitneybond.com -> 1408 posts
[2025-11-05 06:55:41] Connection error: vietworldkitchen.com
[2025-11-05 06:55:41] Success: whitelily.com -> 1 posts
[2025-11-05 06:55:41] Success: whiteoutpress.com -> 1862 posts
[2025-11-05 06:55:41] Success: wholefoodfor7.com -> 357 posts
[2025-11-05 06:55:41] Success: whiskeyandwhit.com -> 289 posts
[2025-11-05 06:55:42] Connection error: web.blackbirdskincare.com
[2025-11-05 06:55:42] Success: wholekitchensink.com -> 479 posts
[2025-11-05 06:55:42] Success: whole30.com -> 502 posts
[2025-11-05 06:55:43] Connection error: westcoastliving.ca
[2025-11-05 06:55:43] Success: wholenewmom.com -> 555 posts
[2025-11-05 06:55:43] Success: wholeliving.com -> 1442 posts
[2025-11-05 06:55:43] Not WordPress or API disabled: whattoexpect.com
[2025-11-05 06:55:43] Success: wholesomeness.com -> 13217 posts
[2025-11-05 06:55:43] Success: wholefully.com -> 830 posts
[2025-11-05 06:55:43] Success: wholesoystory.com -> 178 posts
[2025-11-05 06:55:43] Success: wholefully.com -> 830 posts
[2025-11-05 06:55:44] WordPress but restricted: whowhatwear.com (HTTP 403)
[2025-11-05 06:55:44] Success: wholesomepatisserie.com -> 572 posts
[2025-11-05 06:55:44] Success: wholepeople.com -> 384 posts
[2025-11-05 06:55:45] Success: whyfarmit.com -> 1326 posts
[2025-11-05 06:55:45] Success: whiletheyplay.com -> 372 posts
[2025-11-05 06:55:45] Success: wholemadehomestead.com -> 252 posts
[2025-11-05 06:55:45] Success: wholesomefarmhouserecipes.com -> 700 posts
[2025-11-05 06:55:45] Success: wholesome-cook.com -> 497 posts
[2025-11-05 06:55:45] Success: wholesomeyum.com -> 1191 posts
[2025-11-05 06:55:46] WordPress but restricted: whythisplace.com (HTTP 403)
[2025-11-05 06:55:46] Success: wickerwoman.com -> 650 posts
[2025-11-05 06:55:46] Success: wholeisticliving.com -> 205 posts
[2025-11-05 06:55:47] Success: wholesomelicious.com -> 702 posts
[2025-11-05 06:55:48] Success: whole-dog-journal.com -> 3817 posts
[2025-11-05 06:55:48] Success: wildlandtrekking.com -> 464 posts
[2025-11-05 06:55:48] Success: wilderpilates.com -> 38 posts
[2025-11-05 06:55:48] Not WordPress or API disabled: wikihow.com
[2025-11-05 06:55:48] Success: wildjunket.com -> 511 posts
[2025-11-05 06:55:48] Success: whytile.com -> 203 posts
[2025-11-05 06:55:48] Success: wideopencountry.com -> 34396 posts
[2025-11-05 06:55:49] Success: wholeisticliving.com -> 205 posts
[2025-11-05 06:55:49] Success: wildabundance.net -> 82 posts
[2025-11-05 06:55:49] Success: wildwoodsmallenginerepair.com -> 4 posts
[2025-11-05 06:55:49] Success: wildrootsgarden.com -> 2185 posts
[2025-11-05 06:55:49] Success: wholelottayum.com -> 741 posts
[2025-11-05 06:55:49] Success: wildsimplejoy.com -> 359 posts
[2025-11-05 06:55:50] Not WordPress or API disabled: willowshealthcare.com
[2025-11-05 06:55:50] Success: wildenherbals.com -> 229 posts
[2025-11-05 06:55:50] Success: windowsreport.com -> 1 posts
[2025-11-05 06:55:50] Success: wilkerdos.com -> 404 posts
[2025-11-05 06:55:50] Success: willyhomes.com -> 1026 posts
[2025-11-05 06:55:50] WordPress but restricted: willtiptop.com (HTTP 403)
[2025-11-05 06:55:50] Success: wildbroomcleaning.com -> 477 posts
[2025-11-05 06:55:50] Success: wildlifeartstore.com -> 289 posts
[2025-11-05 06:55:50] Success: winchestergardens.com -> 165 posts
[2025-11-05 06:55:50] Success: willyhomes.com -> 1026 posts
[2025-11-05 06:55:50] Success: willproconstructionok.com -> 6 posts
[2025-11-05 06:55:51] Success: wildexplained.com -> 6531 posts
[2025-11-05 06:55:51] WordPress but no count header: winners.webbyawards.com
[2025-11-05 06:55:51] Success: windowsreport.com -> 1 posts
[2025-11-05 06:55:51] Not WordPress or API disabled: wisebread.com
[2025-11-05 06:55:51] Not WordPress or API disabled: wired.com
[2025-11-05 06:55:52] Success: win-tipps.de -> 580 posts
[2025-11-05 06:55:52] Success: wintergreenbotanicals.com -> 105 posts
[2025-11-05 06:55:52] Success: winssolutions.org -> 704 posts
[2025-11-05 06:55:53] Success: wildexplained.com -> 6531 posts
[2025-11-05 06:55:53] Success: whimsyandspice.com -> 1886 posts
[2025-11-05 06:55:53] Connection error: wit-delight.com
[2025-11-05 06:55:53] Success: wiseowlmarketing.com -> 217 posts
[2025-11-05 06:55:53] Success: wisefrontierliving.com -> 134 posts
[2025-11-05 06:55:53] Success: wisefrontierliving.com -> 134 posts
[2025-11-05 06:55:53] Success: wisemanfamilypractice.com -> 61 posts
[2025-11-05 06:55:53] Success: wisemanfamilypractice.com -> 61 posts
[2025-11-05 06:55:54] Success: wiser.eco -> 645 posts
[2025-11-05 06:55:54] Not WordPress or API disabled: wmagazine.com
[2025-11-05 06:55:54] Success: winesofgreece.org -> 35 posts
[2025-11-05 06:55:54] Success: witanddelight.com -> 1872 posts
[2025-11-05 06:55:54] Success: wishbonekitchen.com -> 113 posts
[2025-11-05 06:55:55] Success: wisewaystostudy.com -> 17 posts
[2025-11-05 06:55:55] Connection error: wolfandhoundmag.com
[2025-11-05 06:55:55] Success: wjcs.com -> 192 posts
[2025-11-05 06:55:55] Success: withthewoodruffs.com -> 194 posts
[2025-11-05 06:55:55] Success: wisetoast.com -> 809 posts
[2025-11-05 06:55:55] Success: windows-guru.de -> 420 posts
[2025-11-05 06:55:55] Not WordPress or API disabled: womaness.com
[2025-11-05 06:55:55] Success: wodwell.com -> 0 posts
[2025-11-05 06:55:55] Success: witwhimsy.com -> 3783 posts
[2025-11-05 06:55:55] WordPress but restricted: womanandhome.com (HTTP 403)
[2025-11-05 06:55:56] Not WordPress or API disabled: women.com
[2025-11-05 06:55:56] Success: wockhardthospitals.com -> 628 posts
[2025-11-05 06:55:56] Success: wnytotalbodywellness.com -> 1 posts
[2025-11-05 06:55:56] Success: womansworld.com -> 16599 posts
[2025-11-05 06:55:56] Success: womensconference.org -> 2857 posts
[2025-11-05 06:55:57] Success: wockhardthospitals.com -> 628 posts
[2025-11-05 06:55:57] Success: wokandkin.com -> 220 posts
[2025-11-05 06:55:57] Success: womensmentalhealth.org -> 1676 posts
[2025-11-05 06:55:57] Not WordPress or API disabled: womansday.com
[2025-11-05 06:55:57] Success: wisdomquotes.com -> 306 posts
[2025-11-05 06:55:57] Success: women-club.online -> 3092 posts
[2025-11-05 06:55:57] Success: womensconference.org -> 2857 posts
[2025-11-05 06:55:57] Success: womensjournal.com -> 2538 posts
[2025-11-05 06:55:57] Connection error: whatsgood.vitaminshoppe.com
[2025-11-05 06:55:57] Connection error: whatsgood.vitaminshoppe.com
[2025-11-05 06:55:57] Success: wonderingescapes.com -> 275 posts
[2025-11-05 06:55:57] Not WordPress or API disabled: womenshealthmag.com
[2025-11-05 06:55:57] Success: woman-trend.com -> 1512 posts
[2025-11-05 06:55:57] Success: womenself.com -> 169 posts
[2025-11-05 06:55:58] Not WordPress or API disabled: wonderhowto.com
[2025-11-05 06:55:58] Success: wolfhomeproducts.com -> 115 posts
[2025-11-05 06:55:58] Connection error: wildyeastblog.com
[2025-11-05 06:55:59] Success: womenzmag.com -> 13810 posts
[2025-11-05 06:55:59] Success: womenzmag.com -> 13810 posts
[2025-11-05 06:55:59] Success: whamwomen.com -> 468 posts
[2025-11-05 06:55:59] Success: woodcraftingideas.com -> 150 posts
[2025-11-05 06:55:59] Unknown status: woodmagazine.com (HTTP 460)
[2025-11-05 06:55:59] Success: womenwanderingbeyond.com -> 671 posts
[2025-11-05 06:56:00] Success: womenself.com -> 169 posts
[2025-11-05 06:56:00] Success: woodadvisor.net -> 44 posts
[2025-11-05 06:56:00] Success: woodthrive.com -> 279 posts
[2025-11-05 06:56:00] Success: woodbenddental.com -> 48 posts
[2025-11-05 06:56:00] Success: woodfixes.com -> 2063 posts
[2025-11-05 06:56:00] WordPress but restricted: woodworkcenter.com (HTTP 403)
[2025-11-05 06:56:00] Success: wondermomwannabe.com -> 2262 posts
[2025-11-05 06:56:01] Success: woodprojects-woodworkingplans.com -> 2637 posts
[2025-11-05 06:56:01] Not WordPress or API disabled: woksoflife.com
[2025-11-05 06:56:01] Success: woodfixes.com -> 2063 posts
[2025-11-05 06:56:01] Client error: washingtonpost.com - [WinError 121] The semaphore timeout period has expired
[2025-11-05 06:56:01] Success: woodreviver.com -> 0 posts
[2025-11-05 06:56:02] WordPress but no count header: woodworkersarchive.com
[2025-11-05 06:56:02] Success: woodshopdiaries.com -> 581 posts
[2025-11-05 06:56:02] Success: woodworkboss.com -> 210 posts
[2025-11-05 06:56:02] Success: woodenfurniturehub.com -> 100 posts
[2025-11-05 06:56:02] Success: woodworkingadvisor.com -> 9482 posts
[2025-11-05 06:56:02] Success: woodsmithspirit.com -> 204 posts
[2025-11-05 06:56:03] Success: woodworkwizardry.com -> 351 posts
[2025-11-05 06:56:03] Success: woodworkersjournal.com -> 8996 posts
[2025-11-05 06:56:03] Success: wonderfulengineering.com -> 34080 posts
[2025-11-05 06:56:03] Success: woodcritique.com -> 358 posts
[2025-11-05 06:56:03] Success: woodworkly.com -> 522 posts
[2025-11-05 06:56:04] Success: woodbenddental.com -> 48 posts
[2025-11-05 06:56:04] Success: woodworkingworld.org -> 1410 posts
[2025-11-05 06:56:04] Success: woodworkingplansman.com -> 60 posts
[2025-11-05 06:56:04] Unknown status: wordpress.org (HTTP 429)
[2025-11-05 06:56:04] Success: woodworkcentral.org -> 191 posts
[2025-11-05 06:56:05] Success: woodlogger.com -> 93 posts
[2025-11-05 06:56:05] Success: woodworkingplanshq.com -> 463 posts
[2025-11-05 06:56:05] Success: work2bewell.org -> 186 posts
[2025-11-05 06:56:05] Success: workandmoney.com -> 1776 posts
[2025-11-05 06:56:06] Not WordPress or API disabled: workshopcompanion.com
[2025-11-05 06:56:06] Not WordPress or API disabled: workplacementalhealth.org
[2025-11-05 06:56:06] Success: woodworknation.com -> 249 posts
[2025-11-05 06:56:06] Success: woodworkinghobbyshop.com -> 91 posts
[2025-11-05 06:56:06] Success: woohome.com -> 695 posts
[2025-11-05 06:56:07] Success: workingtheflame.com -> 527 posts
[2025-11-05 06:56:07] Success: womenshealthandstyle.com -> 1019 posts
[2025-11-05 06:56:07] Not WordPress or API disabled: world.openfoodfacts.org
[2025-11-05 06:56:07] Success: workonpeak.org -> 274 posts
[2025-11-05 06:56:08] Success: wordstream.com -> 2270 posts
[2025-11-05 06:56:08] Success: workweeklunch.com -> 321 posts
[2025-11-05 06:56:08] Success: workathomemomrevolution.com -> 3333 posts
[2025-11-05 06:56:08] Success: workwellremote.com -> 211 posts
[2025-11-05 06:56:08] Success: workwellremote.com -> 211 posts
[2025-11-05 06:56:08] Success: worldhealth.net -> 19528 posts
[2025-11-05 06:56:08] Success: woodworkingtoolkit.com -> 540 posts
[2025-11-05 06:56:08] Not WordPress or API disabled: worldfoodwine.com
[2025-11-05 06:56:08] Success: worldinsidepictures.com -> 4371 posts
[2025-11-05 06:56:09] Success: workandfamilybalance.com -> 70 posts
[2025-11-05 06:56:09] Success: world-ratings.com -> 197 posts
[2025-11-05 06:56:09] Success: workoutlunatic.com -> 43 posts
[2025-11-05 06:56:09] Success: worksmartlivesmart.com -> 435 posts
[2025-11-05 06:56:09] Success: worldtravelguide.net -> 0 posts
[2025-11-05 06:56:09] Success: worldofwoodcraft.com -> 1160 posts
[2025-11-05 06:56:10] Success: worldtravelchef.com -> 120 posts
[2025-11-05 06:56:10] Success: worldofblenders.com -> 174 posts
[2025-11-05 06:56:10] Success: worthstart.com -> 6627 posts
[2025-11-05 06:56:11] WordPress but no count header: worldwideintegrative.com
[2025-11-05 06:56:11] Not WordPress or API disabled: writersdigest.com
[2025-11-05 06:56:11] Not WordPress or API disabled: worldtrips.com
[2025-11-05 06:56:11] Success: worldofvegan.com -> 913 posts
[2025-11-05 06:56:11] WordPress but no count header: worldwideintegrative.com
[2025-11-05 06:56:11] Success: wp.nyu.edu -> 89 posts
[2025-11-05 06:56:12] Success: writingforward.com -> 474 posts
[2025-11-05 06:56:12] Success: worthingcourtblog.com -> 842 posts
[2025-11-05 06:56:12] Success: wpzoom.com -> 214 posts
[2025-11-05 06:56:12] Connection error: wiseguysbarbers.com
[2025-11-05 06:56:12] Success: writerslife.org -> 2971 posts
[2025-11-05 06:56:12] Not WordPress or API disabled: wtbaker.com
[2025-11-05 06:56:12] Success: wowpregnancy.com -> 71 posts
[2025-11-05 06:56:12] Success: wtcs.pressbooks.pub -> 0 posts
[2025-11-05 06:56:12] Success: wtcs.pressbooks.pub -> 0 posts
[2025-11-05 06:56:12] Success: wtop.com -> 346687 posts
[2025-11-05 06:56:13] Success: writing.wisc.edu -> 8 posts
[2025-11-05 06:56:13] Success: xesiding.com -> 135 posts
[2025-11-05 06:56:13] Not WordPress or API disabled: xtinestevens.medium.com
[2025-11-05 06:56:13] Success: wp.stolaf.edu -> 1933 posts
[2025-11-05 06:56:13] Success: yabbawoodworking.com -> 0 posts
[2025-11-05 06:56:13] WordPress but restricted: wsj.com (HTTP 403)
[2025-11-05 06:56:13] Success: www2.fundsforngos.org -> 88367 posts
[2025-11-05 06:56:13] Unknown status: yahoo.com (HTTP 429)
[2025-11-05 06:56:14] Success: worldwidecare.net -> 176 posts
[2025-11-05 06:56:14] Success: yaleclimateconnections.org -> 6843 posts
[2025-11-05 06:56:14] Success: ww2.georgiasouthern.edu -> 2 posts
[2025-11-05 06:56:14] Success: xochristine.com -> 267 posts
[2025-11-05 06:56:14] Success: yarbroughandsons.com -> 118 posts
[2025-11-05 06:56:14] Success: wrenchway.com -> 599 posts
[2025-11-05 06:56:14] Success: yarbroughandsons.com -> 118 posts
[2025-11-05 06:56:14] Success: worldofdentistry.org -> 442 posts
[2025-11-05 06:56:15] Success: worldtravelconnector.com -> 276 posts
[2025-11-05 06:56:15] Not WordPress or API disabled: yates.com.au
[2025-11-05 06:56:15] Success: yellowblissroad.com -> 1921 posts
[2025-11-05 06:56:15] Success: ycpt.org -> 257 posts
[2025-11-05 06:56:15] Not WordPress or API disabled: ynab.com
[2025-11-05 06:56:15] Success: yellowhead.com -> 405 posts
[2025-11-05 06:56:15] Success: ymcasouthflorida.org -> 132 posts
[2025-11-05 06:56:15] Success: woodrichbrand.com -> 155 posts
[2025-11-05 06:56:16] Success: yashpalgroup.com -> 50 posts
[2025-11-05 06:56:16] Success: yogauonline.com -> 2887 posts
[2025-11-05 06:56:16] Success: woodworkingplansnow.com -> 85 posts
[2025-11-05 06:56:16] Success: yogaworks.com -> 41 posts
[2025-11-05 06:56:17] Not WordPress or API disabled: yesyesyes.org
[2025-11-05 06:56:17] Success: yougrowgirl.com -> 1934 posts
[2025-11-05 06:56:17] Success: youmustgethealthy.com -> 1950 posts
[2025-11-05 06:56:17] Success: youhavestyle.com -> 116 posts
[2025-11-05 06:56:18] Success: xyzcleaningservices.com -> 13 posts
[2025-11-05 06:56:18] Success: younglionsyouth.org -> 72 posts
[2025-11-05 06:56:18] Success: younghouselove.com -> 2888 posts
[2025-11-05 06:56:18] Success: youngwomenshealth.org -> 1445 posts
[2025-11-05 06:56:18] Success: youdidwhatwithyourweiner.com -> 442 posts
[2025-11-05 06:56:19] Success: yoast.com -> 1179 posts
[2025-11-05 06:56:19] Success: yourdailydish.com -> 4459 posts
[2025-11-05 06:56:20] Success: yorlenyscleaningservice.com -> 316 posts
[2025-11-05 06:56:20] Success: worksheethero.com -> 563 posts
[2025-11-05 06:56:20] Success: youhadmeatgardening.com -> 123 posts
[2025-11-05 06:56:20] Success: yogapaper.com -> 26 posts
[2025-11-05 06:56:21] Success: yogajournal.com -> 10578 posts
[2025-11-05 06:56:21] Success: yourglutenfreerecipes.com -> 187 posts
[2025-11-05 06:56:21] Success: yogasprites.com -> 3 posts
[2025-11-05 06:56:21] Success: yourbakingbestie.com -> 324 posts
[2025-11-05 06:56:22] Success: yetirestoration.com -> 25 posts
[2025-11-05 06:56:22] Success: yeahfoodie.com -> 58 posts
[2025-11-05 06:56:22] Success: yeswriting.com -> 113 posts
[2025-11-05 06:56:22] Success: yourdentistryguide.com -> 39 posts
[2025-11-05 06:56:22] Success: yourguardianchef.com -> 348 posts
[2025-11-05 06:56:22] Success: yourmodernfamily.com -> 2154 posts
[2025-11-05 06:56:22] Success: yourfishguide.com -> 573 posts
[2025-11-05 06:56:22] Success: yourhomemadehealthy.com -> 286 posts
[2025-11-05 06:56:22] WordPress but restricted: yourstory.com (HTTP 403)
[2025-11-05 06:56:23] Success: yarnellschool.com -> 72 posts
[2025-11-05 06:56:23] Success: yourhomemadehealthy.com -> 286 posts
[2025-11-05 06:56:23] Success: yourguitarbrain.com -> 116 posts
[2025-11-05 06:56:23] Success: yourglutenfreerecipes.com -> 187 posts
[2025-11-05 06:56:23] Success: yourlifewellorganized.com -> 193 posts
[2025-11-05 06:56:23] Success: ytravelblog.com -> 1237 posts
[2025-11-05 06:56:23] Success: youhadmeatgardening.com -> 123 posts
[2025-11-05 06:56:23] Success: youreverydaystyle.com -> 312 posts
[2025-11-05 06:56:23] Success: yournextresume.com -> 4676 posts
[2025-11-05 06:56:23] Success: yourpropertybasics.com -> 146 posts
[2025-11-05 06:56:24] Success: yourorganizedlife.org -> 56 posts
[2025-11-05 06:56:24] Unknown status: yummymummyclub.ca (HTTP 521)
[2025-11-05 06:56:24] Success: yummydrool.com -> 336 posts
[2025-11-05 06:56:24] Success: yourlittleasia.com -> 138 posts
[2025-11-05 06:56:24] Success: yoursustainableguide.com -> 221 posts
[2025-11-05 06:56:24] Success: yournextshoes.com -> 15682 posts
[2025-11-05 06:56:24] Success: youshouldgrow.com -> 205 posts
[2025-11-05 06:56:24] Success: yourspacebylucie.com -> 22 posts
[2025-11-05 06:56:25] Success: yummyhealthyeasy.com -> 891 posts
[2025-11-05 06:56:25] Success: yumandyummer.com -> 960 posts
[2025-11-05 06:56:25] Success: yumandyummer.com -> 960 posts
[2025-11-05 06:56:25] Success: yummymedley.com -> 89 posts
[2025-11-05 06:56:26] Success: ypf.com.pk -> 525 posts
[2025-11-05 06:56:26] Not WordPress or API disabled: zen-liu87.medium.com
[2025-11-05 06:56:26] Success: zagline.com -> 663 posts
[2025-11-05 06:56:26] Success: zdschemical.com -> 345 posts
[2025-11-05 06:56:26] Success: zanniee.com -> 174 posts
[2025-11-05 06:56:26] Success: yummytoddlerfood.com -> 1317 posts
[2025-11-05 06:56:26] Success: yupitsvegan.com -> 371 posts
[2025-11-05 06:56:27] WordPress but restricted: yummly.com (HTTP 403)
[2025-11-05 06:56:27] Success: zardyplants.com -> 476 posts
[2025-11-05 06:56:27] Success: zen.homezada.com -> 2205 posts
[2025-11-05 06:56:27] Success: zenandhoney.com -> 396 posts
[2025-11-05 06:56:27] Connection error: zero-wastehome.com
[2025-11-05 06:56:27] Success: zaided.com -> 1261 posts
[2025-11-05 06:56:27] Not WordPress or API disabled: zenhabits.net
[2025-11-05 06:56:28] Not WordPress or API disabled: zendelle.medium.com
[2025-11-05 06:56:28] WordPress but no count header: zerowastecollective.com
[2025-11-05 06:56:28] Success: yumytasty.com -> 59 posts
[2025-11-05 06:56:28] Success: zenora.app -> 854 posts
[2025-11-05 06:56:28] Success: zengreen.net -> 344 posts
[2025-11-05 06:56:28] Success: zedchef.com -> 119 posts
[2025-11-05 06:56:28] Not WordPress or API disabled: zerowastehome.com
[2025-11-05 06:56:28] Success: zenzify.com -> 22 posts
[2025-11-05 06:56:28] Success: zentrosy.com -> 1620 posts
[2025-11-05 06:56:28] Success: yourmomvillage.com -> 141 posts
[2025-11-05 06:56:29] Success: zedchef.com -> 119 posts
[2025-11-05 06:56:29] Success: zicail.com -> 466 posts
[2025-11-05 06:56:29] Success: zenandzaatar.com -> 97 posts
[2025-11-05 06:56:30] Not WordPress or API disabled: zepboo.com
[2025-11-05 06:56:30] Success: zerowastememoirs.com -> 183 posts
[2025-11-05 06:56:30] Success: zerotoskill.com -> 164 posts
[2025-11-05 06:56:30] Success: zenandhoney.com -> 396 posts
[2025-11-05 06:56:30] Success: zerowasteinitiative.com -> 72 posts
[2025-11-05 06:56:30] Not WordPress or API disabled: zluri.com
[2025-11-05 06:56:31] Success: zipzapdiy.com -> 151 posts
[2025-11-05 06:56:31] Success: zhighley.com -> 0 posts
[2025-11-05 06:56:31] Success: yummyinspirations.net -> 1208 posts
[2025-11-05 06:56:31] WordPress but restricted: zerotothree.org (HTTP 403)
[2025-11-05 06:56:32] Success: zigzagonearth.com -> 800 posts
[2025-11-05 06:56:32] WordPress but restricted: zocdoc.com (HTTP 403)
[2025-11-05 06:56:32] Success: zhangcatherine.com -> 338 posts
[2025-11-05 06:56:32] Success: zoebakes.com -> 544 posts
[2025-11-05 06:56:32] Success: zzplants.com -> 79 posts
[2025-11-05 06:56:32] Success: zzplants.com -> 79 posts
[2025-11-05 06:56:32] Success: ziphomerepair.com -> 36 posts
[2025-11-05 06:56:33] Success: zumibeauty.com.au -> 0 posts
[2025-11-05 06:56:33] Success: ziphomerepair.com -> 36 posts
[2025-11-05 06:56:33] Success: zone7gardener.com -> 16 posts
[2025-11-05 06:56:34] Success: zerowastehomestead.com -> 84 posts
[2025-11-05 06:56:34] Connection error: yardutopia.com
[2025-11-05 06:56:35] Success: zestaceylontea.com -> 48 posts
[2025-11-05 06:56:38] Timeout: watchfix.com
[2025-11-05 06:56:45] Connection error: yummyrecipe.co
[2025-11-05 06:56:50] Connection error: zigzacmania.com
[2025-11-05 06:57:11] Connection error: zerowasteliving.net
